iata,name,lat,lng,country
ORD,"Chicago-O'Hare, IL, US",41.9786,-87.9048,United States
ATL,"Atlanta, GA, US",33.6367,-84.428101,United States
DFW,"Dallas/Fort Worth, TX, US",32.896801,-97.038002,United States
DEN,"Denver, CO, US",39.86169815,-104.6729965,United States
CAN,"Guangzhou, CN",23.39240074,113.2990036,China
CLT,"Charlotte-Douglas, NC, US",35.2140007,-80.94309998,United States
PVG,"Shanghai, CN",31.14340019,121.8050003,China
LAX,"Los Angeles, CA, US",33.94250107,-118.4079971,United States
IST,"Istanbul, TR",41.275278,28.751944,Turkiye
LHR,"London-Heathrow, EN, GB",51.4706,-0.461941,United Kingdom
HND,"Tokyo-Haneda, JP",35.552299,139.779999,Japan
AMS,"Amsterdam, NL",52.308601,4.76389,Netherlands
DEL,"Delhi, IN",28.5665,77.103104,India
DXB,"Dubai, AE",25.25279999,55.36439896,United Arab Emirates
PEK,"Beijing, CN",40.08010101,116.5849991,China
CDG,"Paris-De Gaulle, FR",49.012798,2.55,France
JFK,"New York-JFK, NY, US",40.63980103,-73.77890015,United States
IAH,"Houston-Intercontinental, TX, US",29.9843998,-95.34140015,United States
PHX,"Phoenix, AZ, US",33.43429947,-112.012001,United States
FRA,"Frankfurt, DE",50.033333,8.570556,Germany
SZX,"Shenzhen, CN",22.63929939,113.810997,China
SEA,"Seattle, WA, US",47.449001,-122.308998,United States
LAS,"Las Vegas, NV, US",36.08010101,-115.1520004,United States
MAD,"Madrid, ES",40.471926,-3.56264,Spain
TFU,"Chengdu, CN",,,China
KUL,"Kuala Lumpur, MY",2.745579958,101.7099991,Malaysia
CGK,"Jakarta, ID",-6.12556982,106.6559982,Indonesia
MCO,"Orlando, FL, US",28.42939949,-81.30899811,United States
BOS,"Boston, MA, US",42.36429977,-71.00520325,United States
MIA,"Miami, FL, US",25.79319954,-80.29060364,United States
SFO,"San Francisco, CA, US",37.61899948,-122.375,United States
EWR,"New York, NJ, US",40.69250107,-74.16870117,United States
ICN,"Seoul, KR",37.46910095,126.4509964,South Korea
LGA,"New York-La Guardia, NY, US",40.77719879,-73.87259674,United States
BKK,"Bangkok, TH",13.68109989,100.7470016,Thailand
SIN,"Singapore, SG",1.35019,103.994003,Singapore
PKX,"Beijing, CN",39.509945,116.41092,China
YYZ,"Toronto, ON, CA",43.67720032,-79.63059998,Canada
KMG,"Kunming, CN",25.1019444,102.9291667,China
BCN,"Barcelona, ES",41.2971,2.07846,Spain
XIY,"Xi'an, CN",34.447102,108.751999,China
CKG,"Chongqing, CN",29.71920013,106.6419983,China
BOM,"Mumbai, IN",19.08869934,72.86789703,India
BOG,"Bogota, CO",4.70159,-74.1469,Colombia
MUC,"Munich, DE",48.353802,11.7861,Germany
HGH,"Hangzhou, CN",30.22949982,120.4339981,China
FCO,"Rome-Da Vinci, IT",41.8002778,12.2388889,Italy
MSP,"Minneapolis/Saint Paul, MN, US",44.882,-93.221802,United States
DTW,"Detroit, MI, US",42.21239853,-83.35340118,United States
HKG,"Hong Kong, HK",22.308901,113.915001,Hong Kong (SAR)
DCA,"Washington-National, DC, US",38.8521,-77.037697,United States
MNL,"Manila, PH",14.5086,121.019997,Philippines
MEX,"Mexico City, MX",19.4363,-99.072098,Mexico
JED,"Jeddah, SA",21.6796,39.156502,Saudi Arabia
SYD,"Sydney, NS, AU",-33.94609833,151.177002,Australia
SHA,"Shanghai-Metro, CN",31.19790077,121.3359985,China
PHL,"Philadelphia, PA, US",39.87189865,-75.2410965,United States
GRU,"Sao Paulo-Guarulhos, SP, BR",-23.43555641,-46.47305679,Brazil
BLR,"Bengaluru, IN",13.1979,77.706299,India
SAW,"Istanbul, TR",40.89860153,29.30920029,Turkiye
RUH,"Riyadh, SA",24.95759964,46.69879913,Saudi Arabia
LGW,"London-Gatwick, EN, GB",51.148102,-0.190278,United Kingdom
IAD,"Washington-Dulles, VA, US",38.94449997,-77.45580292,United States
SGN,"Ho Chi Minh City, VN",10.81879997,106.6520004,Vietnam
ATH,"Athens, GR",37.93640137,23.94449997,Greece
DOH,"Doha, QA",25.273056,51.608056,Qatar
SLC,"Salt Lake City, UT, US",40.78839874,-111.9779968,United States
SVO,"Moscow-Sheremetyevo, CF, RU",55.972599,37.4146,Russian Federation
DUB,"Dublin, IE",53.421299,-6.27007,Ireland
CPH,"Copenhagen, DK",55.61790085,12.65600014,Denmark
VIE,"Vienna, AT",48.11029816,16.56970024,Austria
MEL,"Melbourne, VI, AU",-37.673302,144.843002,Australia
YVR,"Vancouver, BC, CA",49.19390106,-123.1839981,Canada
TPE,"Taipei, TW",25.0777,121.233002,Taiwan
FLL,"Fort Lauderdale, FL, US",26.072599,-80.152702,United States
BNA,"Nashville, TN, US",36.12450027,-86.67819977,United States
LIS,"Lisbon, PT",38.7813,-9.13592,Portugal
WUH,"Wuhan, CN",30.7838,114.208,China
NKG,"Nanjing, CN",31.74200058,118.8619995,China
ORY,"Paris-Orly, FR",48.7233333,2.3794444,France
ZRH,"Zurich, CH",47.464699,8.54917,Switzerland
CTU,"Chengdu, CN",30.57850075,103.9469986,China
PMI,"Palma de Mallorca, ES",39.55170059,2.738810062,Spain
HYD,"Hyderabad, IN",17.23131752,78.42985535,India
NRT,"Tokyo-Narita, JP",35.76470184,140.3860016,Japan
CSX,"Changsha, CN",28.18919945,113.2200012,China
DMK,"Bangkok, TH",13.91259956,100.6070023,Thailand
SAN,"San Diego, CA, US",32.73360062,-117.1900024,United States
OSL,"Oslo, NO",60.121,11.0502,Norway
CAI,"Cairo, EG",30.12190056,31.40559959,Egypt
CGO,"Zhengzhou, CN",34.5196991,113.8410034,China
BWI,"Baltimore, MD, US",39.1754,-76.668297,United States
XMN,"Xiamen, CN",24.54400063,118.1279984,China
MAN,"Manchester, EN, GB",53.35369873,-2.274950027,United Kingdom
HAN,"Hanoi, VN",21.22120094,105.8069992,Vietnam
KIX,"Osaka-Kansai, JP",34.4272995,135.2440033,Japan
URC,"Urumqi, CN",43.90710068,87.47419739,China
MXP,"Milan-Malpensa, IT",45.6306,8.72811,Italy
FUK,"Fukuoka, JP",33.58589935,130.451004,Japan
TAO,"Qingdao, CN",36.26610184,120.3740005,China
BNE,"Brisbane, QL, AU",-27.38419914,153.1170044,Australia
HAK,"Haikou, CN",19.93490028,110.4589996,China
CGH,"Sao Paulo-Congonhas, SP, BR",-23.62611008,-46.65638733,Brazil
JNB,"Johannesburg, ZA",-26.1392,28.246,South Africa
AYT,"Antalya, TR",36.898701,30.800501,Turkiye
ARN,"Stockholm, SE",59.65190125,17.91860008,Sweden
TPA,"Tampa, FL, US",27.97550011,-82.53320313,United States
AUS,"Austin, TX, US",30.19449997,-97.66989899,United States
STN,"London-Stansted, EN, GB",51.88499832,0.234999999,United Kingdom
CUN,"Cancun, MX",21.03650093,-86.87709808,Mexico
BER,"Berlin, DE",,,Germany
YUL,"Montreal-Trudeau, QC, CA",45.47060013,-73.74079895,Canada
WAW,"Warsaw, PL",52.16569901,20.96710014,Poland
LIM,"Lima, PE",-12.0219,-77.114305,Peru
LED,"Saint Petersburg, NF, RU",59.8003006,30.26250076,Russian Federation
AUH,"Abu Dhabi, AE",24.43300056,54.65110016,United Arab Emirates
AGP,"Malaga, ES",36.67490005,-4.499110222,Spain
BRU,"Brussels, BE",50.90140152,4.48443985,Belgium
KWE,"Guiyang, CN",26.53849983,106.8010025,China
SHE,"Shenyang, CN",41.63980103,123.4830017,China
CJU,"Jeju, KR",33.51129913,126.4929962,South Korea
HRB,"Harbin, P. R. China, CN",45.62340164,126.25,China
PDX,"Portland, OR, US",45.58869934,-122.5979996,United States
HNL,"Honolulu, HI, US",21.32062,-157.924228,United States
SCL,"Santiago, CL",-33.39300156,-70.78579712,Chile
YYC,"Calgary, AB, CA",51.11389923,-114.0199966,Canada
MAA,"Chennai, IN",12.99000549,80.16929626,India
MDW,"Chicago-Midway, IL, US",41.785999,-87.752403,United States
CTS,"Sapporo, JP",42.77519989,141.6920013,Japan
DUS,"Duesseldorf, DE",51.289501,6.76678,Germany
DPS,"Denpasar-Bali, ID",-8.748169899,115.1669998,Indonesia
PTY,"Panama City, PA",9.071359634,-79.38349915,Panama
HEL,"Helsinki, FI",60.31719971,24.9633007,Finland
TSN,"Tianjin, CN",39.12440109,117.3460007,China
STL,"Saint Louis, MO, US",38.748697,-90.370003,United States
TNA,"Jinan, CN",36.85720062,117.2160034,China
DLC,"Dalian, CN",38.96569824,121.5390015,China
OKA,"Okinawa, JP",26.19580078,127.6460037,Japan
ADD,"Addis Ababa, ET",8.977890015,38.79930115,Ethiopia
DAL,"Dallas-Love, TX, US",32.847099,-96.851799,United States
RDU,"Raleigh/Durham, NC, US",35.87760162,-78.78749847,United States
AKL,"Auckland, NZ",-37.0080986,174.7920074,New Zealand
SYX,"Sanya, CN",18.30290031,109.4120026,China
CCU,"Kolkata, IN",22.65469933,88.44670105,India
ITM,"Osaka, JP",34.78549957,135.4380035,Japan
GVA,"Geneva, CH",46.23809814,6.108950138,Switzerland
VKO,"Moscow-Vnukovo, CF, RU",55.59149933,37.26150131,Russian Federation
LPA,"Gran Canaria, ES",27.93190002,-15.38659954,Spain
LHW,"Lanzhou, CN",36.51520157,103.6200027,China
KTM,"Kathmandu, NP",27.6966,85.3591,Nepal
SJU,"San Juan, PR, US",18.43939972,-66.00180054,United States
SMF,"Sacramento, CA, US",38.69540024,-121.5910034,United States
ALC,"Alicante, ES",38.28219986,-0.558156013,Spain
GMP,"Seoul-Gimpo, KR",37.5583,126.791,South Korea
CGQ,"Changchun, CN",43.99620056,125.6849976,China
GDL,"Guadalajara, MX",20.52179909,-103.310997,Mexico
MTY,"Monterrey, MX",25.7784996,-100.1070023,Mexico
NCE,"Nice, FR",43.65840149,7.215869904,France
HOU,"Houston-Hobby, TX, US",29.64539909,-95.27890015,United States
EDI,"Edinburgh, SC, GB",55.95000076,-3.372499943,United Kingdom
KWI,"Kuwait, KW",29.22660065,47.96889877,Kuwait
AEP,"Buenos Aires, BA, AR",-34.5592,-58.4156,Argentina
BUD,"Budapest, HU",47.42976,19.261093,Hungary
PRG,"Prague, CZ",50.1008,14.26,Czech Republic
GIG,"Rio De Janeiro, RJ, BR",-22.80999947,-43.25055695,Brazil
BSB,"Brasilia, DF, BR",-15.86916733,-47.92083359,Brazil
CNF,"Belo Horizonte, MG, BR",-19.62444305,-43.9719429,Brazil
TLV,"Tel Aviv-Yafo, IL",32.01139832,34.88669968,Israel
FOC,"Fuzhou, CN",25.93510056,119.663002,China
HET,"Hohhot, CN",40.851398,111.823997,China
NGB,"Ningbo, CN",29.82670021,121.461998,China
VCP,"Sao Paulo-Viraco, SP, BR",-23.00740051,-47.1344986,Brazil
OTP,"Bucharest, RO",44.5711111,26.085,Romania
SHJ,"Sharjah, AE",25.32859993,55.51720047,United Arab Emirates
HAM,"Hamburg, DE",53.63040161,9.988229752,Germany
MSY,"New Orleans, LA, US",29.99340057,-90.25800323,United States
TYN,"Taiyuan, CN",37.74689865,112.6279984,China
PER,"Perth, WA, AU",-31.94029999,115.9670029,Australia
IND,"Indianapolis, IN, US",39.7173,-86.294403,United States
OPO,"Porto, PT",41.24810028,-8.681389809,Portugal
HKT,"Phuket, TH",8.1132,98.316902,Thailand
LTN,"London-Luton, EN, GB",51.87469864,-0.368333012,United Kingdom
MCI,"Kansas City, MO, US",39.2976,-94.713898,United States
PIT,"Pittsburgh, PA, US",40.49150085,-80.23290253,United States
CEB,"Cebu, PH",10.30749989,123.9789963,Philippines
SJC,"San Jose, CA, US",37.362598,-121.929001,United States
SUB,"Surabaya, ID",-7.379829884,112.7870026,Indonesia
BGY,"Milan, IT",45.673901,9.70417,Italy
HFE,"Hefei, CN",31.78000069,117.2979965,China
DAC,"Dhaka, BD",23.843347,90.397783,Bangladesh
SNA,"Santa Ana, CA, US",33.67570114,-117.8679962,United States
CMH,"Columbus, OH, US",39.998001,-82.891899,United States
AMD,"Ahmedabad, IN",23.07719994,72.63469696,India
ZUH,"Zhuhai, CN",22.006399,113.375999,China
LIN,"Milan-Linate, IT",45.445099,9.27674,Italy
NNG,"Nanning, CN",22.60829926,108.1719971,China
DMM,"Dammam, SA",26.47120094,49.79790115,Saudi Arabia
WNZ,"Wenzhou, CN",27.912201,120.851997,China
CLE,"Cleveland, OH, US",41.4117012,-81.84980011,United States
KHN,"Nanchang, Kiangsi, CN",28.86499977,115.9000015,China
DAD,"Da Nang, VN",16.04389954,108.1989975,Vietnam
SAT,"San Antonio, TX, US",29.53370094,-98.46980286,United States
BHX,"Birmingham, EN, GB",52.45389938,-1.748029947,United Kingdom
CVG,"Cincinnati/Covington, KY, US",39.04880142,-84.6678009,United States
DME,"Moscow-Domodedovo, CF, RU",55.40879822,37.90629959,Russian Federation
ESB,"Ankara, TR",40.12810135,32.99509811,Turkiye
MCT,"Muscat, OM",23.59329987,58.28440094,Oman
PUS,"Busan, KR",35.17950058,128.9380035,South Korea
NGO,"Nagoya, JP",34.85839844,136.8049927,Japan
LYS,"Lyon, FR",45.725556,5.081111,France
AER,"Sochi, SF, RU",43.449902,39.9566,Russian Federation
CMN,"Casablanca, MA",33.36750031,-7.589970112,Morocco
SJW,"Shijiazhuang, CN",38.28070068,114.6969986,China
MRS,"Marseille, FR",43.43927192,5.221424103,France
MDE,"Medellin, CO",6.16454,-75.4231,Colombia
NAP,"Naples, IT",40.886002,14.2908,Italy
KRK,"Krakow, PL",50.077702,19.7848,Poland
ANC,"Anchorage, AK, US",61.17440033,-149.9960022,United States
UPG,"Makassar, ID",-5.061629772,119.5540009,Indonesia
ALG,"Algiers, DZ",36.69100189,3.215409994,Algeria
RSW,"Fort Myers, FL, US",26.53619957,-81.75520325,United States
SWA,"Shantou, CN",23.552,116.5033,China
NBO,"Nairobi, KE",-1.319239974,36.92779922,Kenya
TFS,"Tenerife-Reinasofia, ES",28.04450035,-16.57250023,Spain
CPT,"Cape Town, ZA",-33.96480179,18.60169983,South Africa
TFN,"Tenerife-N Losrodeo, ES",28.48270035,-16.34149933,Spain
VLC,"Valencia, ES",39.4893,-0.481625,Spain
OAK,"Oakland, CA, US",37.721298,-122.221001,United States
WUX,"Wuxi, CN",31.49440002,120.4290009,China
VCE,"Venice, IT",45.505299,12.3519,Italy
OVB,"Novosibirsk, IF, RU",55.01259995,82.65070343,Russian Federation
ALA,"Almaty, KZ",43.35210037,77.04049683,Kazakhstan
TIJ,"Tijuana, MX",32.54109955,-116.9700012,Mexico
AMM,"Amman, JO",31.72260094,35.99319839,Jordan
BAH,"Bahrain, BH",26.27079964,50.63359833,Bahrain
BEG,"Belgrade, RS",44.81840134,20.3090992,Serbia
INC,"Yinchuan, CN",,,China
ADB,"Izmir, TR",38.29240036,27.15699959,Turkiye
CTA,"Catania, IT",37.466801,15.0664,Italy
BLQ,"Bologna, IT",44.5354,11.2887,Italy
STR,"Stuttgart, DE",48.68989944,9.221960068,Germany
BGO,"Bergen, NO",60.29339981,5.218140125,Norway
REC,"Recife, PE, BR",-8.126489639,-34.92359924,Brazil
COK,"Kochi, IN",10.152,76.401901,India
BRS,"Bristol, EN, GB",51.382702,-2.71909,United Kingdom
LOS,"Lagos, NG",6.577370167,3.321160078,Nigeria
ADL,"Adelaide, SA, AU",-34.945,138.531006,Australia
PNQ,"Pune, IN",18.58209991,73.91970062,India
CHC,"Christchurch, NZ",-43.48939896,172.5319977,New Zealand
KOJ,"Kagoshima, JP",31.80340004,130.7189941,Japan
WLG,"Wellington, NZ",-41.32720184,174.8049927,New Zealand
ACE,"Lanzarote, ES",28.945499,-13.6052,Spain
THR,"Tehran, IR",35.68920135,51.31340027,Iran
PUJ,"Punta Cana, DO",18.56739998,-68.36340332,Dominican Republic
YNT,"Yantai, CN",37.40169907,121.3720016,China
CRL,"Brussels, BE",50.459202,4.45382,Belgium
CGN,"Cologne/Bonn, DE",50.86589813,7.142739773,Germany
GLA,"Glasgow, SC, GB",55.87189865,-4.433060169,United Kingdom
TAS,"Tashkent, UZ",41.25790024,69.28119659,Uzbekistan
YEG,"Edmonton, AB, CA",53.30970001,-113.5800018,Canada
OGG,"Kahului/Maui, HI, US",20.8986,-156.429993,United States
RAK,"Marrakech, MA",31.60689926,-8.036299706,Morocco
TIA,"Tirana, AL",41.41469955,19.72060013,Albania
PBI,"West Palm Beach, FL, US",26.68320084,-80.09559631,United States
JAX,"Jacksonville, FL, US",30.49410057,-81.68789673,United States
XNN,"Xining, CN",36.5275,102.042999,China
BKI,"Kota Kinabalu, MY",5.937210083,116.0510025,Malaysia
LJG,"Lijiang, CN",26.68000031,100.2460022,China
BUR,"Burbank, CA, US",34.20069885,-118.3590012,United States
CNX,"Chiang Mai, TH",18.76679993,98.96260071,Thailand
BZE,"Belize City, BZ",17.53910065,-88.30819702,Belize
SVX,"Yekaterinburg, UF, RU",56.74309921,60.80270004,Russian Federation
CHS,"Charleston, SC, US",32.89860153,-80.04049683,United States
FAO,"Faro, PT",37.01440048,-7.965909958,Portugal
IBZ,"Ibiza, ES",38.8728981,1.37311995,Spain
MLA,"Malta, MT",35.857498,14.4775,Malta
JJN,"Quanzhou, CN",24.7964,118.589996,China
MKE,"Milwaukee, WI, US",42.94720078,-87.89659882,United States
BSL,"Basel/Mulhouse, CH",47.59,7.5291667,Switzerland
MED,"Madinah, SA",24.5534,39.705101,Saudi Arabia
EZE,"Buenos Aires, BA, AR",-34.8222,-58.5358,Argentina
CMB,"Colombo, LK",7.180759907,79.88410187,Sri Lanka
SVQ,"Sevilla, ES",37.41799927,-5.893109798,Spain
TLS,"Toulouse, FR",43.629101,1.36382,France
NQZ,"Astana, KZ",,,Kazakhstan
LCA,"Larnaca, CY",34.87509918,33.62490082,Cyprus
YOW,"Ottawa, ON, CA",45.32249832,-75.66919708,Canada
PEN,"Penang, MY",5.297140121,100.2770004,Malaysia
TUN,"Tunis, TN",36.85100174,10.22719955,Tunisia
SDU,"Rio de Janeiro-Santos, RJ, BR",-22.91049957,-43.1631012,Brazil
BOI,"Boise, ID, US",43.5644,-116.223,United States
KHH,"Kaohsiung, TW",22.57710075,120.3499985,Taiwan
SJO,"San Jose, CR",9.993860245,-84.20880127,Costa Rica
ONT,"Ontario, CA, US",34.05599976,-117.6009979,United States
BDL,"Hartford, CT, US",41.93889999,-72.68319702,United States
JHG,"Jinghong, CN",21.97389984,100.7600021,China
ABQ,"Albuquerque, NM, US",35.040199,-106.609001,United States
MLE,"Male, MV",4.191830158,73.52909851,Maldives
PMO,"Palermo, IT",38.175999,13.091,Italy
SOF,"Sofia, BG",42.69669342,23.41143608,Bulgaria
RIX,"Riga, LV",56.92359924,23.97109985,Latvia
HER,"Irakleion, GR",35.33969879,25.18029976,Greece
SSA,"Salvador, BA, BR",-12.9086113,-38.32249832,Brazil
LXA,"Lhasa/Lasa, CN",29.29780006,90.91190338,China
SKG,"Thessaloniki, GR",40.5196991,22.97089958,Greece
RIC,"Richmond, VA, US",37.50519943,-77.31970215,United States
SXM,"St. Maarten, SX",18.04100037,-63.10889816,Sint Maarten
POA,"Porto Alegre, RS, BR",-29.99440002,-51.17139816,Brazil
SDF,"Louisville, KY, US",38.1744,-85.736,United States
HRG,"Hurghada, EG",27.17830086,33.79940033,Egypt
MEM,"Memphis, TN, US",35.04240036,-89.97669983,United States
ORF,"Norfolk, VA, US",36.89459991,-76.20120239,United States
ABV,"Abuja, NG",9.006790161,7.263169765,Nigeria
KEF,"Reykjavik, IS",63.98500061,-22.60560036,Iceland
DAR,"Dar es Salaam, TZ",-6.87811,39.202599,Tanzania
GYD,"Baku, AZ",40.46749878,50.04669952,Azerbaijan
ZNZ,"Zanzibar, TZ",-6.22202,39.224899,Tanzania
KNO,"Medan, ID",3.642222,98.885278,Indonesia
LUX,"Luxembourg, LU",49.6233333,6.2044444,Luxembourg
BUF,"Buffalo, NY, US",42.94049835,-78.73220062,United States
MFM,"Macau, MO",22.149599,113.592003,Macau (SAR)
CWB,"Curitiba, PR, BR",-25.5284996,-49.17580032,Brazil
NLU,"Mexico City, MX",,,Mexico
SJD,"San Jose del Cabo, MX",23.15180016,-109.7210007,Mexico
OMA,"Omaha, NE, US",41.3032,-95.894096,United States
OKC,"Oklahoma City, OK, US",35.39310074,-97.60070038,United States
NTE,"Nantes, FR",47.15319824,-1.610730052,France
FUE,"Fuerteventura, ES",28.45269966,-13.86380005,Spain
CLO,"Cali, CO",3.54322,-76.3816,Colombia
BEY,"Beirut, LB",33.82089996,35.48839951,Lebanon
TSA,"Taipei-Songshan, TW",25.06940079,121.552002,Taiwan
BRI,"Bari, IT",41.138901,16.760599,Italy
LCY,"London, EN, GB",51.505299,0.055278,United Kingdom
BIO,"Bilbao, ES",43.30110168,-2.910609961,Spain
PVR,"Puerto Vallarta, MX",20.68009949,-105.2539978,Mexico
KWL,"Guilin, CN",25.21809959,110.0390015,China
TRD,"Trondheim, NO",63.4578018,10.9239998,Norway
SAL,"San Salvador, SV",13.4409,-89.055702,El Salvador
SBH,"St. Barthelemy, BL",17.90439987,-62.84360123,Saint Barthelemy
BPN,"Balikpapan, ID",-1.268270016,116.8939972,Indonesia
GAU,"Guwahati, IN",26.10610008,91.58589935,India
SAV,"Savannah, GA, US",32.12760162,-81.20210266,United States
CNS,"Cairns, QL, AU",-16.88579941,145.7550049,Australia
RNO,"Reno, NV, US",39.49909973,-119.7679977,United States
GDN,"Gdansk, PL",54.37760162,18.46619987,Poland
BFS,"Belfast, NI, GB",54.65750122,-6.215829849,United Kingdom
TYS,"Knoxville, TN, US",35.81100082,-83.9940033,United States
ZAG,"Zagreb, HR",45.74290085,16.06879997,Croatia
JAI,"Jaipur , IN",26.8242,75.812202,India
GEG,"Spokane, WA, US",47.61989975,-117.5339966,United States
KCH,"Kuching, MY",1.484699965,110.3470001,Malaysia
CTG,"Cartagena, CO",10.4424,-75.513,Colombia
TBS,"Tbilisi, GE",41.6692009,44.95470047,Georgia
KHG,"Kashi, CN",39.54290009,76.01999664,China
YWG,"Winnipeg, MB, CA",49.90999985,-97.23989868,Canada
KHI,"Karachi, PK",24.9065,67.160797,Pakistan
GRR,"Grand Rapids, MI, US",42.88079834,-85.52279663,United States
MHD,"Mashhad, IR",36.23519897,59.64099884,Iran
UIO,"Quito, EC",-0.129166667,-78.3575,Ecuador
BOD,"Bordeaux, FR",44.82830048,-0.715556026,France
PVD,"Providence, RI, US",41.732601,-71.420403,United States
DUR,"Durban, ZA",-29.61444444,31.11972222,South Africa
BHM,"Birmingham, AL, US",33.56290054,-86.75350189,United States
GUA,"Guatemala City, GT",14.5833,-90.527496,Guatemala
YHZ,"Halifax, NS, CA",44.88079834,-63.50859833,Canada
IKA,"Tehran, IR",35.41609955,51.15219879,Iran
SDJ,"Sendai, JP",38.13970184,140.9170074,Japan
LKO,"Lucknow, IN",26.76059914,80.88929749,India
TUS,"Tucson, AZ, US",32.11610031,-110.9410019,United States
HAJ,"Hannover, DE",52.46110153,9.685079575,Germany
GOI,"Goa, IN",15.38080025,73.83139801,India
GOT,"Goteborg, SE",57.66279984,12.27980042,Sweden
CZX,"Changzhou, CN",31.919701,119.778999,China
SDQ,"Santo Domingo, DO",18.42970085,-69.66889954,Dominican Republic
SSH,"Sharm el-Sheikh, EG",27.97730064,34.39500046,Egypt
TUL,"Tulsa, OK, US",36.19839859,-95.88809967,United States
GSP,"Greenville/Spartanburg, SC, US",34.89569855,-82.21890259,United States
BET,"Bethel, AK, US",60.77980042,-161.8379974,United States
NAS,"Nassau, BS",25.03899956,-77.46620178,Bahamas
ACC,"Accra, GH",5.6051898,-0.166786,Ghana
EIN,"Eindhoven, NL",51.45009995,5.374529839,Netherlands
BBI,"Bhubaneshwar, IN",20.24440002,85.81780243,India
BVA,"Paris, FR",49.45439911,2.112780094,France
OOL,"Gold Coast, QL, AU",-28.1644001,153.5050049,Australia
SVG,"Stavanger, NO",58.87670135,5.63778019,Norway
RHO,"Rhodes, GR",36.40539932,28.08620071,Greece
NCL,"Newcastle, EN, GB",55.03749847,-1.691669941,United Kingdom
ELP,"El Paso, TX, US",31.80719948,-106.3779984,United States
FOR,"Fortaleza, CE, BR",-3.776279926,-38.5326004,Brazil
TOS,"Tromso, NO",69.6832962,18.91889954,Norway
ISB,"Islamabad, PK",33.560713,72.851613,Pakistan
LPL,"Liverpool, EN, GB",53.33359909,-2.849720001,United Kingdom
EVN,"Yerevan, AM",40.14730072,44.39590073,Armenia
CBR,"Canberra, AC, AU",-35.30690002,149.1950073,Australia
YTZ,"Toronto-City, ON, CA",43.627499,-79.396202,Canada
SRQ,"Sarasota/Bradenton, FL, US",27.39539909,-82.55439758,United States
XNA,"Fayetteville/Springd., AR, US",36.281898,-94.306801,United States
FLR,"Florence, IT",43.810001,11.2051,Italy
PSA,"Pisa, IT",43.683899,10.3927,Italy
DSM,"Des Moines, IA, US",41.5340004,-93.6631012,United States
CXR,"Nha Trang, VN",11.99820042,109.2190018,Vietnam
BGW,"Baghdad, IQ",33.26250076,44.23460007,Iraq
ECN,"Ercan, CY",35.15470123,33.49610138,Cyprus
MZG,"Penghu, TW",23.56870079,119.6279984,Taiwan
RMO,"Chisinau, MD",,,Moldova
KZN,"Kazan, VF, RU",55.60620117,49.27870178,Russian Federation
BOO,"Bodo, NO",67.26920319,14.36530018,Norway
IKT,"Irkutsk, IF, RU",52.26800156,104.3889999,Russian Federation
KJA,"Krasnoyarsk, IF, RU",56.172901,92.493301,Russian Federation
FLN,"Florianopolis, SC, BR",-27.67027855,-48.55250168,Brazil
KGD,"Kaliningrad, CF, RU",54.88999939,20.59259987,Russian Federation
KMI,"Miyazaki, JP",31.87719917,131.4490051,Japan
GOX,"Goa, IN",,,India
NTG,"Nantong, CN",,,China
VNO,"Vilnius, LT",54.634102,25.285801,Lithuania
TRN,"Turin, IT",45.200802,7.64963,Italy
PQC,"Phu Quoc Island, VN",10.1698,103.9931,Vietnam
ROC,"Rochester, NY, US",43.1189003,-77.67240143,United States
MYR,"Myrtle Beach, SC, US",33.67969894,-78.92829895,United States
ALB,"Albany, NY, US",42.74829865,-73.80169678,United States
PSP,"Palm Springs, CA, US",33.82970047,-116.5070038,United States
GYE,"Guayaquil, EC",-2.15741992,-79.88359833,Ecuador
HPN,"White Plains, NY, US",41.06700134,-73.70760345,United States
FNC,"Funchal, PT",32.697899,-16.7745,Portugal
JNU,"Juneau, AK, US",58.35499954,-134.576004,United States
IDR,"Indore, IN",22.72179985,75.80110168,India
CAG,"Cagliari, IT",39.251499,9.05428,Italy
UFA,"Ufa, VF, RU",54.55749893,55.87440109,Russian Federation
SYR,"Syracuse, NY, US",43.11119843,-76.10630035,United States
LGB,"Long Beach, CA, US",33.81769943,-118.1520004,United States
LHE,"Lahore, PK",31.52160072,74.4036026,Pakistan
MRV,"Mineralnye Vody, SF, RU",44.22510147,43.08190155,Russian Federation
YIN,"Yining, CN",43.955799,81.330299,China
EOH,"Medellin, CO",6.220549,-75.590582,Colombia
CCS,"Caracas, VE",10.601194,-66.991222,Venezuela
AHB,"Abha, SA",18.24040031,42.65660095,Saudi Arabia
DLM,"Dalaman, TR",36.71310043,28.79249954,Turkiye
DLU,"Dali, CN",25.649401,100.319,China
KOA,"Kona/Hawaii, HI, US",19.738783,-156.045603,United States
MYY,"Miri, Sarawak, MY",4.32201004,113.9869995,Malaysia
COV,"Mersin, TR",,,Turkiye
YTY,"Yangzhou, CN",32.5634,119.7198,China
LBA,"Leeds/Bradford, EN, GB",53.86589813,-1.660570025,United Kingdom
XUZ,"Xuzhou, CN",34.059056,117.555278,China
PNS,"Pensacola, FL, US",30.47340012,-87.18659973,United States
USM,"Ko Samui, TH",9.547789574,100.0619965,Thailand
TLL,"Tallinn, EE",59.41329956,24.83279991,Estonia
ARK,"Arusha, TZ",-3.367789984,36.63330078,Tanzania
VTE,"Vientiane, LA",17.98830032,102.5630035,Laos
CXH,"Vancouver, BC, CA",49.29439926,-123.1110001,Canada
RGN,"Yangon, MM",16.90730095,96.1332016,Myanmar
DSN,"Ordos, CN",39.49,109.8613889,China
LIH,"Lihue, HI, US",21.97599983,-159.3390045,United States
CUR,"Curacao, CW",12.1889,-68.959801,Curacao
PNH,"Phnom Penh, KH",11.54660034,104.8440018,Cambodia
GSO,"Greensboro, NC, US",36.09780121,-79.93730164,United States
NUE,"Nuremberg, DE",49.498699,11.078056,Germany
KMJ,"Kumamoto, JP",32.83729935,130.8549957,Japan
MAH,"Menorca, ES",39.86259842,4.218649864,Spain
SPR,"San Pedro, BZ",17.9139,-87.9711,Belize
BSZ,"Bishkek, KG",,,Kyrgyzstan
LIT,"Little Rock, AR, US",34.72940063,-92.22429657,United States
PAT,"Patna, IN",25.59129906,85.08799744,India
BEL,"Belem, PA, BR",-1.37925005,-48.47629929,Brazil
YIA,"Yogyakarta, ID",,,Indonesia
UKB,"Kobe, JP",34.63280106,135.223999,Japan
CJJ,"Cheongju, KR",36.717008,127.498741,South Korea
MSN,"Madison, WI, US",43.13990021,-89.33750153,United States
TRV,"Thiruvananthapuram, IN",8.48211956,76.92009735,India
FAT,"Fresno, CA, US",36.77619934,-119.7180023,United States
MBJ,"Montego Bay, JM",18.50370026,-77.91339874,Jamaica
FAI,"Fairbanks, AK, US",64.81510162,-147.8560028,United States
VVI,"Santa Cruz-Viru Viru, BO",-17.6448,-63.135399,Bolivia
NAN,"Nadi, FJ",-17.7553997,177.4429932,Fiji
DVO,"Davao, PH",7.125520229,125.6460037,Philippines
YLW,"Kelowna, BC, CA",49.95610046,-119.3779984,Canada
KRL,"Korla, CN",41.69779968,86.12889862,China
POS,"Port of Spain, TT",10.59539986,-61.33720016,Trinidad and Tobago
UYN,"Yulin, CN",38.35971,109.590927,China
BTH,"Batam, ID",1.121029973,104.1190033,Indonesia
YIH,"Yichang, CN",30.55655,111.479988,China
SPU,"Split, HR",43.53889847,16.29800034,Croatia
CUZ,"Cusco, PE",-13.53569984,-71.938797,Peru
POM,"Port Moresby, PG",-9.443380356,147.2200012,Papua New Guinea
PWM,"Portland, ME, US",43.64619827,-70.30930328,United States
JHB,"Johor Bahru, MY",1.64131,103.669998,Malaysia
NGS,"Nagasaki, JP",32.91690063,129.9140015,Japan
HSV,"Huntsville/Decatur, AL, US",34.6371994,-86.77510071,United States
CFU,"Kerkyra, GR",39.60189819,19.9116993,Greece
WRO,"Wroclaw, PL",51.10269928,16.88579941,Poland
VNS,"Varanasi, IN",25.45240021,82.85929871,India
KNH,"Kinmen, TW",24.4279,118.359001,Taiwan
AUA,"Aruba, AW",12.5014,-70.015198,Aruba
BHD,"Belfast, NI, GB",54.61809921,-5.872499943,United Kingdom
ABZ,"Aberdeen, SC, GB",57.20190048,-2.197779894,United Kingdom
STT,"St Thomas Island, VI, US",18.33729935,-64.9733963,United States
HUZ,"Huizhou, CN",23.04999924,114.5999985,China
COS,"Colorado Springs, CO, US",38.805801,-104.700996,United States
YIW,"Yiwu, CN",29.34469986,120.0319977,China
OLB,"Olbia, IT",40.898701,9.51763,Italy
YYJ,"Victoria, BC, CA",48.64690018,-123.4260025,Canada
AKU,"Aksu, CN",41.262501,80.291702,China
IXC,"Chandigarh, IN",30.67350006,76.78849792,India
RMQ,"Taichung, TW",24.26469994,120.6210022,Taiwan
GYN,"Goiania, GO, BR",-16.63199997,-49.22069931,Brazil
YQB,"Quebec, QC, CA",46.7911,-71.393303,Canada
BDJ,"Banjarmasin, ID",-3.442359924,114.7630005,Indonesia
CCJ,"Kozhikode, IN",11.13679981,75.95529938,India
MYJ,"Matsuyama, JP",33.82720184,132.6999969,Japan
MIG,"Mianyang, CN",31.42810059,104.7409973,China
PDL,"Ponta Delgada, PT",37.74119949,-25.69790077,Portugal
AVL,"Asheville/Hendersonville, NC, US",35.43619919,-82.54180145,United States
ENA,"Kenai, AK, US",60.57310104,-151.2449951,United States
YCU,"Yuncheng, CN",35.116391,111.0313889,China
HLD,"Hailar, CN",49.20500183,119.8249969,China
VIX,"Vitoria, ES, BR",-20.258057,-40.286388,Brazil
TSV,"Townsville, QL, AU",-19.25250053,146.7649994,Australia
ZHA,"Zhanjiang, CN",21.214399,110.358002,China
ICT,"Wichita, KS, US",37.649899,-97.433098,United States
BJX,"Leon/Guanajuato, MX",20.9935,-101.481003,Mexico
PPT,"Tahiti, PF",-17.553699,-149.606995,French Polynesia
BGI,"Bridgetown, BB",13.07460022,-59.49250031,Barbados
EBB,"Entebbe/Kampala, UG",0.042386,32.443501,Uganda
HLP,"Jakarta-Halim, ID",-6.266610146,106.8909988,Indonesia
SZB,"Kuala Lumpur, MY",3.130579948,101.5490036,Malaysia
VRN,"Verona, IT",45.395699,10.8885,Italy
BZN,"Bozeman, MT, US",45.77750015,-111.1529999,United States
TJM,"Tyumen, UF, RU",57.1896019,65.32430267,Russian Federation
MPH,"Caticlan, PH",11.9245,121.954002,Philippines
LUM,"Mangshi, CN",24.4011,98.5317,China
ILM,"Wilmington, NC, US",34.27059937,-77.90260315,United States
MID,"Merida, MX",20.93700027,-89.65769959,Mexico
EMA,"East Midlands, EN, GB",52.83110046,-1.328060031,United Kingdom
KTW,"Katowice, PL",50.4743,19.08,Poland
TZX,"Trabzon, TR",40.99509811,39.78969955,Turkiye
MKK,"Molokai/Hoolehua, HI, US",21.1529007,-157.095993,United States
ISG,"Ishigaki, JP",24.396389,124.245,Japan
BJV,"Bodrum, TR",37.25059891,27.66430092,Turkiye
LUN,"Lusaka, ZM",-15.33080006,28.45260048,Zambia
PLS,"Providenciales, TC",21.77359962,-72.26589966,Turks and Caicos Islands
ORK,"Cork, IE",51.84130096,-8.491109848,Ireland
HSN,"Zhoushan, CN",29.93420029,122.3619995,China
CRK,"Angeles/Mabalacat, PH",15.186,120.559998,Philippines
SGF,"Springfield, MO, US",37.24570084,-93.38860321,United States
CJB,"Coimbatore, IN",11.02999973,77.04340363,India
MAO,"Manaus, AM, BR",-3.038609982,-60.04970169,Brazil
IXB,"Bagdogra, IN",26.68120003,88.32859802,India
DBV,"Dubrovnik, HR",42.56140137,18.26819992,Croatia
CLJ,"Cluj-Napoca, RO",46.78519821,23.68619919,Romania
KUF,"Samara, VF, RU",53.50490189,50.16429901,Russian Federation
AGA,"Agadir, MA",30.32500076,-9.413069725,Morocco
BAQ,"Barranquilla, CO",10.8896,-74.7808,Colombia
PRN,"Pristina, RS",42.5728,21.035801,Serbia
SPC,"Santa Cruz de la Palma, ES",28.626499,-17.7556,Spain
KBV,"Krabi, TH",8.09912014,98.98619843,Thailand
TAE,"Daegu, KR",35.896872,128.65531,South Korea
POZ,"Poznan, PL",52.42100143,16.82629967,Poland
MAF,"Midland/Odessa, TX, US",31.94249916,-102.2020035,United States
CIA,"Rome-Ciampino, IT",41.7994,12.5949,Italy
SXR,"Srinagar, IN",33.98709869,74.77420044,India
YWH,"Victoria, BC, CA",48.42498589,-123.3888674,Canada
WEH,"Weihai, CN",37.18709946,122.2289963,China
ABJ,"Abidjan, CI",5.261390209,-3.926290035,Ivory Coast (Cote d'Ivoire)
HAV,"Havana, CU",22.98920059,-82.40910339,Cuba
ILO,"Iloilo, PH",10.833017,122.493358,Philippines
LEX,"Lexington, KY, US",38.03649902,-84.60590363,United States
PTP,"Pointe-a-Pitre, GP",16.265301,-61.531799,Guadeloupe
PFO,"Paphos, CY",34.7179985,32.4856987,Cyprus
VTZ,"Vishakhapatnam, IN",17.72120094,83.22450256,India
CAE,"Columbia, SC, US",33.93880081,-81.11949921,United States
DSS,"Dakar, SN",14.67,-17.073333,Senegal
PLM,"Palembang, ID",-2.898250103,104.6999969,Indonesia
LOP,"Praya, ID",-8.757322,116.276675,Indonesia
MDT,"Harrisburg, PA, US",40.19350052,-76.76339722,United States
HDY,"Hat Yai, TH",6.933209896,100.3929977,Thailand
CBB,"Cochabamba, BO",-17.42110062,-66.17710114,Bolivia
MRU,"Mauritius, MU",-20.430201,57.683601,Mauritius
VPS,"Destin-Ft Walton Beach, FL, US",30.4832,-86.525398,United States
NAG,"Nagpur, IN",21.09219933,79.04720306,India
MSQ,"Minsk, BY",53.88249969,28.03070068,Belarus
BIL,"Billings, MT, US",45.80770111,-108.5429993,United States
FMM,"Memmingen, DE",47.98880005,10.23950005,Germany
BLL,"Billund, DK",55.74029922,9.151780128,Denmark
BDS,"Brindisi, IT",40.6576,17.947001,Italy
PKR,"Pokhara, NP",28.20089912,83.98210144,Nepal
NSN,"Nelson, NZ",-41.2983017,173.220993,New Zealand
SEZ,"Seychelles, SC",-4.67434,55.521801,Seychelles
HRE,"Harare, ZW",-17.931801,31.0928,Zimbabwe
SKP,"Skopje, MK",41.961601,21.621401,Macedonia
DAY,"Dayton, OH, US",39.90240097,-84.2193985,United States
CHQ,"Chania, GR",35.53170013,24.14970016,Greece
CIF,"Chifeng, CN",42.23500061,118.9079971,China
ACK,"Nantucket, MA, US",41.25310135,-70.06020355,United States
PNK,"Pontianak, ID",-0.150711,109.4039993,Indonesia
SFB,"Orlando-Sanford, FL, US",28.77759933,-81.23750305,United States
ECP,"Panama City, FL, US",30.357106,-85.795414,United States
TUU,"Tabuk, SA",28.3654,36.6189,Saudi Arabia
CHA,"Chattanooga, TN, US",35.03530121,-85.20379639,United States
ORN,"Oran, DZ",35.62390137,-0.621182978,Algeria
BHY,"Beihai, CN",21.5394,109.293999,China
ATQ,"Amritsar, IN",31.70960045,74.79730225,India
RPR,"Raipur, IN",21.180401,81.7388,India
COR,"Cordoba, CD, AR",-31.323601,-64.208,Argentina
DRW,"Darwin, NT, AU",-12.41469955,130.8769989,Australia
LZO,"Luzhou, CN",28.85219955,105.3929977,China
SCQ,"Santiago de Compostela, ES",42.89630127,-8.415140152,Spain
VVO,"Vladivostok, FF, RU",43.39899826,132.147995,Russian Federation
PKU,"Pekanbaru, ID",0.460786015,101.4449997,Indonesia
SGC,"Surgut, UF, RU",61.34370041,73.40180206,Russian Federation
GIZ,"Gizan, SA",16.90110016,42.58580017,Saudi Arabia
LPB,"La Paz, BO",-16.51329994,-68.19229889,Bolivia
LGK,"Langkawi, MY",6.329730034,99.72869873,Malaysia
KGS,"Kos, GR",36.79330063,27.0916996,Greece
DJJ,"Jayapura, ID",-2.576950073,140.5160065,Indonesia
HYN,"Taizhou, CN",28.56220055,121.4290009,China
HBA,"Hobart, TS, AU",-42.83610153,147.5099945,Australia
MBA,"Mombasa, KE",-4.034830093,39.59420013,Kenya
OSS,"Osh, KG",40.60900116,72.79329681,Kyrgyzstan
QRO,"Queretaro, MX",20.6173,-100.185997,Mexico
BTV,"Burlington, VT, US",44.47190094,-73.15329742,United States
CGB,"Cuiaba, MT, BR",-15.65289974,-56.11669922,Brazil
LYI,"Linyi, CN",35.04610062,118.4120026,China
ZQN,"Queenstown, NZ",-45.02109909,168.7389984,New Zealand
WIL,"Nairobi-Wilson, KE",-1.321720004,36.81480026,Kenya
TNG,"Tangier, MA",35.72689819,-5.916890144,Morocco
SUF,"Lamezia Terme, IT",38.905399,16.2423,Italy
TRZ,"Tiruchchirappalli, IN",10.76539993,78.70970154,India
SRG,"Semarang, ID",-6.97273,110.375,Indonesia
MCZ,"Maceio, AL, BR",-9.510809898,-35.79169846,Brazil
ANU,"Antigua, AG",17.1367,-61.792702,Antigua and Barbuda
EUG,"Eugene, OR, US",44.12459946,-123.211998,United States
HIA,"Huaian, CN",33.79083333,119.125,China
CID,"Cedar Rapids, IA, US",41.88470078,-91.71080017,United States
PIE,"St. Petersburg, FL, US",27.91020012,-82.68740082,United States
JTR,"Thira, GR",36.39920044,25.47929955,Greece
BGA,"Bucaramanga, CO",7.1265,-73.1848,Colombia
KOW,"Ganzhou, CN",25.853333,114.778889,China
YBP,"Yibin, CN",28.80055556,104.545,China
TSF,"Venice-Treviso, IT",45.648399,12.1944,Italy
CGP,"Chittagong, BD",22.24959946,91.81330109,Bangladesh
HIJ,"Hiroshima, JP",34.43610001,132.9190063,Japan
CJC,"Calama, CL",-22.49819946,-68.9036026,Chile
JRO,"Kilimanjaro, TZ",-3.429409981,37.07450104,Tanzania
KIH,"Kish Island, Iran, IR",26.52619934,53.98020172,Iran
IXE,"Mangalore, IN",12.9612999,74.89009857,India
YNZ,"Yancheng, CN",33.425833,120.203056,China
OIT,"Oita, JP",33.47940063,131.7369995,Japan
JAN,"Jackson, MS, US",32.31119919,-90.07589722,United States
DTM,"Dortmund, DE",51.5182991,7.612239838,Germany
SMR,"Santa Marta, CO",11.1196,-74.2306,Colombia
MMY,"Miyakojima, JP",24.78280067,125.2949982,Japan
IXR,"Ranchi, IN",23.31430054,85.32170105,India
KHV,"Khabarovsk, FF, RU",48.52799988,135.1880035,Russian Federation
EYW,"Key West, FL, US",24.55610085,-81.75959778,United States
ANF,"Antofagasta, CL",-23.444501,-70.445099,Chile
PEI,"Pereira, CO",4.81267,-75.7395,Colombia
GZT,"Gaziantep, TR",36.94720078,37.47869873,Turkiye
DGA,"Dangriga, BZ",,,Belize
RDM,"Redmond/Bend, OR, US",44.2541008,-121.1500015,United States
FSD,"Sioux Falls, SD, US",43.58200073,-96.74189758,United States
SEU,"Seronera, TZ",-2.45806,34.822498,Tanzania
PDG,"Padang, ID",-0.786917,100.280998,Indonesia
BAV,"Baotou, CN",40.56000137,109.9970016,China
XFN,"Xiangyang, CN",32.1506,112.291,China
HTN,"Hotan, CN",37.03850174,79.86489868,China
NJF,"Al Najaf, IQ",31.989853,44.404317,Iraq
EBL,"Erbil, IQ",36.23759842,43.96319962,Iraq
CIT,"Shymkent, KZ",42.36420059,69.47889709,Kazakhstan
ASJ,"Amami, JP",28.43059921,129.7129974,Japan
MJI,"Tripoli, LY",32.89410019,13.27600002,Libya
CGY,"Cagayan de Oro, PH",8.612203,124.456496,Philippines
HMO,"Hermosillo, MX",29.09589958,-111.0479965,Mexico
KIJ,"Niigata, JP",37.95589828,139.1210022,Japan
SBA,"Santa Barbara, CA, US",34.42620087,-119.8399963,United States
MCX,"Makhachkala, SF, RU",42.81679916,47.65230179,Russian Federation
MHT,"Manchester, NH, US",42.932598,-71.435699,United States
BRE,"Bremen, DE",53.04750061,8.786669731,Germany
SJJ,"Sarajevo, BA",43.82460022,18.3314991,Bosnia and Herzegovina
BPS,"Porto Seguro, BA, BR",-16.438601,-39.080898,Brazil
ADZ,"San Andres Island, CO",12.5836,-81.7112,Colombia
ASR,"Kayseri, TR",38.770401,35.49539948,Turkiye
NVT,"Navegantes, SC, BR",-26.879999,-48.651402,Brazil
YXE,"Saskatoon, SK, CA",52.17079926,-106.6999969,Canada
ATW,"Appleton, WI, US",44.2580986,-88.51909637,United States
SBN,"South Bend, IN, US",41.70869827,-86.31729889,United States
MDC,"Manado, ID",1.54926002,124.9260025,Indonesia
XIL,"Xilinhot, CN",43.91559982,115.9639969,China
VGA,"Vijayawada, IN",16.53039932,80.79679871,India
KCZ,"Kochi, JP",33.546101,133.669006,Japan
ENH,"Enshi, CN",30.32029915,109.4850006,China
NAT,"Natal, RN, BR",-5.768056,-35.376111,Brazil
SAP,"San Pedro Sula, HN",15.4526,-87.923599,Honduras
EIS,"Tortola, VG",18.44479942,-64.54299927,British Virgin Islands
TGO,"Tongliao, CN",43.556702,122.199997,China
SOU,"Southampton, EN, GB",50.95029831,-1.35679996,United Kingdom
ASB,"Ashgabat, TM",37.986801,58.361,Turkmenistan
HKD,"Hakodate, JP",41.77000046,140.8220062,Japan
LYG,"Lianyungang, CN",34.571667,118.873611,China
ACX,"Xingyi, CN",25.08638889,104.9594444,China
RTM,"Rotterdam, NL",51.956902,4.43722,Netherlands
DYG,"Zhangjiajie, CN",29.1028,110.443001,China
GCI,"Guernsey, CI, GB",49.43500137,-2.601969957,United Kingdom
TWU,"Tawau, Sabah, MY",4.320159912,118.1279984,Malaysia
AOJ,"Aomori, JP",40.73469925,140.6909943,Japan
DAM,"Damascus, SY",33.41149902,36.5155983,Syria
GCM,"Grand Cayman, KY",19.2928009,-81.35769653,Cayman Islands
JER,"Jersey, CI, GB",49.207901,-2.195509911,United Kingdom
GUM,"Guam, TR, US",13.48340034,144.7960052,United States
STI,"Santiago, DO",19.40609932,-70.60469818,Dominican Republic
CUL,"Culiacan, MX",24.76449966,-107.4749985,Mexico
ASE,"Aspen, CO, US",39.22320175,-106.8690033,United States
BWA,"Bhairahawa, NP",27.505685,83.416293,Nepal
KGL,"Kigali, RW",-1.96863,30.1395,Rwanda
ROA,"Roanoke, VA, US",37.3255,-79.975403,United States
TRF,"Sandefjord, NO",59.18669891,10.25860024,Norway
OKD,"Sapporo-Okadama, JP",43.117447,141.38134,Japan
LBB,"Lubbock, TX, US",33.663601,-101.822998,United States
PMC,"Puerto Montt, CL",-41.43889999,-73.09400177,Chile
PGD,"Punta Gorda, FL, US",26.92020035,-81.9905014,United States
TAK,"Takamatsu, JP",34.21419907,134.0160065,Japan
AXT,"Akita, JP",39.61560059,140.2189941,Japan
IAS,"Iasi, RO",47.17850113,27.62059975,Romania
MFR,"Medford, OR, US",42.37419891,-122.8730011,United States
TAG,"Panglao, PH",9.665442,123.853533,Philippines
VER,"Veracruz, MX",19.14590073,-96.18730164,Mexico
HBE,"Alexandria, EG",30.91769981,29.69639969,Egypt
YYT,"St. Johns, NL, CA",47.61859894,-52.75189972,Canada
SAI,"Siem Reap, KH",,,Cambodia
CJS,"Ciudad Juarez, MX",31.63610077,-106.4290009,Mexico
FAR,"Fargo, ND, US",46.92070007,-96.81580353,United States
FWA,"Fort Wayne, IN, US",40.97850037,-85.19509888,United States
DYU,"Dushanbe, TJ",38.54330063,68.82499695,Tajikistan
WDS,"Shiyan, CN",32.591667,110.907778,China
YZF,"Yellowknife, NT, CA",62.46279907,-114.4400024,Canada
SBW,"Sibu, Sarawak, MY",2.261600018,111.9850006,Malaysia
MDZ,"Mendoza, MD, AR",-32.83169937,-68.79290009,Argentina
BIR,"Biratnagar, NP",26.48150063,87.26399994,Nepal
BCD,"Bacolod, PH",10.7764,123.014999,Philippines
PRI,"Praslin Is., Seychel, SC",-4.319290161,55.69139862,Seychelles
MPM,"Maputo, MZ",-25.920799,32.572601,Mozambique
KIN,"Kingston, JM",17.93569946,-76.78749847,Jamaica
LIR,"Guanacaste, CR",10.5933,-85.544403,Costa Rica
MVD,"Montevideo, UY",-34.838402,-56.0308,Uruguay
DJE,"Djerba, TN",33.875,10.7755003,Tunisia
RBA,"Rabat, MA",34.051498,-6.75152,Morocco
HPH,"Haiphong, VN",20.81940079,106.7249985,Vietnam
IGU,"Foz do Iguacu, PR, BR",-25.60027885,-54.48500061,Brazil
UBN,"Ulaanbaatar, MN",,,Mongolia
LJU,"Ljubljana, SI",46.223701,14.4576,Slovenia
KBR,"Kota Bharu, MY",6.16685009,102.2929993,Malaysia
NKM,"Nagoya, JP",35.25500107,136.923996,Japan
CEK,"Chelyabinsk, UF, RU",55.305801,61.5033,Russian Federation
KOE,"Kupang, ID",-10.17160034,123.6709976,Indonesia
CCP,"Concepcion, CL",-36.772701,-73.063103,Chile
PSC,"Pasco, WA, US",46.26470184,-119.1190033,United States
LBV,"Libreville, GA",0.458600014,9.412280083,Gabon
KTI,"Phnom Penh, KH",12.48799992,106.0550003,Cambodia
LFW,"Lome, TG",6.165609837,1.254510045,Togo
FDF,"Fort De France, MQ",14.5909996,-61.00320053,Martinique
CHO,"Charlottesville, VA, US",38.1385994,-78.45290375,United States
CUU,"Chihuahua, MX",28.70289993,-105.9649963,Mexico
IXM,"Madurai, IN",9.83450985,78.09339905,India
LEJ,"Leipzig, DE",51.423889,12.236389,Germany
CUK,"Caye Caulker, BZ",,,Belize
CXB,"Cox's Bazar, BD",21.45219994,91.96389771,Bangladesh
DED,"Dehra Dun, IN",30.189699,78.180298,India
ISP,"Islip, NY, US",40.79520035,-73.10019684,United States
UTH,"Udon Thani, TH",17.38640022,102.788002,Thailand
TLH,"Tallahassee, FL, US",30.39649963,-84.35030365,United States
SNN,"Shannon, IE",52.702,-8.92482,Ireland
BTR,"Baton Rouge, LA, US",30.533199,-91.149597,United States
AQP,"Arequipa, PE",-16.34110069,-71.58309937,Peru
SHV,"Shreveport, LA, US",32.446602,-93.8256,United States
OVD,"Asturias, ES",43.56359863,-6.034619808,Spain
MFE,"McAllen, TX, US",26.17580032,-98.23860168,United States
PEE,"Perm, VF, RU",57.91450119,56.02119827,Russian Federation
OAX,"Oaxaca, MX",16.99990082,-96.72660065,Mexico
WMT,"Maotai, CN",27.81638,106.33268,China
SZG,"Salzburg, AT",47.79330063,13.00430012,Austria
KCA,"Kuqa, CN",41.677856,82.872917,China
MPL,"Montpellier, FR",43.57619858,3.963010073,France
YQT,"Thunder Bay, ON, CA",48.37189865,-89.32389832,Canada
AAT,"Altay, CN",47.74988556,88.0858078,China
YQR,"Regina, SK, CA",50.43190002,-104.6660004,Canada
TGD,"Podgorica, ME",42.359402,19.2519,Montenegro
HUI,"Hue, VN",16.4015007,107.7030029,Vietnam
KMQ,"Komatsu, JP",36.39459991,136.4069977,Japan
DLA,"Douala, CM",4.006080151,9.719479561,Cameroon
TIR,"Tirupati, IN",13.63249969,79.54329681,India
MVY,"Martha's Vineyard, MA, US",41.39310074,-70.61430359,United States
ELQ,"Gassim, SA",26.30279922,43.7743988,Saudi Arabia
AAL,"Aalborg, DK",57.09275891,9.849243164,Denmark
NRN,"Duesseldorf, DE",51.60240173,6.142169952,Germany
STX,"Saint Croix Island, VI, US",17.70190048,-64.79859924,United States
ITO,"Hilo, HI, US",19.72139931,-155.0480042,United States
HLH,"Ulanhot, CN",46.195333,122.008333,China
KWJ,"Gwangju, KR",35.123173,126.805444,South Korea
AZA,"Phoenix, AZ, US",33.30780029,-111.6549988,United States
DIY,"Diyarbakir, TR",37.89390183,40.20100021,Turkiye
GRO,"Gerona, ES",41.90100098,2.760550022,Spain
RUN,"St-Denis, RE",-20.88710022,55.51029968,Reunion
ZNA,"Nanaimo, BC, CA",49.18330002,-123.9499969,Canada
HHN,"Frankfurt, DE",49.9487,7.26389,Germany
KTN,"Ketchikan, AK, US",55.35559845,-131.7140045,United States
TVC,"Traverse City, MI, US",44.74140167,-85.5821991,United States
BHE,"Blenheim, NZ",-41.5182991,173.8699951,New Zealand
FKB,"Karlsruhe/Baden Baden, DE",48.77939987,8.080499649,Germany
DZH,"Dazhou, CN",,,China
PPS,"Puerto Princesa, PH",9.742119789,118.7590027,Philippines
CEI,"Chiang Rai, TH",19.95229912,99.88289642,Thailand
BTS,"Bratislava, SK",48.17020035,17.21269989,Slovakia
UUS,"Yuzhno-Sakhalinsk, FF, RU",46.88869858,142.7180023,Russian Federation
PLJ,"Placencia, BZ",,,Belize
TLQ,"Turpan, CN",43.0308,89.0987,China
HMI,"Hami, CN",42.8414,93.669197,China
RTB,"Roatan, HN",16.316799,-86.523003,Honduras
NTL,"Newcastle, NS, AU",-32.79499817,151.8339996,Australia
OMS,"Omsk, IF, RU",54.96699905,73.3105011,Russian Federation
JAC,"Jackson Hole, WY, US",43.6072998,-110.737999,United States
JNG,"Jining, CN",35.292778,116.346667,China
TER,"Terceira Island, PT",38.761799,-27.090799,Portugal
FEZ,"Fez, MA",33.9272995,-4.97796011,Morocco
MGA,"Managua, NI",12.14150047,-86.16819763,Nicaragua
AJA,"Ajaccio, FR",41.92359924,8.802920341,France
TAC,"Tacloban, PH",11.228035,125.027761,Philippines
BIA,"Bastia, FR",42.55270004,9.483730316,France
RAP,"Rapid City, SD, US",44.04529953,-103.0569992,United States
BHO,"Bhopal, IN",23.28750038,77.33740234,India
CNN,"Kannur, IN",11.918614,75.547211,India
YKS,"Yakutsk, FF, RU",62.09329987,129.7709961,Russian Federation
MOB,"Mobile, AL, US",30.69120026,-88.24279785,United States
DLI,"Da Lat, VN",11.75,108.366997,Vietnam
STV,"Surat, IN",21.1140995,72.7417984,India
JPA,"Joao Pessoa, PB, BR",-7.145833015,-34.94861221,Brazil
SYZ,"Shiraz, IR",29.53919983,52.58980179,Iran
LST,"Launceston, TS, AU",-41.54529953,147.2140045,Australia
TRS,"Trieste, IT",45.827499,13.4722,Italy
SHS,"Jingzhou, CN",,,China
ZTH,"Zakynthos Island, GR",37.7509,20.8843,Greece
MZT,"Mazatlan, MX",23.16139984,-106.2659988,Mexico
NPE,"Napier-Hastings, NZ",-39.465801,176.869995,New Zealand
HVN,"New Haven, CT, US",41.26369858,-72.88680267,United States
ASU,"Asuncion, PY",-25.23999977,-57.52000046,Paraguay
BON,"Bonaire, BQ",12.13099957,-68.26850128,"Bonaire, Saint Eustatius & Saba"
PLZ,"Port Elizabeth, ZA",-33.98490143,25.61730003,South Africa
LKY,"Lake Manyara, TZ",-3.37631011,35.81829834,Tanzania
TBZ,"Tabriz, IR",38.13389969,46.23500061,Iran
OME,"Nome, AK, US",64.5121994,-165.4450073,United States
AMA,"Amarillo, TX, US",35.219398,-101.706001,United States
SLZ,"Sao Luiz, MA, BR",-2.58536005,-44.23410034,Brazil
DOY,"Dongying, CN",37.50859833,118.788002,China
OTZ,"Kotzebue, AK, US",66.88469696,-162.598999,United States
LSC,"La Serena, CL",-29.916201,-71.199501,Chile
BGR,"Bangor, ME, US",44.80739975,-68.82810211,United States
BWN,"Bandar Seri Begawan, BN",4.944200039,114.9280014,Brunei Darussalam
ZYI,"Zunyi, CN",27.5895,107.0007,China
HRL,"Harlingen, TX, US",26.22850037,-97.65440369,United States
CRP,"Corpus Christi, TX, US",27.77039909,-97.50119781,United States
CAK,"Akron/Canton, OH, US",40.91609955,-81.44219971,United States
AHO,"Alghero, IT",40.632099,8.29077,Italy
STS,"Santa Rosa, CA, US",38.50899887,-122.8130035,United States
IZO,"Izumo, JP",35.41360092,132.8899994,Japan
SCO,"Aktau, KZ",43.8601,51.091999,Kazakhstan
SOQ,"Sorong, ID",-0.894,131.287,Indonesia
GRB,"Green Bay, WI, US",44.48509979,-88.12960052,United States
ZAD,"Zadar, HR",44.108299,15.3467,Croatia
USU,"Busuanga, PH",12.12150002,120.0999985,Philippines
CZL,"Constantine, DZ",36.27600098,6.620389938,Algeria
KKC,"Khon Kaen, TH",16.46660042,102.7839966,Thailand
MSO,"Missoula, MT, US",46.91630173,-114.0910034,United States
PHC,"Port Harcourt, NG",5.015490055,6.949590206,Nigeria
FCA,"Kalispell-Glacier, MT, US",48.3105011,-114.2559967,United States
TNR,"Antananarivo, MG",-18.7969,47.478802,Madagascar
PIA,"Peoria, IL, US",40.66419983,-89.69329834,United States
JMK,"Mikonos, GR",37.43510056,25.34810066,Greece
MLI,"Moline, IL, US",41.44850159,-90.50749969,United States
SBP,"San Luis Obispo, CA, US",35.23680115,-120.6419983,United States
SID,"Sal Island, CV",16.7414,-22.9494,Cape Verde
MLM,"Morelia, MX",19.84989929,-101.0250015,Mexico
IAO,"Del Carmen (Siargao), PH",9.8591,126.014,Philippines
CUC,"Cucuta, CO",7.92757,-72.5115,Colombia
IXZ,"Port Blair, Andaman, IN",11.64120007,92.72969818,India
BRC,"San Carlos Bariloche, RN, AR",-41.151199,-71.157501,Argentina
HNY,"Hengyang, CN",26.9053,112.627998,China
JUZ,"Quzhou, CN",28.965799,118.899002,China
TIF,"Taif, SA",21.483001,40.543442,Saudi Arabia
SLP,"San Luis Potosi, MX",22.25429916,-100.9309998,Mexico
UDR,"Udaipur, IN",24.61770058,73.89610291,India
DNH,"Dunhuang, CN",40.16109848,94.80919647,China
YXL,"Sioux Lookout, ON, CA",50.11389923,-91.90529633,Canada
TAB,"Tobago, TT",11.14970016,-60.8321991,Trinidad and Tobago
TTE,"Ternate, ID",0.831413984,127.3809967,Indonesia
TLC,"Toluca, MX",19.33709908,-99.56600189,Mexico
GOJ,"Nizhny Novgorod, VF, RU",56.23009872,43.7840004,Russian Federation
GOA,"Genoa, IT",44.4133,8.8375,Italy
LFT,"Lafayette, LA, US",30.20529938,-91.98760223,United States
MCY,"Sunshine Coast, QL, AU",-26.6033,153.091003,Australia
LIL,"Lille, FR",50.563332,3.086886,France
FIH,"Kinshasa, CD",-4.38575,15.4446,Democratic Republic of the Congo
MTR,"Monteria, CO",8.82374,-75.8258,Colombia
AGS,"Augusta, GA, US",33.36989975,-81.96450043,United States
MLN,"Melilla, ES",35.27980042,-2.956259966,Spain
OKJ,"Okayama, JP",34.75690079,133.8549957,Japan
AGU,"Aguascalientes, MX",21.705601,-102.318001,Mexico
VCS,"Con Dao Island, VN",8.73183,106.633003,Vietnam
YNJ,"Yanji, CN",42.88280106,129.451004,China
VAR,"Varna, BG",43.232101,27.8251,Bulgaria
SLL,"Salalah, OM",17.0387001,54.09130096,Oman
IXA,"Agartala, IN",23.88699913,91.24040222,India
TRG,"Tauranga, NZ",-37.6719017,176.1959991,New Zealand
ZYL,"Sylhet, BD",24.96319962,91.8667984,Bangladesh
CGR,"Campo Grande, MS, BR",-20.46870041,-54.67250061,Brazil
TGZ,"Tuxtla Gutierrez, MX",16.56360054,-93.02249908,Mexico
BOB,"Bora Bora, PF",-16.44440079,-151.7510071,French Polynesia
KRY,"Karamay, CN",45.46655,84.9527,China
KIS,"Kisumu, KE",-0.086139001,34.72890091,Kenya
JGN,"Jiayuguan, CN",39.856899,98.3414,China
MIR,"Monastir, TN",35.7580986,10.75469971,Tunisia
YXS,"Prince George, BC, CA",53.88940048,-122.6790009,Canada
SXB,"Strasbourg, FR",48.53829956,7.628230095,France
ZIA,"Zhukovsky, CF, RU",55.553299,38.150002,Russian Federation
AES,"Alesund, NO",62.5625,6.119699955,Norway
TSR,"Timisoara, RO",45.80989838,21.33790016,Romania
LXR,"Luxor, EG",25.671,32.7066,Egypt
ARH,"Arkhangelsk, NF, RU",64.60030365,40.71670151,Russian Federation
KBL,"Kabul, AF",34.565899,69.212303,Afghanistan
VOG,"Volgograd, SF, RU",48.78250122,44.34550095,Russian Federation
KKJ,"Kitakyushu, JP",33.84590149,131.0350037,Japan
LBJ,"Labuan Bajo, ID",-8.48666,119.889,Indonesia
MRY,"Monterey, CA, US",36.5870018,-121.8430023,United States
BJR,"Bahar Dar, ET",11.60809994,37.32160187,Ethiopia
MMK,"Murmansk, NF, RU",68.78170013,32.75080109,Russian Federation
UDI,"Uberlandia, MG, BR",-18.883612,-48.225277,Brazil
GUW,"Atyrau, KZ",47.12189865,51.82139969,Kazakhstan
VSA,"Villahermosa, MX",17.99699974,-92.81739807,Mexico
SZF,"Samsun, TR",41.254501,36.567101,Turkiye
MKY,"Mackay, QL, AU",-21.17169952,149.1799927,Australia
URT,"Surat Thani, TH",9.132599831,99.13559723,Thailand
GEO,"Georgetown, GY",6.498549938,-58.2541008,Guyana
LZY,"Nyingchi/Linzhi, CN",29.30330086,94.33529663,China
AJU,"Aracaju, SE, BR",-10.98400021,-37.07030106,Brazil
LAD,"Luanda, AO",-8.85837,13.2312,Angola
IXJ,"Jammu, IN",32.68909836,74.83740234,India
SKD,"Samarkand, UZ",39.70050049,66.9838028,Uzbekistan
IDA,"Idaho Falls, ID, US",43.514599,-112.070999,United States
EAM,"Nejran, SA",17.6114006,44.4192009,Saudi Arabia
PGK,"Pangkalpinang, ID",-2.162199974,106.1389999,Indonesia
WDH,"Windhoek, NA",-22.4799,17.4709,Namibia
ROK,"Rockhampton, QL, AU",-23.38190079,150.4750061,Australia
LZH,"Liuzhou, CN",24.2075,109.390999,China
PZU,"Port Sudan, SD",19.43359947,37.23410034,Sudan
KUT,"Kutaisi, GE",42.17670059,42.48260117,Georgia
WMI,"Nowy Dwor Mazowiecki, PL",52.451099,20.6518,Poland
GPT,"Gulfport/Biloxi, MS, US",30.40730095,-89.07009888,United States
FUO,"Foshan, CN",23.08329964,113.0699997,China
MMB,"Memanbetsu, JP",43.88059998,144.1640015,Japan
HLA,"Johannesburg, ZA",-25.93849945,27.92609978,South Africa
TQO,"Tulum, MX",,,Mexico
NUX,"Novyj Urengoj, UF, RU",66.06939697,76.52030182,Russian Federation
GJT,"Grand Junction, CO, US",39.12239838,-108.5270004,United States
ABE,"Allentown, PA, US",40.65209961,-75.44080353,United States
KAN,"Kano, NG",12.0476,8.52462,Nigeria
VFA,"Victoria Falls, ZW",-18.09589958,25.8390007,Zimbabwe
LFQ,"Linfen, CN",36.132629,111.641236,China
LAP,"La Paz, MX",24.0727005,-110.3619995,Mexico
TIV,"Tivat, ME",42.40470123,18.72330093,Montenegro
PMR,"Palmerston North, NZ",-40.3205986,175.6170044,New Zealand
ENI,"El Nido, PH",,,Philippines
YZV,"Sept-Iles, QC, CA",50.22330093,-66.26560211,Canada
NAO,"Nanchong, CN",30.79545,106.1626,China
IQQ,"Iquique, CL",-20.53520012,-70.1812973,Chile
IMF,"Imphal, IN",24.76000023,93.896698,India
NNY,"Nanyang, CN",32.980801,112.614998,China
AMQ,"Ambon, ID",-3.710259914,128.0890045,Indonesia
IFN,"Esfahan, IR",32.75080109,51.86130142,Iran
KRR,"Krasnodar, SF, RU",45.03469849,39.17050171,Russian Federation
GBE,"Gaborone, BW",-24.555201,25.9182,Botswana
KMS,"Kumasi, GH",6.714560032,-1.590819955,Ghana
HDO,"Ghaziabad, IN",,,India
SJP,"Sao Jose do Rio Preto, SP, BR",-20.8166008,-49.40650177,Brazil
SDK,"Sandakan, Sabah, MY",5.900899887,118.0589981,Malaysia
BIS,"Bismarck, ND, US",46.77270126,-100.7460022,United States
EVE,"Harstad/Narvik, NO",68.49130249,16.67810059,Norway
NSI,"Yaounde, CM",3.722559929,11.5532999,Cameroon
WHA,"Wuhu, CN",,,China
KRS,"Kristiansand, NO",58.204201,8.08537,Norway
PMV,"Porlamar, VE",10.91260338,-63.96659851,Venezuela
RMF,"Marsa Alam, EG",25.5571003,34.58369827,Egypt
RAI,"Praia, CV",14.92450047,-23.49349976,Cape Verde
GRZ,"Graz, AT",46.99110031,15.43959999,Austria
MDL,"Mandalay, MM",21.70219994,95.97789764,Myanmar
XZM,"Macau, MO",,,Macau (SAR)
KUH,"Kushiro, JP",43.04100037,144.1929932,Japan
BPL,"Bole, CN",44.895,82.3,China
BTU,"Bintulu, MY",3.123850107,113.0199966,Malaysia
INV,"Inverness, SC, GB",57.54249954,-4.047500134,United Kingdom
DWC,"Dubai, AE",24.896356,55.161389,United Arab Emirates
SGU,"St. George, UT, US",37.036389,-113.510306,United States
PVU,"Provo, UT, US",40.21920013,-111.7229996,United States
TRI,"Bristol/Johnson/Kingsp, TN, US",36.475201,-82.407401,United States
DUD,"Dunedin, NZ",-45.92810059,170.197998,New Zealand
GRJ,"George-Arpt, ZA",-34.0056,22.378902,South Africa
KUN,"Kaunas, LT",54.96390152,24.08480072,Lithuania
TCG,"Tacheng, CN",46.67250061,83.34079742,China
LCG,"A Coruna, ES",43.302101,-8.37726,Spain
IOM,"Isle of Man, IM, GB",54.08330154,-4.623889923,United Kingdom
SHF,"Shihezi, CN",,,China
BEN,"Benghazi, LY",32.09680176,20.26950073,Libya
GRX,"Granada, ES",37.18870163,-3.777359962,Spain
BOJ,"Burgas, BG",42.56959915,27.51519966,Bulgaria
BOH,"Bournemouth, EN, GB",50.77999878,-1.842499971,United Kingdom
UIH,"Qui Nhon, VN",13.955,109.042,Vietnam
THD,"Thanh Hoe, VN",,,Vietnam
SUV,"Suva, FJ",-18.04330063,178.5590057,Fiji
DRS,"Dresden, DE",51.13280106,13.76720047,Germany
XIC,"Xichang, CN",27.9890995,102.1839981,China
ACF,"Alaer, CN",-27.57029915,153.0079956,China
NBJ,"Luanda, AO",,,Angola
DJB,"Jambi, ID",-1.638020039,103.6439972,Indonesia
KEP,"Nepalganj, NP",28.10359955,81.66699982,Nepal
BIQ,"Biarritz, FR",43.4683333,-1.5311111,France
TKS,"Tokushima, JP",34.132801,134.606995,Japan
NDR,"Nador, MA",34.98880005,-3.028209925,Morocco
ZAM,"Zamboanga, PH",6.922420025,122.0599976,Philippines
DRO,"Durango, CO, US",37.1515007,-107.7539978,United States
BUS,"Batumi, GE",41.61029816,41.59970093,Georgia
SPN,"Saipan, TR, US",15.119,145.729004,United States
TCZ,"Teng Chong, CN",24.93805556,98.48583333,China
DLG,"Dillingham, AK, US",59.04470062,-158.5050049,United States
KDI,"Kendari, ID",-4.081610203,122.4179993,Indonesia
BDA,"Bermuda, BM",32.36399841,-64.67870331,Bermuda
ASW,"Aswan, EG",23.96439934,32.81999969,Egypt
UBP,"Ubon Ratchathani, TH",15.25129986,104.8700027,Thailand
YXX,"Vancouver, BC, CA",49.02529907,-122.3610001,Canada
UIB,"Quibdo, CO",5.69076,-76.6412,Colombia
GNV,"Gainesville, FL, US",29.69009972,-82.27179718,United States
RAO,"Ribeirao Preto, SP, BR",-21.13638878,-47.77666855,Brazil
HFT,"Hammerfest, NO",70.67970276,23.66860008,Norway
RVN,"Rovaniemi, FI",66.56479645,25.83040047,Finland
SLA,"Salta, SA, AR",-24.8560009,-65.48619843,Argentina
VGO,"Vigo, ES",42.23180008,-8.62677002,Spain
OUA,"Ouagadougou, BF",12.3532,-1.51242,Burkina Faso
TZA,"Belize City-Municipa, BZ",,,Belize
EVV,"Evansville, IN, US",38.03699875,-87.53240204,United States
FMO,"Muenster, DE",52.13460159,7.684830189,Germany
FSZ,"Shizuoka, JP",,,Japan
YRT,"Rankin Inlet, NU, CA",62.81140137,-92.11579895,Canada
MUX,"Multan, PK",30.20319939,71.4190979,Pakistan
DAT,"Datong, CN",40.060299,113.482002,China
FUG,"Fuyang, CN",32.882157,115.734364,China
QSZ,"Shache, CN",38.281055,77.075192,China
NPL,"New Plymouth, NZ",-39.00859833,174.1790009,New Zealand
BKO,"Bamako, ML",12.5335,-7.94994,Mali
JGS,"Ji'an, CN",26.85689926,114.7369995,China
MXL,"Mexicali, MX",32.6306,-115.241997,Mexico
WXN,"Wanzhou, CN",30.8017,108.433,China
CRW,"Charleston, WV, US",38.37310028,-81.59320068,United States
BSR,"Basrah, IQ",30.54910088,47.66210175,Iraq
FSC,"Figari, Corsica, FR",41.50059891,9.097780228,France
HNA,"Hanamaki, JP",39.42860031,141.1349945,Japan
IXL,"Leh, IN",34.13589859,77.54650116,India
MQP,"Nelspruit, ZA",-25.38319969,31.10560036,South Africa
BND,"Bandar Abbas, IR",27.21829987,56.37779999,Iran
BES,"Brest, FR",48.44789886,-4.418540001,France
SPX,"Giza, EG",,,Egypt
TKG,"Bandar Lampung, ID",-5.240556,105.175556,Indonesia
RFP,"Raiatea, PF",-16.7229,-151.466003,French Polynesia
SPD,"Saidpur, BD",25.75919914,88.9088974,Bangladesh
TKN,"Tokuno Shima, JP",27.83639908,128.8809967,Japan
YQQ,"Comox, BC, CA",49.71080017,-124.887001,Canada
OUD,"Oujda, MA",34.78720093,-1.923990011,Morocco
BDQ,"Vadodara, IN",22.336201,73.226303,India
DRP,"Daraga, PH",,,Philippines
PBC,"Puebla, MX",19.15810013,-98.37139893,Mexico
UUD,"Ulan-Ude, IF, RU",51.80780029,107.4380035,Russian Federation
TPP,"Tarapoto, PE",-6.508739948,-76.37319946,Peru
SDR,"Santander, ES",43.42710114,-3.820009947,Spain
SIT,"Sitka, AK, US",57.04710007,-135.3619995,United States
AKX,"Aktobe, KZ",50.2458,57.206699,Kazakhstan
BFN,"Bloemfontein, ZA",-29.09269905,26.30240059,South Africa
REU,"Reus, ES",41.1473999,1.167170048,Spain
CAP,"Cap-Haitien, HT",19.733,-72.194702,Haiti
NST,"Nakhon Si Thammarat, TH",8.539620399,99.94470215,Thailand
CIH,"Changzhi, CN",36.247501,113.125999,China
NJC,"Nizhnevartovsk, UF, RU",60.94929886,76.4835968,Russian Federation
SKB,"St. Kitts, KN",17.31119919,-62.71870041,Saint Kitts and Nevis
KUM,"Yaku Shima, JP",30.38559914,130.6589966,Japan
MGF,"Maringa, PR, BR",-23.4794445,-52.01222229,Brazil
LBU,"Labuan, Sabah, MY",5.300680161,115.25,Malaysia
EGE,"Vail/Eagle, CO, US",39.64260101,-106.9179993,United States
LLA,"Lulea, SE",65.54380035,22.12199974,Sweden
WUA,"Wuhai, CN",39.7934,106.7993,China
HMA,"Khanty-Mansiysk, UF, RU",61.0284996,69.08609772,Russian Federation
MGM,"Montgomery, AL, US",32.30059814,-86.39399719,United States
HAS,"Hail, SA",27.437901,41.686298,Saudi Arabia
LYA,"Luoyang, CN",34.74110031,112.3880005,China
IQT,"Iquitos, PE",-3.784739971,-73.30879974,Peru
LNY,"Lanai/Lanai, HI, US",20.78560066,-156.951004,United States
ENY,"Yan'An, CN",36.636902,109.554001,China
REN,"Orenburg, VF, RU",51.79579926,55.45669937,Russian Federation
IGR,"Iguazu, MI, AR",-25.737301,-54.4734,Argentina
RZE,"Rzeszow, PL",50.11000061,22.0189991,Poland
GOP,"Gorakhpur, India, IN",26.73970032,83.4496994,India
GOH,"Nuuk, GL",64.19090271,-51.67810059,Greenland
RZV,"Rize, TR",,,Turkiye
SOC,"Surakarta (Solo), ID",-7.516089916,110.7570038,Indonesia
RJA,"Rajahmundry, IN",17.11039925,81.81819916,India
THE,"Teresina, PI, BR",-5.059939861,-42.82350159,Brazil
PLW,"Palu, ID",-0.918542027,119.9100037,Indonesia
PEW,"Peshawar, PK",33.9939003,71.51460266,Pakistan
RIZ,"Rizhao, CN",35.405033,119.324403,China
CPX,"Culebra, PR, US",18.313289,-65.304324,United States
BXU,"Butuan, PH",8.9515,125.4788,Philippines
HSR,"Hirasar, IN",,,India
TWC,"Tumushuke, CN",,,China
TIM,"Tembagapura/Timika, ID",-4.528279781,136.8869934,Indonesia
DAB,"Daytona Beach, FL, US",29.179899,-81.058098,United States
BQS,"Blagoveshchensk, FF, RU",50.42539978,127.4120026,Russian Federation
EMK,"Emmonak, AK, US",62.78609848,-164.4909973,United States
SAF,"Santa Fe, NM, US",35.61709976,-106.0889969,United States
BDP,"Bhadrapur, NP",26.57080078,88.07959747,Nepal
AVP,"Wilkes-Barre/Scranton, PA, US",41.33850098,-75.7233963,United States
HDG,"Handan, CN",36.52583333,114.4255556,China
HNS,"Haines, AK, US",59.24380112,-135.5240021,United States
UBJ,"Ube, JP",33.93000031,131.279007,Japan
CWL,"Cardiff, WL, GB",51.39670181,-3.343329906,United Kingdom
XPL,"Comayagua, HN",14.3824,-87.621201,Honduras
SFG,"St. Martin, MF",18.09989929,-63.04719925,Saint Martin
JDH,"Jodhpur, IN",26.25110054,73.04889679,India
TRC,"Torreon, MX",25.56830025,-103.4110031,Mexico
ERZ,"Erzurum, TR",39.95650101,41.17020035,Turkiye
DQA,"Daqing, CN",46.74638889,125.1405556,China
HTA,"Chita, IF, RU",52.026299,113.306,Russian Federation
MGQ,"Mogadishu, SO",2.01444006,45.30469894,Somalia
VCA,"Can Tho, VN",10.08510017,105.711998,Vietnam
FNT,"Flint, MI, US",42.9654007,-83.74359894,United States
BEJ,"Tanjung Redeb, ID",2.1555,117.431999,Indonesia
OGU,"Ordu/Giresun, TR",40.966047,38.080994,Turkiye
LEI,"Almeria, ES",36.84389877,-2.370100021,Spain
DBO,"Dubbo, NS, AU",-32.21670151,148.5749969,Australia
REG,"Reggio Calabria, IT",38.071201,15.6516,Italy
FAY,"Fayetteville, NC, US",34.99119949,-78.88030243,United States
PUQ,"Punta Arenas, CL",-53.002602,-70.854599,Chile
CGD,"Changde, CN",28.91889954,111.6399994,China
NQN,"Neuquen, NE, AR",-38.949001,-68.155701,Argentina
RKV,"Reykjavik-City, IS",64.12999725,-21.94059944,Iceland
EDL,"Eldoret, KE",0.404457986,35.23889923,Kenya
BRO,"Brownsville, TX, US",25.90679932,-97.42590332,United States
NBE,"Enfidha, TN",36.075833,10.438611,Tunisia
ELS,"East London, ZA",-33.03559875,27.82589912,South Africa
PAE,"Everett, WA, US",47.90629959,-122.2819977,United States
MJT,"Mytilene, GR",39.05670166,26.59830093,Greece
SCE,"State College, PA, US",40.84930038,-77.84870148,United States
GSV,"Saratov, VF, RU",,,Russian Federation
NLA,"Ndola, ZM",-12.99810028,28.66489983,Zambia
BAR,"Qionghai, CN",19.13824,110.454775,China
HYA,"Hyannis, MA, US",41.66930008,-70.28040314,United States
HLZ,"Hamilton, NZ",-37.86669922,175.3320007,New Zealand
HZA,"Heze, CN",,,China
ADQ,"Kodiak, AK, US",57.75,-152.4940033,United States
SQD,"Shangrao, CN",28.3797,117.9643,China
HHP,"Hong Kong-Hlpt, HK",22.28937149,114.152153,Hong Kong (SAR)
AWZ,"Ahwaz, IR",31.33740044,48.76200104,Iran
PSR,"Pescara, IT",42.431702,14.1811,Italy
DGO,"Durango, MX",24.12420082,-104.5279999,Mexico
VAN,"Van, TR",38.46820068,43.33229828,Turkiye
DOM,"Dominica, DM",15.547,-61.299999,Dominica
SVD,"St. Vincent, VC",13.156695,-61.149945,Saint Vincent and Grenadines
KLW,"Klawock, AK, US",55.57920074,-133.076004,United States
GDT,"Grand Turk, TC",21.44449997,-71.14230347,Turks and Caicos Islands
IXD,"Allahabad, IN",25.44009972,81.73390198,India
IQN,"Qingyang, CN",35.799702,107.602997,China
YDF,"Deer Lake, NL, CA",49.21080017,-57.39139938,Canada
YQM,"Moncton, NB, CA",46.11220169,-64.6785965,Canada
EXT,"Exeter, EN, GB",50.7344017,-3.413889885,United Kingdom
JMU,"Jiamusi, CN",46.84339905,130.4649963,China
MYD,"Malindi, KE",-3.229310036,40.10169983,Kenya
TGU,"Tegucigalpa, HN",14.06089973,-87.21720123,Honduras
GES,"General Santos, PH",6.058000088,125.0960007,Philippines
INN,"Innsbruck, AT",47.260201,11.344,Austria
AYJ,"Ayodhya, IN",,,India
PKY,"Palangkaraya, ID",-2.225130081,113.9430008,Indonesia
CZM,"Cozumel, MX",20.5223999,-86.92559814,Mexico
AKJ,"Asahikawa, JP",43.67079926,142.4470062,Japan
LRD,"Laredo, TX, US",27.54380035,-99.46160126,United States
CIX,"Chiclayo, PE",-6.787479877,-79.82810211,Peru
MCM,"Monaco, MC",,,Monaco
BTJ,"Banda Aceh, ID",5.522872024,95.42063713,Indonesia
HAU,"Haugesund, NO",59.34529877,5.208360195,Norway
XRY,"Jerez De La Frontera, ES",36.74459839,-6.060110092,Spain
KTA,"Karratha, WA, AU",-20.71220016,116.7730026,Australia
AAP,"Samarinda, ID",29.72249985,-95.58830261,Indonesia
OAJ,"Jacksonville, NC, US",34.82920074,-77.61209869,United States
YYR,"Goose Bay, NL, CA",53.31919861,-60.42580032,Canada
JKR,"Janakpur, NP",26.70879936,85.92240143,Nepal
GND,"Grenada, GD",12.00419998,-61.78620148,Grenada and South Grenadines
TBU,"Nuku'alofa, TO",-21.24119949,-175.1499939,Tonga
EZS,"Elazig, TR",38.60689926,39.29140091,Turkiye
LLV,"Luliang, CN",37.683333,111.142778,China
TEN,"Tongren, CN",27.883333,109.308889,China
LDB,"Londrina, PR, BR",-23.33359909,-51.13010025,Brazil
PIU,"Piura, PE",-5.205749989,-80.61640167,Peru
VII,"Vinh, VN",18.73760033,105.6709976,Vietnam
MHH,"Marsh Harbour, BS",26.5114,-77.083503,Bahamas
DGT,"Dumaguete, PH",9.333709717,123.3000031,Philippines
MLB,"Melbourne, FL, US",28.10280037,-80.64530182,United States
EFL,"Kefalonia, GR",38.12009811,20.50049973,Greece
VLI,"Port Vila, VU",-17.69930077,168.3200073,Vanuatu
IJK,"Izhevsk, VF, RU",56.8280983,53.45750046,Russian Federation
CKY,"Conakry, GN",9.57689,-13.612,Guinea
OKE,"Okierabu, JP",27.42550087,128.701004,Japan
YFB,"Iqaluit, NU, CA",63.756402,-68.555801,Canada
GNY,"Sanliurfa, TR",37.445663,38.895592,Turkiye
PAS,"Paros, GR",37.020495,25.113195,Greece
JIJ,"Jijiga, ET",9.3325,42.9121,Ethiopia
RKT,"Ras Al Khaimah, AE",25.6135006,55.93880081,United Arab Emirates
LZN,"Nangan-Matsu, TW",26.1598,119.958,Taiwan
MQX,"Makale, ET",13.4673996,39.53350067,Ethiopia
TRU,"Trujillo, PE",-8.081410408,-79.1088028,Peru
TAM,"Tampico, MX",22.29640007,-97.86589813,Mexico
IBR,"Ibaraki, JP",36.18109894,140.4149933,Japan
GYS,"Guangyuan, CN",32.39110184,105.7020035,China
TSJ,"Tsushima, JP",34.28490067,129.3309937,Japan
LAE,"Lae, PG",-6.569803,146.725977,Papua New Guinea
COO,"Cotonou, BJ",6.357230186,2.384350061,Benin
NOC,"Knock, IE",53.91030121,-8.818490028,Ireland
BNI,"Benin City, NG",6.316979885,5.599500179,Nigeria
VQS,"Vieques, PR, US",18.11580086,-65.42269897,United States
UVF,"St. Lucia, LC",13.7332,-60.952599,Saint Lucia
LKN,"Leknes, NO",68.15249634,13.6093998,Norway
BFL,"Bakersfield, CA, US",35.43360138,-119.0569992,United States
ZCO,"Temuco, CL",-38.9259,-72.6515,Chile
BHR,"Bharatpur, NP",27.678101,84.429398,Nepal
YCD,"Nanaimo, BC, CA",49.05497022,-123.8698626,Canada
SKT,"Sialkot, PK",32.53555679,74.3638916,Pakistan
ALF,"Alta, NO",69.97609711,23.37170029,Norway
AJF,"Jouf, SA",29.78510094,40.09999847,Saudi Arabia
LCE,"La Ceiba, HN",15.7425,-86.852997,Honduras
BPX,"Qamdo/Changdu, CN",30.55360031,97.10829926,China
NSK,"Norilsk, IF, RU",69.31109619,87.3321991,Russian Federation
LNK,"Lincoln, NE, US",40.85100174,-96.75920105,United States
RAR,"Rarotonga Island, CK",-21.20269966,-159.8059998,Cook Islands
RMU,"Corvera, ES",37.803,-1.125,Spain
SSG,"Malabo, GQ",3.755270004,8.708720207,Equatorial Guinea
YIC,"Yichun (Jiangxi), CN",27.8025,114.3062,China
TGG,"Kuala Terengganu, MY",5.382639885,103.1029968,Malaysia
RNS,"Rennes, FR",48.06949997,-1.734789968,France
DIB,"Dibrugarh, IN",27.48390007,95.01689911,India
PSO,"Pasto, CO",1.39625,-77.2915,Colombia
PLO,"Port Lincoln, SA, AU",-34.6053009,135.8800049,Australia
FYU,"Ft. Yukon, AK, US",66.57150269,-145.25,United States
EYP,"Yopal, CO",5.31911,-72.384,Colombia
UGC,"Urgench, UZ",41.58430099,60.64170074,Uzbekistan
GAL,"Galena, AK, US",64.73619843,-156.9369965,United States
AXA,"Anguilla, AI",18.2048,-63.055099,Anguilla
WGA,"Wagga Wagga, NS, AU",-35.16529846,147.4660034,Australia
GRV,"Grozny, SF, RU",,,Russian Federation
KYA,"Konya, TR",37.979,32.561901,Turkiye
USH,"Ushuaia, TF, AR",-54.8433,-68.2958,Argentina
AAE,"Annaba, DZ",36.822201,7.809174,Algeria
TOF,"Tomsk, IF, RU",56.38029861,85.20829773,Russian Federation
JKH,"Chios, GR",38.34320068,26.1406002,Greece
KKX,"Kikai, JP",28.32130051,129.9279938,Japan
BZX,"Bazhong, CN",,,China
ISC,"Isles of Scilly, EN, GB",49.91329956,-6.291669846,United Kingdom
MOT,"Minot, ND, US",48.25939941,-101.2799988,United States
HOV,"Orsta/Volda, NO",62.18000031,6.074100018,Norway
VDE,"Valverde, ES",27.81480026,-17.88710022,Spain
PKN,"Pangkalanbuun, ID",-2.705199957,111.6729965,Indonesia
KKN,"Kirkenes, NO",69.72579956,29.8913002,Norway
SUN,"Hailey-Sun Valley, ID, US",43.50439835,-114.2959976,United States
HGU,"Mt. Hagen, PG",-5.826789856,144.2960052,Papua New Guinea
YMM,"Fort McMurray, AB, CA",56.65330124,-111.2220001,Canada
HID,"Horn Island, QL, AU",-10.58640003,142.2899933,Australia
TPS,"Trapani, IT",37.9114,12.488,Italy
SIF,"Simara, NP",27.15950012,84.98010254,Nepal
YXY,"Whitehorse, YT, CA",60.70959854,-135.0670013,Canada
ZAT,"Zhaotong, CN",27.32559967,103.7549973,China
BAX,"Barnaul, IF, RU",53.36380005,83.53849792,Russian Federation
DIR,"Dire Dawa, ET",9.624699593,41.85419846,Ethiopia
GAJ,"Yamagata, JP",38.41189957,140.3710022,Japan
NMA,"Namangan, UZ",40.98460007,71.55670166,Uzbekistan
BMV,"Buon Ma Thuot, VN",12.66829968,108.1200027,Vietnam
ZIH,"Ixtapa/Zihuatanejo, MX",17.60160065,-101.4609985,Mexico
OUL,"Oulu, FI",64.93009949,25.35460091,Finland
HIR,"Honiara, Guadalcanal, SB",-9.42800045,160.0549927,Solomon Islands
PMK,"Palm Island, QL, AU",-18.75530052,146.5809937,Australia
UME,"Umea, SE",63.79180145,20.28280067,Sweden
HOR,"Horta, PT",38.51990128,-28.71590042,Portugal
BUQ,"Bulawayo, ZW",-20.017401,28.617901,Zimbabwe
SLU,"St Lucia, LC",14.0202,-60.992901,Saint Lucia
PXM,"Puerto Escondido, MX",15.8769,-97.089103,Mexico
TML,"Tamale, GH",9.557189941,-0.863214016,Ghana
PHE,"Port Hedland, WA, AU",-20.37779999,118.6259995,Australia
BME,"Broome, WA, AU",-17.94470024,122.2320023,Australia
NVA,"Neiva, CO",2.95015,-75.294,Colombia
HZG,"Hanzhong, CN",33.134136,107.206014,China
LPQ,"Luang Prabang, LA",19.89730072,102.1610031,Laos
CEE,"Cherepovets, NF, RU",59.27360153,38.01580048,Russian Federation
APO,"Apartado, CO",7.81196,-76.7164,Colombia
PMW,"Palmas, TO, BR",-10.29150009,-48.35699844,Brazil
MMX,"Malmo-Sturup, SE",55.53630536,13.37619781,Sweden
ASF,"Astrakhan, SF, RU",46.28329849,48.00630188,Russian Federation
AXJ,"Amakusa, JP",32.482498,130.158997,Japan
ENU,"Enugu, NG",6.474269867,7.56196022,Nigeria
CFS,"Coffs Harbour, NS, AU",-30.32060051,153.1159973,Australia
NQY,"Newquay, EN, GB",50.44060135,-4.995409966,United Kingdom
PCL,"Pucallpa, PE",-8.377940178,-74.57430267,Peru
TUC,"Tucuman, TU, AR",-26.8409,-65.104897,Argentina
YKA,"Kamloops, BC, CA",50.70220184,-120.4440002,Canada
KSC,"Kosice, SK",48.6631012,21.24110031,Slovakia
XAP,"Chapeco, SC, BR",-27.13419914,-52.65660095,Brazil
AOI,"Ancona, IT",43.616299,13.3623,Italy
UKA,"Ukunda, KE",-4.29333,39.571098,Kenya
HUX,"Huatulco, MX",15.7753,-96.262604,Mexico
YVP,"Kuujjuaq, QC, CA",58.09609985,-68.42690277,Canada
ACY,"Atlantic City, NJ, US",39.45759964,-74.57720184,United States
KOI,"Kirkwall, Orkney Is., SC, GB",58.95780182,-2.904999971,United Kingdom
TVS,"Tangshan, CN",,,China
MWZ,"Mwanza, TZ",-2.444489956,32.93270111,Tanzania
OBO,"Obihiro, JP",42.73329926,143.2169952,Japan
ELH,"North Eleuthera, BS",25.47489929,-76.6835022,Bahamas
JAV,"Ilulissat, GL",69.24320221,-51.05709839,Greenland
PAC,"Panama City-Paitilla, PA",8.973340034,-79.55560303,Panama
MTJ,"Montrose, CO, US",38.50979996,-107.8939972,United States
BKS,"Bengkulu, ID",-3.8637,102.338997,Indonesia
AOR,"Alor Setar, MY",6.189670086,100.3980026,Malaysia
AXM,"Armenia, CO",4.45278,-75.7664,Colombia
GTF,"Great Falls, MT, US",47.48199844,-111.3710022,United States
YAM,"Sault Ste. Marie, ON, CA",46.48500061,-84.50939941,Canada
GSM,"Gheshm Island, IR",,,Iran
DBR,"Darbhanga, IN",,,India
KGI,"Kalgoorlie-Boulder, WA, AU",-30.7894001,121.461998,Australia
ERL,"Erenhot, CN",43.4225,112.096667,China
HEK,"Heihe, CN",50.17162094,127.3088837,China
DIG,"Deqen, CN",27.7936,99.6772,China
DHI,"Dhangarhi, NP",28.75329971,80.58190155,Nepal
FRS,"Flores, GT",16.91379929,-89.86640167,Guatemala
FTE,"El Calafate, SC, AR",-50.2803,-72.053101,Argentina
ATZ,"Asyut, EG",27.04649925,31.01199913,Egypt
YSB,"Sudbury, ON, CA",46.625,-80.79889679,Canada
AVV,"Melbourne, VI, AU",-38.039398,144.468994,Australia
YGJ,"Yonago, JP",35.49219894,133.2359924,Japan
NKC,"Nouakchott, MR",18.31,-15.9697222,Mauritania
TNE,"Tanegashima, JP",30.60510063,130.9909973,Japan
ABX,"Albury, NS, AU",-36.06779861,146.9579926,Australia
YFC,"Fredericton, NB, CA",45.8689003,-66.53720093,Canada
SBZ,"Sibiu, RO",45.78559875,24.09129906,Romania
LMM,"Los Mochis, MX",25.68519974,-109.0810013,Mexico
YQU,"Grande Prairie, AB, CA",55.17969894,-118.8850021,Canada
SEN,"London, EN, GB",51.57139969,0.695555985,United Kingdom
JIB,"Djibouti, DJ",11.54730034,43.15950012,Djibouti
JOI,"Joinville, SC, BR",-26.22450066,-48.79740143,Brazil
GTZ,"Grumeti, TZ",,,Tanzania
PBH,"Paro, BT",27.40320015,89.42459869,Bhutan
BMI,"Bloomington/Normal, IL, US",40.47710037,-88.91590118,United States
DLH,"Duluth, MN, US",46.84209824,-92.19360352,United States
RSU,"Yeosu/Suncheon, KR",34.84230042,127.6169968,South Korea
CUE,"Cuenca, EC",-2.88947,-78.984398,Ecuador
SLY,"Salekhard, UF, RU",66.59079742,66.61100006,Russian Federation
NBC,"Nizhnekamsk, VF, RU",55.56470108,52.09249878,Russian Federation
SCW,"Syktyvkar, NF, RU",61.64699936,50.8451004,Russian Federation
MLX,"Malatya, TR",38.43529892,38.0909996,Turkiye
PMA,"Pemba Island, TZ",-5.257259846,39.81140137,Tanzania
UKK,"Ust-Kamenogorsk, KZ",50.03659821,82.49420166,Kazakhstan
COU,"Columbia, MO, US",38.81809998,-92.21959686,United States
RGK,"Gorno-Altaysk, IF, RU",51.96670151,85.83329773,Russian Federation
SAG,"Shirdi, IN",19.688611,74.378889,India
BHK,"Bukhara, UZ",39.77500153,64.48329926,Uzbekistan
PUY,"Pula, HR",44.89350128,13.9222002,Croatia
MQL,"Mildura, VI, AU",-34.22919846,142.0859985,Australia
VVC,"Villavicencio, CO",4.16787,-73.6138,Colombia
LBD,"Khujand, TJ",40.2154007,69.69470215,Tajikistan
PKC,"Petropavlovsk, FF, RU",53.16790009,158.4539948,Russian Federation
SOG,"Sogndal, NO",61.156101,7.13778,Norway
VRA,"Varadero, CU",23.03440094,-81.43530273,Cuba
WUT,"Xinzhou, CN",38.597456,112.969173,China
FBM,"Lubumbashi, CD",-11.59130001,27.53089905,Democratic Republic of the Congo
JUL,"Juliaca, PE",-15.46710014,-70.15820313,Peru
GIS,"Gisborne, NZ",-38.66329956,177.9779968,New Zealand
NBX,"Nabire, ID",-3.36818,135.496002,Indonesia
SYY,"Stornoway, IH, GB",58.21559906,-6.331110001,United Kingdom
IXU,"Aurangabad, IN",19.86269951,75.39810181,India
CRD,"Comodoro Rivadavia, CB, AR",-45.7853,-67.4655,Argentina
VCL,"Chu Lai, VN",15.40330029,108.7060013,Vietnam
CYB,"Cayman Brac, KY",19.68700027,-79.88279724,Cayman Islands
JCU,"Ceuta, ES",,,Spain
JLR,"Jabalpur, IN",23.17779922,80.05200195,India
MQM,"Mardin, TR",37.22330093,40.63169861,Turkiye
BLI,"Bellingham, WA, US",48.7928009,-122.538002,United States
AAR,"Aarhus, DK",56.29999924,10.61900043,Denmark
ASP,"Alice Springs, NT, AU",-23.80669975,133.9019928,Australia
GDQ,"Gondar, ET",12.51990032,37.43399811,Ethiopia
PAD,"Paderborn, DE",51.61410141,8.616319656,Germany
HDS,"Hoedspruit, ZA",-24.36860085,31.04870033,South Africa
MOH,"Morowali, ID",,,Indonesia
FRO,"Floro, NO",61.58359909,5.024720192,Norway
HDN,"Hayden, CO, US",40.48120117,-107.2180023,United States
POP,"Puerto Plata, DO",19.75790024,-70.56999969,Dominican Republic
BQN,"Aguadilla, PR, US",18.49489975,-67.12940216,United States
RRG,"Rodrigues Is., MU",-19.7577,63.361,Mauritius
AKN,"King Salmon, AK, US",58.67679977,-156.6490021,United States
XWA,"Williston, ND, US",,,United States
IOS,"Ilheus, BA, BR",-14.81599998,-39.03319931,Brazil
VDS,"Vadso, NO",70.06529999,29.84469986,Norway
CPR,"Casper, WY, US",42.908001,-106.463997,United States
ULV,"Ulyanovsk, VF, RU",54.2682991,48.22669983,Russian Federation
YTS,"Timmins, ON, CA",48.56969833,-81.37670136,Canada
HSG,"Saga, JP",33.14970016,130.302002,Japan
HNH,"Hoonah, AK, US",58.0961,-135.410111,United States
ISA,"Mount Isa, QL, AU",-20.66390038,139.4889984,Australia
LAN,"Lansing, MI, US",42.77870178,-84.58740234,United States
ACA,"Acapulco, MX",16.75709915,-99.7539978,Mexico
LSI,"Shetland Islands-Sum, SC, GB",59.87889862,-1.295560002,United Kingdom
YXT,"Terrace, BC, CA",54.468498,-128.576009,Canada
PVK,"Preveza/Lefkas, GR",38.92549896,20.76530075,Greece
FPO,"Freeport, BS",26.55870056,-78.69560242,Bahamas
LWY,"Lawas, Sarawak, MY",4.84917,115.407997,Malaysia
SHO,"Manzini, SZ",-26.358611,31.716944,Swaziland
MBS,"Saginaw/Midland/Bay C., MI, US",43.53290176,-84.07959747,United States
MAR,"Maracaibo, VE",10.55820847,-71.7278595,Venezuela
SMI,"Samos Island, GR",37.68999863,26.9116993,Greece
IVC,"Invercargill, NZ",-46.41239929,168.3130035,New Zealand
AUK,"Alakanuk, AK, US",62.68004227,-164.6599274,United States
CSY,"Cheboksary, VF, RU",56.09030151,47.34730148,Russian Federation
NWI,"Norwich, EN, GB",52.67580032,1.282780051,United Kingdom
SXP,"Nunam Iqua, AK, US",,,United States
KIM,"Kimberley, ZA",-28.80279922,24.76519966,South Africa
SKN,"Stokmarknes, NO",68.5788269,15.03341675,Norway
VBY,"Visby, SE",57.66279984,18.34620094,Sweden
NBS,"Baishan, CN",42.066944,127.602222,China
JNX,"Naxos, GR",37.08110046,25.36809921,Greece
GZP,"Gazipasa, TR",36.299217,32.300598,Turkiye
RDP,"Durgapur, IN",23.6225,87.243,India
ROT,"Rotorua, NZ",-38.10919952,176.3170013,New Zealand
YGG,"Ganges, BC, CA",48.8545,-123.4969,Canada
QUO,"Uyo, NG",4.8725,8.093,Nigeria
OGZ,"Vladikavkaz, SF, RU",43.20510101,44.60660172,Russian Federation
RLK,"Bayannur, CN",40.926,107.7428,China
NAV,"Nevsehir, TR",38.7719,34.5345,Turkiye
SGY,"Skagway, AK, US",59.46009827,-135.3159943,United States
MSJ,"Misawa, JP",40.70320129,141.3679962,Japan
MOC,"Montes Claros, MG, BR",-16.70689964,-43.81890106,Brazil
PQQ,"Port Macquarie, NS, AU",-31.43580055,152.8630066,Australia
HUH,"Huahine Island, PF",-16.68720055,-151.0220032,French Polynesia
OAG,"Orange, NS, AU",-33.38169861,149.1329956,Australia
TCR,"Tuticorin, IN",,,India
LNL,"Longnan, CN",33.788,105.797,China
UNK,"Unalakleet, AK, US",63.88840103,-160.798996,United States
FEG,"Fergana, UZ",40.35879898,71.74500275,Uzbekistan
TJQ,"Tanjung Pandan, ID",-2.74571991,107.7549973,Indonesia
DSE,"Dessie, ET",11.08250046,39.71139908,Ethiopia
ADE,"Aden, YE",12.8295002,45.02880096,Yemen
JBK,"Qitai, CN",,,China
JSI,"Skiathos, GR",39.17710114,23.50370026,Greece
KEJ,"Kemerovo, IF, RU",55.27009964,86.10720062,Russian Federation
PVH,"Porto Velho, RO, BR",-8.709289551,-63.90230179,Brazil
CAY,"Cayenne, GF",4.819809914,-52.36040115,French Guiana
JUB,"Juba, SS",4.872010231,31.60110092,South Sudan
TNN,"Tainan, TW",22.9503994,120.2060013,Taiwan
IXG,"Belgaum, IN",15.85929966,74.61830139,India
TRK,"Tarakan, ID",3.326667,117.569444,Indonesia
BNN,"Bronnoysund, NO",65.46109772,12.21749973,Norway
ZNE,"Newman, WA, AU",-23.4178009,119.8030014,Australia
KSU,"Kristiansund, NO",63.11180115,7.824520111,Norway
ZAZ,"Zaragoza, ES",41.66619873,-1.04155004,Spain
PUF,"Pau, FR",43.38000107,-0.41861099,France
URA,"Uralsk, KZ",51.1507988,51.54309845,Kazakhstan
YUS,"Yushu, CN",32.83638889,97.03638889,China
UEO,"Kume Jima, JP",26.3635006,126.7139969,Japan
ACO,"Cobano, CR",,,Costa Rica
IWK,"Iwakuni, JP",34.143902,132.235992,Japan
LEB,"Lebanon, NH, US",43.62609863,-72.30419922,United States
NDG,"Qiqihar, CN",47.23960114,123.9179993,China
WMX,"Wamena, ID",-4.10251,138.957001,Indonesia
RST,"Rochester, MN, US",43.90829849,-92.5,United States
HHH,"Hilton Head Island, SC, US",32.22439957,-80.69750214,United States
VXE,"Sao Vicente Island, CV",16.83320045,-25.05529976,Cape Verde
AKA,"Ankang, CN",32.708099,108.931,China
BWT,"Burnie, TS, AU",-40.99890137,145.7310028,Australia
JRG,"Jharsuguda, IN",,,India
PXU,"Pleiku, VN",14.00450039,108.0169983,Vietnam
TIQ,"Tinian, TR, US",14.99919987,145.6190033,United States
YXJ,"Fort St John, BC, CA",56.23809814,-120.7399979,Canada
FUJ,"Fukue, JP",32.66630173,128.8329926,Japan
XSP,"Singapore-Seletar, SG",1.416949987,103.8679962,Singapore
SRE,"Sucre, BO",-19.00709915,-65.28869629,Bolivia
LEQ,"Land's End, EN, GB",50.102798,-5.67056,United Kingdom
MLU,"Monroe, LA, US",32.51089859,-92.03769684,United States
CAC,"Cascavel, PR, BR",-25.00029945,-53.50080109,Brazil
ACV,"Arcata/Eureka, CA, US",40.978101,-124.109,United States
RCH,"Riohacha, CO",11.5262,-72.926,Colombia
AEX,"Alexandria, LA, US",31.32740021,-92.54979706,United States
BNK,"Ballina, NS, AU",-28.83390045,153.5619965,Australia
SHB,"Nakashibetsu, JP",43.57749939,144.9600067,Japan
YHR,"Chevery, QC, CA",50.46889877,-59.63669968,Canada
TMC,"Tambolaka, ID",-9.40972,119.244003,Indonesia
SVJ,"Svolvaer, NO",68.24330139,14.66919994,Norway
BAL,"Batman, TR",37.92900085,41.11660004,Turkiye
ACI,"Alderney, CI, GB",49.706104,-2.21472,United Kingdom
SPB,"St Thomas Island, VI, US",18.33860016,-64.94069672,United States
SSB,"Saint Croix Island, VI, US",,,United States
STM,"Santarem, PA, BR",-2.424721956,-54.78583145,Brazil
MLH,"Mulhouse/Basel, FR",,,France
MUB,"Maun, BW",-19.97260094,23.43110085,Botswana
YYG,"Charlottetown, PE, CA",46.29000092,-63.12110138,Canada
AXD,"Alexandroupolis, GR",40.85589981,25.95630074,Greece
STW,"Stavropol, SF, RU",45.10919952,42.1128006,Russian Federation
CPO,"Copiapo, CL",-27.26119995,-70.77919769,Chile
NOZ,"Novokuznetsk, IF, RU",53.811401,86.877197,Russian Federation
GPS,"Baltra Island, EC",-0.453758001,-90.26589966,Ecuador
GEA,"Noumea-Magenta, NC",-22.25830078,166.4730072,New Caledonia
RAB,"Rabaul, PG",-4.340459824,152.3800049,Papua New Guinea
NIM,"Niamey, NE",13.4815,2.18361,Niger
YRL,"Red Lake, ON, CA",51.06689835,-93.79309845,Canada
DRV,"Dharavandhoo Island, MV",5.1561,73.1302,Maldives
YNB,"Yanbu al Bahr, SA",24.144199,38.0634,Saudi Arabia
PEM,"Puerto Maldonado, PE",-12.61359978,-69.22859955,Peru
ILR,"Ilorin, NG",8.440210342,4.493919849,Nigeria
JUJ,"Jujuy, PJ, AR",-24.392799,-65.097801,Argentina
QOW,"Owerri, NG",5.427060127,7.206029892,Nigeria
RRJ,"Rio de Janeiro, RJ, BR",,,Brazil
EAS,"San Sebastian, ES",43.35649872,-1.790609956,Spain
MMJ,"Matsumoto, JP",36.16680145,137.9230042,Japan
SCV,"Suceava, RO",47.6875,26.35409927,Romania
BSD,"Baoshan, CN",25.053301,99.168297,China
KLO,"Kalibo, PH",11.67940044,122.3759995,Philippines
ABA,"Abakan, IF, RU",53.74000168,91.38500214,Russian Federation
CLY,"Calvi, FR",42.5244444,8.7930556,France
GOQ,"Golmud, CN",36.4006,94.786102,China
DZA,"Dzaoudzi, YT",-12.8046999,45.28110123,Mayotte
EWN,"New Bern, NC, US",35.07300186,-77.04290009,United States
HJJ,"Huaihua, CN",27.44111111,109.7,China
MQN,"Mo I Rana, NO",66.36389923,14.30140018,Norway
SZZ,"Szczecin, PL",53.58470154,14.90219975,Poland
HPB,"Hooper Bay, AK, US",61.52389908,-166.1470032,United States
VAK,"Chevak, AK, US",61.5409,-165.6005,United States
FNA,"Freetown, SL",8.61644,-13.1955,Sierra Leone
AZO,"Kalamazoo/Battle Creek, MI, US",42.23490143,-85.55210114,United States
LCH,"Lake Charles, LA, US",30.12610054,-93.22329712,United States
ZHY,"Zhongwei, CN",37.573125,105.154454,China
DUJ,"DuBois, PA, US",41.17829895,-78.8986969,United States
TCQ,"Tacna, PE",-18.05330086,-70.27580261,Peru
HLN,"Helena, MT, US",46.60680008,-111.9830017,United States
HFA,"Haifa, IL",32.80939865,35.04309845,Israel
PPP,"Proserpine, QL, AU",-20.49500084,148.552002,Australia
ZCL,"Zacatecas, MX",22.89710045,-102.6869965,Mexico
MCP,"Macapa, AP, BR",0.050664,-51.07220078,Brazil
ABB,"Asaba, NG",6.204167,6.665278,Nigeria
CJA,"Cajamarca, PE",-7.139180183,-78.48940277,Peru
HCZ,"Chenzhou, CN",,,China
YVO,"Val d'Or, QC, CA",48.05329895,-77.78279877,Canada
PLQ,"Palanga, LT",55.97320175,21.09390068,Lithuania
TRW,"Tarawa, KI",1.381639957,173.1470032,Kiribati
HBX,"Hubli, IN",15.36170006,75.0848999,India
GDX,"Magadan, FF, RU",59.9109993,150.7200012,Russian Federation
YHU,"Montreal-St Hubert, QC, CA",45.51750183,-73.41690063,Canada
AEY,"Akureyri, IS",65.66000366,-18.0727005,Iceland
FEN,"Fernando de Noronha, PE, BR",-3.85493,-32.423302,Brazil
BEW,"Beira, MZ",-19.79640007,34.9076004,Mozambique
KOT,"Kotlik, AK, US",63.0306015,-163.5330048,United States
GLT,"Gladstone, QL, AU",-23.869699,151.223007,Australia
TAP,"Tapachula, MX",14.79430008,-92.37000275,Mexico
FKS,"Fukushima, JP",37.22740173,140.4309998,Japan
LDU,"Lahad Datu, Sabah, MY",5.032249928,118.3239975,Malaysia
CEN,"Ciudad Obregon, MX",27.39259911,-109.8330002,Mexico
RNN,"Bornholm, DK",55.06330109,14.75959969,Denmark
DUT,"Dutch Harbor, AK, US",53.90010071,-166.5440063,United States
LYB,"Little Cayman, KY",19.660161,-80.088826,Cayman Islands
FAE,"Faroe Islands, DK",62.06359863,-7.277219772,Denmark
OHE,"Mohe, CN",52.91277778,122.43,China
ABT,"Al Baha, SA",20.29610062,41.63430023,Saudi Arabia
YWK,"Wabush, NL, CA",52.9219017,-66.86440277,Canada
DHM,"Dharamsala, IN",32.1651001,76.26339722,India
HTI,"Hamilton Island, QL, AU",-20.35810089,148.9519959,Australia
SHI,"Shimojishima, JP",24.82670021,125.1449966,Japan
MSR,"Mus, TR",38.74779892,41.66120148,Turkiye
MOL,"Molde, NO",62.74470139,7.262499809,Norway
GGT,"George Town, BS",23.56259918,-75.87799835,Bahamas
PEG,"Perugia, IT",43.095901,12.5132,Italy
JIU,"Jiujiang, CN",29.476944,115.801111,China
BRQ,"Brno, CZ",49.15129852,16.69440079,Czech Republic
NZH,"Manzhouli, CN",49.566667,117.33,China
PNZ,"Petrolina, PE, BR",-9.362409592,-40.56909943,Brazil
BBA,"Balmaceda, CL",-45.91609955,-71.6894989,Chile
SBY,"Salisbury/Ocean City, MD, US",38.34049988,-75.51029968,United States
RQY,"Shivamogga, IN",,,India
BVC,"Boa Vista Island, CV",16.1364994,-22.88890076,Cape Verde
ARI,"Arica, CL",-18.348499,-70.338699,Chile
TTT,"Taitung, TW",22.75499916,121.1019974,Taiwan
BIK,"Biak, ID",-1.190019965,136.1080017,Indonesia
KNX,"Kununurra, WA, AU",-15.77810001,128.7079926,Australia
ISK,"Nasik, IN",20.119101,73.912903,India
WEF,"Weifang, CN",36.646702,119.119003,China
RAE,"Arar, SA",30.90660095,41.13819885,Saudi Arabia
PIK,"Glasgow-Prestwick, SC, GB",55.50939941,-4.586669922,United Kingdom
MKW,"Manokwari, ID",-0.891833007,134.048996,Indonesia
LVI,"Livingstone, ZM",-17.82180023,25.8227005,Zambia
PHS,"Phitsanulok, TH",16.78289986,100.2789993,Thailand
DXJ,"Biancheng, CN",,,China
UET,"Quetta, PK",30.25139999,66.93779755,Pakistan
MKQ,"Merauke, ID",-8.520290375,140.4179993,Indonesia
SDY,"Sidney, MT, US",47.706902,-104.193001,United States
TTJ,"Tottori, JP",35.53010178,134.1670074,Japan
OGN,"Yonaguni, JP",24.46689987,122.9779968,Japan
MFA,"Mafia Island, TZ",-7.917478,39.668502,Tanzania
POG,"Port-Gentil, GA",-0.711739004,8.754380226,Gabon
USN,"Ulsan, KR",35.59349823,129.352005,South Korea
GRK,"Killeen/Fort Hood, TX, US",31.06719971,-97.8289032,United States
YXU,"London, ON, CA",43.035599,-81.1539,Canada
KSY,"Kars, TR",40.56219864,43.11500168,Turkiye
PZO,"Puerto Ordaz, VE",8.28853035,-62.76039886,Venezuela
MLG,"Malang, ID",-7.926559925,112.7149963,Indonesia
MYT,"Myitkyina, MM",25.38360023,97.35189819,Myanmar
AJL,"Aizawl, IN",23.84059906,92.61969757,India
TST,"Trang, TH",7.508739948,99.61660004,Thailand
HMB,"Sohag, EG",26.342778,31.742778,Egypt
TCO,"Tumaco, CO",1.81442,-78.7492,Colombia
TMR,"Tamanrasset, DZ",22.81150055,5.451079845,Algeria
THL,"Tachilek, MM",20.48380089,99.93540192,Myanmar
BDB,"Bundaberg, QL, AU",-24.90390015,152.3190002,Australia
AZR,"Adrar, DZ",27.83760071,-0.186414003,Algeria
RBR,"Rio Branco, AC, BR",-9.868888855,-67.89805603,Brazil
LDE,"Lourdes/Tarbes, FR",43.17869949,-0.006439,France
SQJ,"Sanming, CN",26.4263,117.8336,China
FOG,"Foggia, IT",41.432899,15.535,Italy
JDO,"Juazeiro do Norte, CE, BR",-7.218959808,-39.27009964,Brazil
KIR,"Kerry County, IE",52.18090057,-9.523779869,Ireland
BBU,"Bucharest, RO",44.50320053,26.10210037,Romania
RDD,"Redding, CA, US",40.50899887,-122.2929993,United States
SCM,"Scammon Bay, AK, US",61.84529877,-165.5709991,United States
ROS,"Rosario, SF, AR",-32.9036,-60.785,Argentina
ABI,"Abilene, TX, US",32.41130066,-99.68190002,United States
BJA,"Bejaia, DZ",36.7120018,5.069920063,Algeria
OPS,"Sinop, MT, BR",-11.88500023,-55.58610916,Brazil
OMH,"Urumiyeh, IR",37.66809845,45.06869888,Iran
DNZ,"Denizli, TR",37.78559875,29.70129967,Turkiye
DPO,"Devonport, TS, AU",-41.16970062,146.4299927,Australia
DAV,"David, PA",8.390999794,-82.43499756,Panama
RGI,"Rangiroa, PF",-14.95429993,-147.6609955,French Polynesia
LYH,"Lynchburg, VA, US",37.3266983,-79.20040131,United States
YMO,"Moosonee, ON, CA",51.29109955,-80.60780334,Canada
EMD,"Emerald, QL, AU",-23.56749916,148.1790009,Australia
BJL,"Banjul, GM",13.3380003,-16.6522007,Gambia
MHK,"Manhattan, KS, US",39.14099884,-96.67079926,United States
LAU,"Lamu, KE",-2.252419949,40.9131012,Kenya
PGU,"Asaloyeh, IR",27.379601,52.737701,Iran
YPX,"Puvirnituq, QC, CA",60.05059814,-77.28690338,Canada
FLG,"Grand Canyon, AZ, US",35.13850021,-111.6709976,United States
IPH,"Ipoh, MY",4.567969799,101.0920029,Malaysia
PNR,"Pointe Noire, CG",-4.816030025,11.88659954,Congo
BBN,"Bario, MY",3.733890057,115.4789963,Malaysia
LDY,"Derry, NI, GB",55.0428009,-7.161109924,United Kingdom
PGF,"Perpignan, FR",42.74039841,2.87067008,France
MKM,"Mukah, Sarawak, MY",2.90639,112.080002,Malaysia
EEK,"Eek, AK, US",60.21367264,-162.0438843,United States
APL,"Nampula, MZ",-15.10560036,39.28179932,Mozambique
BHB,"Bar Harbor, ME, US",44.45000076,-68.3615036,United States
CWA,"Wausau, WI, US",44.77759933,-89.66680145,United States
MME,"Durham, EN, GB",54.50920105,-1.429409981,United Kingdom
VDH,"Dong Hoi, VN",17.515,106.590556,Vietnam
WUS,"Wuyishan, CN",27.7019,118.000999,China
BFI,"Seattle, WA, US",47.52999878,-122.302002,United States
CRA,"Craiova, RO",44.31809998,23.8885994,Romania
SYO,"Shonai, JP",38.81219864,139.7870026,Japan
MLO,"Milos, GR",36.696899,24.4769,Greece
DTB,"Siborong-Borong, ID",2.25973,98.991898,Indonesia
OZC,"Ozamiz, PH",8.178509712,123.8420029,Philippines
PBM,"Paramaribo, SR",5.452829838,-55.18780136,Suriname
GNS,"Gunung Sitoli, ID",1.16638,97.704697,Indonesia
REX,"Reynosa, MX",26.0089,-98.2285,Mexico
AYP,"Ayacucho, PE",-13.15480042,-74.20439911,Peru
LNS,"Lancaster, PA, US",40.12170029,-76.2960968,United States
JXA,"Jixi, CN",45.293,131.193,China
TMW,"Tamworth, NS, AU",-31.08390045,150.8470001,Australia
YUM,"Yuma, AZ, US",32.65660095,-114.6060028,United States
KOP,"Nakhon Phanom, TH",17.38380051,104.6429977,Thailand
CMI,"Champaign/Urbana, IL, US",40.03919983,-88.27809906,United States
PIX,"Pico Island, PT",38.554298,-28.441299,Portugal
BSG,"Bata, GQ",1.905470014,9.805680275,Equatorial Guinea
JDZ,"Jingdezhen, CN",29.33860016,117.1760025,China
UIN,"Quincy, IL, US",39.94269943,-91.19460297,United States
VDC,"Vitoria da Conquista, BA, BR",-14.86279964,-40.86309814,Brazil
AIT,"Aitutaki Island, CK",-18.83090019,-159.7640076,Cook Islands
CAB,"Cabinda, AO",-5.596990108,12.18840027,Angola
TMJ,"Termez, UZ",37.2867012,67.30999756,Uzbekistan
TAZ,"Dashoguz, TM",41.761101,59.826698,Turkmenistan
TOY,"Toyama, JP",36.64830017,137.1880035,Japan
NOB,"Nosara, CR",9.976490021,-85.65299988,Costa Rica
KSN,"Kostanav, KZ",53.20690155,63.5503006,Kazakhstan
AQG,"Anqing, CN",30.582199,117.050003,China
CZH,"Corozal, BZ",,,Belize
NUM,"Neom Bay, SA",,,Saudi Arabia
AUC,"Arauca, CO",7.06888,-70.7369,Colombia
KTT,"Kittila, FI",67.7009964,24.84679985,Finland
FRD,"Friday Harbor, WA, US",48.52199936,-123.0240021,United States
UAK,"Narsarsuaq, GL",61.16049957,-45.42599869,Greenland
BRW,"Barrow, AK, US",71.285402,-156.766008,United States
GKK,"Kooddoo Island, MV",0.7324,73.4336,Maldives
MGB,"Mt. Gambier, SA, AU",-37.74560165,140.7850037,Australia
ROB,"Monrovia-Roberts, LR",6.23379,-10.3623,Liberia
SSJ,"Sandnessjoen, NO",65.95680237,12.46889973,Norway
BUZ,"Bushehr, IR",28.94479942,50.83459854,Iran
LDS,"Yichun (Heilongjiang), CN",47.75205556,129.019125,China
MAB,"Maraba, PA, BR",-5.368589878,-49.13800049,Brazil
YGR,"Iles de La Madeleine, QC, CA",47.42470169,-61.77809906,Canada
IXS,"Silchar, IN",24.91290092,92.97869873,India
HEH,"Heho, MM",20.74699974,96.79199982,Myanmar
CTM,"Chetumal, MX",18.50469971,-88.32679749,Mexico
JGD,"Jiagedaqi, CN",50.371389,124.1175,China
MJF,"Mosjoen, NO",65.78399658,13.21490002,Norway
NSB,"Bimini, BS",,,Bahamas
MAG,"Madang, PG",-5.207079887,145.7890015,Papua New Guinea
OSR,"Ostrava, CZ",49.69630051,18.11109924,Czech Republic
ISU,"Sulaymaniyah, IQ",35.5617485,45.31673813,Iraq
BNX,"Banja Luka, BA",44.94139862,17.29750061,Bosnia and Herzegovina
FDE,"Forde, NO",,,Norway
JIC,"Jinchang, CN",38.54222222,102.3483333,China
KTG,"Ketapang, ID",-1.816640019,109.9629974,Indonesia
VUP,"Valledupar, CO",10.435,-73.2495,Colombia
ABD,"Abadan, IR",30.37109947,48.22829819,Iran
YZY,"Zhangye, CN",38.80189896,100.6750031,China
LYP,"Faisalabad, PK",31.36499977,72.99479675,Pakistan
MUR,"Marudi, Sarawak, MY",4.178979874,114.3290024,Malaysia
INI,"Nis, RS",43.337299,21.853701,Serbia
HTS,"Huntington, WV, US",38.36669922,-82.55799866,United States
LUP,"Kalaupapa/ Molokai, HI, US",21.21100044,-156.973999,United States
VAS,"Sivas, TR",39.813801,36.9035,Turkiye
PVC,"Provincetown, MA, US",42.07189941,-70.2213974,United States
TJA,"Tarija, BO",-21.5557003,-64.70130157,Bolivia
DIL,"Dili, TL",-8.54640007,125.526001,East Timor
TKU,"Turku, FI",60.51409912,22.26280022,Finland
KZO,"Kyzylorda, KZ",44.706902,65.592499,Kazakhstan
ATT,"Atmautluak, AK, US",,,United States
HTY,"Hatay, TR",36.36277771,36.28222275,Turkiye
KUK,"Kasigluk, AK, US",60.87440109,-162.5240021,United States
NUP,"Nunapitchuk, AK, US",,,United States
NNM,"Naryan Mar, NF, RU",67.63999939,53.12189865,Russian Federation
MIM,"Merimbula, NS, AU",-36.90859985,149.901001,Australia
NDJ,"N'Djamena, TD",12.1337,15.034,Chad
WWK,"Wewak, PG",-3.583830118,143.6690063,Papua New Guinea
SVU,"Savusavu, FJ",-16.80279922,179.3410034,Fiji
LMN,"Limbang, Sarawak, MY",4.808300018,115.0100021,Malaysia
USA,"Concord, NC, US",35.387798,-80.709099,United States
DMU,"Dimapur, IN",25.88389969,93.77110291,India
HGA,"Hargeisa, SO",9.518170357,44.08879852,Somalia
YIF,"St-Augustin/Pakuashipi, QC, CA",51.21170044,-58.65829849,Canada
LLW,"Lilongwe, MW",-13.7894001,33.78099823,Malawi
VIL,"Dakhla, EH",23.7183,-15.932,Western Sahara
APW,"Apia, WS",-13.82999992,-172.0079956,Western Samoa
LBS,"Labasa, FJ",-16.4666996,179.3399963,Fiji
ANX,"Andenes, NO",69.29250336,16.14419937,Norway
MEC,"Manta, EC",-0.946078002,-80.67880249,Ecuador
RNJ,"Yoron, JP",27.04400063,128.4019928,Japan
FGI,"Apia, WS",-13.84869957,-171.7400055,Western Samoa
KKE,"Kerikeri, NZ",-35.26279831,173.9120026,New Zealand
BHH,"Bisha, SA",19.9843998,42.6208992,Saudi Arabia
IMP,"Imperatriz, MA, BR",-5.53129,-47.459999,Brazil
NOJ,"Noyabrsk, UF, RU",63.18330002,75.26999664,Russian Federation
PHF,"Newport News/Williamsburg, VA, US",37.13190079,-76.49299622,United States
TDD,"Trinidad, BO",-14.81869984,-64.91799927,Bolivia
TXN,"Huangshan, CN",29.73329926,118.2559967,China
YYA,"Yueyan, CN",,,China
YXC,"Cranbrook, BC, CA",49.6108017,-115.7819977,Canada
PEZ,"Penza, VF, RU",53.11059952,45.02109909,Russian Federation
TBP,"Tumbes, PE",-3.55253005,-80.38140106,Peru
KVX,"Kirov, VF, RU",58.50329971,49.34830093,Russian Federation
PSS,"Posadas, MI, AR",-27.3858,-55.9707,Argentina
PKZ,"Pakse, LA",15.13210011,105.7809982,Laos
IBE,"Ibague, CO",4.42161,-75.1333,Colombia
KLH,"Kolhapur, IN",16.66469955,74.28939819,India
IQM,"Qiemo, CN",38.233611,85.465556,China
BOC,"Bocas Del Toro, PA",9.340849876,-82.25080109,Panama
JLG,"Jalgaon, IN",,,India
TTU,"Tetouan, MA",35.59429932,-5.320020199,Morocco
ERC,"Erzincan, TR",39.71020126,39.52700043,Turkiye
CYA,"Les Cayes, HT",18.27109909,-73.78829956,Haiti
PBO,"Paraburdoo, WA, AU",-23.17110062,117.7450027,Australia
DPL,"Dipolog, PH",8.601983499,123.3418751,Philippines
YSJ,"St. John, NB, CA",45.31610107,-65.89029694,Canada
ITH,"Ithaca, NY, US",42.49100113,-76.45839691,United States
JUH,"Chizhou, CN",30.7403,117.6856,China
ZAH,"Zahedan, IR",29.47570038,60.90620041,Iran
NOS,"Nosy-Be, MG",-13.31210041,48.31480026,Madagascar
DIU,"Diu, IN",20.71310043,70.9210968,India
BZO,"Bolzano/Bozen, IT",46.460201,11.3264,Italy
TEB,"Teterboro, NJ, US",40.85010147,-74.06079865,United States
ESD,"Eastsound, WA, US",48.70819855,-122.9100037,United States
LUZ,"Lublin, PL",51.240278,22.713611,Poland
DDD,"Kudahuvadhoo, MV",,,Maldives
GMZ,"San Sebastian De La Gomera, ES",28.02960014,-17.21459961,Spain
MAZ,"Mayaguez, PR, US",18.25569916,-67.14849854,United States
MZV,"Mulu Malaysia, MY",4.04832983,114.8050003,Malaysia
YFA,"Fort Albany, ON, CA",52.20140076,-81.69689941,Canada
ZKE,"Kashechewan, ON, CA",52.28250122,-81.67780304,Canada
PPG,"Pago Pago, TR, US",-14.33100033,-170.7100067,United States
BJM,"Bujumbura, BI",-3.324019909,29.31850052,Burundi
RMA,"Roma, QL, AU",-26.54500008,148.7749939,Australia
WTL,"Tuntutuliak, AK, US",,,United States
MTT,"Minatitlan, MX",18.10339928,-94.58070374,Mexico
BLB,"Balboa, PA",8.91479,-79.599602,Panama
GIB,"Gibraltar, GI",36.15119934,-5.34965992,Gibraltar
ORH,"Worcester, MA, US",42.26729965,-71.8757019,United States
LXS,"Lemnos, GR",39.917099,25.23629951,Greece
PUU,"Puerto Asis, CO",0.505228,-76.5008,Colombia
UTP,"U-Tapao, TH",12.67990017,101.0049973,Thailand
PAG,"Pagadian, PH",7.830731448,123.4611797,Philippines
URY,"Gurayat, SA",31.412413,37.278898,Saudi Arabia
KGF,"Karaganda, KZ",49.67079926,73.33439636,Kazakhstan
HUY,"Humberside, EN, GB",53.57440186,-0.350832999,United Kingdom
EUN,"Laayoune, EH",27.151699,-13.2192,Western Sahara
VAA,"Vaasa, FI",63.05070114,21.7621994,Finland
MDQ,"Mar Del Plata, BA, AR",-37.9342,-57.5733,Argentina
DGH,"Deoghar, IN",,,India
ILI,"Iliamna, AK, US",59.75439835,-154.9109955,United States
SCC,"Prudhoe Bay/Deadhorse, AK, US",70.19470215,-148.4649963,United States
JOG,"Yogyakarta, ID",-7.788179874,110.4319992,Indonesia
SFT,"Skelleftea, SE",64.62480164,21.07690048,Sweden
ETM,"Eilat, IL",29.723694,35.011416,Israel
XAI,"Xinyang, CN",,,China
CRZ,"Turkmenabat, TM",39.08330154,63.61330032,Turkmenistan
AOK,"Karpathos, GR",35.42139816,27.14599991,Greece
KNS,"King Island, TS, AU",-39.87749863,143.878006,Australia
PAP,"Port Au Prince, HT",18.57999992,-72.29250336,Haiti
OMR,"Oradea, RO",47.02529907,21.90250015,Romania
NDC,"Nanded, IN",19.18330002,77.3167038,India
NNT,"Nan, TH",18.80789948,100.7829971,Thailand
MOV,"Moranbah, QL, AU",-22.05780029,148.0769959,Australia
LET,"Leticia, CO",-4.19355,-69.9432,Colombia
YTW,"Yutian, CN",,,China
MNI,"Montserrat, MS",16.79140091,-62.19329834,Montserrat
AGH,"Angelholm/Helsingborg, SE",56.29610062,12.84710026,Sweden
EHU,"Ezhou, CN",,,China
MJZ,"Mirny, FF, RU",62.53469849,114.0390015,Russian Federation
BLA,"Barcelona, VE",10.111111,-64.692222,Venezuela
FLA,"Florencia, CO",1.58919,-75.5644,Colombia
RQA,"Ruoqiang, CN",,,China
AYQ,"Ayers Rock, NT, AU",-25.1861,130.975998,Australia
BCM,"Bacau, RO",46.52190018,26.9102993,Romania
LNZ,"Linz, AT",48.2332,14.1875,Austria
BZV,"Brazzaville, CG",-4.251699924,15.25300026,Congo
NGQ,"Shiquanhe, CN",32.1,80.05305556,China
IPN,"Ipatinga, MG, BR",-19.47069931,-42.48759842,Brazil
CFR,"Caen, FR",49.1733017,-0.449999988,France
HSA,"Turkistan, KZ",,,Kazakhstan
LIG,"Limoges, FR",45.8628006,1.179440022,France
HVB,"Hervey Bay, QL, AU",-25.31889915,152.8800049,Australia
ARM,"Armidale, NS, AU",-30.52809906,151.6170044,Australia
KSH,"Kermanshah, IR",34.34590149,47.15810013,Iran
GET,"Geraldton, WA, AU",-28.796101,114.707001,Australia
YHM,"Hamilton, ON, CA",43.17359924,-79.93499756,Canada
SXV,"Salem, IN",11.7833004,78.06559753,India
OGX,"Ouargla, DZ",31.91720009,5.412779808,Algeria
WBB,"Stebbins, AK, US",,,United States
KDM,"Kaadedhdhoo Island, MV",0.488130987,72.99690247,Maldives
RKD,"Rockland, ME, US",44.06010056,-69.09919739,United States
WRE,"Whangarei, NZ",-35.7682991,174.3650055,New Zealand
BLV,"Belleville, IL, US",38.5452,-89.835197,United States
BZG,"Bydgoszcz, PL",53.09680176,17.97769928,Poland
TVU,"Taveuni Island, FJ",-16.69059944,-179.8769989,Fiji
MQT,"Marquette, MI, US",46.35359955,-87.395401,United States
CYF,"Chefornak, AK, US",60.14920044,-164.2859955,United States
SKH,"Surkhet, NP",28.586,81.636002,Nepal
YEV,"Inuvik, NT, CA",68.30419922,-133.4830017,Canada
KPN,"Kipnuk, AK, US",59.93299866,-164.0310059,United States
KWN,"Quinhagak, AK, US",59.7551,-161.845,United States
ROI,"Roi Et, TH",16.11680031,103.7740021,Thailand
ELU,"El Oued, DZ",33.51139832,6.776790142,Algeria
CFE,"Clermont-Ferrand, FR",45.7867012,3.169169903,France
KAE,"Kake, AK, US",,,United States
KUO,"Kuopio, FI",63.00709915,27.79780006,Finland
CCC,"Cayo Coco, CU",22.46100044,-78.32839966,Cuba
HKN,"Hoskins, PG",-5.462170124,150.4049988,Papua New Guinea
YKG,"Kangirsuk, QC, CA",60.02719879,-69.99919891,Canada
JIM,"Jimma, ET",7.666090012,36.8166008,Ethiopia
PND,"Punta Gorda, BZ",,,Belize
CRV,"Crotone, IT",38.9972,17.0802,Italy
TMS,"Sao Tome, ST",0.37817499,6.712150097,Sao Tome and Principe
YBX,"Blanc Sablon, QC, CA",51.4435997,-57.18529892,Canada
VRB,"Vero Beach, FL, US",27.6556,-80.417901,United States
NKT,"Sirnak, TR",37.3647,42.0582,Turkiye
JJU,"Qaqortoq, GL",60.71568416,-46.02991864,Greenland
ASM,"Asmara, ER",15.29189968,38.91070175,Eritrea
HUU,"Huanuco, PE",-9.878809929,-76.20480347,Peru
UKX,"Ust-Kut, IF, RU",56.8567009,105.7300034,Russian Federation
PPB,"Presidente Prudente, SP, BR",-22.17510033,-51.42459869,Brazil
TGT,"Tanga, TZ",-5.09236002,39.07120132,Tanzania
CDB,"Cold Bay, AK, US",55.20610046,-162.7250061,United States
YQX,"Gander, NL, CA",48.93690109,-54.56809998,Canada
ZGS,"La Romaine, QC, CA",50.259701,-60.679401,Canada
ZFL,"Zhaosu, CN",,,China
TKD,"Takoradi, GH",4.89605999,-1.774760008,Ghana
EUX,"St. Eustatius, BQ",17.49650002,-62.97940063,"Bonaire, Saint Eustatius & Saba"
MOZ,"Moorea, PF",-17.49,-149.761993,French Polynesia
GKA,"Goroka, PG",-6.081689835,145.3919983,Papua New Guinea
RMI,"Rimini, IT",44.020302,12.6117,Italy
GFK,"Grand Forks, ND, US",47.949299,-97.176102,United States
AQI,"Qaisumah, SA",28.335199,46.125099,Saudi Arabia
SDN,"Sandane, NO",61.83000183,6.105830193,Norway
GAY,"Gaya, IN",24.74430084,84.95120239,India
GFF,"Griffith, NS, AU",-34.25080109,146.0670013,Australia
BHQ,"Broken Hill, NS, AU",-32.00139999,141.4720001,Australia
BPE,"Qinhuangdao, CN",39.666389,119.058889,China
TUG,"Tuguegarao, PH",17.64336768,121.7331505,Philippines
YPW,"Powell River, BC, CA",49.83420181,-124.5,Canada
MPY,"Maripasoula, GF",3.6575,-54.037201,French Guiana
KVA,"Kavala, GR",40.91329956,24.61919975,Greece
KQH,"Kishangarh, IN",26.601473,74.814147,India
RJH,"Rajshahi, BD",24.43720055,88.61650085,Bangladesh
AZD,"Yazd, IR",31.9048996,54.2765007,Iran
UTT,"Umtata, ZA",-31.54636318,28.6733551,South Africa
BTK,"Bratsk, IF, RU",56.37060165,101.697998,Russian Federation
PNA,"Pamplona, ES",42.77000046,-1.646329999,Spain
KSM,"St Mary's, AK, US",62.0605011,-163.302002,United States
SNU,"Santa Clara, CU",22.49220085,-79.94360352,Cuba
PZB,"Pietermaritzburg, ZA",-29.64900017,30.39870071,South Africa
MUN,"Maturin, VE",9.754529953,-63.1473999,Venezuela
ADF,"Adiyaman, TR",37.73139954,38.46889877,Turkiye
AWA,"Awasa, ET",7.066999912,38.5,Ethiopia
TVY,"Dawei, MM",14.10389996,98.20359802,Myanmar
BKW,"Beckley, WV, US",37.78730011,-81.12419891,United States
MCE,"Merced, CA, US",37.28469849,-120.5139999,United States
SVC,"Silver City, NM, US",,,United States
SMK,"St. Michael, AK, US",63.49010086,-162.1100006,United States
HAQ,"Hanimaadhoo Island, MV",6.744229794,73.17050171,Maldives
BFD,"Bradford, PA, US",41.80310059,-78.64009857,United States
ELM,"Elmira, NY, US",42.15990067,-76.89160156,United States
IPL,"El Centro/Imperial, CA, US",32.83420181,-115.5790024,United States
RXS,"Roxas, PH",11.59770012,122.7519989,Philippines
SAB,"Saba, BQ",17.64500046,-63.22000122,"Bonaire, Saint Eustatius & Saba"
YKF,"Toronto, ON, CA",43.46080017,-80.37860107,Canada
GUC,"Gunnison, CO, US",38.53390121,-106.9329987,United States
YGW,"Kuujjuarapik, QC, CA",55.2818985,-77.76529694,Canada
AUG,"Augusta, ME, US",44.3205986,-69.79730225,United States
ILG,"Wilmington, DE, US",39.67869949,-75.60649872,United States
IGD,"Igdir, TR",39.97662735,43.87664795,Turkiye
KSE,"Kasese, UG",0.182999998,30.10000038,Uganda
MYA,"Moruya, NS, AU",-35.89780045,150.1439972,Australia
BVB,"Boa Vista, RR, BR",2.841388941,-60.6922226,Brazil
GTO,"Gorontalo, ID",0.637118995,122.8499985,Indonesia
SMQ,"Sampit, ID",-2.499190092,112.9749985,Indonesia
XSC,"South Caicos, TC",21.51569939,-71.52850342,Turks and Caicos Islands
ALH,"Albany, WA, AU",-34.94329834,117.8089981,Australia
ASO,"Asosa, ET",10.01850033,34.5862999,Ethiopia
BHJ,"Bhuj, IN",23.28779984,69.67019653,India
KLX,"Kalamata, GR",37.06829834,22.02549934,Greece
ERI,"Erie, PA, US",42.08312701,-80.17386675,United States
AJI,"Agri, TR",39.65454102,43.02597809,Turkiye
CLL,"College Station, TX, US",30.58860016,-96.36380005,United States
BMU,"Bima, ID",-8.539649963,118.6869965,Indonesia
CKS,"Parauapebas, PA, BR",-6.115277767,-50.00138855,Brazil
NER,"Neryungri, FF, RU",56.91389847,124.9140015,Russian Federation
TLM,"Tlemcen, DZ",35.01670074,-1.450000048,Algeria
WKJ,"Wakkanai, JP",45.40420151,141.8009949,Japan
SNO,"Sakon Nakhon, TH",17.19510078,104.1190033,Thailand
KKH,"Kongiganak, AK, US",59.96080017,-162.8809967,United States
KWK,"Kwigillingok, AK, US",59.876499,-163.169005,United States
QSR,"Salerno, IT",40.620399,14.9113,Italy
NCU,"Nukus, UZ",42.48839951,59.62329865,Uzbekistan
HOG,"Holguin, CU",20.78560066,-76.31510162,Cuba
WGN,"Shaoyang, CN",26.802,110.642,China
NOU,"Noumea, NC",-22.01460075,166.2129974,New Caledonia
BHI,"Bahia Blanca, BA, AR",-38.725,-62.1693,Argentina
CTN,"Cooktown, QL, AU",-15.44470024,145.1840057,Australia
AGN,"Angoon, AK, US",57.503601,-134.585007,United States
AGX,"Agatti Island, IN",10.82369995,72.1760025,India
PUW,"Pullman WA/Moscow ID, WA, US",46.7439,-117.110001,United States
ZLO,"Manzanillo, MX",19.14480019,-104.5589981,Mexico
KKI,"Akiachak, AK, US",,,United States
KWT,"Kwethluk, AK, US",60.79029846,-161.4440002,United States
YYF,"Penticton, BC, CA",49.46310043,-119.6019974,Canada
VEE,"Venetie, AK, US",67.00869751,-146.3659973,United States
KCM,"Kahramanmaras, TR",37.53882599,36.95352173,Turkiye
KOS,"Sihanoukville, KH",10.57970047,103.637001,Cambodia
HSC,"Shaoguan, CN",,,China
ENE,"Ende, ID",-8.849289894,121.6610031,Indonesia
PBG,"Plattsburgh, NY, US",44.65090179,-73.4681015,United States
GAN,"Gan Island, MV",-0.693342,73.155602,Maldives
CEZ,"Cortez, CO, US",37.3030014,-108.6279984,United States
NZL,"Zhalantun, CN",47.865833,122.767503,China
TET,"Tete, MZ",-16.10479927,33.64020157,Mozambique
EJA,"Barrancabermeja, CO",7.02433,-73.8068,Colombia
IVL,"Ivalo, FI",68.6072998,27.40530014,Finland
UTN,"Upington, ZA",-28.39909935,21.2602005,South Africa
KUS,"Kulusuk, GL",,,Greenland
YLX,"Yulin, CN",,,China
FLW,"Flores Island, PT",39.45529938,-31.13139915,Portugal
FSM,"Fort Smith, AR, US",35.33660126,-94.36740112,United States
LCK,"Columbus, OH, US",39.813801,-82.927803,United States
TLK,"Talakan, FF, RU",59.876389,111.044444,Russian Federation
YPH,"Inukjuak, QC, CA",58.47190094,-78.07689667,Canada
SCN,"Saarbruecken, DE",49.21459961,7.109509945,Germany
AGM,"Tasiilaq, GL",,,Greenland
ESU,"Essaouira, MA",31.39749908,-9.681670189,Morocco
LKL,"Lakselv, NO",70.06880188,24.9734993,Norway
PXO,"Porto Santo, PT",33.07339859,-16.35000038,Portugal
STD,"Santo Domingo, VE",7.56538,-72.035103,Venezuela
YUY,"Rouyn-Noranda, QC, CA",48.20610046,-78.83560181,Canada
EPR,"Esperance, WA, AU",-33.684399,121.822998,Australia
PPN,"Popayan, CO",2.4544,-76.6093,Colombia
LGI,"Deadman's Cay, Long, BS",23.17900085,-75.09359741,Bahamas
YQG,"Windsor, ON, CA",42.27560043,-82.95559692,Canada
LCJ,"Lodz, PL",51.72190094,19.3980999,Poland
NEU,"Sam Neua, LA",20.41839981,104.0670013,Laos
SON,"Luganville, VU",-15.50500011,167.2200012,Vanuatu
CDT,"Castellon de la Plana, ES",40.213889,0.073333,Spain
GHB,"Governor's Harbour, BS",25.28470039,-76.33100128,Bahamas
KNU,"Kanpur, IN",26.404301,80.410103,India
QSF,"Setif, DZ",36.17810059,5.32449007,Algeria
PDS,"Piedras Negras, MX",28.627399,-100.535004,Mexico
SMA,"Santa Maria Island, PT",36.97140121,-25.17060089,Portugal
LRV,"Los Roques, VE",11.94999981,-66.66999817,Venezuela
LYC,"Lycksele, SE",64.5483017,18.71619987,Sweden
OST,"Oostende/Brugge , BE",51.19889832,2.862220049,Belgium
NYM,"Nadym, UF, RU",65.48090363,72.69889832,Russian Federation
BEB,"Benbecula, SC, GB",57.48109818,-7.362780094,United Kingdom
SKK,"Shaktoolik, AK, US",64.37110138,-161.223999,United States
SWF,"New York, NY, US",41.5041008,-74.10479736,United States
HOM,"Homer, AK, US",59.64559937,-151.477005,United States
MTM,"Metlakatla, AK, US",55.131001,-131.578003,United States
GPI,"Guapi, CO",2.57013,-77.8986,Colombia
ULH,"Alula, SA",26.48,38.12888889,Saudi Arabia
PQS,"Pilot Station, AK, US",,,United States
LNJ,"Lincang, CN",23.73810005,100.0250015,China
SHM,"Nanki Shirahama, JP",33.66220093,135.3639984,Japan
CBQ,"Calabar, NG",4.976019859,8.347200394,Nigeria
PDT,"Pendleton, OR, US",45.69509888,-118.8410034,United States
HAC,"Hachijojima, JP",33.11500168,139.7859955,Japan
MSS,"Massena, NY, US",44.93579865,-74.84559631,United States
AEI,"Algeciras, ES",36.12888,-5.441118,Spain
LAO,"Laoag, PH",18.17810059,120.5319977,Philippines
MRE,"Masai Mara, KE",-1.406111,35.008057,Kenya
ONJ,"Odate Noshiro, JP",40.19189835,140.3710022,Japan
PVA,"Providencia Island, CO",13.3569,-81.3583,Colombia
PYB,"Jeypore, IN",18.87999916,82.55200195,India
RUT,"Rutland, VT, US",43.52939987,-72.94960022,United States
SIG,"San Juan-Isla Grande, PR, US",18.45680046,-66.09809875,United States
SLK,"Saranac Lake, NY, US",44.38529968,-74.20619965,United States
SZK,"Skukuza, ZA",-24.96089935,31.58869934,South Africa
TRE,"Tiree, SC, GB",56.49919891,-6.869170189,United Kingdom
VAM,"Maamigili Island, MV",3.470555556,72.83583333,Maldives
CXJ,"Caxias do Sul, RS, BR",-29.19709969,-51.1875,Brazil
EYK,"Beloyarsky, UF, RU",63.686901,66.698601,Russian Federation
TTN,"Trenton, NJ, US",40.27669907,-74.81349945,United States
ZTB,"Tete a la Baleine, QC, CA",50.67440033,-59.38359833,Canada
AQJ,"Aqaba, JO",29.61160088,35.01810074,Jordan
MUE,"Kamuela, HI, US",20.00130081,-155.6679993,United States
ACT,"Waco, TX, US",31.61129951,-97.23049927,United States
SJT,"San Angelo, TX, US",31.35770035,-100.4960022,United States
TYR,"Tyler, TX, US",32.35409927,-95.40239716,United States
HAH,"Moroni-Hahaya, KM",-11.5337,43.2719,Comoros
LAW,"Lawton/Fort Sill, OK, US",34.56769943,-98.41660309,United States
HPA,"Ha'apai, Tonga Islan, TO",-19.77700043,-174.3410034,Tonga
KHX,"Kihihi, UG",,,Uganda
HUN,"Hualien, TW",24.0230999,121.6179962,Taiwan
KDO,"Kadhdhoo Island, MV",1.85916996,73.52189636,Maldives
XQP,"Quepos, CR",9.443160057,-84.12979889,Costa Rica
MRA,"Misurata, LY",,,Libya
KPO,"Pohang, KR",35.987955,129.420383,South Korea
OSD,"Are/Ostersund, SE",63.19440079,14.50030041,Sweden
DOD,"Dodoma, TZ",-6.170440197,35.75260162,Tanzania
DRG,"Deering, AK, US",66.06960297,-162.7660065,United States
ZOS,"Osorno, CL",-40.61119843,-73.06099701,Chile
PGV,"Greenville, NC, US",35.6352005,-77.38529968,United States
BQK,"Brunswick, GA, US",31.25880051,-81.46649933,United States
TBB,"Tuy Hoa, VN",13.04959965,109.3339996,Vietnam
RNB,"Ronneby/Karlskrona, SE",56.26670074,15.26500034,Sweden
GWL,"Gwalior, IN",26.29330063,78.22779846,India
ZBR,"Chah Bahar, IR",25.44330025,60.38209915,Iran
AKP,"Anaktuvuk Pass, AK, US",68.13359833,-151.7429962,United States
MLL,"Marshall, AK, US",61.86429977,-162.026001,United States
MOU,"Mountain Village, AK, US",62.09540176,-163.6820068,United States
TAL,"Tanana, AK, US",,,United States
JNZ,"Jinzhou, CN",41.10139847,121.0619965,China
YAT,"Attawapiskat, ON, CA",52.92750168,-82.43190002,Canada
PES,"Petrozavodsk, NF, RU",61.8852005,34.15470123,Russian Federation
KDU,"Skardu, PK",35.33549881,75.53600311,Pakistan
KLU,"Klagenfurt, AT",46.642502,14.3377,Austria
RAS,"Rasht, IR",37.323333,49.617778,Iran
MSU,"Maseru, LS",-29.46229935,27.55249977,Lesotho
MZL,"Manizales, CO",5.0296,-75.4647,Colombia
NHV,"Nuku Hiva, PF",-8.795599937,-140.2290039,French Polynesia
LSE,"La Crosse, WI, US",43.879002,-91.256699,United States
GHA,"Ghardaia, DZ",32.38410187,3.79411006,Algeria
BGF,"Bangui, CF",4.398479939,18.51880074,Central African Republic
ABY,"Albany, GA, US",31.53549957,-84.19450378,United States
DHN,"Dothan, AL, US",31.32130051,-85.44960022,United States
VLD,"Valdosta, GA, US",30.78249931,-83.27670288,United States
PZI,"Panzhihua, CN",26.54,101.79852,China
SRY,"Sari, IR",36.63579941,53.1935997,Iran
TLN,"Toulon/Hyeres, FR",43.09730148,6.146029949,France
OOK,"Toksook Bay, AK, US",60.54140091,-165.0870056,United States
CPV,"Campina Grande, PB, BR",-7.26992,-35.8964,Brazil
LAB,"Lab Lab, PG",,,Papua New Guinea
SHL,"Shillong, IN",25.70359993,91.97869873,India
FYN,"Fuyun, CN",46.804169,89.512006,China
BLZ,"Blantyre, MW",-15.67910004,34.97399902,Malawi
UMD,"Uummannaq, GL",70.68042793,-52.11163044,Greenland
JQA,"Qaarsut, GL",70.73419952,-52.69620132,Greenland
REL,"Trelew, CB, AR",-43.2105,-65.2703,Argentina
WVB,"Walvis Bay, NA",-22.9799,14.6453,Namibia
POL,"Pemba, MZ",-12.99176216,40.52401352,Mozambique
FLO,"Florence, SC, US",34.1853981,-79.72389984,United States
TLU,"Tolu, CO",9.50945,-75.5854,Colombia
AXF,"Alxa Left Banner, CN",38.74831,105.58858,China
SGD,"Sonderborg, DK",54.96440125,9.791729927,Denmark
LPT,"Lampang, TH",18.27090073,99.5042038,Thailand
KYZ,"Kyzyl, IF, RU",51.66939926,94.40059662,Russian Federation
YGP,"Gaspe, QC, CA",48.77529907,-64.47859955,Canada
GAM,"Gambell, AK, US",63.76679993,-171.7330017,United States
KKA,"Koyuk, AK, US",64.9394989,-161.154007,United States
PHO,"Point Hope, AK, US",,,United States
SVA,"Savoonga, AK, US",63.68640137,-170.4929962,United States
CNM,"Carlsbad, NM, US",32.33750153,-104.2630005,United States
GRI,"Grand Island, NE, US",40.96749878,-98.30960083,United States
KNW,"New Stuyahok, AK, US",59.44990158,-157.3280029,United States
PCN,"Picton, NZ",-41.34609985,173.9559937,New Zealand
CNQ,"Corrientes, CR, AR",-27.4455,-58.7619,Argentina
ROR,"Koror, Palau Island, PW",7.36731,134.544236,Palau
CCF,"Carcassonne, FR",43.2159996,2.306319952,France
MHQ,"Mariehamn, Aland Is., FI",60.12220001,19.89819908,Finland
HQQ,"An Yang, CN",,,China
LOK,"Lodwar, KE",3.121969938,35.6086998,Kenya
LRH,"La Rochelle, FR",46.17919922,-1.195279956,France
TOG,"Togiak, AK, US",59.05279922,-160.3970032,United States
TWA,"Twin Hills, AK, US",,,United States
WNH,"Wenshan, CN",,,China
EDO,"Edremit, TR",39.55459976,27.01379967,Turkiye
HGI,"Itanagar, IN",10.529167,32.500556,India
SJZ,"Sao Jorge Island, PT",38.66550064,-28.17580032,Portugal
VNX,"Vilankulos, MZ",-22.01840019,35.31330109,Mozambique
GTR,"Columbus, MS, US",33.45029831,-88.59140015,United States
GYU,"Guyuan, CN",36.07888889,106.2169444,China
MDG,"Mudanjiang, CN",44.52410126,129.5690002,China
NYO,"Stockholm, SE",58.78860092,16.91220093,Sweden
SCY,"San Cristobal Island, EC",-0.910206,-89.617401,Ecuador
SLN,"Salina, KS, US",38.79100037,-97.65219879,United States
CLQ,"Colima, MX",19.277,-103.577002,Mexico
JHS,"Sisimiut, GL",66.95130157,-53.72930145,Greenland
TIN,"Tindouf, DZ",27.7003994,-8.167099953,Algeria
BJZ,"Badajoz, ES",38.8913002,-6.82133007,Spain
MQF,"Magnitogorsk, VF, RU",53.39310074,58.75569916,Russian Federation
YQY,"Sydney, NS, CA",46.1614,-60.047798,Canada
PGA,"Page, AZ, US",36.92610168,-111.447998,United States
HIN,"Jinju, KR",35.088591,128.071747,South Korea
SYM,"Simao, CN",22.793301,100.959,China
TZL,"Tuzla, BA",44.45869827,18.72480011,Bosnia and Herzegovina
GOV,"Nhulunbuy, NT, AU",-12.26939964,136.8179932,Australia
HUO,"Huolinguole, CN",45.487222,119.407222,China
YYB,"North Bay, ON, CA",46.363602,-79.422798,Canada
BRL,"Burlington, IA, US",40.78319931,-91.12550354,United States
WAG,"Wanganui, NZ",-39.96220016,175.0249939,New Zealand
DMB,"Taraz, KZ",42.85359955,71.3035965,Kazakhstan
TNK,"Tununak, AK, US",,,United States
ROW,"Roswell, NM, US",33.30160141,-104.5309982,United States
ANR,"Antwerp, BE",51.18939972,4.460279942,Belgium
JEG,"Aasiaat, GL",68.72180176,-52.78469849,Greenland
SZH,"Shuozhou, CN",,,China
TPQ,"Tepic, MX",21.4195,-104.843002,Mexico
JJD,"Cruz, CE, BR",,,Brazil
PTG,"Polokwane, ZA",-23.845269,29.458615,South Africa
KRF,"Kramfors, SE",63.04859924,17.76889992,Sweden
LAF,"Lafayette, IN, US",40.41230011,-86.93689728,United States
TYL,"Talara, PE",-4.576640129,-81.25409698,Peru
KEK,"Ekwok, AK, US",,,United States
KGK,"Koliganek, AK, US",59.72660065,-157.2590027,United States
MFK,"Matsu-Beigan, TW",26.224199,120.002998,Taiwan
PKV,"Pskov, CF, RU",57.78390121,28.39559937,Russian Federation
CYZ,"Cauayan, PH",16.92989922,121.7529984,Philippines
JBR,"Jonesboro, AR, US",35.83169937,-90.64640045,United States
HRO,"Harrison, AR, US",36.26150131,-93.15470123,United States
RFD,"Rockford, IL, US",42.19540024,-89.09719849,United States
UCT,"Ukhta, NF, RU",63.56689835,53.80469894,Russian Federation
IPI,"Ipiales, CO",0.861925,-77.6718,Colombia
RJK,"Rijeka, HR",45.21689987,14.5703001,Croatia
KRN,"Kiruna, SE",67.8219986,20.33679962,Sweden
PNT,"Puerto Natales, CL",-51.67150116,-72.52839661,Chile
ELD,"El Dorado, AR, US",33.22100067,-92.81330109,United States
COD,"Cody, WY, US",44.52019882,-109.0240021,United States
LOH,"Loja, EC",-3.99589,-79.371902,Ecuador
UCB,"Ulanqab, CN",41.129722,113.108056,China
YBL,"Campbell River, BC, CA",49.95080185,-125.2710037,Canada
AGR,"Agra, IN",27.15579987,77.96089935,India
YVQ,"Norman Wells, NT, CA",65.28160095,-126.7979965,Canada
RHI,"Rhinelander, WI, US",45.63119888,-89.46749878,United States
LTO,"Loreto, MX",25.98920059,-111.3479996,Mexico
PLN,"Pellston, MI, US",45.57089996,-84.79669952,United States
OSY,"Namsos, NO",64.47219849,11.57859993,Norway
RVK,"Rorvik, NO",64.83830261,11.14610004,Norway
SDE,"Santiago Del Estero, SE, AR",-27.76555634,-64.30999756,Argentina
RDZ,"Rodez, FR",44.40790176,2.482670069,France
ALP,"Aleppo, SY",36.18069839,37.22439957,Syria
HOT,"Hot Springs, AR, US",34.47800064,-93.09619904,United States
VAV,"Vava'u, TO",-18.58530045,-173.9620056,Tonga
LWK,"Shetland Islands-Ler, SC, GB",60.19219971,-1.243610024,United Kingdom
GMB,"Gambela, ET",8.128760338,34.56309891,Ethiopia
PLX,"Semey, KZ",50.351295,80.234398,Kazakhstan
ERF,"Erfurt, DE",50.97980118,10.95810032,Germany
EWB,"New Bedford/Fall River, MA, US",41.67610168,-70.95690155,United States
ZAL,"Valdivia, CL",-39.65000153,-73.08609772,Chile
JMJ,"Lancang, CN",22.415833,99.786389,China
YWL,"Williams Lake, BC, CA",52.18310165,-122.0540009,Canada
RES,"Resistencia, CH, AR",-27.45,-59.0561,Argentina
YHY,"Hay River, NT, CA",60.83969879,-115.7829971,Canada
ANI,"Aniak, AK, US",61.58160019,-159.5429993,United States
KVK,"Kirovsk/Apatity, NF, RU",67.46330261,33.5882988,Russian Federation
ROP,"Rota, TR, US",14.17430019,145.2429962,United States
BRM,"Barquisimeto, VE",10.04274654,-69.35861969,Venezuela
BZR,"Beziers, FR",43.32350159,3.353899956,France
SPI,"Springfield, IL, US",39.84410095,-89.67790222,United States
KUV,"Gunsan, KR",35.90380096,126.6159973,South Korea
TQR,"San Domino Island, IT",,,Italy
TNH,"Tonghua, CN",42.25388889,125.7033333,China
BTI,"Barter Island, AK, US",70.13400269,-143.5820007,United States
ROV,"Rostov, SF, RU",47.493888,39.924722,Russian Federation
PFB,"Passo Fundo, RS, BR",-28.243999,-52.326599,Brazil
VIT,"Vitoria, ES",42.88280106,-2.7244699,Spain
EGS,"Egilsstadir, IS",65.28330231,-14.40139961,Iceland
WEI,"Weipa, QL, AU",-12.67860031,141.9250031,Australia
YUD,"Umiujaq, QC, CA",56.53609848,-76.51830292,Canada
SKO,"Sokoto, NG",12.91629982,5.207190037,Nigeria
KRW,"Turkmenbashi, TM",40.063301,53.007198,Turkmenistan
FYJ,"Fuyuan, CN",48.199494,134.366447,China
VAW,"Vardoe, NO",70.35540009,31.04490089,Norway
LZG,"Langzhong, CN",,,China
NUI,"Nuiqsut, AK, US",70.20999908,-151.0059967,United States
YDP,"Nain, NL, CA",56.54919815,-61.68030167,Canada
CBO,"Cotabato, PH",7.165239811,124.2099991,Philippines
YNP,"Natuashish, NL, CA",55.913898,-61.184399,Canada
KCY,"Krasnoyarsk, IF, RU",,,Russian Federation
MXZ,"Meixian, CN",24.35000038,116.1330032,China
BBK,"Kasane, BW",-17.83289909,25.16239929,Botswana
BJF,"Batsfjord, NO",70.60050201,29.69140053,Norway
BVG,"Berlevag, NO",70.871399,29.034201,Norway
HVG,"Honningsvag, NO",71.00969696,25.98360062,Norway
MEH,"Mehamn, NO",71.02970123,27.82670021,Norway
CBH,"Bechar, DZ",31.64570045,-2.269860029,Algeria
CIU,"Sault Ste. Marie, MI, US",46.25080109,-84.47239685,United States
AXU,"Axum, ET",14.14680004,38.77280045,Ethiopia
KSQ,"Qarshi, UZ",38.83359909,65.92150116,Uzbekistan
RNI,"Corn Island, NI",12.16289997,-83.063797,Nicaragua
SLI,"Solwezi, ZM",,,Zambia
CFN,"Donegal, IE",55.0442009,-8.340999603,Ireland
HHR,"Hawthorne, CA, US",33.922798,-118.334999,United States
BDU,"Bardufoss, NO",69.05580139,18.54039955,Norway
TNJ,"Tanjung Pinang, ID",0.922683001,104.5319977,Indonesia
WPL,"Bella Bella, BC, CA",,,Canada
NQU,"Nuqui, CO",5.6964,-77.2806,Colombia
KLL,"Levelock, AK, US",,,United States
GST,"Gustavus, AK, US",58.4253006,-135.7070007,United States
JSR,"Jessore, BD",23.18379974,89.16079712,Bangladesh
OBN,"Oban, SC, GB",56.46350098,-5.399670124,United Kingdom
GRW,"Graciosa Island, PT",39.09220123,-28.02980042,Portugal
GVR,"Governador Valadares, MG, BR",-18.89520073,-41.98220062,Brazil
YPA,"Prince Albert, SK, CA",53.21419907,-105.6729965,Canada
AMH,"Arba Minch, ET",6.039390087,37.59049988,Ethiopia
LIF,"Lifou, NC",-20.77479935,167.2400055,New Caledonia
LRR,"Lar, IR",27.67469978,54.38330078,Iran
CKB,"Clarksburg, WV, US",39.29660034,-80.22810364,United States
LRM,"La Romana, DO",18.45070076,-68.91179657,Dominican Republic
JBQ,"Santo Domingo, DO",18.57250023,-69.98560333,Dominican Republic
BFV,"Buriram, TH",15.22949982,103.2529984,Thailand
VIG,"El Vigia, VE",8.624139,-71.672668,Venezuela
UYU,"GraUyuni, BO",-20.44630051,-66.8483963,Bolivia
CGA,"Craig, AK, US",,,United States
KTB,"Thorne Bay, AK, US",,,United States
PPQ,"Paraparaumu, NZ",-40.90470123,174.9889984,New Zealand
KAO,"Kuusamo, FI",65.98760223,29.23940086,Finland
OHD,"Ohrid, MK",41.18,20.7423,Macedonia
CPE,"Campeche, MX",19.81679916,-90.50029755,Mexico
MYP,"Mary, TM",37.6194,61.896702,Turkmenistan
BVE,"Brive-la-Gaillarde, FR",45.039722,1.485556,France
IIL,"Ilam, IR",33.58660126,46.40480042,Iran
CSK,"Cap Skiring, SN",12.39533,-16.748,Senegal
EGC,"Bergerac, FR",44.82529831,0.518611014,France
IZA,"Juiz de Fora, MG, BR",-21.5130558,-43.17305756,Brazil
SCU,"Santiago de Cuba, CU",19.96980095,-75.83540344,Cuba
TDX,"Trat, TH",12.27460003,102.3190002,Thailand
UAQ,"San Juan, SJ, AR",-31.571501,-68.418198,Argentina
AKR,"Akure, NG",7.246739864,5.301010132,Nigeria
DJG,"Djanet, DZ",24.292801,9.45244,Algeria
CMX,"Hancock, MI, US",47.16839981,-88.4890976,United States
PRC,"Prescott, AZ, US",34.65449905,-112.4199982,United States
MSK,"Puerto Gaitan, CO",,,Colombia
DBC,"Baicheng, CN",45.505278,123.019722,China
OZZ,"Ouarzazate, MA",30.93910027,-6.909430027,Morocco
USK,"Usinsk, NF, RU",66.00469971,57.36719894,Russian Federation
KXB,"Kolaka, ID",,,Indonesia
WGP,"Waingapu, ID",-9.66922,120.302002,Indonesia
SWQ,"Sumbawa, ID",-8.489040375,117.4120026,Indonesia
RKZ,"Xigaze/Rikaze, CN",29.3519,89.311401,China
YTQ,"Tasiujaq, QC, CA",58.6678009,-69.95580292,Canada
YZG,"Salluit, QC, CA",62.1794014,-75.66719818,Canada
ZQZ,"Zhangjiakou, CN",40.73860168,114.9300003,China
KUA,"Kuantan, MY",3.77538991,103.2089996,Malaysia
LLF,"Yongzhou, CN",26.338661,111.610043,China
CME,"Ciudad del Carmen, MX",18.65369987,-91.7990036,Mexico
SRP,"Stord, NO",59.79190063,5.340849876,Norway
DIE,"Antsiranana, MG",-12.34939957,49.29169846,Madagascar
GUP,"Gallup, NM, US",35.51110077,-108.7890015,United States
MOF,"Maumere, ID",-8.640649796,122.2369995,Indonesia
YCB,"Cambridge Bay, NU, CA",69.10810089,-105.1380005,Canada
MUA,"Munda, SB",-8.327969551,157.2630005,Solomon Islands
LUW,"Luwuk, ID",-1.03892,122.772003,Indonesia
YGL,"La Grande Riviere, QC, CA",53.62530136,-77.70420074,Canada
FNI,"Nimes, FR",43.75740051,4.416349888,France
OSI,"Osijek, HR",45.46269989,18.81019974,Croatia
SUA,"Stuart, FL, US",27.18169975,-80.22109985,United States
LIJ,"Lishui, CN",,,China
GSI,"Grand-Santi, GF",4.285833,-54.373056,French Guiana
KER,"Kerman, Iran, IR",30.27440071,56.9510994,Iran
CAT,"Cascais, PT",38.724998,-9.35523,Portugal
ASV,"Amboseli, KE",-2.645050049,37.25310135,Kenya
DZN,"Zhezkazgan, KZ",47.708302,67.733299,Kazakhstan
LWS,"Lewiston, ID, US",46.37450027,-117.0149994,United States
BSK,"Biskra, DZ",34.79330063,5.738230228,Algeria
KWM,"Kowanyama, QL, AU",-15.48560047,141.7510071,Australia
SFJ,"Kangerlussuaq, GL",67.0122219,-50.71160316,Greenland
VLN,"Valencia, VE",10.14973259,-67.92839813,Venezuela
GWT,"Westerland, DE",54.91320038,8.340470314,Germany
NAW,"Narathiwat, TH",6.519919872,101.7429962,Thailand
VIJ,"Virgin Gorda, VG",18.44639969,-64.42749786,British Virgin Islands
ADU,"Ardabil, IR",38.32569885,48.42440033,Iran
VHM,"Vilhelmina, SE",64.57910156,16.83359909,Sweden
ABR,"Aberdeen, SD, US",45.44910049,-98.42179871,United States
NME,"Nightmute, AK, US",60.47100067,-164.701004,United States
WWT,"Newtok, AK, US",,,United States
BUW,"Baubau, ID",-5.486879826,122.5690002,Indonesia
OXB,"Bissau, GW",11.89480019,-15.65369987,Guinea Bissau
HNM,"Hana/ Maui, HI, US",20.79560089,-156.0140076,United States
CLD,"San Diego, CA, US",33.12829971,-117.2799988,United States
FLS,"Flinders Island, TS, AU",-40.09170151,147.9929962,Australia
AKV,"Akulivik, QC, CA",60.8185997,-78.14859772,Canada
SHC,"Indaselassie, ET",,,Ethiopia
MZR,"Mazar-e-Sharif, AF",36.70690155,67.20970154,Afghanistan
YPJ,"Aupaluk, QC, CA",59.29669952,-69.59970093,Canada
FVM,"Fuvahmulak Island, MV",,,Maldives
VRL,"Vila Real, PT",41.2743,-7.72047,Portugal
VSE,"Viseu, PT",40.725498,-7.88899,Portugal
KEU,"Maasai Mara, KE",,,Kenya
GHV,"Brasov, RO",,,Romania
CWJ,"Cangyuan, CN",23.273889,99.373611,China
IWJ,"Masuda, JP",34.67639923,131.7899933,Japan
JIK,"Ikaria Island, GR",37.68270111,26.3470993,Greece
CYS,"Cheyenne, WY, US",41.15570068,-104.8119965,United States
SHR,"Sheridan, WY, US",44.76919937,-106.9800034,United States
AJR,"Arvidsjaur, SE",65.59030151,19.28190041,Sweden
YKH,"Yingkou, CN",40.542524,122.3586,China
ABL,"Ambler, AK, US",67.1063,-157.856989,United States
BEF,"Bluefields, NI",11.99100018,-83.77410126,Nicaragua
BKC,"Buckland, AK, US",65.9815979,-161.1490021,United States
CDP,"Cuddapah, IN",14.51,78.772778,India
ELI,"Elim, AK, US",64.61470032,-162.2720032,United States
GCC,"Gillette, WY, US",44.34889984,-105.5390015,United States
GDV,"Glendive, MT, US",47.13869858,-104.8069992,United States
GER,"Nueva Gerona, CU",21.83469963,-82.78379822,Cuba
GGM,"Kakemega, KE",0.271342009,34.78730011,Kenya
GGW,"Glasgow, MT, US",48.212502,-106.614998,United States
GLV,"Golovin, AK, US",64.55049896,-163.0070038,United States
HOB,"Hobbs, NM, US",32.6875,-103.2170029,United States
HVR,"Havre, MT, US",48.54299927,-109.762001,United States
IXW,"Jamshedpur, IN",22.8132,86.1688,India
KTS,"Brevig Mission, AK, US",65.33129883,-166.4660034,United States
KVL,"Kivalina, AK, US",67.73619843,-164.5630035,United States
MMD,"Minamidaito, JP",25.8465004,131.2630005,Japan
NTQ,"Wajima, JP",37.29309845,136.9620056,Japan
OBU,"Kobuk, AK, US",66.91230011,-156.8970032,United States
OCC,"Coca, EC",-0.462886006,-76.98680115,Ecuador
OKI,"Oki, JP",36.18109894,133.3249969,Japan
OLF,"Wolf Point, MT, US",48.0945015,-105.5749969,United States
PNY,"Pondicherry, IN",11.968,79.812,India
RSD,"Rock Sound, BS",24.89507873,-76.17688179,Bahamas
SHG,"Shungnak, AK, US",66.88809967,-157.1620026,United States
SHH,"Shishmaref, AK, US",66.249604,-166.089112,United States
SHW,"Sharurah, SA",17.46689987,47.12139893,Saudi Arabia
SIP,"Simferopol, UA",45.05220032,33.97510147,Ukraine
THS,"Sukhothai, TH",17.23800087,99.81819916,Thailand
TJH,"Toyooka, JP",35.51279831,134.7870026,Japan
TLA,"Teller, AK, US",65.24040222,-166.3390045,United States
TRA,"Tarama, JP",24.65390015,124.6750031,Japan
WJU,"Wonju, KR",37.441201,127.963858,South Korea
WLK,"Selawik, AK, US",66.60009766,-159.9859924,United States
WMO,"White Mountain, AK, US",64.68920136,-163.4129944,United States
WTK,"Noatak, AK, US",67.56610107,-162.9750061,United States
GCK,"Garden City, KS, US",37.92750168,-100.723999,United States
RIW,"Riverton, WY, US",43.06420136,-108.4599991,United States
RKS,"Rock Springs, WY, US",41.5942,-109.065001,United States
SPS,"Wichita Falls, TX, US",33.9888,-98.491898,United States
SUX,"Sioux City, IA, US",42.40259933,-96.38439941,United States
SWO,"Stillwater, OK, US",36.16120148,-97.08570099,United States
SZE,"Semera, ET",,,Ethiopia
YEI,"Bursa, TR",40.25519943,29.56259918,Turkiye
ALW,"Walla Walla, WA, US",46.09489822,-118.288002,United States
BJI,"Bemidji, MN, US",47.50939941,-94.93370056,United States
BPT,"Beaumont/Port Arthur, TX, US",29.95079994,-94.02069855,United States
GGG,"Longview, TX, US",32.38399887,-94.71150208,United States
IMT,"Iron Mountain/Kingsfd, MI, US",45.81840134,-88.11450195,United States
IOA,"Ioannina, GR",39.69639969,20.82250023,Greece
JST,"Johnstown, PA, US",40.31610107,-78.83390045,United States
MGW,"Morgantown, WV, US",39.64289856,-79.91629791,United States
TXK,"Texarkana, AR, US",33.45370102,-93.99099731,United States
JLN,"Joplin, MO, US",37.15179825,-94.49829865,United States
RVE,"Saravena, CO",6.951868,-71.857179,Colombia
YKM,"Yakima, WA, US",46.56819916,-120.5439987,United States
YQC,"Quaqtaq, QC, CA",61.04639816,-69.61779785,Canada
YWB,"Kangiqsujuaq, QC, CA",61.58860016,-71.92939758,Canada
CDV,"Cordova, AK, US",60.4917984,-145.4779968,United States
PSG,"Petersburg, AK, US",56.80170059,-132.9450073,United States
TUP,"Tupelo, MS, US",34.26810074,-88.76989746,United States
WRG,"Wrangell, AK, US",56.48429871,-132.3699951,United States
YAK,"Yakutat, AK, US",59.50329971,-139.6600037,United States
SFL,"Sao Filipe, CV",14.88500023,-24.47999954,Cape Verde
YIK,"Ivujivik, QC, CA",62.41730118,-77.9253006,Canada
WYA,"Whyalla, SA, AU",-33.05889893,137.5140076,Australia
ART,"Watertown, NY, US",43.9919014,-76.021698,United States
JSH,"Sitia, GR",35.21609879,26.10129929,Greece
LPI,"Linkoping, SE",58.40620041,15.68050003,Sweden
CPC,"San Martin los Andes, NE, AR",-40.075401,-71.137299,Argentina
UUA,"Bugulma, VF, RU",54.63999939,52.80170059,Russian Federation
SVZ,"San Antonio Tachira, VE",7.840829849,-72.43969727,Venezuela
YXP,"Pangnirtung, NU, CA",66.14499664,-65.71360016,Canada
TWF,"Twin Falls, ID, US",42.4818,-114.487999,United States
CLP,"Clarks Point, AK, US",58.83369827,-158.529007,United States
KMO,"Manokotak, AK, US",58.99020004,-159.0500031,United States
SKX,"Saransk, VF, RU",54.1251297,45.21225739,Russian Federation
KLR,"Kalmar, SE",56.6855011,16.28759956,Sweden
BTM,"Butte, MT, US",45.95479965,-112.4970016,United States
MIU,"Maiduguri, NG",11.85529995,13.08090019,Nigeria
BSC,"Bahia Solano, CO",6.20292,-77.3947,Colombia
EDR,"Pormpuraaw, QL, AU",-14.896451,141.60908,Australia
IAN,"Kiana, AK, US",66.97599792,-160.4369965,United States
ORV,"Noorvik, AK, US",66.81790161,-161.0189972,United States
TMH,"Tanahmerah, ID",-6.099219799,140.2980042,Indonesia
ZRI,"Serui, ID",,,Indonesia
HDK,"Kulhudhuffushi, MV",,,Maldives
CSG,"Columbus, GA, US",32.5163002,-84.93890381,United States
LOE,"Loei, TH",17.43910027,101.7220001,Thailand
TWT,"Tawi Tawi Island, PH",5.046991,119.742996,Philippines
HSL,"Huslia, AK, US",65.69789886,-156.3509979,United States
NUL,"Nulato, AK, US",64.729301,-158.074005,United States
PPK,"Petropavlovsk, KZ",54.77470016,69.18389893,Kazakhstan
PUB,"Pueblo, CO, US",38.28910065,-104.4970016,United States
TUO,"Taupo, NZ",-38.73970032,176.0839996,New Zealand
CYI,"Chiayi, TW",23.46179962,120.3929977,Taiwan
LYR,"Longyearbyen, NO",78.24610138,15.46560001,Norway
MYQ,"Mysore, IN",12.23,76.655833,India
XNT,"Xingtai, CN",,,China
GNB,"Lyon, FR",45.36289978,5.329370022,France
IKI,"Iki, JP",33.74900055,129.7850037,Japan
JSA,"Jaisalmer, IN",26.88870049,70.86499786,India
BJW,"Bajawa, ID",-8.70743498,121.0574269,Indonesia
CJM,"Chumphon, TH",10.71119976,99.36170197,Thailand
DIK,"Dickinson, ND, US",46.79740143,-102.802002,United States
YSQ,"Songyuan, CN",44.938114,124.550178,China
BGG,"Bingol, TR",38.85926056,40.59596252,Turkiye
DND,"Dundee, SC, GB",56.45249939,-3.02583003,United Kingdom
LDH,"Lord Howe Island, NS, AU",-31.53829956,159.0769959,Australia
PSE,"Ponce, PR, US",18.00830078,-66.56300354,United States
OGL,"Georgetown, GY",6.80628,-58.1059,Guyana
QRW,"Warri, NG",5.59611,5.81778,Nigeria
CIY,"Comiso, IT",36.994601,14.607182,Italy
WNP,"Naga, PH",13.5848999,123.2699966,Philippines
KQA,"Akutan, AK, US",54.13377044,-165.7788956,United States
YVZ,"Deer Lake, ON, CA",52.65579987,-94.06140137,Canada
DTU,"Wudalianchi, CN",48.445,126.133,China
LLB,"Libo, CN",25.4525,107.961667,China
PDP,"Punta Del Este, UY",-34.85509872,-55.09429932,Uruguay
EBA,"Elba Island, IT",42.7603,10.2394,Italy
GXH,"Xiahe, CN",34.8105,102.6447,China
SLV,"Shimla, IN",31.0818,77.068001,India
NRR,"Ceiba, PR, US",18.24530029,-65.6434021,United States
PJM,"Puerto Jimenez, CR",8.533329964,-83.30000305,Costa Rica
PTX,"Pitalito, CO",1.85777,-76.0857,Colombia
YSF,"Stony Rapids, SK, CA",59.25030136,-105.8410034,Canada
ALO,"Waterloo, IA, US",42.55709839,-92.40029907,United States
YIE,"Aershan, CN",47.3106,119.9117,China
PKE,"Parkes, NS, AU",-33.13140106,148.2389984,Australia
BRR,"Barra, SC, GB",57.0228,-7.44306,United Kingdom
TMP,"Tampere, FI",61.41410065,23.60440063,Finland
GDZ,"Gelendzhik, SF, RU",44.58209263,38.01248074,Russian Federation
YZZ,"Trail, BC, CA",49.05559921,-117.6090012,Canada
BOR,"Muang Ton Pheung, LA",47.6556015,7.010829926,Laos
HAD,"Halmstad, SE",56.69110107,12.82019997,Sweden
MXQ,"Cairu, BA, BR",,,Brazil
TKE,"Tenakee, AK, US",,,United States
LAL,"Lakeland, FL, US",27.988899,-82.018602,United States
ATY,"Watertown, SD, US",44.91400146,-97.15470123,United States
NRA,"Narrandera, NS, AU",-34.70220184,146.5119934,Australia
KUU,"Kullu, IN",31.87669945,77.15440369,India
EAT,"Wenatchee, WA, US",47.39889908,-120.2070007,United States
MNG,"Maningrida, NT, AU",-12.05609989,134.2339935,Australia
WTB,"Toowoomba, QL, AU",-27.558332,151.793335,Australia
YHS,"Sechelt, BC, CA",,,Canada
GIL,"Gilgit, PK",35.91880035,74.33360291,Pakistan
IRG,"Lockhart Rivers, QL, AU",-12.7869,143.304993,Australia
XGR,"Kangiqsualujjuaq, QC, CA",58.71139908,-65.99279785,Canada
PIR,"Pierre, SD, US",44.38270187,-100.2860031,United States
TJU,"Kulob, TJ",37.98809814,69.80500031,Tajikistan
INL,"International Falls, MN, US",48.56620026,-93.40309906,United States
GUR,"Alotau, PG",-10.3114996,150.3339996,Papua New Guinea
MFU,"Mfuwe, ZM",-13.25889969,31.93659973,Zambia
NEV,"Nevis, KN",17.20569992,-62.58990097,Saint Kitts and Nevis
BLJ,"Batna, DZ",35.7521019,6.308589935,Algeria
KVC,"King Cove, AK, US",55.11629868,-162.2660065,United States
MSL,"Muscle Shoals/Florence, AL, US",34.74530029,-87.61019897,United States
DVL,"Devils Lake, ND, US",48.11420059,-98.90879822,United States
JMS,"Jamestown, ND, US",46.92969894,-98.67819977,United States
OKL,"Oksibil, ID",-4.9071,140.6277,Indonesia
KMV,"Kalemyo, MM",23.18880081,94.05110168,Myanmar
YDA,"Dawson City, YT, CA",64.04309845,-139.128006,Canada
YTH,"Thompson, MB, CA",55.80110168,-97.86419678,Canada
MAU,"Maupiti, PF",-16.42650032,-152.2440033,French Polynesia
TIU,"Timaru, NZ",-44.30279922,171.2250061,New Zealand
YWJ,"Deline, NT, CA",65.21109772,-123.435997,Canada
PEC,"Pelican, AK, US",,,United States
JUV,"Upernavik, GL",72.79019928,-56.13059998,Greenland
EAU,"Eau Claire, WI, US",44.86579895,-91.48429871,United States
PSM,"Portsmouth, NH, US",43.07789993,-70.82330322,United States
AIA,"Alliance, NE, US",42.05319977,-102.8040009,United States
RBY,"Ruby, AK, US",64.72720337,-155.4700012,United States
BRA,"Barreiras, BA, BR",-12.07890034,-45.00899887,Brazil
LWB,"Lewisburg, WV, US",37.85829926,-80.39949799,United States
VNY,"Los Angeles, CA, US",34.20980072,-118.4899979,United States
YNA,"Natashquan, QC, CA",50.18999863,-61.78919983,Canada
MJN,"Mahajanga, MG",-15.66684174,46.35123253,Madagascar
UBA,"Uberaba, MG, BR",-19.76472282,-47.96611023,Brazil
NLI,"Nikolayevsk-na-Amure, FF, RU",53.154999,140.649994,Russian Federation
PGH,"Pantnagar, IN",29.03339958,79.47370148,India
UPN,"Uruapan, MX",19.39669991,-102.0390015,Mexico
NLD,"Nuevo Laredo, MX",27.44389915,-99.57050323,Mexico
IFJ,"Isafjordur, IS",66.05809784,-23.13529968,Iceland
UKE,"Utkela, IN",,,India
WKA,"Wanaka, NZ",-44.72219849,169.2460022,New Zealand
IBA,"Ibadan, NG",7.362460136,3.978329897,Nigeria
ERH,"Errachidia, MA",31.94750023,-4.398330212,Morocco
BRD,"Brainerd, MN, US",46.39830017,-94.13809967,United States
APN,"Alpena, MI, US",45.0780983,-83.56030273,United States
CDC,"Cedar City, UT, US",37.70100021,-113.098999,United States
CGI,"Cape Girardeau, MO, US",37.22529984,-89.57080078,United States
ESC,"Escanaba, MI, US",45.72269821,-87.09369659,United States
ALS,"Alamosa, CO, US",37.434898,-105.866997,United States
DDC,"Dodge City, KS, US",37.76340103,-99.96559906,United States
DEC,"Decatur, IL, US",39.83459854,-88.86569977,United States
FOD,"Fort Dodge, IA, US",42.55149841,-94.19259644,United States
HIB,"Hibbing/Chisholm, MN, US",47.38660049,-92.83899689,United States
HYS,"Hays, KS, US",38.84220123,-99.27320099,United States
LAR,"Laramie, WY, US",41.31209946,-105.6750031,United States
LBL,"Liberal, KS, US",37.0442009,-100.9599991,United States
MCK,"Mc Cook, NE, US",40.20629883,-100.5920029,United States
MCW,"Mason City, IA, US",43.15779877,-93.33129883,United States
MEI,"Meridian, MS, US",32.33259964,-88.75189972,United States
MKG,"Muskegon, MI, US",43.16949844,-86.23819733,United States
PIB,"Hattiesburg/Laurel, MS, US",31.46710014,-89.33709717,United States
YMX,"Montreal-Mirabel, QC, CA",45.679501,-74.038696,Canada
BFF,"Scottsbluff, NE, US",41.87400055,-103.5960007,United States
CDR,"Chadron, NE, US",42.83760071,-103.0950012,United States
CNY,"Moab, UT, US",38.75500107,-109.7549973,United States
CVN,"Clovis, NM, US",34.42509842,-103.0790024,United States
EAR,"Kearney, NE, US",,,United States
IRK,"Kirksville, MO, US",40.09349823,-92.54489899,United States
IWD,"Ironwood, MI, US",,,United States
LBF,"North Platte, NE, US",41.12620163,-100.6839981,United States
MCN,"Macon, GA, US",32.69279861,-83.64920044,United States
MKL,"Jackson, TN, US",35.599899,-88.915604,United States
MWA,"Marion, IL, US",37.75500107,-89.01110077,United States
OWB,"Owensboro, KY, US",37.74010086,-87.16680145,United States
PAH,"Paducah, KY, US",37.06079865,-88.77380371,United States
PKB,"Parkersburg, WV, US",39.3451004,-81.43920135,United States
TBN,"Ft. Leonard Wood, MO, US",37.74160004,-92.14070129,United States
TVF,"Thief River Falls, MN, US",48.06570053,-96.18499756,United States
VRY,"Vaeroy, NO",67.654555,12.727257,Norway
YVB,"Bonaventure, QC, CA",48.07109833,-65.46029663,Canada
CTL,"Charleville, QL, AU",-26.41329956,146.2619934,Australia
KLF,"Kaluga, CF, RU",54.54999924,36.3666687,Russian Federation
SHD,"Staunton/Waynesboro, VA, US",38.26380157,-78.89640045,United States
SOW,"Show Low, AZ, US",34.26549912,-110.0059967,United States
VEL,"Vernal, UT, US",40.4408989,-109.5100021,United States
CBT,"Catumbela, AO",-12.4792,13.4869,Angola
YBC,"Baie Comeau, QC, CA",49.13249969,-68.20439911,Canada
ZFN,"Tulita, NT, CA",64.909697,-125.572998,Canada
AHU,"Al Hoceima, MA",35.17710114,-3.839519978,Morocco
RSI,"Red Sea Project, SA",,,Saudi Arabia
IPT,"Williamsport, PA, US",41.2417984,-76.9210968,United States
PMY,"Puerto Madryn, CB, AR",-42.7592,-65.1027,Argentina
UMB,"Kalumbila, ZM",,,Zambia
YKU,"Chisasibi, QC, CA",53.80559921,-78.91690063,Canada
AOO,"Altoona, PA, US",40.29639816,-78.31999969,United States
YFS,"Ft. Simpson, NT, CA",61.7602005,-121.2369995,Canada
YMN,"Makkovik, NL, CA",55.07690048,-59.18640137,Canada
YYY,"Mont-Joli, QC, CA",48.60860062,-68.20809937,Canada
YHO,"Hopedale, NL, CA",55.44829941,-60.22859955,Canada
YRG,"Rigolet, NL, CA",54.17969894,-58.45750046,Canada
YSO,"Postville, NL, CA",54.9105,-59.78507,Canada
BSO,"Basco, PH",20.4513,121.980003,Philippines
RET,"Rost, NO",67.52780151,12.10330009,Norway
SFN,"Santa Fe, SF, AR",-31.7117,-60.8117,Argentina
IAR,"Yaroslavl, CF, RU",57.56069946,40.15739822,Russian Federation
ILY,"Islay, SC, GB",55.68190002,-6.256669998,United Kingdom
BDD,"Badu Island, QL, AU",-10.14999962,142.1734,Australia
HKK,"Hokitika, NZ",-42.71360016,170.9850006,New Zealand
KUG,"Kubin, QL, AU",-10.22500038,142.2180023,Australia
MHC,"Castro, CL",-42.340388,-73.715693,Chile
RRS,"Roros, NO",62.57839966,11.34230042,Norway
NTN,"Normanton, QL, AU",-17.68409,141.069664,Australia
ONG,"Mornington Island, QL, AU",-16.66250038,139.1779938,Australia
SOJ,"Sorkjosen, NO",69.78679657,20.95940018,Norway
AIN,"Wainwright, AK, US",70.63800049,-159.9949951,United States
ATK,"Atqasuk, AK, US",70.46730042,-157.4360046,United States
OMO,"Mostar, BA",43.28290176,17.84589958,Bosnia and Herzegovina
SIS,"Sishen, ZA",-27.64859962,22.9993,South Africa
FAV,"Fakarava, PF",-16.05410004,-145.6569977,French Polynesia
JGA,"Jamnagar, IN",22.46549988,70.01260376,India
RMZ,"Tobolsk, UF, RU",,,Russian Federation
YOL,"Yola, NG",9.25755024,12.43039989,Nigeria
KGP,"Kogalym, UF, RU",62.19039917,74.53379822,Russian Federation
RCB,"Richards Bay, ZA",-28.74099922,32.09209824,South Africa
YBK,"Baker Lake, NU, CA",64.29889679,-96.07779694,Canada
YEK,"Arviat, NU, CA",61.09420013,-94.07080078,Canada
ZVK,"Savannakhet, LA",16.55660057,104.7600021,Laos
LEA,"Learmonth, WA, AU",-22.23559952,114.0889969,Australia
URE,"Kuressaare, EE",58.22990036,22.5095005,Estonia
RIS,"Rishiri, JP",45.24200058,141.1860046,Japan
MBL,"Manistee, MI, US",44.2723999,-86.24690247,United States
YKO,"Hakkari, TR",37.5497,44.2381,Turkiye
CTC,"Catamarca, CA, AR",-28.59560013,-65.75170136,Argentina
GNJ,"Ganja, AZ",,,Azerbaijan
HJR,"Khajuraho, IN",24.81719971,79.91860199,India
KDL,"Kardla, EE",58.99079895,22.83069992,Estonia
CYP,"Calbayog, PH",12.07269955,124.5449982,Philippines
OLP,"Olympic Dam, SA, AU",-30.48500061,136.8769989,Australia
SDD,"Lubango, AO",-14.92469978,13.57499981,Angola
CDE,"Chengde, CN",41.1225,118.073889,China
VCT,"Victoria, TX, US",28.8526001,-96.91850281,United States
IRJ,"La Rioja, LR, AR",-29.38159943,-66.79579926,Argentina
MAM,"Matamoros, MX",25.76989937,-97.52529907,Mexico
PNI,"Pohnpei, FM",6.985099792,158.2089996,Micronesia
IWA,"Ivanovo, CF, RU",56.93939972,40.94079971,Russian Federation
KVG,"Kavieng, PG",-2.579400063,150.8079987,Papua New Guinea
AET,"Allakaket, AK, US",66.55180359,-152.621994,United States
PCP,"Principe Is. , ST",1.662940025,7.411739826,Sao Tome and Principe
ARU,"Aracatuba, SP, BR",-21.1413002,-50.42470169,Brazil
LRS,"Leros, GR",37.184898,26.800301,Greece
CVQ,"Carnarvon, WA, AU",-24.880211,113.67174,Australia
YBG,"Saguenay Bagotville, QC, CA",48.33060074,-70.99639893,Canada
OSW,"Orsk, VF, RU",51.07249832,58.59560013,Russian Federation
DCY,"Daocheng, CN",29.323056,100.053333,China
DIQ,"Divinopolis, MG, BR",-20.1807003,-44.8708992,Brazil
GZO,"Gizo, SB",-8.097780228,156.8639984,Solomon Islands
IPC,"Easter Island, CL",-27.16480064,-109.4219971,Chile
CMF,"Chambery/Aix-les-Bains, FR",45.63809967,5.88022995,France
DIN,"Dien Bien Phu, VN",21.39749908,103.0080032,Vietnam
TBF,"Tabiteuea, KI",-1.224470019,174.776001,Kiribati
GBT,"Gorgon, IR",36.90940094,54.40129852,Iran
ARC,"Arctic Village, AK, US",68.1147,-145.578995,United States
LAK,"Aklavik, NT, CA",68.223297,-135.00599,Canada
AUQ,"Hiva Oa, PF",-9.768790245,-139.0110016,French Polynesia
CNP,"Neerlerit Inaat, GL",70.74310303,-22.65049934,Greenland
GMQ,"Golog, CN",34.418066,100.301144,China
KRT,"Khartoum, SD",15.58950043,32.55319977,Sudan
OBY,"Ittoqqortoormiit, GL",70.48822882,-21.97167993,Greenland
TAY,"Tartu, EE",58.30749893,26.69039917,Estonia
JAF,"Jaffna, LK",9.792329788,80.07009888,Sri Lanka
KXO,"Kisoro, UG",,,Uganda
OMM,"Marmul, OM",,,Oman
YPN,"Port-Menier, QC, CA",49.83639908,-64.28859711,Canada
ZLT,"La Tabatiere, QC, CA",50.8307991,-58.9756012,Canada
YPM,"Pikangikum, ON, CA",51.81969833,-93.97329712,Canada
CGM,"Camiguin Island, PH",9.253520012,124.7070007,Philippines
HAA,"Hasvik, NO",70.48670197,22.13969994,Norway
NYA,"Nyagan, UF, RU",62.110001,65.614998,Russian Federation
TLE,"Toliara, MG",-23.38339996,43.72850037,Madagascar
LUV,"Langgur, ID",-5.66162014,132.7310028,Indonesia
ABS,"Abu Simbel, EG",22.37599945,31.61170006,Egypt
ZSJ,"Sandy Lake, ON, CA",53.06420135,-93.3443985,Canada
AKY,"Sittwe, MM",20.13269997,92.87259674,Myanmar
MVB,"Franceville, GA",-1.656159997,13.43799973,Gabon
KET,"Kengtung, MM",21.3015995,99.63600159,Myanmar
NLT,"Xinyuan, CN",43.4318,83.3786,China
SCK,"Stockton, CA, US",37.89419937,-121.237999,United States
NMF,"Maafaru, MV",,,Maldives
OLA,"Orland, NO",63.69889832,9.604000092,Norway
ZFD,"Fond-du-Lac, SK, CA",59.33440018,-107.1819992,Canada
AUR,"Aurillac, FR",44.89139938,2.421940088,France
ITU,"Iturup Island, FF, RU",,,Russian Federation
TIH,"Tikehau, PF",-15.1196003,-148.2310028,French Polynesia
UNG,"Kiunga, PG",-6.125710011,141.2819977,Papua New Guinea
TEX,"Telluride, CO, US",37.9538002,-107.9079971,United States
FJR,"Al-Fujairah, AE",25.11219978,56.32400131,United Arab Emirates
KRO,"Kurgan, UF, RU",55.47529984,65.41560364,Russian Federation
GEV,"Gallivare, SE",67.13240051,20.81459999,Sweden
PET,"Pelotas, RS, BR",-31.718399,-52.327702,Brazil
TJK,"Tokat, TR",40.30743027,36.36740875,Turkiye
WHK,"Whakatane, NZ",-37.92060089,176.9140015,New Zealand
ABM,"Bamaga, QL, AU",-10.9508,142.459,Australia
AQA,"Araraquara, SP, BR",-21.81200027,-48.13299942,Brazil
GOB,"Goba, ET",7.1160634,40.0463033,Ethiopia
LLI,"Lalibela, ET",11.97500038,38.97999954,Ethiopia
FAU,"Fahud, OM",,,Oman
PIH,"Pocatello, ID, US",42.90980148,-112.5960007,United States
JRH,"Jorhat, IN",26.73150063,94.17549896,India
TUF,"Tours, FR",47.43220139,0.727605999,France
AIP,"Adampur, IN",31.4338,75.758797,India
SUG,"Surigao, PH",9.755838326,125.4809475,Philippines
ULK,"Lensk, IF, RU",60.72060013,114.8259964,Russian Federation
MAJ,"Majuro, MH",7.064760208,171.2720032,Marshall Islands
HEA,"Herat, AF",34.20999908,62.22829819,Afghanistan
PAB,"Bilaspur, IN",21.9884,82.111,India
DCM,"Castres, FR",43.55630112,2.28918004,France
KJI,"Burqin, CN",48.2223,86.9959,China
JTC,"Bauru, SP, BR",-22.16685914,-49.05028667,Brazil
CAL,"Campbeltown, SC, GB",55.43719864,-5.686389923,United Kingdom
KGC,"Kingscote, SA, AU",-35.71390152,137.5209961,Australia
YGH,"Ft. Good Hope, NT, CA",66.24079895,-128.651001,Canada
AOG,"Anshan, CN",41.105301,122.853996,China
FDH,"Friedrichshafen, DE",47.67129898,9.511489868,Germany
WUZ,"Wuzhou, CN",23.456699,111.248001,China
TMM,"Toamasina, MG",-18.10950089,49.39250183,Madagascar
BMW,"Bordj Mokhtar, DZ",21.375,0.923888981,Algeria
ZPB,"Sachigo Lake, ON, CA",53.89110184,-92.1964035,Canada
ZRJ,"Round Lake, ON, CA",52.9435997,-91.31279755,Canada
FMA,"Formosa, FO, AR",-26.2127,-58.2281,Argentina
WSN,"South Naknek, AK, US",58.70339966,-157.0079956,United States
JOE,"Joensuu, FI",62.66289902,29.60750008,Finland
MEE,"Mare, NC",-21.4817009,168.0379944,New Caledonia
KEM,"Kemi/Tornio, FI",65.77870178,24.58209991,Finland
SDW,"Malvan, IN",,,India
JYV,"Jyvaskyla, FI",62.3995018,25.67830086,Finland
BTT,"Bettles, AK, US",66.91390228,-151.529007,United States
CIK,"Chalkyitsik, AK, US",66.64499664,-143.7400055,United States
JJG,"Jaguaruna, SC, BR",-28.6753,-49.0596,Brazil
KBC,"Birch Creek, AK, US",,,United States
KIK,"Kirkuk, IQ",35.4695015,44.34889984,Iraq
KRP,"Karup, DK",56.29750061,9.124629974,Denmark
PCR,"Puerto Carreno, CO",6.18472,-67.4932,Colombia
WPR,"Porvenir, CL",-53.25370026,-70.31919861,Chile
PDA,"Puerto Inirida, CO",3.85353,-67.9062,Colombia
YAB,"Arctic Bay, NU, CA",73.00589225,-85.0325489,Canada
IRI,"Iringa, TZ",-7.668630123,35.7521019,Tanzania
PED,"Pardubice, CZ",50.01340103,15.73859978,Czech Republic
YZT,"Port Hardy, BC, CA",50.68059921,-127.3669968,Canada
KAJ,"Kajaani, FI",64.28549957,27.69239998,Finland
PMF,"Parma, IT",44.824501,10.2964,Italy
WAE,"Wadi al Dawaser, SA",20.50429916,45.19960022,Saudi Arabia
DMD,"Doomadgee Mission, QL, AU",-17.9403,138.822006,Australia
KNG,"Utarom, ID",-3.644520044,133.6959991,Indonesia
YKL,"Schefferville, QC, CA",54.80530167,-66.80529785,Canada
INZ,"In Salah, DZ",27.25099945,2.512020111,Algeria
KOK,"Kokkola, FI",63.72119904,23.14310074,Finland
YHK,"Gjoa Haven, NU, CA",68.63559723,-95.84970093,Canada
LKA,"Larantuka, ID",,,Indonesia
HYL,"Hollis, AK, US",,,United States
SDL,"Sundsvall/Harnosand, SE",62.52809906,17.44389915,Sweden
ONQ,"Zonguldak, TR",41.50640106,32.08860016,Turkiye
COL,"Coll Island, SC, GB",,,United Kingdom
GTE,"Groote Eylandt, NT, AU",-13.97500038,136.4600067,Australia
JNS,"Narsaq, GL",60.91728273,-46.05992317,Greenland
CEC,"Crescent City, CA, US",41.78020096,-124.2369995,United States
RGA,"Rio Grande, TF, AR",-53.7777,-67.7494,Argentina
EKO,"Elko, NV, US",40.82490158,-115.7919998,United States
MGZ,"Myeik, MM",12.43980026,98.62149811,Myanmar
DEE,"Yuzhno-Kurilsk, FF, RU",43.95840073,145.6829987,Russian Federation
KDH,"Kandahar, AF",31.50580025,65.84780121,Afghanistan
TBT,"Tabatinga, AM, BR",-4.255670071,-69.93579865,Brazil
YTP,"Tofino, BC, CA",,,Canada
YYD,"Smithers, BC, CA",54.8246994,-127.1829987,Canada
FKQ,"Fak Fak, ID",-2.920190096,132.2669983,Indonesia
PDV,"Plovdiv, BG",42.067799,24.8508,Bulgaria
PNP,"Popondetta, PG",-8.80453968,148.3090057,Papua New Guinea
JSJ,"Jiansanjiang, CN",47.11,132.660278,China
DEB,"Debrecen, HU",47.48889923,21.61529922,Hungary
LBE,"Latrobe, PA, US",40.27590179,-79.40480042,United States
SJE,"San Jose Del Guaviar, CO",2.57969,-72.6394,Colombia
JIQ,"Qianjiang, CN",29.51333333,108.8311111,China
LAH,"Labuha, ID",,,Indonesia
JGB,"Jagdalpur, IN",,,India
CVU,"Corvo Island, PT",39.671501,-31.1136,Portugal
JAU,"Jauja, PE",-11.78310013,-75.4733963,Peru
OKR,"Yorke Islands, QL, AU",-9.752801,143.405673,Australia
LMP,"Lampedusa, IT",35.497898,12.6181,Italy
MZH,"Amasya, TR",40.829399,35.521999,Turkiye
UEL,"Quelimane, MZ",-17.85549927,36.86909866,Mozambique
GGR,"Garowe, SO",,,Somalia
JOS,"Jos, NG",9.639829636,8.869050026,Nigeria
LEN,"Leon, ES",42.5890007,-5.655560017,Spain
OLZ,"Olekminsk, FF, RU",60.397499,120.471001,Russian Federation
HTT,"Huatugou, CN",38.201984,90.841495,China
MEB,"Melbourne, VI, AU",-37.7281,144.901993,Australia
OHH,"Okha, FF, RU",,,Russian Federation
IAG,"Niagara Falls, NY, US",43.1072998,-78.94619751,United States
OTH,"North Bend, OR, US",43.417099,-124.2460022,United States
BWX,"Banyuwangi, ID",-8.31015,114.3401,Indonesia
ETZ,"Metz/Nancy, FR",48.98210144,6.251319885,France
WJR,"Wajir, KE",1.73324,40.091599,Kenya
YSG,"Lutselke, NT, CA",62.418303,-110.681998,Canada
EUA,"Eua, Tonga Island, TO",-21.37829971,-174.9579926,Tonga
LRE,"Longreach, QL, AU",-23.43420029,144.2799988,Australia
JKL,"Kalymnos, GR",36.9632988,26.94059944,Greece
NYT,"Nay Pyi Taw, MM",19.623501,96.200996,Myanmar
VAI,"Vanimo, PG",-2.6926,141.3028,Papua New Guinea
YBB,"Kugaaruk, NU, CA",68.534401,-89.808098,Canada
YNO,"North Spirit Lake, ON, CA",52.49000168,-92.97109985,Canada
TKK,"Chuuk, FM",7.461870193,151.8430023,Micronesia
YSK,"Sanikiluaq, NU, CA",56.53779984,-79.24669647,Canada
INU,"Nauru, NR",-0.547458,166.919006,Nauru
KJB,"Kurnool, IN",,,India
RIY,"Riyan, Yemen, YE",14.66259956,49.375,Yemen
WSK,"Wushan, CN",,,China
BKZ,"Bukoba, TZ",-1.332,31.8212,Tanzania
SAD,"Safford, AZ, US",32.85480118,-109.6350021,United States
GJL,"Jijel, DZ",36.79510117,5.87361002,Algeria
GNM,"Guanambi, BA, BR",-14.20820045,-42.74610138,Brazil
GPA,"Patras, GR",38.1511,21.4256,Greece
NOP,"Sinop, TR",42.01580048,35.06639862,Turkiye
WOL,"Wollongong, NS, AU",-34.56110001,150.7890015,Australia
KOZ,"Ouzinkie, AK, US",,,United States
OLH,"Old Harbor, AK, US",,,United States
ORI,"Port Lions, AK, US",,,United States
MBT,"Masbate, PH",12.369682,123.630095,Philippines
OER,"Ornskoldsvik, SE",63.40829849,18.98999977,Sweden
FIE,"Fair Isle, SC, GB",59.53580093,-1.628059983,United Kingdom
FOA,"Foula, SI, GB",,,United Kingdom
BUP,"Bathinda, IN",30.27009964,74.75579834,India
MBI,"Mbeya, TZ",-8.919942,33.273981,Tanzania
QBC,"Bella Coola, BC, CA",52.387501,-126.596001,Canada
AAN,"Al Ain, AE",24.26169968,55.60919952,United Arab Emirates
LGG,"Liege, BE",50.63740158,5.443220139,Belgium
INH,"Inhambane, MZ",-23.87639999,35.40850067,Mozambique
OQN,"Qoqon, UZ",,,Uzbekistan
YAZ,"Tofino, BC, CA",49.079833,-125.775583,Canada
ACH,"Altenrhein, CH",47.48500061,9.560770035,Switzerland
HMS,"Muara Teweh, ID",,,Indonesia
GJA,"Guanaja Island, HN",16.4454,-85.906601,Honduras
SFA,"Sfax, TN",34.7179985,10.69099998,Tunisia
TEI,"Tezu, IN",27.94120026,96.13439941,India
UNN,"Ranong, TH",9.777620316,98.58550262,Thailand
NAL,"Nalchik, SF, RU",43.51290131,43.63660049,Russian Federation
SKJ,"Singkawang, ID",,,Indonesia
HCQ,"Halls Creek, WA, AU",-18.23390007,127.6699982,Australia
ONS,"Onslow, WA, AU",-21.66830063,115.112999,Australia
YYQ,"Churchill, MB, CA",58.73920059,-94.06500244,Canada
KSJ,"Kasos Island, GR",35.42139816,26.90999985,Greece
JTY,"Astypalaia Island, GR",36.57989883,26.37579918,Greece
SML,"Stella Maris, Long I, BS",23.582317,-75.268621,Bahamas
BUA,"Buka, PG",-5.422319889,154.6730042,Papua New Guinea
TBW,"Tambov, CF, RU",52.80609894,41.48279953,Russian Federation
HME,"Hassi Messaoud, DZ",31.67300034,6.140439987,Algeria
LLO,"Palopo, ID",,,Indonesia
GLH,"Greenville, MS, US",33.48289871,-90.98560333,United States
SKZ,"Sukkur, PK",27.72200012,68.79170227,Pakistan
VVZ,"Illizi, DZ",26.7234993,8.622650146,Algeria
SAH,"Sana'a, YE",15.47630024,44.21969986,Yemen
YOC,"Old Crow, YT, CA",67.57060242,-139.8390045,Canada
MAQ,"Mae Sot, TH",16.69989967,98.54509735,Thailand
TEE,"Tbessa, DZ",35.43159866,8.12071991,Algeria
AUU,"Aurukun, QL, AU",-13.354067,141.72065,Australia
VOZ,"Voronezh, CF, RU",51.81420135,39.229599,Russian Federation
IAA,"Igarka, IF, RU",67.43720245,86.62190247,Russian Federation
XBE,"Bearskin Lake, ON, CA",53.96559906,-91.02719879,Canada
JNN,"Nanortalik, GL",60.14188398,-45.23297668,Greenland
ODO,"Bodaybo, IF, RU",57.86610031,114.2429962,Russian Federation
VDZ,"Valdez, AK, US",61.13389969,-146.2480011,United States
GLN,"Goulimime, MA",,,Morocco
HXD,"Delingha, CN",37.125286,97.268658,China
RAH,"Rafha, SA",29.62639999,43.49060059,Saudi Arabia
TKQ,"Kigoma, TZ",-4.8862,29.6709,Tanzania
SLW,"Saltillo, MX",25.54949951,-100.9290009,Mexico
ZEL,"Bella Bella, BC, CA",,,Canada
BKB,"Bikaner, IN",28.07060051,73.2071991,India
ORU,"Oruro, BO",-17.96260071,-67.07620239,Bolivia
CZR,"Chara, RU",,,Russian Federation
TMX,"Timimoun, DZ",29.2371006,0.276033014,Algeria
YCO,"Kugluktuk, NU, CA",67.816704,-115.143997,Canada
BFJ,"Bijie, CN",27.267066,105.472097,China
CMW,"Camaguey, CU",21.42029953,-77.84750366,Cuba
YYH,"Taloyoak, NU, CA",69.54669952,-93.5766983,Canada
ZSA,"San Salvador, BS",24.06329918,-74.52400208,Bahamas
MGH,"Margate, ZA",-30.85740089,30.34300041,South Africa
LLJ,"Lubuk Linggau, ID",,,Indonesia
MRZ,"Moree, NS, AU",-29.49889946,149.8450012,Australia
EWE,"Ewer, ID",,,Indonesia
BUU,"Muara Bungo, ID",-1.1278,102.135,Indonesia
RGL,"Rio Gallegos, SC, AR",-51.6089,-69.3126,Argentina
TOL,"Toledo, OH, US",41.58679962,-83.80780029,United States
EBJ,"Esbjerg, DK",55.525902,8.5534,Denmark
UVE,"Ouvea, NC",-20.6406002,166.572998,New Caledonia
CZU,"Corozal, CO",9.33274,-75.2856,Colombia
GDB,"Gondia, IN",,,India
DAU,"Daru, PG",-9.086759567,143.2079926,Papua New Guinea
BGC,"Braganca, PT",41.8578,-6.70713,Portugal
KAD,"Kaduna, NG",10.6960001,7.320109844,Nigeria
NTX,"Natuna, ID",3.90871,108.388,Indonesia
SMS,"St. Marie, MG",-17.09390068,49.81579971,Madagascar
YSM,"Ft. Smith, NT, CA",60.02030182,-111.961998,Canada
PYJ,"Polyarny, FF, RU",66.40039825,112.0299988,Russian Federation
CSA,"Colonsay, EN, GB",56.05749893,-6.243060112,United Kingdom
DDG,"Dandong, CN",40.0247,124.286003,China
GEL,"Santo Angelo, RS, BR",-28.2817,-54.169102,Brazil
OGS,"Ogdensburg, NY, US",44.68190002,-75.46549988,United States
DBB,"Dabah, EG",30.92449951,28.46139908,Egypt
NUS,"Norsup, VU",-16.0797,167.401001,Vanuatu
KEA,"Kerki, TM",,,Turkmenistan
FTU,"Tolanaro, MG",-25.03809929,46.95610046,Madagascar
HOF,"Hofuf, SA",25.2852993,49.48519897,Saudi Arabia
HMV,"Hemavan, SE",65.80609894,15.08279991,Sweden
STG,"St. George Island, AK, US",56.57830048,-169.6620026,United States
YPR,"Prince Rupert, BC, CA",54.28609848,-130.4450073,Canada
BIU,"Bildudalur, IS",65.64129639,-23.5461998,Iceland
CED,"Ceduna, SA, AU",-32.13059998,133.7100067,Australia
ZBY,"Sayaboury, LA",19.2436,101.7093,Laos
SDG,"Sanandaj, Iran, IR",35.2458992,47.00920105,Iran
BQJ,"Batagay, FF, RU",67.64800262,134.6950073,Russian Federation
BTW,"Batu Licin, ID",-3.412410021,115.9950027,Indonesia
ATA,"Huaraz, PE",-9.347439766,-77.5983963,Peru
RUL,"Maavarulu, MV",,,Maldives
KAW,"Kawthaung, MM",10.04930019,98.53800201,Myanmar
PRM,"Portimao, PT",37.1493,-8.58396,Portugal
GIC,"Boigu Island, QL, AU",-9.232780457,142.2180023,Australia
SBR,"Saibai Island, QL, AU",-9.378330231,142.625,Australia
EGM,"Seghe, SB",-8.578889847,157.8760071,Solomon Islands
TAH,"Tanna Island, VU",-19.45509911,169.223999,Vanuatu
BQB,"Busselton, WA, AU",-33.68842316,115.4015961,Australia
GVN,"Sovetskaya Gavan, FF, RU",48.92699814,140.0339966,Russian Federation
KIT,"Kythira, GR",36.27429962,23.0170002,Greece
SYU,"Warraber Island, QL, AU",-10.20829964,142.8249969,Australia
CKZ,"Canakkale, TR",40.13769913,26.42679977,Turkiye
XMY,"Yam Island, QL, AU",-9.901109695,142.776001,Australia
YUT,"Repulse Bay, NU, CA",66.52140045,-86.22470093,Canada
CIJ,"Cobija, BO",-11.04039955,-68.78299713,Bolivia
HGO,"Korhogo, CI",9.387180328,-5.556660175,Ivory Coast (Cote d'Ivoire)
YQL,"Lethbridge, AB, CA",49.63029861,-112.8000031,Canada
YXH,"Medicine Hat, AB, CA",50.01890182,-110.7210007,Canada
AAQ,"Anapa, SF, RU",45.0021019,37.34730148,Russian Federation
ATM,"Altamira, PA, BR",-3.253910065,-52.25400162,Brazil
COH,"Cooch Behar, IN",26.33049965,89.46720123,India
GZG,"Ganzi, CN",,,China
HUS,"Hughes, AK, US",66.04109955,-154.2630005,United States
KTD,"Kita-Daito, JP",25.94470024,131.3269959,Japan
KTL,"Kitale, KE",0.971988976,34.95859909,Kenya
KYU,"Koyukuk, AK, US",64.87609863,-157.727005,United States
LDX,"Saint Laurent du Maroni, GF",5.48306,-54.034401,French Guiana
MBE,"Monbetsu, JP",44.30390167,143.404007,Japan
MVP,"Mitu, CO",1.25366,-70.2339,Colombia
MXN,"Morlaix, FR",48.60319901,-3.815779924,France
OMN,"Zomin, UZ",,,Uzbekistan
PQI,"Presque Isle, ME, US",46.68899918,-68.0447998,United States
RJB,"Rajbiraj, NP",26.510066,86.733902,Nepal
TGC,"Tanjung Manis, MY",,,Malaysia
TMI,"Tumlingtar, NP",27.315001,87.193298,Nepal
VHC,"Saurimo, AO",-9.689069748,20.43190002,Angola
VRC,"Virac, PH",13.5763998,124.2060013,Philippines
WAA,"Wales, AK, US",65.622593,-168.095,United States
YQZ,"Quesnel, BC, CA",53.02610016,-122.5100021,Canada
YZS,"Coral Harbour, NU, CA",64.19329834,-83.35939789,Canada
GDE,"Gode, ET",5.935130119,43.57860184,Ethiopia
OIR,"Okushiri, JP",42.07170105,139.4329987,Japan
VPY,"Chimoio, MZ",-19.15130043,33.42900085,Mozambique
BGM,"Binghamton, NY, US",42.20869827,-75.97979736,United States
EQS,"Esquel, CB, AR",-42.90800095,-71.13950348,Argentina
GHS,"West Kutai, ID",,,Indonesia
JHM,"Kapalua/Maui, HI, US",20.96290016,-156.6730042,United States
LUQ,"San Luis, SL, AR",-33.27320099,-66.35639954,Argentina
MJK,"Monkey Mia, WA, AU",-25.89389992,113.5770035,Australia
BEK,"Bareilly, IN",28.42210007,79.45079803,India
YRB,"Resolute, NU, CA",74.71690369,-94.9693985,Canada
DBQ,"Dubuque, IA, US",42.40200043,-90.70950317,United States
MII,"Marilia, SP, BR",-22.19689941,-49.92639923,Brazil
LBC,"Luebeck, DE",53.80540085,10.71920013,Germany
UHS,"Aleksandrovsk-Sakhalinskiy, FF, RU",,,Russian Federation
YAY,"St. Anthony, NL, CA",51.39189911,-56.08309937,Canada
YCG,"Castlegar, BC, CA",49.29639816,-117.6320038,Canada
KOV,"Kokshetau, KZ",53.329102,69.594597,Kazakhstan
RIB,"Riberalta, BO",-11,-66,Bolivia
XKH,"Phonsavan, LA",19.450001,103.157997,Laos
DEX,"Yahukimo, ID",-4.8557,139.482006,Indonesia
KEI,"Kepi, ID",,,Indonesia
PTO,"Pato Branco, PR, BR",,,Brazil
KPW,"Keperveyem, FF, RU",,,Russian Federation
GCN,"Grand Canyon, AZ, US",35.95240021,-112.1470032,United States
CND,"Constanta, RO",44.36220169,28.48830032,Romania
CRM,"Catarman, PH",12.5024004,124.6360016,Philippines
JSU,"Maniitsoq, GL",65.41249847,-52.93939972,Greenland
LRU,"Las Cruces, NM, US",32.28939819,-106.9219971,United States
EKS,"Shakhtersk, FF, RU",49.1903,142.082993,Russian Federation
GME,"Gomel, BY",52.52700043,31.01670074,Belarus
MST,"Maastricht, NL",50.911701,5.77014,Netherlands
TGM,"Targu-Mures, RO",46.46770096,24.41250038,Romania
XBJ,"Birjand, Iran, IR",32.89810181,59.26610184,Iran
YZP,"Sandspit, BC, CA",53.25429916,-131.8139954,Canada
DHH,"Barkol, CN",,,China
TUI,"Turaif, SA",31.692188,38.731544,Saudi Arabia
SXK,"Saumlaki, ID",-7.988609791,131.3059998,Indonesia
BKN,"Jebel, TM",,,Turkmenistan
KME,"Cyangugu, RW",-2.462239981,28.90789986,Rwanda
MJU,"Mamuju, ID",,,Indonesia
ANA,"Maasai Mara, KE",,,Kenya
MUH,"Mersa Matruh, EG",31.3253994,27.22170067,Egypt
WYS,"West Yellowstone, MT, US",44.68840027,-111.1179962,United States
YLH,"Lansdowne House, ON, CA",52.1955986,-87.93419647,Canada
YWP,"Webequie, ON, CA",52.9593934,-87.37486839,Canada
ARD,"Alor, ID",-8.132340431,124.5970001,Indonesia
MJM,"Mbuji Mayi, CD",-6.121240139,23.56900024,Democratic Republic of the Congo
SMT,"Sorriso, MT, BR",-12.479177,-55.672341,Brazil
ETR,"Santa Rosa, EC",-3.441986,-79.996957,Ecuador
BNS,"Barinas, VE",8.615,-70.21416667,Venezuela
HGD,"Hughenden, QL, AU",-20.81500053,144.2250061,Australia
SVB,"Sambava, MG",-14.27859974,50.17470169,Madagascar
NLK,"Norfolk Island, NF",-29.04159927,167.9389954,Norfolk Island
YHP,"Poplar Hill, ON, CA",52.1133,-94.2556,Canada
SZY,"Szymany, PL",53.481899,20.9377,Poland
TIZ,"Tari, PG",-5.84499979,142.947998,Papua New Guinea
XAU,"Saul, GF",3.61361,-53.204201,French Guiana
FKI,"Kisangani, CD",0.481638998,25.33799934,Democratic Republic of the Congo
GUF,"Gulf Shores, AL, US",30.29050064,-87.67179871,United States
CNJ,"Cloncurry, QL, AU",-20.66860008,140.5039978,Australia
EGX,"Egegik, AK, US",58.1855011,-157.375,United States
KLN,"Larsen Bay, AK, US",57.53509903,-153.9779968,United States
SKU,"Skiros, GR",38.96760178,24.48719978,Greece
ILP,"Ile Des Pins, NC",-22.58889961,167.4559937,New Caledonia
MSA,"Muskrat Dam, ON, CA",53.44139862,-91.76280212,Canada
NAM,"Namlea, ID",-3.235569954,127.0999985,Indonesia
BYO,"Bonito, MS, BR",-21.247299,-56.452499,Brazil
FRL,"Forli, IT",44.194801,12.0701,Italy
LXG,"Luang Namtha, LA",20.966999,101.400002,Laos
TGR,"Touggourt, DZ",33.06779861,6.088669777,Algeria
GOM,"Goma, CD",-1.670809984,29.2385006,Democratic Republic of the Congo
KHS,"Khasab, OM",26.17099953,56.24060059,Oman
REW,"Rewa, IN",,,India
NDB,"Nouadhibou, MR",20.93309975,-17.03000069,Mauritania
CUF,"Cuneo, IT",44.547001,7.62322,Italy
WGE,"Walgett, NS, AU",-30.03280067,148.1260071,Australia
AFA,"San Rafael, MD, AR",-34.588299,-68.4039,Argentina
FIZ,"Fitzroy Crossing, WA, AU",-18.18190002,125.5589981,Australia
HGR,"Hagerstown, MD, US",39.707901,-77.72949982,United States
IEG,"Zielona Gora, PL",52.13850021,15.7986002,Poland
MCV,"Mcarthur River Mine, NT, AU",-16.44249916,136.0839996,Australia
TCA,"Tennant Creek, NT, AU",-19.63439941,134.1829987,Australia
YCK,"Colville Lake, NT, CA",67.0392,-126.08,Canada
DQM,"Duqm, OM",19.501944,57.634167,Oman
KAL,"Kaltag, AK, US",64.31909943,-158.7409973,United States
KCG,"Chignik, AK, US",,,United States
KCL,"Chignik, AK, US",,,United States
KCQ,"Chignik, AK, US",,,United States
KPV,"Perryville, AK, US",55.905998,-159.162993,United States
KWA,"Kwajalein Island, MH",8.72012043,167.7319946,Marshall Islands
PTH,"Port Heiden, AK, US",56.95909882,-158.6329956,United States
PXN,"Purnea, IN",,,India
VGZ,"Villagarzon, CO",0.978767,-76.6056,Colombia
YAX,"Angling Lake, ON, CA",53.8492012,-89.57939911,Canada
YFJ,"Wekweeti, NT, CA",64.190804,-114.077002,Canada
YRA,"Gameti, NT, CA",64.1160965,-117.3099976,Canada
KIF,"Kingfisher Lake, ON, CA",53.01250076,-89.8553009,Canada
MRX,"Bandar Mahshahr, IR",30.55620003,49.15190125,Iran
SUR,"Summer Beaver, ON, CA",52.70859909,-88.54190063,Canada
URJ,"Uray, UF, RU",60.10329819,64.8266983,Russian Federation
WNN,"Wunnummin Lake, ON, CA",52.89390182,-89.28919983,Canada
YBR,"Brandon, MB, CA",49.91,-99.951897,Canada
YMT,"Chibougamau, QC, CA",49.77190018,-74.52809906,Canada
ELG,"El Golea, DZ",30.57130051,2.859590054,Algeria
MGT,"Milingimbi Island, NT, AU",-12.09440041,134.8939972,Australia
NVI,"Navoi, UZ",40.11719894,65.17079926,Uzbekistan
YFO,"Flin Flon, MB, CA",54.67810059,-101.6819992,Canada
YQD,"The Pas, MB, CA",53.97140121,-101.0910034,Canada
JZH,"Jiuzhaigou, CN",32.85333333,103.6822222,China
PBR,"Puerto Barrios, GT",15.7309,-88.583801,Guatemala
YIO,"Pond Inlet, NU, CA",72.6832962,-77.96669769,Canada
MYI,"Murray Islands, QL, AU",-9.916669846,144.0549927,Australia
AHJ,"Aba/Hongyuan, CN",32.53154,102.35224,China
JCK,"Julia Creek, QL, AU",-20.66830063,141.7230072,Australia
NAA,"Narrabri, NS, AU",-30.31920052,149.8269959,Australia
OCJ,"Ocho Rios, JM",18.4041996,-76.96900177,Jamaica
RCM,"Richmond, QL, AU",-20.70190048,143.1150055,Australia
TUB,"Tubuai, PF",-23.36540031,-149.5240021,French Polynesia
PCQ,"Phongsaly, LA",21.6475,101.9,Laos
VXO,"Vaxjo, SE",56.92910004,14.72799969,Sweden
BSA,"Bosaso, SO",11.27530003,49.1493988,Somalia
KYP,"Kyaukpyu, MM",19.42639923,93.53479767,Myanmar
PIZ,"Point Lay, AK, US",69.73290253,-163.0050049,United States
SEB,"Sebha, LY",26.98699951,14.47249985,Libya
CNC,"Coconut Island, QL, AU",-10.05000019,143.0700073,Australia
LBP,"Long Banga, MY",,,Malaysia
SWD,"Seward, AK, US",60.12689972,-149.4190063,United States
BAY,"Baia Mare, RO",47.65840149,23.46999931,Romania
CAZ,"Cobar, NS, AU",-31.53829956,145.7940063,Australia
LPY,"Le Puy, FR",45.08069992,3.7628901,France
ELC,"Elcho Island, NT, AU",-12.01939964,135.5709991,Australia
RIA,"Santa Maria, RS, BR",-29.711399,-53.688202,Brazil
SNR,"Saint Nazaire, FR",47.3105556,-2.1566667,France
BIH,"Bishop, CA, US",37.37310028,-118.3639984,United States
RUR,"Rurutu, PF",-22.4340992,-151.3609924,French Polynesia
DYR,"Anadyr, FF, RU",64.734902,177.740997,Russian Federation
VAO,"Suavanao, SB",-7.585559845,158.7310028,Solomon Islands
ZMT,"Masset, BC, CA",54.02750015,-132.125,Canada
NAQ,"Qaanaaq, GL",77.48860168,-69.38870239,Greenland
SBD,"San Bernardino, CA, US",34.09540176,-117.2350006,United States
TFF,"Tefe, AM, BR",-3.382940054,-64.72409821,Brazil
BEM,"Beni Mellal, MA",32.401895,-6.315905,Morocco
IXY,"Kandla, IN",23.1127,70.100304,India
KFP,"False Pass, AK, US",54.84740067,-163.4100037,United States
KJT,"Majalengka, ID",,,Indonesia
MYU,"Mekoryuk, AK, US",60.37139893,-166.2709961,United States
OVS,"Sovetsky, UF, RU",61.32662201,63.60191345,Russian Federation
AVA,"Anshun, CN",26.26055556,105.8733333,China
PIN,"Parintins, AM, BR",-2.673019886,-56.77719879,Brazil
SNP,"St Paul Island, AK, US",57.16730118,-170.2200012,United States
SXZ,"Siirt, TR",37.97890091,41.8404007,Turkiye
PIP,"Pilot Point, AK, US",57.58039856,-157.5720062,United States
UGS,"Ugashik, AK, US",,,United States
CHG,"Chaoyang (Liaoning), CN",41.538101,120.434998,China
OKU,"Mokuti Lodge, NA",-18.81279945,17.05940056,Namibia
SWP,"Swakopmund, NA",-22.66189957,14.56809998,Namibia
SUJ,"Satu Mare, RO",47.70330048,22.88570023,Romania
KDV,"Kadavu Island, FJ",-19.05809975,178.1569977,Fiji
YGT,"Igloolik, NU, CA",69.36470032,-81.81610107,Canada
BQT,"Brest, BY",52.108299,23.8981,Belarus
HOX,"Homalin, MM",24.89959908,94.91400146,Myanmar
IFU,"Ifuru, MV",5.7083,73.025,Maldives
IXK,"Keshod, IN",21.31710052,70.270401,India
KFS,"Kastamonu, TR",41.31420135,33.79579926,Turkiye
CHH,"Chachapoyas, PE",-6.201809883,-77.85610199,Peru
MYW,"Mtwara, TZ",-10.33909988,40.18180084,Tanzania
JFR,"Paamiut, GL",61.99219894,-49.66249847,Greenland
WPU,"Puerto Williams, CL",-54.93109894,-67.626297,Chile
ROO,"Rondonopolis, MT, BR",-16.586,-54.7248,Brazil
YUX,"Hall Beach, NU, CA",68.77610016,-81.2425,Canada
JSY,"Spyros Island, GR",37.42279816,24.95089912,Greece
VLL,"Valladolid, ES",41.70610046,-4.851940155,Spain
DLE,"Dole, FR",47.042686,5.435063,France
LPF,"Liupanshui, CN",26.609417,104.979,China
RYL,"Lower Zambezi Nat. Park, ZM",,,Zambia
FSP,"St-Pierre, PM",46.76290131,-56.17309952,Saint Pierre and Miquelon
KTR,"Katherine, NT, AU",-14.52110004,132.378006,Australia
MOQ,"Morondava, MG",-20.28470039,44.31760025,Madagascar
WIC,"Wick, SC, GB",58.45890045,-3.093060017,United Kingdom
LSP,"Las Piedras, VE",11.78077507,-70.15149689,Venezuela
YVM,"Qikiqtarjuaq, NU, CA",67.54579926,-64.03140259,Canada
MAS,"Manus Island, PG",-2.06189,147.423996,Papua New Guinea
IGT,"Magas, SF, RU",43.32229996,45.01259995,Russian Federation
BHU,"Bhavnagar, IN",21.75219917,72.18520355,India
BXG,"Bendigo, VI, AU",-36.73939896,144.3300018,Australia
DOB,"Dobo, ID",-5.772220135,134.2120056,Indonesia
MVR,"Maroua, CM",10.4513998,14.25739956,Cameroon
RJL,"Logrono, ES",42.46095349,-2.322235107,Spain
LKE,"Seattle, WA, US",,,United States
GXF,"Seiyun, Yemen, YE",15.96609974,48.78829956,Yemen
SJI,"San Jose, PH",12.36149979,121.0469971,Philippines
VDO,"Quang Ninh, VN",,,Vietnam
AIR,"Aripuana, MT, BR",-10.188278,-59.457273,Brazil
KZR,"Kutahya, TR",39.113079,30.128111,Turkiye
YTE,"Cape Dorset, NU, CA",64.23000336,-76.52670288,Canada
GOU,"Garoua, CM",9.335889816,13.37010002,Cameroon
PIS,"Poitiers, FR",46.58769989,0.306665987,France
VST,"Vasteras, SE",59.58940125,16.63360023,Sweden
DEM,"Dembidollo, ET",8.553999901,34.85800171,Ethiopia
RSA,"Santa Rosa, LP, AR",-36.588299,-64.275703,Argentina
SPY,"San Pedro, CI",4.746719837,-6.660820007,Ivory Coast (Cote d'Ivoire)
BLD,"Las Vegas, NV, US",,,United States
CAQ,"Caucasia, CO",7.96847,-75.1985,Colombia
CEM,"Central, AK, US",65.57379913,-144.7830048,United States
CTD,"Chitre, PA",7.987840176,-80.40969849,Panama
CUQ,"Coen, QL, AU",-13.761133,143.113311,Australia
EAA,"Eagle, AK, US",64.77639771,-141.151001,United States
EBG,"El Bagre, CO",7.59647,-74.8089,Colombia
GCW,"Grand Canyon, AZ, US",,,United States
IRC,"Circle, AK, US",65.830498,-144.076008,United States
LGL,"Long Lellang, Sarawa, MY",3.421000004,115.1539993,Malaysia
MLY,"Manley Hot Spgs., AK, US",64.99759674,-150.6439972,United States
MNT,"Minto, AK, US",,,United States
MTB,"Montelibano, CO",,,Colombia
OYE,"Oyem, GA",1.543110013,11.58139992,Gabon
RMP,"Rampart, AK, US",,,United States
VEO,"Severo-Yeniseyskiy, RU",,,Russian Federation
WBQ,"Beaver, AK, US",66.36219788,-147.4069977,United States
YCS,"Chesterfield Inlet, NU, CA",63.34690094,-90.73110199,Canada
YXN,"Whale Cove, NU, CA",62.24000168,-92.59809875,Canada
BCO,"Jinka, ET",5.78287,36.562,Ethiopia
ODN,"Long Seridan, Sarawa, MY",3.967000008,115.0500031,Malaysia
SZA,"Soyo, AO",-6.141089916,12.37180042,Angola
THO,"Thorshofn, IS",66.21849823,-15.3355999,Iceland
VPN,"Vopnafjordur, IS",65.72059631,-14.85060024,Iceland
YGV,"Havre St. Pierre, QC, CA",50.2818985,-63.6114006,Canada
AZS,"Samana, DO",19.2670002,-69.74199677,Dominican Republic
CAH,"Ca Mau, VN",9.177667,105.177778,Vietnam
FLZ,"Sibolga, ID",1.55594,98.888901,Indonesia
ISE,"Isparta, TR",37.85540009,30.36840057,Turkiye
PRA,"Parana, ER, AR",-31.7948,-60.4804,Argentina
SNE,"Sao Nicolau Island, CV",16.58839989,-24.28470039,Cape Verde
YCY,"Clyde River, NU, CA",70.48609924,-68.51670074,Canada
ZBL,"Biloela, QL, AU",,,Australia
MNC,"Nacala, MZ",-14.48820019,40.71220016,Mozambique
SMX,"Santa Maria, CA, US",34.89889908,-120.4570007,United States
TOE,"Tozeur, TN",33.93970108,8.110560417,Tunisia
WLE,"Miles, QL, AU",,,Australia
YLC,"Kimmirut, NU, CA",62.84999847,-69.88330078,Canada
NCA,"North Caicos, TC",21.9175,-71.939598,Turks and Caicos Islands
KMU,"Kisimayu, SO",-0.377353013,42.45920181,Somalia
SEK,"Srednekolymsk, FF, RU",67.4805,153.7364,Russian Federation
GBI,"Gulbarga, IN",,,India
JIO,"Tiakur, ID",,,Indonesia
RRK,"Rourkela, IN",22.256701,84.814598,India
FRW,"Francistown, BW",-21.1595993,27.47450066,Botswana
VKT,"Vorkuta, NF, RU",67.48860168,63.99309921,Russian Federation
IKS,"Tiksi, FF, RU",71.6977005,128.9029999,Russian Federation
VDY,"Vidyanagar, IN",15.17496667,76.63494722,India
CXI,"Kiritimati, KI",1.98616004,-157.3500061,Kiribati
ESL,"Elista, SF, RU",46.37390137,44.33089828,Russian Federation
CAJ,"Canaima, VE",6.231988907,-62.85443115,Venezuela
IXX,"Bidar, IN",,,India
TAT,"Tatry/Poprad, SK",49.07360077,20.24110031,Slovakia
BPG,"Barra do Garcas, MT, BR",-15.86130047,-52.38890076,Brazil
NEK,"Nekemt, ET",,,Ethiopia
CHT,"Chatham Island, NZ",-43.81000137,-176.4570007,New Zealand
RBQ,"Rurrenabaque, BO",-14.42790031,-67.49680328,Bolivia
FMN,"Farmington, NM, US",36.74119949,-108.2300034,United States
HSF,"Suifenhe, CN",,,China
KCK,"Kirensk, IF, RU",57.773,108.064,Russian Federation
ANV,"Anvik, AK, US",62.646702,-160.190994,United States
HCR,"Holy Cross, AK, US",62.18830109,-159.7749939,United States
KGX,"Grayling, AK, US",,,United States
KLG,"Kalskag, AK, US",61.53630066,-160.3410034,United States
RSH,"Russian Mission, AK, US",61.77888489,-161.319458,United States
SHX,"Shageluk, AK, US",62.69229889,-159.5690002,United States
BOY,"Bobo Dioulasso, BF",11.16009998,-4.33096981,Burkina Faso
PEU,"Puerto Lempira, HN",15.2622,-83.781197,Honduras
TKJ,"Tok, AK, US",63.32949829,-142.9539948,United States
MNS,"Mansa, ZM",-11.13700008,28.87260056,Zambia
NLF,"Darnley Island, QL, AU",-9.583330154,143.7669983,Australia
DOL,"Deauville, FR",49.36529922,0.154305995,France
HSS,"Hisar, IN",29.17939949,75.75530243,India
NGE,"N'Gaoundere, CM",7.357009888,13.55920029,Cameroon
ABU,"Atambua, ID",,,Indonesia
FUN,"Funafuti, TV",-8.525,179.195999,Tuvalu
KZS,"Megisti, GR",36.14170074,29.57640076,Greece
KGA,"Kananga, CD",-5.900050163,22.46920013,Democratic Republic of the Congo
KWZ,"Kolwezi, CD",-10.76589966,25.50569916,Democratic Republic of the Congo
AZN,"Andizhan, UZ",40.72769928,72.29399872,Uzbekistan
SDP,"Sand Point, AK, US",55.31499863,-160.522995,United States
CFK,"Chlef, DZ",36.21269989,1.331769943,Algeria
CVM,"Ciudad Victoria, MX",23.70330048,-98.95649719,Mexico
ERS,"Windhoek-Eros, NA",-22.61219978,17.08040047,Namibia
UAH,"Ua Huka, PF",-8.93611,-139.552002,French Polynesia
AFL,"Alta Floresta, MT, BR",-9.866389275,-56.10499954,Brazil
JGO,"Qeqertarsuaq, GL",69.25118199,-53.51487637,Greenland
KRV,"Severo-Kurilsk, RU",,,Russian Federation
NGK,"Nogliki, FF, RU",51.780102,143.139008,Russian Federation
UKH,"Mukhaizna, OM",,,Oman
MMH,"Mammoth Lakes, CA, US",37.62409973,-118.8379974,United States
MNU,"Mawlamyine, MM",16.44470024,97.66069794,Myanmar
POJ,"Patos de Minas, MG, BR",-18.67280006,-46.49119949,Brazil
TUK,"Turbat, PK",25.9864006,63.03020096,Pakistan
AOE,"Eskisehir, TR",39.809898,30.5194,Turkiye
JRJ,"Ruijin, CN",,,China
OYC,"Camopi, GF",,,French Guiana
LUD,"Luderitz, NA",-26.68740082,15.24289989,Namibia
TBG,"Tabubil, PG",-5.27861,141.225998,Papua New Guinea
TTA,"Tan Tan, MA",28.44820023,-11.16129971,Morocco
CLV,"Caldas Novas, GO, BR",-17.72529984,-48.60749817,Brazil
PWQ,"Pavlodar, KZ",52.19499969,77.07389832,Kazakhstan
MKZ,"Malacca, MY",2.263360024,102.2519989,Malaysia
PNL,"Pantelleria, IT",36.816502,11.9689,Italy
HQL,"Tashikuergan, CN",,,China
AAX,"Araxa, MG, BR",-19.5632,-46.96039963,Brazil
BYK,"Bouake, CI",7.738800049,-5.07366991,Ivory Coast (Cote d'Ivoire)
CMA,"Cunnamulla, QL, AU",-28.03000069,145.621994,Australia
FMI,"Kalemie, CD",-5.875559807,29.25,Democratic Republic of the Congo
LOD,"Longana, VU",-15.30669975,167.9669952,Vanuatu
NEI,"Terney, FF, RU",,,Russian Federation
SGO,"St. George, QL, AU",-28.04969978,148.5950012,Australia
YPL,"Pickle Lake, ON, CA",51.44639969,-90.21420288,Canada
BKM,"Bakelalan, MY",3.973999977,115.6179962,Malaysia
HHQ,"Hua Hin, TH",12.63619995,99.95149994,Thailand
LEU,"Seo de Urgel, ES",42.3386,1.40917,Spain
LQM,"Puerto Leguizamo, CO",-0.182278,-74.7708,Colombia
BVI,"Birdsville, QL, AU",-25.89749908,139.3480072,Australia
DWD,"Dawadmi, SA",24.4499,44.121201,Saudi Arabia
GOY,"Tura, RU",,,Russian Federation
KEW,"Keewaywin, ON, CA",52.99110031,-92.83640289,Canada
KSA,"Kosrae, FM",5.35698,162.957993,Micronesia
VDM,"Viedma, RN, AR",-40.8692,-63.0004,Argentina
VXC,"Lichinga, MZ",-13.274,35.2663,Mozambique
BUC,"Burketown, QL, AU",-17.74860001,139.5339966,Australia
RIH,"Rio Hato, PA",8.375880241,-80.12789917,Panama
ZBF,"Bathurst, NB, CA",47.62969971,-65.73889923,Canada
ZWL,"Wollaston Lake, SK, CA",58.10689926,-103.1719971,Canada
BEU,"Bedourie, QL, AU",-24.34609985,139.4600067,Australia
BQL,"Boulia, QL, AU",-22.91329956,139.8999939,Australia
KND,"Kindu, CD",-2.919179916,25.91539955,Democratic Republic of the Congo
UBB,"Mabuiag Island, QL, AU",-9.949999809,142.1829987,Australia
ULP,"Quilpie, QL, AU",-26.61219978,144.253006,Australia
WIN,"Winton, QL, AU",-22.36359978,143.0859985,Australia
WNR,"Windorah, QL, AU",-25.41309929,142.6670074,Australia
KCC,"Coffman Cove, AK, US",,,United States
YNS,"Nemiscau, QC, CA",51.69110107,-76.13559723,Canada
BFX,"Bafoussam, CM",5.536920071,10.35459995,Cameroon
CZS,"Cruzeiro do Sul, AC, BR",-7.599909782,-72.76950073,Brazil
BRN,"Bern, CH",46.91410065,7.497149944,Switzerland
LNE,"Lonorore, VU",-15.86559963,168.1719971,Vanuatu
RDO,"Warsaw, PL",51.3891983,21.21330071,Poland
THU,"Pituffik, GL",76.53119659,-68.70320129,Greenland
NRE,"Namrole, ID",-3.8548,126.7012,Indonesia
SQN,"Sanana, ID",-2.080509901,125.9670029,Indonesia
YGX,"Gillam, MB, CA",56.35749817,-94.71060181,Canada
TFL,"Teofilo Otoni, MG, BR",-17.89229965,-41.5135994,Brazil
APK,"Apataki, PF",-15.5736,-146.414993,French Polynesia
HOI,"Hao, PF",-18.07480049,-140.9459991,French Polynesia
TDK,"Taldykorgan, KZ",,,Kazakhstan
NZG,"Nizhneangarsk, RU",,,Russian Federation
HRF,"Hoarafushi, MV",,,Maldives
AKB,"Atka, AK, US",52.22029877,-174.2059937,United States
UKG,"Ust-Kuyga, FF, RU",70.01100159,135.6450043,Russian Federation
CIZ,"Coari, AM, BR",-4.134059906,-63.13259888,Brazil
XCR,"Chalons Sur Marne, FR",48.77333333,4.206111111,France
UAP,"Ua Pou, PF",-9.35167,-140.078003,French Polynesia
FNJ,"Pyongyang, KP",39.224098,125.669998,North Korea
RNL,"Rennell Island, SB",-11.53390026,160.0630035,Solomon Islands
YKQ,"Waskaganish, QC, CA",51.47330093,-78.75830078,Canada
URG,"Uruguaiana, RS, BR",-29.78219986,-57.03820038,Brazil
YPY,"Ft. Chipewyan, AB, CA",58.76720047,-111.1169968,Canada
DPP,"Madhya Pradesh, IN",,,India
GAS,"Garissa, KE",-0.46350801,39.64830017,Kenya
IAM,"In Amenas, DZ",28.0515,9.64291,Algeria
ILD,"Lleida-Alguaire, ES",41.728185,0.535023,Spain
LSW,"Lhok Seumawe, ID",5.226679802,96.95030212,Indonesia
LOO,"Laghouat, DZ",33.76440048,2.928339958,Algeria
THX,"Turukhansk, IF, RU",65.79720306,87.93530273,Russian Federation
BUT,"Jakar, BT",27.5622,90.7471,Bhutan
LUH,"Ludhiana, IN",30.85470009,75.95259857,India
IGG,"Igiugig, AK, US",59.32400131,-155.9019928,United States
DKA,"Katsina, NG",,,Nigeria
LFR,"La Fria, VE",8.239167213,-72.27102661,Venezuela
MMO,"Maio Island, CV",15.1559,-23.21369934,Cape Verde
RUP,"Rupsi, IN",,,India
STC,"St. Cloud, MN, US",45.54660034,-94.05989838,United States
SJK,"Sao Jose dos Campos, SP, BR",-23.22920036,-45.86149979,Brazil
SWL,"San Vicente, PH",,,Philippines
SWT,"Strezhevoy, UF, RU",60.70940018,77.66000366,Russian Federation
HRI,"Hambantota, LK",6.284467,81.124128,Sri Lanka
IXT,"Pasighat, IN",28.06609917,95.33560181,India
TGI,"Tingo Maria, PE",-9.133000374,-75.94999695,Peru
YNY,"Yangyang, KR",38.061298,128.669006,South Korea
PMG,"Ponta Pora, MS, BR",-22.5496006,-55.70259857,Brazil
FND,"Funadhoo, MV",,,Maldives
IXI,"Lilabari, IN",27.2954998,94.09760284,India
LNO,"Leonora, WA, AU",-28.87809944,121.3150024,Australia
LRT,"Lorient, FR",47.76060104,-3.440000057,France
TKM,"Taksimo, RU",,,Russian Federation
NYW,"Monywa, MM",22.221638,95.093479,Myanmar
LVO,"Laverton, WA, AU",-28.61359978,122.4240036,Australia
CHX,"Changuinola, PA",9.458962,-82.515062,Panama
KNY,"Kodinsk, RU",,,Russian Federation
USJ,"Usharal, KZ",,,Kazakhstan
UZR,"Urdzhar, KZ",47.09115,81.66521,Kazakhstan
JPR,"Ji-Parana, RO, BR",-10.87080002,-61.8465004,Brazil
IKU,"Tamchy, KG",42.58792,76.713046,Kyrgyzstan
DRB,"Derby, WA, AU",-17.37000084,123.6610031,Australia
LMU,"Jemaja Island, ID",,,Indonesia
SSE,"Solapur, IN",17.62800026,75.93479919,India
ELV,"Elfin Cove, AK, US",58.19520187,-136.3470001,United States
NYU,"Bagan/Nyaung-u, MM",21.17880058,94.93019867,Myanmar
IRM,"Igrim, UF, RU",,,Russian Federation
JCH,"Qasigiannguit, GL",68.82281555,-51.17344737,Greenland
YON,"Trashigang, BT",,,Bhutan
AEU,"Abu Musa Island, IR",25.8757,55.033001,Iran
GYA,"Guayaramerin, BO",-10.82059956,-65.34559631,Bolivia
MWS,"Morowali, ID",,,Indonesia
AAZ,"Quetzaltenango, GT",14.8656,-91.501999,Guatemala
NOV,"Huambo, AO",-12.80889988,15.76049995,Angola
ZUM,"Churchill Falls, NL, CA",53.56190109,-64.10639954,Canada
KHQ,"Kullorsuaq, GL",,,Greenland
KVO,"Kraljevo, RS",,,Serbia
LAQ,"Beida, LY",32.7887001,21.96430016,Libya
MDK,"Mbandaka, CD",0.022600001,18.2887001,Democratic Republic of the Congo
BPA,"Borongan, PH",,,Philippines
DHG,"Dalnegorsk, FF, RU",,,Russian Federation
ITB,"Itaituba, PA, BR",-4.242340088,-56.0007019,Brazil
JPO,"Patos de Paraiba, PB, BR",,,Brazil
KBU,"Kotabaru, ID",,,Indonesia
MSZ,"Namibe, AO",-15.26119995,12.14680004,Angola
MXV,"Moron, MN",49.66329956,100.098999,Mongolia
SLX,"Salt Cay, TC",21.33300018,-71.19999695,Turks and Caicos Islands
XMH,"Manihi, PF",-14.4368,-146.0700073,French Polynesia
YYE,"Ft. Nelson, BC, CA",58.83639908,-122.5970001,Canada
DPT,"Deputatsky, FF, RU",,,Russian Federation
KZI,"Kozani, GR",40.28609848,21.84079933,Greece
NPY,"Mpanda, TZ",,,Tanzania
AJY,"Agadez, NE",16.9659996,8.000109673,Niger
AXR,"Arutua, PF",-15.2482996,-146.6170044,French Polynesia
BKQ,"Blackall, QL, AU",-24.42779922,145.4290009,Australia
CUM,"Cumana, VE",10.45033264,-64.13047028,Venezuela
GWD,"Gwadar, PK",25.23329926,62.32949829,Pakistan
KEO,"Odienne, CI",9.5,-7.566999912,Ivory Coast (Cote d'Ivoire)
KHT,"Khost, AF",33.33340073,69.95200348,Afghanistan
KQT,"Qurghonteppa, TJ",37.86640167,68.86470032,Tajikistan
LKH,"Long Akah, MY",3.299999952,114.7829971,Malaysia
MKR,"Meekatharra, WA, AU",-26.61170006,118.5479965,Australia
OZG,"Zagora, MA",30.32029915,-5.866670132,Morocco
PUZ,"Puerto Cabezas, NI",14.0472002,-83.38670349,Nicaragua
SGX,"Songea, TZ",-10.68299961,35.58300018,Tanzania
SVS,"Stevens Village, AK, US",,,United States
UYL,"Nyala, SD",12.05350018,24.95619965,Sudan
WUN,"Wiluna, WA, AU",-26.62919998,120.2210007,Australia
WZA,"Wa, GH",,,Ghana
XKS,"Kasabonika, ON, CA",53.52470016,-88.64279938,Canada
YAA,"Anahim Lake, BC, CA",52.45249939,-125.3030014,Canada
ZND,"Zinder, NE",13.77900028,8.98375988,Niger
AEA,"Abemama, KI",0.490833014,173.8289948,Kiribati
EUQ,"Antique, PH",10.76599979,121.9329987,Philippines
HAY,"Aguachica, CO",,,Colombia
HYG,"Hydaburg, AK, US",55.20629883,-132.8280029,United States
MOK,"Muynaq, UZ",,,Uzbekistan
NLG,"Nelson Lagoon, AK, US",56.00749969,-161.1600037,United States
TBO,"Tabora, TZ",-5.07638979,32.83330154,Tanzania
YNC,"Wemindji, QC, CA",53.01060104,-78.83110046,Canada
ZEM,"Eastmain, QC, CA",52.22639847,-78.52249908,Canada
ZZO,"Zonalnoye, FF, RU",,,Russian Federation
ACZ,"Zabol, IR",31.09830093,61.54389954,Iran
AHE,"Ahe, PF",-14.42809963,-146.2570038,French Polynesia
BCI,"Barcaldine, QL, AU",-23.56529999,145.3070068,Australia
BRK,"Bourke, NS, AU",-30.03919983,145.9519958,Australia
EDA,"Edna Bay, AK, US",,,United States
KAA,"Kasama, ZM",-10.2166996,31.13330078,Zambia
KSO,"Kastoria, GR",40.44630051,21.28219986,Greece
LHG,"Lightning Ridge, NS, AU",-29.45669937,147.9839935,Australia
HVD,"Khovd, MN",47.95410156,91.62819672,Mongolia
IAL,"Salinas, BR",,,Brazil
NSQ,"Nuussuaq, GL",,,Greenland
GGJ,"Guaira, PR, BR",,,Brazil
MUM,"Muli, MV",,,Maldives
PAF,"Pakuba, UG",,,Uganda
EBH,"El Bayadh, DZ",33.72166667,1.0925,Algeria
LHN,"Linhares, BR",,,Brazil
RUA,"Arua, UG",3.049999952,30.91699982,Uganda
THQ,"Tianshui, CN",34.55939865,105.8600006,China
UIK,"Ust-Ilimsk, IF, RU",58.13610077,102.5650024,Russian Federation
ULG,"Olgii, MN",48.99330139,89.92250061,Mongolia
WDB,"Weda, ID",,,Indonesia
ABK,"Kebri Dehar, ET",6.734,44.252998,Ethiopia
BZJ,"Bozhou, CN",,,China
IRA,"Kirakira, SB",-10.44970036,161.897995,Solomon Islands
LNU,"Malinau, ID",,,Indonesia
PBA,"Cairu, BA, BR",,,Brazil
SCR,"Salen, SE",,,Sweden
UMU,"Umuarama, PR, BR",-23.79870033,-53.31380081,Brazil
BGN,"Belaya Gora, FF, RU",68.556602,146.231506,Russian Federation
KBH,"Kahama, TZ",,,Tanzania
VAG,"Varginha, MG, BR",-21.59009933,-45.47330093,Brazil
YBE,"Uranium City, SK, CA",59.56140137,-108.4810028,Canada
YOG,"Ogoki, ON, CA",51.65859985,-85.90170288,Canada
YOJ,"High Level, AB, CA",58.62139893,-117.1650009,Canada
CPD,"Coober Pedy, SA, AU",-29.04000092,134.720993,Australia
GRQ,"Groningen, NL",53.11970139,6.579440117,Netherlands
TEC,"Telemaco Borba, PR, BR",-24.31780052,-50.65159988,Brazil
YFH,"Fort Hope, ON, CA",51.56190109,-87.90779877,Canada
PWE,"Pevek, FF, RU",69.78330231,170.5970001,Russian Federation
UBU,"Kalumburu, WA, AU",,,Australia
CQW,"Wulong, CN",,,China
JWN,"Zanjan, IR",36.77370071,48.3594017,Iran
VLV,"Valera, VE",9.340477943,-70.58406067,Venezuela
SJL,"Sao Gabriel Cachoeira, AM, BR",-0.14835,-66.9855,Brazil
TMT,"Trombetas, PA, BR",-1.489599943,-56.39680099,Brazil
TRT,"Mengkendek, ID",,,Indonesia
ZER,"Ziro, IN",27.588301,93.828102,India
OIA,"Ourilandia do Norte, PR, BR",-6.763100147,-51.04990005,Brazil
ZKP,"Zyryanka, FF, RU",65.7485,150.8889,Russian Federation
GRY,"Grimsey, IS",66.5458,-18.0173,Iceland
MQJ,"Khonu, FF, RU",66.450861,143.261551,Russian Federation
TNV,"Tabuaeran, KI",,,Kiribati
MZA,"Mazamari, PE",,,Peru
SQG,"Sintang, ID",0.063619003,111.4729996,Indonesia
YWS,"Whistler, BC, CA",50.14360046,-122.9489975,Canada
NKI,"Naukiti Bay, AK, US",,,United States
WWP,"Whale Pass, AK, US",,,United States
APJ,"Pulan, CN",,,China
GAX,"Gamba, GA",,,Gabon
IKO,"Nikolski, AK, US",52.9416008,-168.848999,United States
KPB,"Point Baker, AK, US",,,United States
PSU,"Putussibau, ID",0.835578024,112.9369965,Indonesia
RTG,"Ruteng, ID",-8.597009659,120.4769974,Indonesia
RTI,"Roti, ID",,,Indonesia
AHA,"Ambikapur, IN",,,India
LWE,"Lewoleba, ID",,,Indonesia
FRE,"Fera Island, SB",-8.1075,159.576996,Solomon Islands
JEK,"Lower Zambezi Nat. Park, ZM",,,Zambia
RMT,"Rimatara, PF",-22.63725,-152.8059,French Polynesia
UNA,"Una, BA, BR",-15.35519981,-38.99900055,Brazil
AEB,"Baise, CN",23.72060013,106.9599991,China
BKA,"Baykit, RU",55.61719894,38.06000137,Russian Federation
BZL,"Barisal, BD",22.8010006,90.30120087,Bangladesh
EZV,"Berezovo, UF, RU",63.92100143,65.03050232,Russian Federation
NDE,"Mandera, KE",,,Kenya
WLS,"Wallis Is., WF",-13.23830032,-176.1990051,Wallis and Futuna Islands
BQW,"Balgo Hill, WA, AU",,,Australia
HTG,"Khatanga, IF, RU",71.97810364,102.4909973,Russian Federation
CMG,"Corumba, MS, BR",-19.01194382,-57.67139053,Brazil
SLH,"Sola, VU",-13.85169983,167.5370026,Vanuatu
GMO,"Gombe, NG",10.29833333,10.89638889,Nigeria
VUS,"Veliky Ustyug, NF, RU",60.78829956,46.25999832,Russian Federation
GPB,"Guarapuava, PR, BR",-25.38750076,-51.52019882,Brazil
GLU,"Gelephu, BT",26.88456,90.46412,Bhutan
ODB,"Cordoba, ES",37.84199905,-4.848879814,Spain
RVV,"Raivavae, PF",-23.8852005,-147.6620026,French Polynesia
VKG,"Rach Gia, VN",9.958029972,105.1323795,Vietnam
VOL,"Volos, GR",39.21960068,22.79430008,Greece
YLE,"Whati, NT, CA",63.13169861,-117.2460022,Canada
DUE,"Dundo, AO",-7.400889874,20.81850052,Angola
KIE,"Kieta, PG",,,Papua New Guinea
SYS,"Saskylakh, FF, RU",71.92790222,114.0800018,Russian Federation
VPE,"Ondjiva, AO",-17.0435009,15.68379974,Angola
BCU,"Bauchi, NG",10.482833,9.744,Nigeria
MVT,"Mataiva, PF",-14.86810017,-148.7169952,French Polynesia
SCZ,"Santa Cruz, SB",-10.72029972,165.7949982,Solomon Islands
CYX,"Chersky, FF, RU",68.74060059,161.3379974,Russian Federation
LMV,"Naifaru, MV",,,Maldives
CKH,"Chokurdakh, FF, RU",70.62310028,147.9019928,Russian Federation
IKG,"Karakol, KG",,,Kyrgyzstan
OGV,"Ongava, NA",,,Namibia
OWD,"Norwood, MA, US",42.19049835,-71.17289734,United States
VAQ,"Vanavara, RU",,,Russian Federation
INF,"In Guezzam, DZ",,,Algeria
KSL,"Kassala, SD",15.38749981,36.3288002,Sudan
ZGU,"Gaua Island, VU",-14.21809959,167.5870056,Vanuatu
RZR,"Ramsar, Iran, IR",36.90990067,50.67959976,Iran
TNC,"Tin City, AK, US",65.56310272,-167.9219971,United States
ZIX,"Zhigansk, FF, RU",66.79650116,123.3610001,Russian Federation
AKS,"Auki, SB",-8.70257,160.682007,Solomon Islands
STB,"Santa Barbara Zulia, VE",8.974550247,-71.94325256,Venezuela
HBQ,"Qilian, CN",,,China
IGA,"Inagua, BS",20.97500038,-73.66690063,Bahamas
AXX,"Angel Fire, NM, US",,,United States
OGD,"Ogden, UT, US",41.19589996,-112.012001,United States
ONK,"Olenek, FF, RU",68.514999,112.480003,Russian Federation
XCH,"Christmas Island, CX",-10.45059967,105.6900024,Christmas Island
YAC,"Cat Lake, ON, CA",51.72719955,-91.82440186,Canada
PAZ,"Poza Rica, MX",20.60269928,-97.46080017,Mexico
TQA,"Tasiussaq, GL",,,Greenland
FMT,"Faresmathoda, MV",,,Maldives
ODY,"Muang Xay, LA",20.6826992,101.9940033,Laos
CHY,"Choiseul Bay, SB",-6.711944,156.396111,Solomon Islands
CXY,"Cat Cays, BS",,,Bahamas
AXP,"Spring Point, BS",22.44179916,-73.97090149,Bahamas
HDM,"Hamadan, Iran, IR",34.86920166,48.55250168,Iran
RHD,"Termas de Rio Hondo, SE, AR",-27.4966,-64.93595,Argentina
TMF,"Thimarafushi, MV",2.211,73.1533,Maldives
TUR,"Tucurui, PA, BR",-3.786010027,-49.72029877,Brazil
AKK,"Akhiok, AK, US",56.93870163,-154.1829987,United States
KVR,"Kavalerovo, FF, RU",44.2726,135.029,Russian Federation
KYK,"Karluk, AK, US",57.56710052,-154.4499969,United States
LEC,"Lencois, BA, BR",-12.4822998,-41.27700043,Brazil
RZH,"Preobrazheniye, FF, RU",,,Russian Federation
TLY,"Plastun, FF, RU",,,Russian Federation
UVI,"Uniao da Vitoria, PR, BR",,,Brazil
BNY,"Bellona, SB",,,Solomon Islands
JCL,"Ceske Budejovice, CZ",,,Czech Republic
JPE,"Paragominas, PA, BR",,,Brazil
LLM,"Lomlom, SB",,,Solomon Islands
RTA,"Rotuma, FJ",-12.48250008,177.0709991,Fiji
SSR,"Sara, VU",-15.4708004,168.1519928,Vanuatu
SWV,"Evensk, FF, RU",,,Russian Federation
XTG,"Thargomindah, QL, AU",-27.9864006,143.8110046,Australia
ADK,"Adak Island, AK, US",51.87799835,-176.6459961,United States
BBG,"Butaritari, KI",3.08583,172.811005,Kiribati
CAU,"Caruaru, PE, BR",-8.282389641,-36.01350021,Brazil
CJZ,"Cajazeiras, BR",,,Brazil
CRI,"Crooked Island, BS",22.74559975,-74.18240356,Bahamas
GAO,"Guantanamo, CU",20.08530045,-75.15830231,Cuba
KNK,"Kokhanok, AK, US",,,United States
LUO,"Luena, AO",-11.76809978,19.89769936,Angola
MFQ,"Maradi, NE",13.50249958,7.126749992,Niger
MKP,"Makemo, PF",-16.58390045,-143.6580048,French Polynesia
MTK,"Makin, KI",3.374439955,172.9920044,Kiribati
NNL,"Nondalton, AK, US",59.98020172,-154.8390045,United States
NSH,"Nowshahr, Iran, IR",36.66329956,51.46469879,Iran
PTA,"Port Alsworth, AK, US",60.201681,-154.325863,United States
SET,"Serra Talhada, BR",,,Brazil
SYJ,"Sirjan, IR",29.55089951,55.67269897,Iran
YAP,"Yap, FM",9.49891,138.082993,Micronesia
YPO,"Peawanuck, ON, CA",54.98809814,-85.44329834,Canada
AAK,"Aranuka, KI",0.185277998,173.6369934,Kiribati
ABF,"Abaiang, KI",1.798609972,173.0410004,Kiribati
BEZ,"Beru, KI",-1.354719996,176.0070038,Kiribati
BUN,"Buenaventura, CO",3.81963,-76.9898,Colombia
BVH,"Vilhena, RO, BR",-12.69439983,-60.09830093,Brazil
CCK,"Cocos Islands, CC",-12.18830013,96.83390045,Cocos (Keeling) Islands
CKX,"Chicken, AK, US",,,United States
EGN,"El Geneina, SD",13.48169994,22.46719933,Sudan
JAW,"Araripina, PE, BR",,,Brazil
JMA,"Manhuacu, BR",,,Brazil
KJH,"Huang Ping, CN",26.972,107.988,China
KUC,"Kuria, KI",0.218611002,173.4420013,Kiribati
LCR,"La Chorrera, CO",,,Colombia
LMA,"Lake Minchumina, AK, US",63.886002,-152.302002,United States
MJC,"Man, CI",7.272069931,-7.587359905,Ivory Coast (Cote d'Ivoire)
MYG,"Mayaguana, BS",22.379499,-73.013494,Bahamas
MZK,"Marakei, KI",2.058609962,173.2709961,Kiribati
NIG,"Nikunau, KI",-1.314440012,176.4100037,Kiribati
NON,"Nonouti, KI",-0.63972199,174.4279938,Kiribati
OOT,"Onotoa, KI",,,Kiribati
ORT,"Northway, AK, US",62.9612999,-141.9290009,United States
RLO,"Merlo, SL, AR",,,Argentina
SVI,"San Vincente Del Caguan, CO",2.15217,-74.7663,Colombia
TEQ,"Tekirdag, TR",41.13819885,27.91909981,Turkiye
TME,"Tame, CO",6.45108,-71.7603,Colombia
TQQ,"Tomia, ID",-5.764570236,123.9169998,Indonesia
TSU,"Tabiteuea South, KI",-1.474439979,175.0639954,Kiribati
UTS,"Ust-Tsilma, NF, RU",65.43729401,52.20033646,Russian Federation
YER,"Fort Severn, ON, CA",56.01890182,-87.67610168,Canada
YTL,"Big Trout Lake, ON, CA",53.81779861,-89.89689636,Canada
BAT,"Barretos, SP, BR",-20.58449936,-48.59410095,Brazil
BGS,"Boguchany, RU",,,Russian Federation
CYC,"Caye Chapel, BZ",,,Belize
FRC,"Franca, SP, BR",-20.592199,-47.3829,Brazil
GMR,"Totegegie, PF",-23.07990074,-134.8899994,French Polynesia
LTI,"Altai, MN",46.37639999,96.22109985,Mongolia
MSH,"Masirah, OM",20.67539978,58.89049911,Oman
PPV,"Port Protection, AK, US",,,United States
PYT,"Paracatu, MG, BR",,,Brazil
SPP,"Menongue, AO",-14.6576004,17.71980095,Angola
SVP,"Kuito, AO",-12.40460014,16.94739914,Angola
UPK,"Upernavik Kujalleq, GL",,,Greenland
YGZ,"Grise Fiord, NU, CA",76.42610168,-82.90920258,Canada
YHI,"Ulukhaktok, NT, CA",70.76280212,-117.8059998,Canada
BIM,"Bimini, BS",25.69989967,-79.26470184,Bahamas
NYR,"Nyurba, FF, RU",63.294998,118.336998,Russian Federation
OAL,"Cacoal, RO, BR",-11.496,-61.4508,Brazil
PHB,"Parnaiba, PI, BR",-2.893749952,-41.73199844,Brazil
QGP,"Garanhuns, PE, BR",,,Brazil
SCT,"Socotra, Yemen, YE",12.63070011,53.90579987,Yemen
SUK,"Sakkyryr, FF, RU",67.792,130.394,Russian Federation
SUY,"Suntar, FF, RU",62.18500137,117.6350021,Russian Federation
MBZ,"Maues, AM, BR",-3.37217,-57.7248,Brazil
MNX,"Manicore, AM, BR",-5.81137991,-61.27830124,Brazil
BVS,"Breves, PA, BR",-1.636530042,-50.4435997,Brazil
HFN,"Hofnafjordur, IS",64.295601,-15.2272,Iceland
KUZ,"Kuummiut, GL",,,Greenland
MEU,"Monte Dourado, PA, BR",-0.889839,-52.6022,Brazil
AGT,"Ciudad Del Este, PY",-25.454516,-54.842682,Paraguay
KSZ,"Kotlas, NF, RU",61.2358017,46.69749832,Russian Federation
LBR,"Labrea, AM, BR",-7.278969765,-64.76950073,Brazil
PTQ,"Porto De Moz, PA, BR",,,Brazil
RBB,"Borba, AM, BR",-4.406340122,-59.60240173,Brazil
BWK,"Brac, HR",43.28570175,16.67970085,Croatia
IUI,"Innarsuit, GL",,,Greenland
RLG,"Rostock-Laage, DE",53.91820145,12.27830029,Germany
SVR,"Savissivik, GL",,,Greenland
YBI,"Black Tickle, NL, CA",53.4693985,-55.78499985,Canada
OPP,"Salinopolis, PA, BR",,,Brazil
RER,"Retalhuleu, GT",14.52099991,-91.69730377,Guatemala
SLE,"Salem, OR, US",44.90950012,-123.0029984,United States
YRF,"Cartwright, NL, CA",53.68280029,-57.04190063,Canada
SRK,"Siorapaluk, GL",,,Greenland
YFX,"St Lewis (Fox Harbour), NL, CA",52.37279892,-55.6739006,Canada
YHA,"Port Hope Simpson, NL, CA",52.52809906,-56.28609848,Canada
YHG,"Charlottetown, NL, CA",,,Canada
YMH,"Mary's Harbour, NL, CA",52.30279922,-55.84719849,Canada
ERG,"Yerbogachen, IF, RU",61.27500153,108.0299988,Russian Federation
OUI,"Ouessant, FR",,,France
TID,"Bouchekif Airport, DZ",35.34109879,1.463150024,Algeria
DHX,"Kediri, ID",,,Indonesia
KGE,"Kaghau Island, SB",-7.3305,157.585,Solomon Islands
WBM,"Wapenamanda, PG",-5.643300056,143.8950043,Papua New Guinea
BDH,"Bandar Lengeh, IR",26.53199959,54.82479858,Iran
AIS,"Arorae, KI",-2.616110086,176.8029938,Kiribati
HPG,"Shennongjia, CN",31.626,110.34,China
TMN,"Tamana, KI",-2.485830069,175.9700012,Kiribati
MNK,"Maiana, KI",1.003610015,173.0310059,Kiribati
GMA,"Gemena, CD",3.235369921,19.77129936,Democratic Republic of the Congo
OUZ,"Zouerate, MR",22.75639915,-12.48359966,Mauritania
TSM,"Taos, NM, US",36.45819855,-105.6719971,United States
IQA,"Al Asad, IQ",33.78559875,42.44120026,Iraq
KGT,"Kangding, CN",30.1575,101.734722,China
NMI,"Mumbai, IN",,,India
PBU,"Putao, MM",27.32990074,97.42630005,Myanmar
GJR,"Gjogur, IS",65.99530029,-21.32690048,Iceland
PQM,"Palenque, MX",17.533153,-92.015484,Mexico
HGN,"Mae Hong Son, TH",19.30130005,97.97579956,Thailand
KHD,"Khorramabad, IR",33.4353981,48.28290176,Iran
IZT,"Ixtepec, MX",16.449301,-95.093697,Mexico
LPM,"Lamap, VU",-16.4611228,167.829253,Vanuatu
BUG,"Benguela, AO",-12.60900021,13.40369987,Angola
IUE,"Niue Island, NU",-19.07903099,-169.9255981,Niue
GIT,"Geita, TZ",-2.813667,32.172472,Tanzania
AVR,"Amravati, IN",38.883301,-9.0301,India
RCU,"Rio Cuarto, CD, AR",-33.08509827,-64.26129913,Argentina
PBD,"Porbandar, IN",21.64870071,69.65720367,India
KXU,"Katiu, PF",,,French Polynesia
NAJ,"Nakchivan, AZ",39.18880081,45.45840073,Azerbaijan
AAA,"Anaa, PF",-17.3526001,-145.5099945,French Polynesia
TKX,"Takaroa, PF",-14.45580006,-145.0249939,French Polynesia
USR,"Ust-Nera, FF, RU",64.55000305,143.1150055,Russian Federation
WHD,"Hyder, AK, US",,,United States
ERN,"Eirunepe, AM, BR",-6.639530182,-69.87979889,Brazil
BJB,"Bojnurd, IR",37.49300003,57.30820084,Iran
DLZ,"Dalanzadgad, MN",43.59170151,104.4300003,Mongolia
MVQ,"Mogilev, BY",53.95489883,30.0951004,Belarus
PYH,"Puerto Ayacucho, VE",5.619989872,-67.60610199,Venezuela
TKP,"Takapoto, PF",-14.70950031,-145.2460022,French Polynesia
APD,"Bone, ID",,,Indonesia
CYO,"Cayo Largo Del Sur, CU",21.61650085,-81.54599762,Cuba
CZN,"Chisana, AK, US",,,United States
EEA,"Correia, SC, BR",,,Brazil
CFG,"Cienfuegos, CU",22.14999962,-80.41419983,Cuba
TNQ,"Teraina, KI",,,Kiribati
CBG,"Cambridge, EN, GB",52.205002,0.175,United Kingdom
CCV,"Craig Cove, VU",-16.264999,167.923996,Vanuatu
CFB,"Cabo Frio, RJ, BR",-22.92169952,-42.07429886,Brazil
IRZ,"Santa Isabel Rio Negro, AM, BR",-0.3786,-64.9923,Brazil
LKB,"Lakeba Island, FJ",-18.19919968,-178.8170013,Fiji
TOB,"Tobruk, LY",31.861,23.907,Libya
OHS,"Sohar, OM",24.38604,56.62541,Oman
RVD,"Rio Verde, GO, BR",-17.83472252,-50.95611191,Brazil
SUI,"Sokhumi, GE",42.85820007,41.12810135,Georgia
WLH,"Walaha, VU",-15.4119997,167.6909943,Vanuatu
BVJ,"Bovanenkovo, UF, RU",,,Russian Federation
TYD,"Tynda, FF, RU",,,Russian Federation
BBQ,"Barbuda, AG",17.635799,-61.828602,Antigua and Barbuda
DOG,"Dongola, SD",19.15390015,30.43009949,Sudan
KSF,"Kassel, DE",51.417273,9.384967,Germany
CAW,"Campos dos Goytacazes, RJ, BR",-21.69829941,-41.30170059,Brazil
EYA,"Zeya, RU",,,Russian Federation
LMC,"La Macarena, CO",,,Colombia
MWX,"Muan, KR",34.991406,126.382814,South Korea
HLE,"Jamestown, SH",-15.957725,-5.645943,Saint Helena
MUU,"Marau, BA, BR",,,Brazil
SGG,"Sermiligaaq, GL",,,Greenland
OEC,"Oecussi, TL",,,East Timor
SES,"Svetlogorsk, RU",,,Russian Federation
AAY,"Al Ghaydah, YE",16.19169998,52.17499924,Yemen
BAZ,"Barcelos, AM, BR",-0.981292,-62.919601,Brazil
DPB,"Cameron, CL",,,Chile
LPP,"Lappeenranta, FI",61.044601,28.144743,Finland
GEM,"Mongomo, GQ",,,Equatorial Guinea
KSR,"Selayar Islands, ID",,,Indonesia
BAS,"Balalae, SB",-6.990745,155.886656,Solomon Islands
CHU,"Chuathbaluk, AK, US",61.579102,-159.216003,United States
CKD,"Crooked Creek, AK, US",,,United States
KGQ,"Kangersuatsiaq, GL",,,Greenland
KHM,"Khamti, MM",25.98830032,95.67440033,Myanmar
LPS,"Lopez Island, WA, US",48.48389816,-122.9380035,United States
NNB,"Santa Ana Island, SB",-10.847994,162.454108,Solomon Islands
RBZ,"Shakhrisabz, UZ",,,Uzbekistan
RDV,"Red Devil, AK, US",,,United States
SAE,"Saattut, GL",,,Greenland
SLQ,"Sleetmute, AK, US",61.70050049,-157.1660004,United States
SRV,"Stony River, AK, US",,,United States
PRS,"Parasi, SB",,,Solomon Islands
VJB,"Xai-Xai, MZ",,,Mozambique
DDR,"Xigaze/Rikaze, CN",,,China
NLH,"Ninglang, CN",27.5403,100.7593,China
PEV,"Pecs, HU",45.990898,18.240996,Hungary
RNA,"Arona, SB",-9.860543583,161.9795465,Solomon Islands
SLM,"Salamanca, ES",40.95209885,-5.501989841,Spain
IKE,"Ikerasak, GL",,,Greenland
LOV,"Monclova, MX",26.9557,-101.470001,Mexico
WMN,"Maroantsetra, MG",-15.43669987,49.68830109,Madagascar
MDU,"Mendi, PG",-6.14774,143.656998,Papua New Guinea
ORB,"Orebro-Bofors, SE",59.22370148,15.03800011,Sweden
TQI,"Tiniteqilaaq, GL",,,Greenland
VBV,"Vanuabalavu Island, FJ",-17.2689991,-178.9759979,Fiji
AOQ,"Aappilattoq-Upernavik, GL",,,Greenland
EDN,"Yedinka, FF, RU",,,Russian Federation
FAC,"Faaite, PF",-16.68670082,-145.3289948,French Polynesia
IOQ,"Isotoq, GL",,,Greenland
JAA,"Jalalabad, AF",34.39979935,70.49859619,Afghanistan
JUK,"Ukkusissat, GL",,,Greenland
MMG,"Mount Magnet, WA, AU",-28.11610031,117.8420029,Australia
QUP,"Saqqaq, GL",,,Greenland
RRR,"Raroia, PF",-16.045,-142.476944,French Polynesia
AEM,"Amgu, FF, RU",,,Russian Federation
CBL,"Ciudad Bolivar, VE",8.122160912,-63.53695679,Venezuela
EGL,"Neghelli, ET",,,Ethiopia
EGO,"Belgorod, CF, RU",50.64379883,36.59009933,Russian Federation
ETL,"Svetlaya, FF, RU",,,Russian Federation
ICI,"Cicia Island, FJ",-17.74329948,-179.3419952,Fiji
KXF,"Koro, FJ",-17.3458004,179.4219971,Fiji
LPD,"La Pedrera, CO",-1.32861,-69.5797,Colombia
LUR,"Cape Lisburne, AK, US",68.87509918,-166.1100006,United States
MPN,"Mount Pleasant, FK",-51.82279968,-58.44720078,Falkland Islands
MWF,"Maewo Island, VU",-15,168.0829926,Vanuatu
TCD,"Tarapaca, CO",,,Colombia
WFB,"Ketchikan, AK, US",,,United States
GLK,"Galcaio, SO",6.780829906,47.45470047,Somalia
KXA,"Kasaan, AK, US",,,United States
ULO,"Ulaangom, MN",50.066588,91.938273,Mongolia
YVC,"La Ronge, SK, CA",55.15140152,-105.262001,Canada
EMN,"Nema, MR",16.62199974,-7.316599846,Mauritania
KKR,"Kaukura, PF",-15.66329956,-146.8849945,French Polynesia
LGZ,"Shannan, CN",,,China
MTV,"Mota Lava Island, VU",-13.66600037,167.7120056,Vanuatu
OTI,"Morotai Island, ID",2.04598999,128.3249969,Indonesia
QGQ,"Attu, GL",67.94066286,-53.62186968,Greenland
DOU,"Dourados, MS, BR",-22.2019,-54.926601,Brazil
LLU,"Alluitsup Paa, GL",60.46445,-45.56917,Greenland
NIQ,"Niaqornat, GL",,,Greenland
AEH,"Abeche, TD",13.84700012,20.84429932,Chad
BRB,"Barreirinhas, MA, BR",,,Brazil
DKS,"Dikson, IF, RU",73.51780701,80.37966919,Russian Federation
QJI,"Ikamiut, GL",68.6342531,-51.83226228,Greenland
APC,"Napa, CA, US",38.2132,-122.280998,United States
TRM,"Thermal, CA, US",33.62670135,-116.1600037,United States
SNV,"Santa Elena de Uairen, VE",4.554999828,-61.15000153,Venezuela
AKF,"Kufra, LY",24.17869949,23.31399918,Libya
LNB,"Lamen Bay, VU",-16.58419991,168.1589966,Vanuatu
PHH,"Pokhara, NP",,,Nepal
PQT,"Qeqertaq, GL",,,Greenland
PSJ,"Poso, ID",-1.416749954,120.6579971,Indonesia
TLI,"Tolitoli, ID",1.123428,120.793658,Indonesia
DCT,"Duncan Town, BS",22.18180084,-75.72949982,Bahamas
QPW,"Kangaatsiaq, GL",68.31265749,-53.46020758,Greenland
RCY,"Rum Cay, BS",23.68440056,-74.8361969,Bahamas
SBT,"Sabetta, UF, RU",71.219167,72.052222,Russian Federation
ZIS,"Zintan, LY",31.774878,12.25006,Libya
HDF,"Heringsdorf, DE",53.87870026,14.15229988,Germany
MKS,"Mekane Selam, ET",10.7254,38.7415,Ethiopia
MZW,"Mechria, DZ",33.53590012,-0.242353007,Algeria
DSY,"Krong Khemara Phoumin, KH",,,Cambodia
MHM,"Malaita, SB",,,Solomon Islands
RBV,"Ramata Island, SB",-8.168060303,157.6430054,Solomon Islands
KLV,"Karlovy Vary, CZ",50.20299911,12.91499996,Czech Republic
TGP,"Bor, IF, RU",61.589699,89.994003,Russian Federation
HCJ,"Hechi, CN",24.805,107.6997,China
MVF,"Mossoro, RN, BR",-5.201920033,-37.36429977,Brazil
NBN,"Annobon, GQ",-1.410277,5.621944,Equatorial Guinea
TJL,"Tres Lagoas, MS, BR",-20.75419998,-51.68420029,Brazil
PGZ,"Ponta Grossa, PR, BR",-25.1847,-50.1441,Brazil
PUK,"Pukarua, PF",-18.29560089,-137.0169983,French Polynesia
REA,"Reao, PF",-18.46590042,-136.4400024,French Polynesia
TKV,"Tatakoto, PF",-17.3553009,-138.4450073,French Polynesia
PDB,"Pedro Bay, AK, US",,,United States
RTW,"Saratov, VF, RU",51.56499863,46.04669952,Russian Federation
DEF,"Dezful, IR",32.434399,48.397598,Iran
HHZ,"Hikueru, PF",-17.54470062,-142.6139984,French Polynesia
PML,"Port Moller, AK, US",56.00600052,-160.5610046,United States
QFN,"Narsaq Kujalleq, GL",,,Greenland
QUV,"Aappilattoq, GL",,,Greenland
MNY,"Mono Island, SB",-7.416940212,155.5650024,Solomon Islands
TJS,"Tanjung Selor, ID",2.835833333,117.3736111,Indonesia
VBP,"Bokpyin, MM",11.1494,98.735901,Myanmar
XEQ,"Tasiussaq, GL",,,Greenland
ZTA,"Tureira, PF",-20.78969955,-138.5700073,French Polynesia
ATD,"Atoifi, SB",-8.87333,161.011002,Solomon Islands
FHZ,"Fakahina, PF",,,French Polynesia
JAK,"Jacmel, HT",18.24110031,-72.51850128,Haiti
JEE,"Jeremie, HT",18.66309929,-74.17030334,Haiti
LER,"Leinster, WA, AU",-27.84329987,120.7030029,Australia
NUK,"Nukutavake, PF",-19.28499985,-138.7720032,French Polynesia
VHZ,"Vahitahi, PF",-18.78000069,-138.8529968,French Polynesia
YES,"Yasouj, IR",30.70050049,51.54510117,Iran
BMA,"Stockholm, SE",59.35440063,17.94169998,Sweden
TUV,"Tucupita, VE",9.088994026,-62.09417343,Venezuela
ULZ,"Uliastai, MN",47.7093,96.5258,Mongolia
AUX,"Araguaina, TO, BR",-7.22787,-48.240501,Brazil
BYC,"Yacuiba, BO",-21.96089935,-63.65169907,Bolivia
MEQ,"Cut Nyak Dien, ID",4.25,96.21700287,Indonesia
QMK,"Niaqornaarsuk, GL",,,Greenland
XIQ,"Ilimanaq, GL",69.080915,-51.11431539,Greenland
AAM,"Mala Mala, ZA",-24.81809998,31.54459953,South Africa
ACP,"Maragheh, IR",37.34799957,46.12789917,Iran
BWE,"Braunschweig/Wolfsburg, DE",52.319199,10.5561,Germany
NSR,"Serra da Capivara, PI, BR",,,Brazil
QFI,"Iginniarfik, GL",,,Greenland
PFQ,"Parsabad, IR",39.60359955,47.88150024,Iran
JAE,"Jaen, PE",-5.59248,-78.774002,Peru
LVP,"Lavan Island, IR",26.81030083,53.35630035,Iran
LWN,"Gyumri, AM",40.75040054,43.85929871,Armenia
GTS,"The Granites, NT, AU",,,Australia
KOO,"Kongolo, CD",-5.39444,26.99,Democratic Republic of the Congo
LLK,"Lankaran, AZ",38.74639893,48.81800079,Azerbaijan
QRY,"Ikerasaarsuk, GL",68.14088101,-53.44145894,Greenland
TBH,"Tablas Island, PH",12.31099987,122.0849991,Philippines
ZSE,"Saint-Pierre, RE",-21.32089996,55.42499924,Reunion
HKB,"Healy Lake, AK, US",,,United States
JRK,"Arsuk, GL",,,Greenland
NFO,"Niuafo'Ou, Tonga Is., TO",-15.57079983,-175.6329956,Tonga
NRK,"Norrkoping, SE",58.5862999,16.25060081,Sweden
NTT,"Niuatoputapu, Tonga, TO",-15.977297,-173.791089,Tonga
QJE,"Kitsissuarsuit, GL",68.857926,-53.12329531,Greenland
QUW,"Ammassivik, GL",,,Greenland
ESM,"Esmeraldas, EC",0.978519022,-79.62660217,Ecuador
GBB,"Gabala, AZ",40.826667,47.7125,Azerbaijan
QJG,"Itilleq, GL",,,Greenland
UOL,"Buol, ID",1.1027,121.4141,Indonesia
CQD,"Shahre Kord, IR",32.29719925,50.84220123,Iran
JBB,"Jember, ID",,,Indonesia
OOM,"Cooma, NS, AU",-36.30059814,148.973999,Australia
QCU,"Akunnaaq, GL",,,Greenland
SZC,"Sarfannguit, GL",,,Greenland
FGU,"Fangatau, PF",-15.81989956,-140.8869934,French Polynesia
IHR,"Iranshahr, IR",27.23609924,60.72000122,Iran
IVR,"Inverell, NS, AU",-29.88829994,151.1439972,Australia
JYR,"Jiroft, IR",28.7269001,57.67029953,Iran
TBJ,"Tabarka, TN",36.97999954,8.876939774,Tunisia
MOO,"Moomba, SA, AU",-28.09939957,140.1970062,Australia
PGQ,"Pekaulang, ID",,,Indonesia
SIR,"Sion, CH",46.21960068,7.326759815,Switzerland
BXY,"Baykonur, KZ",45.621994,63.210773,Kazakhstan
BYN,"Bayankhongor, MN",46.16329956,100.7040024,Mongolia
EBU,"St. Etienne, FR",45.54059982,4.296390057,France
KAZ,"Kau, ID",1.185279965,127.8960037,Indonesia
RAQ,"Muna, ID",-4.760557,122.569371,Indonesia
YND,"Ottawa, QC, CA",45.52170181,-75.56359863,Canada
YNL,"Points North Landing, SK, CA",58.27669907,-104.0820007,Canada
WMK,"Meyers Chuck, AK, US",,,United States
MWQ,"Magway, MM",20.1656,94.941399,Myanmar
RNM,"Qarn Alam, OM",,,Oman
WNI,"Wangi Wangi Island, ID",,,Indonesia
KRB,"Karumba, QL, AU",-17.45669937,140.8300018,Australia
NYK,"Nanyuki, KE",-0.062398899,37.041008,Kenya
PBZ,"Plettenberg, ZA",-34.08816017,23.32872343,South Africa
SIQ,"Singkep, ID",-0.479189008,104.5790024,Indonesia
SMW,"Smara, EH",26.7318,-11.6847,Western Sahara
TEF,"Telfer, WA, AU",-21.71500015,122.2289963,Australia
YAE,"Yartsevo, RU",,,Russian Federation
ENO,"Encarnacion, PY",-27.227366,-55.837495,Paraguay
KRC,"Kerinci, ID",-2.093,101.4683,Indonesia
SUP,"Sumenep, ID",-7.0242,113.89023,Indonesia
TQP,"Trepell, QL, AU",,,Australia
VEY,"Vestmannaeyjar, IS",63.42430115,-20.27890015,Iceland
GHC,"Great Harbour Cay, BS",25.7383,-77.840103,Bahamas
HUE,"Humera, ET",14.25,36.58300018,Ethiopia
LGE,"Lake Gregory, WA, AU",,,Australia
SFD,"San Fernando Apur, VE",7.883319855,-67.44400024,Venezuela
ATR,"Atar, MR",20.5067997,-13.04319954,Mauritania
CJF,"Coondewanna, WA, AU",-22.9666996,118.8130035,Australia
FPR,"Fort Pierce, FL, US",27.49510002,-80.36830139,United States
JCS,"Crateus, CE, BR",,,Brazil
OJU,"Tojo Una Una, ID",,,Indonesia
PXH,"Prominent Hill, SA, AU",-29.716,135.5244,Australia
RGS,"Burgos, ES",42.357601,-3.62076,Spain
TBI,"The Bight, BS",24.3153,-75.452301,Bahamas
JSB,"Sao Benedito, CE, BR",,,Brazil
NAU,"Napuka, PF",-14.17679977,-141.2669983,French Polynesia
QIG,"Iguatu, CE, BR",-6.34664011,-39.29380035,Brazil
TCX,"Tabas, IR",33.6678009,56.8927002,Iran
GCH,"Gachsaran, IR",30.33760071,50.82799912,Iran
IMQ,"Maku, IR",,,Iran
JSK,"Jask, IR",25.653601,57.799301,Iran
JSO,"Sobral, CE, BR",,,Brazil
KHY,"Khoy, IR",38.42750168,44.97359848,Iran
TJN,"Takume, PF",,,French Polynesia
BFM,"Mobile, AL, US",30.62680054,-88.06809998,United States
BBL,"Ballera, QL, AU",-27.405633,141.809458,Australia
BYP,"Barimunya, WA, AU",-22.6739006,119.1660004,Australia
HZK,"Husavik, IS",65.952301,-17.426001,Iceland
NDU,"Rundu, NA",-17.9564991,19.71940041,Namibia
PHQ,"Phosphate Hill, QL, AU",,,Australia
RKI,"Rokot, ID",,,Indonesia
KFA,"Kiffa, MR",16.59000015,-11.40620041,Mauritania
MWK,"Matak, ID",3.348119974,106.2580032,Indonesia
PKP,"Puka Puka, PF",-14.80949974,-138.8130035,French Polynesia
RGT,"Rengat, ID",-0.352807999,102.3349991,Indonesia
AXK,"Ataq, YE",14.55130005,46.82619858,Yemen
BSX,"Pathein, MM",16.815201,94.7799,Myanmar
CCE,"Cairo, EG",,,Egypt
CHR,"Chateauroux, FR",46.860278,1.721111,France
INB,"Independence, BZ",,,Belize
OSM,"Mosul, IQ",36.305801,43.1474,Iraq
TCE,"Tulcea, RO",45.0625,28.71430016,Romania
APB,"Apolo, BO",,,Bolivia
BXB,"Irarutu, ID",-2.532239914,133.4389954,Indonesia
GKE,"Geilenkirchen, DE",50.9608,6.04242,Germany
GYB,"Wodgina, WA, AU",,,Australia
KYB,"Kens Bore, AU",,,Australia
LNV,"Lihir Island, PG",,,Papua New Guinea
NAH,"Tahuna, ID",3.683209896,125.5279999,Indonesia
PIO,"Pisco, PE",-13.74489975,-76.22029877,Peru
CSL,"Camp San Luis Obispo, CA, US",,,United States
LIO,"Limon, CR",9.957960129,-83.02200317,Costa Rica
MOG,"Monghsat, MM",20.51679993,99.25679779,Myanmar
RIL,"Rifle, CO, US",39.526299,-107.726997,United States
SOB,"Balaton, HU",46.686391,17.159084,Hungary
HJB,"Hejing, CN",,,China
LEH,"Le Havre, FR",49.53390121,0.088055998,France
MNA,"Melanguane, ID",4.00694,126.672997,Indonesia
MPC,"Muko-Muko, ID",,,Indonesia
RKA,"Aratika, PF",,,French Polynesia
ARW,"Arad, RO",46.17660141,21.26199913,Romania
CXT,"Charters Towers, QL, AU",,,Australia
KHZ,"Kauehi, PF",-15.78079987,-145.1239929,French Polynesia
LBG,"Paris-Le Bourget, FR",48.9693985,2.441390038,France
MBB,"Marble Bar, WA, AU",,,Australia
NIU,"Niau, PF",-16.1191,-146.3683,French Polynesia
VBS,"Verona-Brescia, IT",45.428902,10.3306,Italy
ZAJ,"Zaranj, AF",30.972222,61.865833,Afghanistan
ABC,"Albacete, ES",38.94850159,-1.863520026,Spain
ADJ,"Amman, JO",31.97270012,35.99160004,Jordan
AHG,"Agalega, MU",,,Mauritius
AUY,"Anatom Island, VU",-20.24920082,169.7709961,Vanuatu
BWB,"Barrow Island, WA, AU",-20.86440086,115.4059982,Australia
CER,"Cherbourg, FR",49.65010071,-1.470280051,France
CJL,"Chitral, PK",35.88660049,71.80059814,Pakistan
CSH,"Solovetsky, NF, RU",65.02999878,35.73333359,Russian Federation
CYD,"San Ignacio, BZ",,,Belize
DIJ,"Dijon, FR",47.268902,5.09,France
HRA,"Mnichovo Hradiste, CZ",,,Czech Republic
KID,"Kristianstad, SE",55.92169952,14.08549976,Sweden
MEG,"Malanje, AO",-9.525090218,16.31240082,Angola
ODE,"Odense, DK",55.47669983,10.33090019,Denmark
RON,"Paipa, CO",,,Colombia
RTU,"Maratua, ID",,,Indonesia
RUD,"Shahrud, IR",36.4253006,55.10419846,Iran
SNX,"Semnan, IR",,,Iran
SQQ,"Siauliai, LT",55.89390182,23.39500046,Lithuania
