srcIata,dstIata,flts
GMP,CJU,107
CJU,GMP,107
MEL,SYD,70
SYD,MEL,69
RUH,JED,65
JED,RUH,65
HAN,SGN,62
SGN,HAN,61
HND,FUK,57
FUK,HND,57
CTS,HND,54
HND,CTS,54
BOM,DEL,54
DEL,BOM,54
CGH,SDU,52
SDU,CGH,52
JNB,CPT,45
CPT,JNB,45
DPS,CGK,43
SXM,SBH,42
SBH,SXM,42
CGK,DPS,42
SHA,SZX,41
SZX,SHA,41
MDE,BOG,41
BOG,MDE,41
BNE,SYD,40
SYD,BNE,40
DEL,BLR,39
BLR,DEL,39
SIN,KUL,38
KUL,SIN,38
TPE,HKG,38
HKG,TPE,38
ANC,ENA,37
PEK,SHA,36
SHA,PEK,36
SHA,CAN,36
CAN,SHA,36
OKA,HND,36
ENA,ANC,36
HND,OKA,36
CAI,JED,35
JED,CAI,35
BOG,CLO,35
CLO,BOG,35
CEB,MNL,35
MNL,CEB,35
SVO,LED,34
LED,SVO,34
MEL,BNE,34
BNE,MEL,34
BZE,SPR,33
SFO,LAX,33
LAX,SFO,33
KIX,ICN,33
ICN,KIX,33
HAN,DAD,32
HGH,CAN,32
DAD,SGN,32
DAD,HAN,32
CAN,HGH,32
CGK,SIN,32
SIN,CGK,32
SGN,DAD,32
DUR,JNB,32
JNB,DUR,32
CGK,SUB,32
LGA,ORD,32
ORD,LGA,32
LIM,CUZ,32
CUZ,LIM,32
ZNZ,DAR,31
SUB,CGK,31
BOM,BLR,31
BLR,BOM,31
UPG,CGK,31
CGK,UPG,31
NRT,ICN,30
ICN,NRT,30
HND,ITM,30
ITM,HND,30
CGK,KNO,30
KNO,CGK,30
HNL,OGG,29
OGG,HNL,29
RUH,DXB,29
DXB,RUH,29
SPR,BZE,29
HGH,SZX,29
SZX,HGH,29
CTG,BOG,28
BOG,CTG,28
HKT,BKK,28
PEK,SZX,28
SZX,PEK,28
ABV,LOS,28
LAS,LAX,28
JFK,LAX,28
LAX,JFK,28
LAX,LAS,28
CGK,KUL,28
KUL,CGK,28
LOS,ABV,27
BKK,HKT,27
KTM,PKR,27
PKR,KTM,27
YVR,YYC,27
YYC,YVR,27
KIX,PVG,27
PVG,KIX,27
DMK,CNX,26
BKI,KUL,26
KUL,BKI,26
CKG,SZX,26
SZX,CKG,26
CNX,DMK,26
MEX,MTY,26
MTY,MEX,26
YWH,CXH,26
DEL,HYD,26
HYD,DEL,26
CXH,YWH,26
CTU,PEK,25
PEK,CTU,25
CUN,MEX,25
MEX,CUN,25
YYZ,YVR,25
YVR,YYZ,25
BOS,DCA,25
DCA,BOS,25
PHX,DEN,25
DEN,PHX,25
BSB,CGH,25
CGH,BSB,25
HKT,DMK,24
CAN,PKX,24
PKX,CAN,24
LPA,TFN,24
TFN,LPA,24
DMK,HKT,24
USM,BKK,24
BKK,USM,24
BKK,CNX,24
MNL,MPH,24
MPH,MNL,24
CKG,CAN,23
CAN,CKG,23
FUK,ICN,23
ICN,FUK,23
DMM,JED,23
JED,DMM,23
YYC,YYZ,23
YYZ,YYC,23
SZX,CTU,23
ALA,NQZ,23
FUK,OKA,23
OKA,FUK,23
DEL,PNQ,23
KUL,KCH,23
KCH,KUL,23
AKL,CHC,23
PNQ,DEL,23
CCU,DEL,23
NQZ,ALA,23
VKO,LED,23
CNF,CGH,23
CJJ,CJU,23
CJU,CJJ,23
LED,VKO,23
CGH,CNF,23
DEL,CCU,23
CHC,AKL,23
CTU,SZX,23
MEX,GDL,22
GDL,MEX,22
CNX,BKK,22
ATL,MCO,22
MCO,ATL,22
MEL,ADL,22
ADL,MEL,22
SYD,OOL,22
OOL,SYD,22
YUL,YYZ,22
SZX,XIY,22
XIY,SZX,22
YYZ,YUL,22
LIH,HNL,22
HNL,LIH,22
CGH,POA,22
POA,CGH,22
HND,KOJ,22
KOJ,HND,22
HKG,BKK,22
BKK,HKG,22
LGA,YYZ,22
YYZ,LGA,22
RUH,CAI,22
CAI,RUH,22
LAX,DEN,21
DEN,LAX,21
HGH,PEK,21
PEK,HGH,21
BCN,PMI,21
PMI,BCN,21
DEN,SLC,21
SLC,DEN,21
ATL,LGA,21
DAR,ZNZ,21
PEK,CAN,21
TPE,NRT,21
NRT,TPE,21
CAN,PEK,21
LGA,ATL,21
BAQ,BOG,21
BOG,BAQ,21
CAN,NKG,21
CBR,SYD,21
SYD,CBR,21
LAX,PHX,21
PHX,LAX,21
NKG,CAN,21
PEN,KUL,21
KUL,PEN,21
JFK,LHR,21
LHR,JFK,21
SZX,NKG,21
NKG,SZX,21
ACE,LPA,21
LPA,ACE,21
BLR,HYD,21
HYD,BLR,21
BIR,KTM,21
KTM,BIR,21
SEZ,PRI,21
KOA,HNL,21
HNL,KOA,21
PRI,SEZ,20
MNL,DVO,20
DVO,MNL,20
LAX,SEA,20
SEA,LAX,20
AMD,DEL,20
DEL,AMD,20
PHX,SEA,20
KTM,BWA,20
BWA,KTM,20
SEA,PHX,20
LAS,SAN,20
CAN,XIY,20
SAN,LAS,20
XIY,CAN,20
AHB,RUH,20
RUH,AHB,20
BOS,ORD,20
ORD,BOS,20
LAS,DEN,20
CJU,PUS,20
PUS,CJU,20
DEN,LAS,20
PEK,CKG,20
CKG,PEK,20
SZX,PKX,20
PKX,SZX,20
PVG,SHE,20
SHE,PVG,20
SCL,CJC,20
CWB,CGH,20
MAA,DEL,20
DEL,MAA,20
CGH,CWB,20
HNL,MKK,20
MKK,HNL,19
CJC,SCL,19
ORD,LAX,19
PVG,DLC,19
DLC,PVG,19
LAX,ORD,19
SAN,SFO,19
SFO,SAN,19
LGA,BOS,19
BOS,LGA,19
CXB,DAC,19
DAC,CXB,19
SPC,TFN,19
TFN,SPC,19
PDX,SEA,19
XMN,SHA,19
SEA,PDX,19
HKG,PVG,19
PVG,HKG,19
SEA,SFO,19
SFO,SEA,19
DFW,LGA,19
LGA,DFW,19
TRD,OSL,19
SHA,XMN,19
CAN,CTU,19
CTU,CAN,19
SEA,ANC,19
OSL,TRD,19
ANC,SEA,19
DCA,ATL,19
ATL,DCA,19
BOG,SMR,19
SMR,BOG,19
PVG,HRB,19
SAW,AYT,19
AYT,SAW,19
CGP,DAC,19
HYD,BOM,19
DCA,ORD,19
BOM,HYD,19
ORD,DCA,19
OSL,BGO,19
WLG,AKL,19
CJU,TAE,18
KUL,LGK,18
LGK,KUL,18
TAE,CJU,18
SZX,PVG,18
DFW,ORD,18
ORD,DFW,18
PVG,SZX,18
AKL,WLG,18
SVO,KGD,18
KGD,SVO,18
SFO,JFK,18
JFK,SFO,18
LIS,MAD,18
MAD,LIS,18
BGO,OSL,18
GEG,SEA,18
SEA,GEG,18
MAD,PMI,18
PMI,MAD,18
BKK,SIN,18
SIN,BKK,18
ATL,DFW,18
DFW,ATL,18
ADL,SYD,18
SYD,ADL,18
XIY,HGH,18
HGH,XIY,18
CCU,BOM,18
HRB,PVG,18
EWR,MCO,18
MCO,EWR,18
DFW,LAX,18
LAX,DFW,18
HND,KMJ,18
KMJ,HND,18
BOM,CCU,18
NRT,HKG,18
HKG,NRT,18
ATL,FLL,18
FLL,ATL,18
CAN,KMG,18
KMG,CAN,18
MNL,ILO,18
CTU,HGH,18
HGH,CTU,18
ILO,MNL,18
CAN,TFU,18
TFU,CAN,18
AMD,BOM,18
BOM,AMD,18
ANF,SCL,18
CGK,BPN,18
BPN,CGK,18
DFW,IAH,18
MSP,ORD,18
IAH,DFW,18
ORD,MSP,18
DAC,CGP,18
HGH,CKG,18
CKG,HGH,18
KIX,TPE,18
TPE,KIX,18
SEA,DEN,18
SCL,ANF,18
PLM,CGK,18
CGK,PLM,18
DEN,SEA,18
LAS,PHX,17
KHH,MZG,17
PHX,LAS,17
MZG,KHH,17
JED,DXB,17
DXB,JED,17
HNL,ITO,17
ITO,HNL,17
BOM,MAA,17
OOL,MEL,17
MEL,OOL,17
PER,MEL,17
MAA,BOM,17
GYE,UIO,17
ARK,ZNZ,17
CAN,CGO,17
LPA,FUE,17
ORD,DEN,17
FUE,LPA,17
CGO,CAN,17
ATL,MIA,17
DEN,ORD,17
MIA,ATL,17
DMM,RUH,17
RUH,DMM,17
UIO,GYE,17
KMI,HND,17
HND,KMI,17
PVG,CKG,17
ORD,ATL,17
MCO,SJU,17
ATL,ORD,17
YVR,YEG,17
YEG,YVR,17
SJU,MCO,17
POA,GRU,17
GRU,POA,17
XIY,SHA,17
MEL,PER,17
DEN,MSP,17
MSP,DEN,17
PVG,CAN,17
DPS,SIN,17
SIN,DPS,17
SFO,LAS,17
LAS,SFO,17
EWR,ATL,17
FCO,CTA,17
ATL,EWR,17
CTA,FCO,17
ATL,TPA,17
CAN,PVG,17
HKG,ICN,17
ICN,HKG,17
KIX,HKG,17
LGA,MIA,17
HKG,KIX,17
MIA,LGA,17
TPA,ATL,17
BOG,BGA,17
BGA,BOG,17
LIM,AQP,17
CGO,SZX,17
SHA,XIY,17
SZX,KMG,17
KMG,SZX,17
SVG,OSL,17
MZG,TSA,17
TSA,MZG,17
SZX,CGO,17
OSL,SVG,17
DMK,HDY,17
HDY,DMK,17
AQP,LIM,17
DEN,DFW,17
DFW,DEN,17
MEX,TIJ,17
TIJ,MEX,16
HKG,MNL,16
MNL,HKG,16
CPH,OSL,16
ORD,DTW,16
CKG,PVG,16
LHR,DUB,16
DTW,ORD,16
DUB,LHR,16
EWR,ORD,16
ORD,EWR,16
OSL,CPH,16
KHG,URC,16
URC,KHG,16
HAK,CAN,16
LGA,CLT,16
CCU,BLR,16
CLT,LGA,16
CAN,HAK,16
CJU,KWJ,16
KWJ,CJU,16
HGH,KMG,16
KMG,HGH,16
LPA,MAD,16
MAD,LPA,16
BZE,DGA,16
BKK,TPE,16
TPE,BKK,16
SEA,LAS,16
BLR,CCU,16
LAS,SEA,16
TSA,KNH,16
KMG,XIY,16
KNH,TSA,16
XIY,KMG,16
ORD,IAH,16
IAH,ORD,16
DXB,KWI,16
KWI,DXB,16
MED,RUH,16
RUH,MED,16
MCO,ORD,16
ORD,MCO,16
CGO,KMG,16
KMG,CGO,16
CGK,PNK,16
SAN,PHX,16
ORY,NCE,16
PHX,SAN,16
NCE,ORY,16
ADB,IST,16
IST,ADB,16
NKG,CKG,16
PNK,CGK,16
ORD,YYZ,16
YYZ,ORD,16
SLC,PHX,16
PHX,SLC,16
KMG,PKX,16
MNL,BCD,16
AMS,LHR,16
BCD,MNL,16
LHR,AMS,16
ATH,SKG,16
ATL,BWI,16
PKX,KMG,16
PEI,BOG,16
YVR,YYJ,16
SKG,ATH,16
BOG,PEI,16
XIY,URC,16
YYJ,YVR,16
URC,XIY,16
DEL,SXR,16
BWI,ATL,16
CKG,NKG,16
SXR,DEL,16
ICN,PVG,15
PVG,ICN,15
LXA,CTU,15
AYT,IST,15
XIY,PKX,15
PKX,XIY,15
PHL,ATL,15
ATL,PHL,15
ZNZ,ARK,15
IST,AYT,15
FRA,LHR,15
LHR,FRA,15
SJC,LAX,15
LAS,DFW,15
CTU,LXA,15
GMP,PUS,15
CPH,ARN,15
PUS,GMP,15
DFW,LAS,15
SMF,LAX,15
FCO,PMO,15
PMO,FCO,15
CGQ,PVG,15
LAX,SMF,15
FCO,MAD,15
MAD,FCO,15
LAX,SJC,15
TFN,MAD,15
SGN,PQC,15
MAD,TFN,15
PQC,SGN,15
ARN,CPH,15
ICN,TAO,15
TAO,ICN,15
ESB,IST,15
IST,ESB,15
ATL,DEN,15
YEG,YYZ,15
MHD,THR,15
YYZ,YEG,15
DEN,ATL,15
THR,MHD,15
PHX,ORD,15
YYZ,YOW,15
NRT,CTS,15
ORD,PHX,15
YOW,YYZ,15
PVG,CGQ,15
BOI,SEA,15
SEA,BOI,15
JFK,BOS,15
SYD,PER,15
DEN,SFO,15
KGD,LED,15
CTS,NRT,15
PKX,CSX,15
BOS,JFK,15
LED,KGD,15
YIA,CGK,15
SFO,DEN,15
CSX,PKX,15
FRA,BER,15
SAN,DEN,15
CGK,YIA,15
BER,FRA,15
MBA,NBO,15
DEN,SAN,15
GRU,REC,15
REC,GRU,15
BOM,DXB,15
DXB,BOM,15
NBO,MBA,15
HND,NGS,15
NGS,HND,15
CTS,SDJ,15
HIJ,HND,15
HND,HIJ,15
SDJ,CTS,15
HGH,PKX,15
PKX,HGH,15
SJC,SAN,15
FRA,MUC,15
MUC,FRA,15
PVG,NRT,15
CHC,WLG,15
SAN,SJC,15
NRT,PVG,15
MCO,PHL,15
PHL,MCO,15
ADB,SAW,15
CGY,MNL,15
MNL,CGY,15
ORD,SEA,15
SEA,ORD,15
SAW,ADB,15
IAH,LAX,15
LAX,IAH,15
AER,SVO,15
SVO,AER,15
PKU,CGK,15
ATL,LAX,15
POS,TAB,15
TAB,POS,15
LAX,ATL,15
PER,SYD,15
CGK,PKU,15
WLG,CHC,15
ORD,SFO,15
SFO,ORD,15
ATH,JTR,15
TIJ,GDL,15
GDL,TIJ,15
JTR,ATH,15
CGK,PDG,15
HNL,LAX,15
LAX,HNL,15
YHZ,YYZ,15
YYZ,YHZ,15
DEN,COS,15
COS,DEN,15
WUH,KMG,15
MCO,LGA,15
PDG,CGK,14
SEA,DFW,14
DFW,SEA,14
KMG,WUH,14
LGA,MCO,14
YUL,YTZ,14
YTZ,YUL,14
LAS,ORD,14
ORD,LAS,14
MNL,SIN,14
SIN,MNL,14
BTH,CGK,14
CGK,BTH,14
PEK,HKG,14
HKG,PEK,14
CKG,PKX,14
EWR,LAX,14
LAX,EWR,14
PKX,CKG,14
SMF,SAN,14
PVG,BKK,14
CNS,BNE,14
DPS,KUL,14
BNE,CNS,14
SAN,SMF,14
BKK,PVG,14
KUL,DPS,14
CGH,SSA,14
AHB,JED,14
JED,AHB,14
SSA,CGH,14
ISG,OKA,14
DAD,ICN,14
ICN,DAD,14
CNF,GRU,14
GRU,CNF,14
CKG,SHA,14
FRA,HAM,14
SEA,YVR,14
YVR,SEA,14
BLR,PNQ,14
HAM,FRA,14
KMG,LUM,14
LUM,KMG,14
ARN,HEL,14
HEL,ARN,14
ATL,IAH,14
IAH,ATL,14
ITM,SDJ,14
SDJ,ITM,14
SAW,ECN,14
ECN,SAW,14
HAK,SZX,14
BZE,PLJ,14
PHX,DFW,14
DFW,PHX,14
AMS,BCN,14
BCN,AMS,14
HND,OIT,14
OIT,HND,14
OKA,ISG,14
BDJ,CGK,14
SZX,HAK,14
BKK,ICN,14
ICN,BKK,14
LAS,SMF,14
CGH,FLN,14
CGK,BDJ,14
FLN,CGH,14
SMF,LAS,14
SCL,LIM,14
BSZ,OSS,14
KIH,THR,14
BCN,FCO,14
FCO,BCN,14
JFK,MIA,14
MIA,JFK,14
BOS,PHL,14
GRU,CWB,14
CWB,GRU,14
LIM,SCL,14
GIG,GRU,14
ARN,OSL,14
PHL,BOS,14
PNQ,BLR,14
MCO,JFK,14
ITM,KOJ,14
KOJ,ITM,14
OSL,ARN,14
JFK,MCO,14
ATL,BOS,14
BOS,ATL,14
DXB,BAH,14
BAH,DXB,14
SHA,CKG,14
GRU,GIG,14
OKA,MMY,14
MMY,OKA,14
HKG,SIN,14
SIN,HKG,14
THR,KIH,14
TFU,WUH,14
WLG,NSN,14
BNA,ORD,14
CUR,BON,14
DTW,ATL,14
NSN,WLG,14
WUH,TFU,14
ATL,DTW,14
ORD,BNA,14
OSS,BSZ,14
LAS,ATL,13
BCN,MAD,13
CAN,TAO,13
ATL,LAS,13
SNA,SFO,13
SFO,SNA,13
TAO,CAN,13
MAD,BCN,13
BWI,MCO,13
SIN,PVG,13
PVG,SIN,13
ARK,LKY,13
OKA,NGO,13
NGO,OKA,13
MCO,BWI,13
ORY,MAD,13
MAD,ORY,13
CLT,ATL,13
AUS,DEN,13
ATL,CLT,13
YVR,YLW,13
YLW,YVR,13
HBA,MEL,13
MEL,HBA,13
MUC,LHR,13
LHR,MUC,13
DEN,AUS,13
DEL,PAT,13
PAT,DEL,13
IND,ORD,13
ORD,IND,13
LIS,ORY,13
ORY,LIS,13
FUK,NRT,13
PEK,XMN,13
XMN,PEK,13
EWR,FLL,13
SGN,VCS,13
DFW,MCO,13
MCO,CLT,13
NRT,FUK,13
CLT,MCO,13
FLL,EWR,13
MCO,DFW,13
ADD,BJR,13
DFW,MIA,13
VCS,SGN,13
PHX,SFO,13
SFO,PHX,13
TLS,ORY,13
MEX,MID,13
ORY,TLS,13
MIA,DFW,13
AUS,DFW,13
CTU,PVG,13
DFW,AUS,13
MID,MEX,13
HAM,MUC,13
MUC,HAM,13
PVG,CTU,13
SCL,PMC,13
SHA,TFU,13
CAN,TNA,13
PMC,SCL,13
CTS,NGO,13
NGO,CTS,13
KKJ,HND,13
HND,KKJ,13
PVG,XIY,13
SAW,ESB,13
ZYL,DAC,13
BJR,ADD,13
CMH,ORD,13
ORD,CMH,13
TNA,CAN,13
ESB,SAW,13
LHR,MAD,13
MAD,LHR,13
CSX,PEK,13
PEK,CSX,13
HND,TAK,13
TAK,HND,13
HYD,MAA,13
MAA,HYD,13
MNL,PPS,13
PPS,MNL,13
FUK,KMI,13
KMI,FUK,13
ORD,CLE,13
CLE,ORD,13
ORD,MKE,13
ACC,KMS,13
KMS,ACC,13
MKE,ORD,13
IST,IKA,13
URC,CGO,13
IKA,IST,13
CGO,URC,13
CDG,LHR,13
FRA,VIE,13
LHR,CDG,13
VIE,FRA,13
GRU,AEP,13
CTU,PKX,13
PKX,CTU,13
AMS,DUB,13
DUB,AMS,13
KMG,TFU,13
TFU,KMG,13
BOS,MCO,13
ICN,TPE,13
MCO,BOS,13
TPE,ICN,13
AEP,GRU,13
DUB,MAN,13
MAN,DUB,13
GAU,DEL,13
DEL,GAU,13
MNL,TAC,13
TAC,MNL,13
XIY,PVG,13
SEA,SMF,13
SMF,SEA,13
DXB,DEL,13
DEL,DXB,13
MCO,DCA,13
DCA,MCO,13
LGA,DCA,13
DCA,LGA,13
SJU,SBH,13
ORD,STL,13
LAX,PDX,13
STL,ORD,13
PDX,LAX,13
BCN,LIS,13
LIS,BCN,13
TFU,SZX,13
DEN,MCO,13
RDU,ATL,13
VVI,CBB,13
ATL,RDU,13
MCO,DEN,13
DGA,BZE,13
PTY,BOG,13
BOG,PTY,13
BOM,GOI,13
CAN,NGB,13
GOI,BOM,13
DEN,LGA,13
BOS,SFO,13
LGA,DEN,13
NGB,CAN,13
SFO,BOS,13
SBH,SJU,13
BON,CUR,12
BOS,LAX,12
LAX,BOS,12
ORD,PHL,12
SGN,HPH,12
SGN,HUI,12
HPH,SGN,12
PHL,ORD,12
LIS,FNC,12
ATH,LCA,12
FNC,LIS,12
SJC,SEA,12
LCA,ATH,12
SEA,SJC,12
CPT,DUR,12
DUR,CPT,12
CTS,KIX,12
KIX,CTS,12
DEN,IAH,12
HUI,SGN,12
IAH,DEN,12
AUS,ATL,12
OKA,TPE,12
TPE,OKA,12
ATL,AUS,12
SAN,SEA,12
DFW,SAT,12
SEA,SAN,12
SAT,DFW,12
CBB,VVI,12
KIX,OKA,12
OKA,KIX,12
GIZ,RUH,12
RUH,GIZ,12
HER,ATH,12
MAA,BLR,12
BLR,MAA,12
PDX,DEN,12
DEN,PDX,12
BNE,TSV,12
ATH,HER,12
TSV,BNE,12
BNA,LGA,12
LGA,BNA,12
PHX,SNA,12
SNA,PHX,12
LAS,SNA,12
SNA,LAS,12
GVA,LHR,12
LGA,RDU,12
TFU,SHA,12
LHR,GVA,12
RDU,LGA,12
SHA,KMG,12
KMG,SHA,12
SZX,TFU,12
LGA,IAH,12
LAS,BUR,12
BUR,LAS,12
CTU,SHA,12
IAH,LGA,12
KUL,JHB,12
AMS,CPH,12
CPH,AMS,12
JHB,KUL,12
EWR,SFO,12
BOS,ACK,12
SFO,EWR,12
PEK,XIY,12
BSB,SDU,12
SDU,BSB,12
SCL,CCP,12
YEG,YYC,12
BGO,SVG,12
CCP,SCL,12
HND,KIX,12
KIX,HND,12
GMP,HND,12
HND,GMP,12
HND,MYJ,12
MYJ,HND,12
YWG,YYZ,12
CVG,ORD,12
YYC,YEG,12
ORD,CVG,12
YYZ,YWG,12
SUB,DPS,12
BOG,ADZ,12
ADZ,BOG,12
LAS,SJC,12
WUH,CAN,12
SJC,LAS,12
DPS,SUB,12
MSY,ATL,12
CAN,WUH,12
PEN,SIN,12
SIN,PEN,12
ATL,MSY,12
AKL,SYD,12
SVG,BGO,12
SYD,AKL,12
LHR,ZRH,12
ZRH,LHR,12
DUS,MUC,12
ORD,MIA,12
BSB,GRU,12
GRU,BSB,12
MIA,ORD,12
MUC,DUS,12
LKY,SEU,12
SUB,BPN,12
BPN,SUB,12
MTY,CUN,12
CUN,MTY,12
JFK,ATL,12
EWR,YYZ,12
YYZ,EWR,12
HRE,JNB,12
GRU,SCL,12
SCL,GRU,12
ATL,JFK,12
HAK,CSX,12
HRB,TAO,12
TAO,HRB,12
URC,TFU,12
TFU,URC,12
COK,BLR,12
MNL,TAG,12
TAG,MNL,12
HYD,TIR,12
TIR,HYD,12
CSX,HAK,12
DMK,KUL,12
KUL,DMK,12
DAC,ZYL,12
BLR,COK,12
BNA,DCA,12
BOS,CLT,12
DCA,BNA,12
KMG,NKG,12
CLT,BOS,12
NKG,KMG,12
JNB,HRE,12
MNL,TPE,12
TPE,MNL,12
ICN,MNL,12
MNL,ICN,12
CAN,TSN,12
CXR,ICN,12
ICN,CXR,12
TSN,CAN,12
CBR,MEL,12
MSN,ORD,12
SGN,THD,12
MEL,CBR,12
ORD,MSN,12
CSX,XIY,12
BKK,CAN,12
SHA,CTU,12
XIY,CSX,12
CDG,AMS,12
KUL,KBR,12
KBR,KUL,12
CLT,ORD,12
ORD,CLT,12
AMS,CDG,12
BCN,IBZ,12
IBZ,BCN,12
AAL,CPH,12
CPH,AAL,12
CAN,BKK,12
KEP,KTM,12
KTM,KEP,12
ACK,BOS,12
DEN,MCI,12
THD,SGN,11
XIY,PEK,11
AEP,COR,11
SUB,UPG,11
TLV,ATH,11
CAI,KWI,11
LXA,TFU,11
LGA,FLL,11
FLL,LGA,11
KWI,CAI,11
TFU,TNA,11
TFU,LXA,11
PLJ,BZE,11
MCI,DEN,11
UPG,SUB,11
ORD,GRR,11
GRR,ORD,11
NKG,XIY,11
TNA,TFU,11
XIY,NKG,11
BCN,MXP,11
SLC,SEA,11
MXP,BCN,11
SLC,LAX,11
SEA,SLC,11
HRB,PKX,11
LAX,SLC,11
PKX,HRB,11
XIY,UYN,11
UYN,XIY,11
LKO,DEL,11
ITM,KMI,11
KMI,ITM,11
NKG,TFU,11
TFU,NKG,11
SZX,TNA,11
TNA,SZX,11
TOS,OSL,11
BNA,ATL,11
ATL,BNA,11
ATH,TLV,11
HOU,DAL,11
SRG,CGK,11
DAL,HOU,11
OSL,TOS,11
MKK,OGG,11
EWR,MIA,11
MIA,EWR,11
SHA,TAO,11
CSX,TFU,11
CGK,SRG,11
SFO,DFW,11
DFW,SFO,11
FUK,NGO,11
TFU,CSX,11
NGO,FUK,11
OGG,MKK,11
CKG,TNA,11
MIA,DCA,11
DCA,MIA,11
TNA,CKG,11
ATL,JAX,11
JAX,ATL,11
MZG,RMQ,11
DEL,LKO,11
AMS,FRA,11
FRA,AMS,11
DXB,TLV,11
TLV,DXB,11
AEP,SCL,11
MSP,PHX,11
RMQ,MZG,11
CAN,WUX,11
PHX,MSP,11
KMG,CSX,11
AKL,ZQN,11
AMS,MUC,11
MUC,AMS,11
ZQN,AKL,11
CSX,KMG,11
NCE,CDG,11
AUS,LAX,11
LAX,AUS,11
OPO,ORY,11
CDG,NCE,11
ORY,OPO,11
DOH,DXB,11
DXB,DOH,11
ITM,KMJ,11
KMJ,ITM,11
CAN,KUL,11
KUL,CAN,11
BOG,CUC,11
CUC,BOG,11
WUX,CAN,11
PTP,FDF,11
SJU,JFK,11
FUK,ITM,11
ITM,FUK,11
JFK,SJU,11
CTS,ITM,11
ITM,CTS,11
CDG,ALG,11
ALG,CDG,11
BOS,DEN,11
CLT,DFW,11
SCL,IQQ,11
DFW,CLT,11
GAU,CCU,11
KUL,KNO,11
KNO,KUL,11
TAO,PVG,11
FDF,PTP,11
MCI,ORD,11
ORD,MCI,11
BNE,ADL,11
ADL,BNE,11
BCN,LGW,11
CAN,WNZ,11
LIN,FCO,11
LGW,BCN,11
FCO,LIN,11
CEI,DMK,11
DMK,CEI,11
SAW,TZX,11
ATL,IAD,11
IAD,ATL,11
KWE,HGH,11
HGH,KWE,11
WNZ,CAN,11
COV,SAW,11
DAC,SPD,11
TZX,SAW,11
LGA,DTW,11
SPD,DAC,11
DTW,LGA,11
SAW,COV,11
CCU,GAU,11
LAS,JFK,11
MIA,MCO,11
JFK,LAS,11
SEA,SNA,11
SNA,SEA,11
DEN,BOS,11
LAS,OAK,11
MCO,MIA,11
KOJ,ASJ,11
IQQ,SCL,11
DEN,SMF,11
LHR,EDI,11
OAK,LAS,11
SMF,DEN,11
EDI,LHR,11
SZX,WUH,11
SCL,AEP,11
AMS,LCY,11
TAO,SHA,11
HAN,CXR,11
CGH,REC,11
SZX,WUX,11
DXB,MCT,11
MED,CAI,11
MCT,DXB,11
BCN,CDG,11
CDG,BCN,11
PEK,FOC,11
WUX,SZX,11
FOC,PEK,11
CXR,HAN,11
LCY,AMS,11
PDX,PHX,11
REC,CGH,11
CDG,FRA,11
FRA,CDG,11
HRB,HGH,11
PHX,PDX,11
DTW,DFW,11
HGH,HRB,11
DFW,DTW,11
BOS,DFW,11
DFW,BOS,11
ROK,BNE,11
BNE,ROK,11
BWI,BOS,11
WUH,SZX,11
PDX,SFO,11
ACE,TFN,11
PVG,TAO,11
TFN,ACE,11
KWE,PKX,11
CAI,MED,11
HGH,TFU,11
PKX,KWE,11
SFO,PDX,11
TFU,HGH,11
WLG,BHE,11
JFK,FLL,11
CGO,XMN,11
BHE,WLG,11
MAD,AMS,11
AMS,MAD,11
DFW,SLC,11
FLL,JFK,11
KMG,PVG,11
SLC,DFW,11
XMN,CGO,11
LAS,RNO,11
RNO,LAS,11
DOH,SHJ,11
ATL,PBI,11
PBI,ATL,11
SHJ,DOH,11
DPS,PER,11
PER,DPS,11
AMS,MAN,11
MAN,AMS,11
PEK,TFU,11
BOS,BWI,11
JFK,RDU,11
RDU,JFK,11
DTW,MCO,11
PVG,KMG,11
GIZ,JED,11
JED,GIZ,11
LXR,CAI,11
MCO,DTW,11
TFU,PEK,11
CTU,KMG,10
AMS,ZRH,10
ZRH,AMS,10
KMG,CTU,10
AUA,CUR,10
SGN,SIN,10
SIN,SGN,10
BNE,PER,10
PER,BNE,10
LPB,VVI,10
CGO,HAK,10
VVI,LPB,10
LHR,LIS,10
LGW,AGP,10
LIS,LHR,10
AGP,LGW,10
HLP,SUB,10
IST,COV,10
DXB,IKA,10
COV,IST,10
MIA,CLT,10
SEU,ARK,10
CLT,MIA,10
HKG,KHH,10
IKA,DXB,10
KHH,HKG,10
PEK,URC,10
TFU,PVG,10
ASJ,KOJ,10
PHC,LOS,10
LOS,PHC,10
URC,PEK,10
GIG,POA,10
LGA,STL,10
STL,LGA,10
POA,GIG,10
CGK,DJB,10
DUB,EDI,10
EDI,DUB,10
KHI,ISB,10
RUH,TUU,10
SLC,LAS,10
TUU,RUH,10
TAO,HGH,10
URC,PKX,10
LAS,SLC,10
MKY,BNE,10
DJB,CGK,10
HGH,TAO,10
PKX,URC,10
DTW,CLT,10
HAK,CGO,10
ATL,PHX,10
BNA,CLT,10
CLT,DTW,10
DMK,NST,10
NST,DMK,10
SSA,GRU,10
CLT,BNA,10
GRU,SSA,10
ZRH,BER,10
BER,ZRH,10
LGA,YUL,10
PHX,ATL,10
YUL,LGA,10
IAH,MIA,10
MIA,IAH,10
STT,SJU,10
DEL,IDR,10
DMK,UTH,10
UTH,DMK,10
CGK,TKG,10
SIN,TPE,10
TKG,CGK,10
TPE,SIN,10
DEN,BNA,10
SIN,ICN,10
ICN,SIN,10
BHX,DUB,10
DUB,BHX,10
JNB,PLZ,10
MTY,GDL,10
ORY,BCN,10
PLZ,JNB,10
BCN,ORY,10
SUB,HLP,10
FOR,GRU,10
GDL,MTY,10
GRU,FOR,10
BOS,EWR,10
EWR,BOS,10
ISB,KHI,10
FRA,ZRH,10
ZRH,FRA,10
IAH,EWR,10
BNE,MKY,10
ARN,LLA,10
PHX,SMF,10
TAO,SHE,10
EWR,IAH,10
SHE,TAO,10
BOS,MIA,10
LLA,ARN,10
BNA,DEN,10
CDG,JFK,10
JFK,CDG,10
MIA,BOS,10
DMK,URT,10
URT,DMK,10
DEN,SNA,10
SMF,PHX,10
SNA,DEN,10
SZX,TAO,10
XMN,PKX,10
TAO,SZX,10
PKX,XMN,10
PEK,KMG,10
KMG,PEK,10
PIT,ORD,10
SHE,XIY,10
ORD,PIT,10
XIY,SHE,10
YOW,YTZ,10
EWR,CLT,10
YTZ,YOW,10
BDP,KTM,10
KTM,BDP,10
CLT,EWR,10
HFE,CAN,10
MEL,SIN,10
CAN,HFE,10
PMI,DUS,10
DEN,STL,10
IDR,DEL,10
DUS,PMI,10
SYX,PEK,10
SIN,MEL,10
STL,ATL,10
BKK,SGN,10
CAN,URC,10
CDG,FCO,10
FCO,CDG,10
HND,KCZ,10
HND,OKJ,10
HND,UBJ,10
KCZ,HND,10
OKJ,HND,10
PEK,SYX,10
UBJ,HND,10
LED,AER,10
BRC,AEP,10
ITM,MYJ,10
MYJ,ITM,10
PHL,CLT,10
PVG,TFU,10
WUH,PKX,10
ITM,KIJ,10
KIJ,ITM,10
PKX,WUH,10
AER,LED,10
CLT,PHL,10
ATL,MSP,10
STL,DEN,10
PTY,SJO,10
SJO,PTY,10
MSP,ATL,10
LHR,DXB,10
DXB,LHR,10
CPH,LHR,10
LHR,CPH,10
SHE,HGH,10
HGH,SHE,10
URC,CAN,10
ATL,STL,10
AKL,NPE,10
BBI,DEL,10
CLT,TPA,10
NPE,AKL,10
TPA,CLT,10
DEL,BBI,10
ORY,FCO,10
FCO,ORY,10
COK,BOM,10
KTM,DEL,10
TWU,BKI,10
BOM,COK,10
DEL,KTM,10
BKI,TWU,10
CGK,LOP,10
IAH,LAS,10
LAS,IAH,10
URC,SHA,10
MUC,BER,10
BER,MUC,10
SHA,URC,10
TAO,CKG,10
ATQ,DEL,10
DEL,ATQ,10
LOP,CGK,10
SGN,BKK,10
CKG,TAO,10
MAD,OPO,10
VKO,IST,10
GLA,LHR,10
IST,VKO,10
LHR,GLA,10
OPO,MAD,10
GOX,DEL,10
SYX,CAN,10
DEL,GOX,10
XIY,TAO,10
TAO,XIY,10
KMG,XMN,10
IAH,MEX,10
MEX,IAH,10
SAW,BJV,10
XMN,KMG,10
MDW,ATL,10
BJV,SAW,10
CGK,PGK,10
HAK,CKG,10
SZX,HFE,10
PKX,SHA,10
PKX,TFU,10
SHA,PKX,10
HFE,SZX,10
ATL,MDW,10
CKG,HAK,10
TFU,PKX,10
SLC,SFO,10
SFO,SLC,10
ASW,CAI,10
PGK,CGK,10
IAD,DEN,10
DEN,IAD,10
AMS,LIN,10
BNE,CBR,10
LIN,AMS,10
CBR,BNE,10
SJU,STT,10
CAI,ASW,10
PUS,TPE,10
PVG,TPE,10
TPE,PUS,10
TPE,PVG,10
DOH,LHR,10
LHR,DOH,10
CSX,SHA,10
ZNA,CXH,10
CXH,ZNA,10
IBZ,PMI,10
MCO,IAH,10
IAH,MCO,10
PMI,IBZ,10
BOG,EOH,10
TLV,LCA,10
EOH,BOG,10
KNH,RMQ,10
RMQ,KNH,10
AEP,BRC,10
HND,KMQ,10
KMQ,HND,10
LCA,TLV,10
SGN,TPE,10
TPE,SGN,10
BOG,MIA,10
KUL,TWU,10
TWU,KUL,10
MIA,BOG,10
CGH,GYN,10
GYN,CGH,10
HAK,WUH,10
MNL,NRT,10
BCN,LHR,10
DAL,ATL,10
DFW,XNA,10
LHR,BCN,10
NRT,MNL,10
WUH,HAK,10
SGN,ICN,10
XNA,DFW,10
ICN,SGN,10
KBV,DMK,10
BNA,DFW,10
DFW,BNA,10
DMK,KBV,10
MSP,DFW,10
EWR,PBI,10
BOS,FLL,10
DFW,MSP,10
PBI,EWR,10
IXM,MAA,10
MAA,IXM,10
LXA,CKG,10
BOB,PPT,10
ATL,DAL,10
FLL,BOS,10
FUK,CTS,10
DFW,CUN,10
KHI,LHE,10
CUN,DFW,10
KWI,JED,10
LHE,KHI,9
COR,AEP,9
AYT,VKO,9
DTW,EWR,9
AKL,NSN,9
EWR,DTW,9
NSN,AKL,9
YYC,YLW,9
DFW,EWR,9
EWR,DFW,9
YLW,YYC,9
SHA,CSX,9
VKO,AYT,9
IAH,SFO,9
SFO,IAH,9
BOG,MTR,9
MTR,BOG,9
CKG,XMN,9
XMN,CKG,9
CTS,FUK,9
DFW,SAN,9
SAN,DFW,9
SHE,NKG,9
CGH,NVT,9
NVT,CGH,9
CKG,LXA,9
HHP,XZM,9
XZM,HHP,9
CAN,SYX,9
CDG,MUC,9
NKG,SHE,9
MUC,CDG,9
DCA,DFW,9
DFW,DCA,9
CIF,HET,9
HET,CIF,9
STI,JFK,9
JFK,STI,9
LIM,TPP,9
TPP,LIM,9
AUH,BOM,9
BZE,CUK,9
BOM,AUH,9
KBV,BKK,9
TAO,TFU,9
TFU,TAO,9
BLR,GOI,9
CBB,LPB,9
MDE,CTG,9
AER,VKO,9
VKO,AER,9
CAI,LXR,9
LPB,CBB,9
FLN,GRU,9
AEP,MDZ,9
GRU,FLN,9
ABQ,PHX,9
PHX,ABQ,9
CTG,MDE,9
MAH,PMI,9
PMI,MAH,9
LAS,PDX,9
GOI,BLR,9
TKS,HND,9
HND,TKS,9
PDX,LAS,9
CMH,LGA,9
LGA,CMH,9
ATL,MEM,9
CUR,AUA,9
DEL,IXL,9
IXL,DEL,9
MEM,ATL,9
LST,MEL,9
MEL,LST,9
TNA,KMG,9
PEK,HRB,9
KMG,TNA,9
AUS,PHX,9
DEL,GOI,9
HRB,PEK,9
MAD,BRU,9
JED,IST,9
SAN,ORD,9
CLT,JFK,9
ORD,SAN,9
GOI,DEL,9
WUH,CKG,9
PIT,LGA,9
IST,JED,9
JFK,CLT,9
STT,STX,9
CKG,WUH,9
EIS,SJU,9
ATL,CLE,9
LGA,PIT,9
PEK,DLC,9
CLE,ATL,9
GDL,LAX,9
BRU,MAD,9
LAX,GDL,9
SJU,EIS,9
DLC,PEK,9
JED,TUU,9
PHX,AUS,9
BUR,SFO,9
IND,ATL,9
TUU,JED,9
SFO,BUR,9
ATL,IND,9
SVO,SVX,9
PEK,HND,9
HND,PEK,9
BKK,KBV,9
AUH,DOH,9
DOH,AUH,9
RGN,BKK,9
BOM,JAI,9
BKK,RGN,9
RDU,CLT,9
SVX,SVO,9
BOG,LIM,9
CLT,RDU,9
JAI,BOM,9
PHL,DFW,9
PVG,SYX,9
TAO,CGQ,9
ORD,GRB,9
DFW,PHL,9
GRB,ORD,9
LIM,BOG,9
BOO,OSL,9
JED,KWI,9
MCO,BNA,9
OSL,BOO,9
PTY,MDE,9
MDE,PTY,9
ATL,SFO,9
SFO,ATL,9
CTS,ICN,9
ICN,CTS,9
STX,STT,9
DEL,IXB,9
HET,TGO,9
TGO,HET,9
MCI,ATL,9
ATL,MCI,9
URC,LHW,9
SYX,PVG,9
SIN,SYD,9
HKT,KUL,9
KUL,HKT,9
AXT,HND,9
HND,AXT,9
HRG,CAI,9
LHW,URC,9
OMA,DEN,9
BNA,MCO,9
DEN,OMA,9
BWI,FLL,9
AMD,BLR,9
IXB,DEL,9
FLL,BWI,9
HEL,TLL,9
SYD,SIN,9
TLL,HEL,9
BLR,AMD,9
CMH,ATL,9
DXB,IST,9
HKG,HGH,9
IST,DXB,9
MCM,NCE,9
NCE,MCM,9
ATL,CMH,9
HGH,HKG,9
ORD,RDU,9
RDU,ORD,9
CUN,YYZ,9
HND,PVG,9
OKC,DEN,9
PVG,HND,9
CGQ,TAO,9
MXP,CDG,9
OAK,SAN,9
CDG,MXP,9
SUB,BDJ,9
YYZ,CUN,9
DEL,BKK,9
IST,LHR,9
LHR,IST,9
AKL,PMR,9
CEB,IAO,9
HYD,VTZ,9
IAO,CEB,9
PMR,AKL,9
VTZ,HYD,9
IXC,DEL,9
DEN,OKC,9
PHX,TUS,9
TUS,PHX,9
BKK,DEL,9
CGB,GRU,9
GRU,CGB,9
EWR,LHR,9
LHR,EWR,9
SAN,OAK,9
SEA,ATL,9
HAK,TFU,9
ATL,SEA,9
CUN,NLU,9
NLU,CUN,9
JKR,KTM,9
KTM,JKR,9
YVR,SFO,9
FUK,PUS,9
PUS,FUK,9
ATH,IST,9
IST,ATH,9
PKX,PVG,9
SFO,YVR,9
PVG,PKX,9
AYT,DUS,9
CDG,CPH,9
CPH,CDG,9
OPO,LIS,9
LIS,OPO,9
PVG,HAK,9
KUL,MYY,9
LAS,MSP,9
MYY,KUL,9
NKG,KWE,9
HAK,PEK,9
ORD,TVC,9
TVC,ORD,9
FLL,CLT,9
PEK,HAK,9
SHA,TSN,9
TFU,HAK,9
DFW,OKC,9
MSP,LAS,9
OKC,DFW,9
TSN,SHA,9
CLT,FLL,9
COK,DEL,9
PEK,WUH,9
AMS,ARN,9
ARN,AMS,9
EWR,DEN,9
BDJ,SUB,9
DEL,COK,9
DEN,EWR,9
KNH,KHH,9
WUH,PEK,9
KHH,KNH,9
REC,GIG,9
SSH,CAI,9
PIU,LIM,9
TSN,XIY,9
XIY,TSN,9
DEL,IXC,9
KWE,NKG,9
SYX,PKX,9
CAI,SSH,9
PKX,SYX,9
LAX,MIA,9
HAN,ICN,9
IAH,MSY,9
ICN,HAN,9
MSY,IAH,9
TPA,ORD,9
CAI,HRG,9
MIA,LAX,9
ORD,TPA,9
DUS,AYT,9
MDZ,AEP,9
CDG,LIN,9
LIN,CDG,9
PHX,IAH,9
IAH,PHX,9
GSP,CLT,9
LIM,PIU,9
CLT,GSP,9
HKT,SIN,9
SIN,HKT,9
CUK,BZE,9
PUS,KIX,9
KIX,PUS,9
PHX,ONT,9
XMN,CSX,9
CAN,SHE,9
ONT,PHX,9
BUR,PHX,9
CSX,XMN,9
PHX,BUR,9
NKG,XMN,9
XMN,NKG,9
GIG,REC,9
LAX,MCO,9
MCO,LAX,9
TRD,BGO,9
TAO,WUH,9
WUH,TAO,9
BGO,TRD,9
CGQ,NKG,9
NKG,CGQ,9
CJU,PVG,9
PVG,CJU,9
TFU,KHN,9
ADD,MQX,9
MQX,ADD,9
DXB,KHI,9
KHN,TFU,9
ATL,CHS,9
DEN,ABQ,9
KUL,SGN,9
MRV,SVO,9
PHL,MIA,9
SGN,KUL,9
ABQ,DEN,9
CHS,ATL,9
SVO,MRV,9
KHI,DXB,9
ORD,DSM,9
AMS,AGP,9
DSM,ORD,9
AGP,AMS,9
MEL,AKL,9
MIA,PTY,9
SHE,CAN,9
JFK,SDQ,9
MIA,PHL,9
ORD,ATW,9
AKL,MEL,9
ATW,ORD,9
ORD,CID,9
CID,ORD,9
HND,HKD,9
BWI,CLT,9
HKD,HND,9
SDQ,JFK,9
CLT,BWI,9
DEN,TPA,9
SVO,KZN,9
HAV,MIA,9
MIA,HAV,9
KZN,SVO,9
SLC,ORD,9
DEL,VNS,9
ORD,SLC,9
TPA,DEN,9
VNS,DEL,9
SAT,ATL,9
MSP,SEA,9
BCN,SVQ,9
SEA,MSP,9
AER,DME,9
SLL,MCT,9
MAD,FRA,9
PTY,MIA,9
FRA,MAD,9
LIM,IQT,9
PKX,KHN,9
TLS,CDG,9
IQT,LIM,9
MAD,CDG,9
MCT,SLL,9
SVQ,BCN,9
CDG,MAD,9
KHN,PKX,9
BCN,MAH,9
CDG,TLS,9
MAH,BCN,9
CLE,LGA,8
LGA,CLE,8
MIA,TPA,8
TPA,MIA,8
SYX,CKG,8
TFU,SYX,8
ATL,SAT,8
DCA,EWR,8
EWR,DCA,8
CKG,SYX,8
BHM,ATL,8
DTW,LAS,8
TUN,MJI,8
ATL,BHM,8
CLT,DCA,8
GIG,CNF,8
CNF,GIG,8
DME,AER,8
LAS,DTW,8
MEX,PVR,8
PVR,MEX,8
SYX,HGH,8
HGH,SYX,8
DCA,CLT,8
EOH,UIB,8
UIB,EOH,8
XIL,HET,8
YYC,YWG,8
HET,XIL,8
SHA,TYN,8
YWG,YYC,8
BUR,OAK,8
SYX,TFU,8
ATH,CHQ,8
CHQ,ATH,8
SGF,DFW,8
DFW,SGF,8
DRP,MNL,8
MNL,DRP,8
XMN,WUH,8
HTN,URC,8
URC,HTN,8
OAK,BUR,8
RNO,LAX,8
LAX,RNO,8
DPS,MEL,8
MEL,DPS,8
YUL,YQB,8
VIX,GRU,8
LIS,AMS,8
AMS,LIS,8
GRU,VIX,8
ICN,PEK,8
NKG,DLC,8
PEK,ICN,8
BSB,CNF,8
CAG,FCO,8
CNF,BSB,8
LHR,VIE,8
TYN,SHA,8
VIE,LHR,8
AUS,ORD,8
DEN,BWI,8
DLC,NKG,8
KWE,WNZ,8
ORD,AUS,8
FCO,CAG,8
LAX,LHR,8
LHR,LAX,8
SZX,TSN,8
TSN,SZX,8
YQB,YUL,8
SJC,PHX,8
DEN,DAL,8
MJI,TUN,8
ATH,LHR,8
LHR,ATH,8
MEX,VSA,8
VSA,MEX,8
PHX,SJC,8
DAL,DEN,8
SJW,TFU,8
SHE,SZX,8
TFU,SJW,8
CNF,VCP,8
VCP,CNF,8
BKK,HAN,8
CTA,MXP,8
HAK,PVG,8
HAN,BKK,8
ATL,HOU,8
MXP,CTA,8
PHL,DEN,8
BOS,MVY,8
DEN,PHL,8
TFU,CGO,8
CGO,TFU,8
DTW,PHL,8
PHL,DTW,8
CCU,HYD,8
GIG,VIX,8
MAD,BOG,8
VIX,GIG,8
HYD,CCU,8
TNA,HRB,8
BNA,AUS,8
WNZ,KWE,8
BKK,PNH,8
PNH,BKK,8
BWI,DEN,8
CMB,DXB,8
DXB,CMB,8
SZX,SHE,8
CAI,DMM,8
ORD,SDF,8
DFW,TUL,8
SDF,ORD,8
TUL,DFW,8
DMM,CAI,8
LGA,PBI,8
CIX,LIM,8
LIM,CIX,8
PBI,LGA,8
AMS,OSL,8
OSL,AMS,8
HOU,ATL,8
CIT,NQZ,8
AUS,BNA,8
BCN,AGP,8
AGP,BCN,8
HEL,CPH,8
WUH,XMN,8
CPH,HEL,8
FUE,TFN,8
TFN,FUE,8
EWR,LAS,8
LAS,EWR,8
PDL,LIS,8
BOI,DEN,8
DEN,BOI,8
HNL,SEA,8
CGQ,HGH,8
HRB,TNA,8
ORD,FLL,8
SEA,HNL,8
BOS,TPA,8
CJB,MAA,8
FLL,ORD,8
MAA,CJB,8
TPA,BOS,8
SVX,LED,8
KUF,SVO,8
SVO,KUF,8
PHX,DAL,8
PMI,CGN,8
GSO,CLT,8
HGH,CGQ,8
LIM,TRU,8
TRU,LIM,8
CLT,GSO,8
DEN,SAT,8
CGN,PMI,8
LIS,PDL,8
ADL,PLO,8
DAL,PHX,8
MAD,BIO,8
PLO,ADL,8
PVG,SWA,8
SAT,DEN,8
BIO,MAD,8
DEN,DTW,8
GBE,JNB,8
AUS,LAS,8
DFW,MAF,8
DTW,DEN,8
MAF,DFW,8
BOG,EYP,8
EYP,BOG,8
SWA,PVG,8
ATH,PAS,8
PAS,ATH,8
LAS,AUS,8
MAD,MUC,8
LED,KZN,8
MUC,MAD,8
PKX,HAK,8
DVO,CEB,8
MCZ,GRU,8
GRU,MCZ,8
IND,LGA,8
TNA,DLC,8
DLC,TNA,8
VIE,ZRH,8
DCA,RDU,8
JNB,GBE,8
KZN,LED,8
CEB,DVO,8
LGA,IND,8
ZRH,VIE,8
CVG,ATL,8
RDU,DCA,8
HAK,PKX,8
SYX,CSX,8
ATL,CVG,8
DUB,STN,8
STN,DUB,8
KTA,PER,8
PER,KTA,8
HFE,TFU,8
DLC,HGH,8
HGH,DLC,8
SCL,ZCO,8
SLC,ATL,8
ZCO,SCL,8
BNA,PHL,8
ATL,SLC,8
SZX,NGB,8
PHL,BNA,8
NGB,SZX,8
LAX,YVR,8
TFU,HFE,8
YVR,LAX,8
ATL,RSW,8
LAS,DAL,8
RUH,TIF,8
TIF,RUH,8
DAL,LAS,8
DMM,DXB,8
DXB,DMM,8
RSW,ATL,8
ITM,NGS,8
NGS,ITM,8
PVG,CSX,8
CSX,SYX,8
LED,SVX,8
PHX,CLT,8
CLT,PHX,8
CLT,DEN,8
DEN,CLT,8
DFW,SNA,8
MSQ,SVO,8
HGH,TYN,8
SNA,DFW,8
SVO,MSQ,8
TYN,HGH,8
WUH,PVG,8
IST,ASR,8
MVY,BOS,8
ASR,IST,8
PVG,WUH,8
ORD,DAY,8
ORD,RSW,8
MSY,DFW,8
BNA,BOS,8
DEN,RAP,8
HND,TSA,8
HND,UKB,8
RAP,DEN,8
RSW,ORD,8
TSA,HND,8
UKB,HND,8
DAY,ORD,8
BOS,BNA,8
DFW,MSY,8
ICN,NGO,8
NGO,ICN,8
MAD,LCG,8
YVR,YXS,8
YXS,YVR,8
LCG,MAD,8
MSP,LAX,8
CAN,TYN,8
LAX,MSP,8
KWE,PEK,8
PEK,KWE,8
CLT,IAH,8
IAH,CLT,8
TSN,DLC,8
TYN,CAN,8
AMM,RUH,8
RUH,AMM,8
DLC,TSN,8
NBO,KIS,8
DLC,TAO,8
DUB,LGW,8
LGW,DUB,8
TAO,DLC,8
RDU,BOS,8
BOS,RDU,8
CAI,DXB,8
CLT,SAV,8
DXB,CAI,8
FRA,LIN,8
LIN,FRA,8
IAH,SAT,8
MSP,MCO,8
NQZ,CIT,8
SAV,CLT,8
LHR,ARN,8
SAT,IAH,8
MCO,MSP,8
CCU,IXA,8
GIG,SSA,8
DEN,SJC,8
SSA,GIG,8
WUH,CTU,8
ATL,CHA,8
ATL,SAV,8
CHA,ATL,8
COK,AUH,8
AUH,COK,8
SAV,ATL,8
ARN,LHR,8
FCO,ATH,8
JFK,SEA,8
PVG,KUL,8
AMS,VIE,8
ATH,FCO,8
IXA,CCU,8
SEA,JFK,8
VIE,AMS,8
FRA,FCO,8
KUL,PVG,8
CTU,WUH,8
FCO,FRA,8
LAX,MEX,8
BCN,BRU,8
DLM,SAW,8
MEX,LAX,8
SFO,IAD,8
SJC,DEN,8
IAD,SFO,8
IAH,AUS,8
RDU,MCO,8
AMS,WAW,8
KTM,SIF,8
MCO,RDU,8
SIF,KTM,8
AUS,IAH,8
WAW,AMS,8
HBA,SYD,8
SYD,HBA,8
BRU,BCN,8
HRB,XIY,8
ILM,CLT,8
CLT,ILM,8
XIY,HRB,8
DFW,TPA,8
SAW,DLM,8
IAD,CLT,8
TPA,DFW,8
PKX,LHW,8
CLT,IAD,8
ESB,ADB,8
IST,GZT,8
ATL,TYS,8
GZT,IST,8
TYS,ATL,8
LHW,PKX,8
DOH,MCT,8
KWE,XIY,8
MCT,DOH,8
BKK,KUL,8
XIY,KWE,8
GDT,PLS,8
KUL,BKK,8
MEX,BOG,8
PLS,GDT,8
BOG,MEX,8
MAA,CCU,8
SCL,GIG,8
TSV,PMK,8
GIG,SCL,8
CAI,AMM,8
ATL,ORF,8
CCU,MAA,8
CEB,CGY,8
DEN,TUS,8
IAH,DTW,8
KWE,NGB,8
XIY,XMN,8
DTW,IAH,8
ORF,ATL,8
TUS,DEN,8
XMN,XIY,8
CSX,TNA,8
TNA,CSX,8
MDW,PHX,8
AEP,GIG,8
CSX,PVG,8
ORD,LHR,8
LHR,ORD,8
MAD,MXP,8
MXP,MAD,8
YNT,PEK,8
CGY,CEB,8
JFK,ORD,8
KUL,HKG,8
PHL,FLL,8
DTW,DCA,8
FLL,PHL,8
PEK,YNT,8
PHX,MDW,8
BSB,VCP,8
ORD,JFK,8
AMM,CAI,8
DCA,DTW,8
VCP,BSB,8
HKG,KUL,8
SHA,WUH,8
WUH,SHA,8
BOG,MAD,8
KIS,NBO,8
PMK,TSV,8
GSP,ATL,8
ATL,GSP,8
CPT,HLA,8
HLA,CPT,8
DUB,GLA,8
GLA,DUB,8
CDG,MRS,8
SHA,KWE,8
SGN,CXR,8
ATL,SDF,8
OMA,ORD,8
SDF,ATL,8
MRS,CDG,8
NGB,KWE,8
ORD,OMA,8
BOS,DTW,8
DTW,BOS,8
BKK,HDY,8
HDY,BKK,8
PKX,ZUH,8
SZX,HRB,8
ZUH,PKX,8
ARN,UME,8
UME,ARN,8
LIT,DFW,8
BWI,TPA,8
DFW,LIT,8
ATL,PIT,8
NGO,PVG,8
PIT,ATL,8
PVG,NGO,8
HRB,SZX,8
DEN,ONT,8
ONT,DEN,8
CXR,SGN,8
ADB,ESB,8
HEL,OUL,8
DMK,UBP,8
OUL,HEL,8
UBP,DMK,8
TOS,HFT,8
ORY,ALG,8
SEA,RDM,8
TPA,BWI,8
CAN,HRB,8
MCO,MDW,8
NVA,BOG,8
ALG,ORY,8
BOG,NVA,8
PTY,PUJ,8
PUJ,PTY,8
CDG,VIE,8
HAN,TPE,8
RDM,SEA,8
VIE,CDG,8
KOJ,KUM,8
TPE,HAN,8
KUM,KOJ,8
GRU,GYN,8
ECN,IST,8
GYN,GRU,8
SIN,PER,8
CGO,DLC,8
DLC,CGO,8
GIG,AEP,8
YYZ,JFK,8
JFK,YYZ,8
PER,SIN,8
BLR,IXE,8
IXE,BLR,8
MDW,MCO,8
XMN,TFU,8
KUL,SBW,8
DAL,SAT,8
IST,ECN,8
SBW,KUL,8
SAT,DAL,8
MAD,VGO,8
TFU,XMN,8
BKK,UTH,8
UTH,BKK,8
VGO,MAD,8
HNS,JNU,8
HRB,CAN,8
BSB,REC,8
KWE,SHA,8
REC,BSB,8
SMF,BUR,8
ELP,DFW,8
DFW,ELP,8
TPA,EWR,8
EWR,TPA,8
LGA,TPA,8
SAN,SLC,8
BUR,SMF,8
TPA,LGA,8
SLC,SAN,8
DUS,LHR,8
LHR,DUS,8
JFK,PHX,8
HGH,CGO,8
DEL,LHR,8
FCO,LHR,8
PHX,JFK,8
CGO,HGH,8
LHR,DEL,8
LHR,FCO,8
WUH,SHE,8
DOH,RUH,8
DCA,JFK,8
RUH,DOH,8
DFW,FLL,8
DIR,ADD,8
JFK,DCA,8
ATL,HSV,8
HSV,ATL,8
ADD,DIR,8
IBZ,MAD,8
MAD,IBZ,8
ATL,RIC,8
MCO,YYZ,8
RIC,ATL,8
YYZ,MCO,8
CSX,TAO,8
FLL,DFW,8
ASE,DEN,8
CHS,CLT,8
DEN,ASE,8
CLT,CHS,8
BJV,IST,8
CLT,CAE,8
TAO,CSX,8
CAE,CLT,7
CGO,PVG,7
IAH,FLL,7
BZN,DEN,7
CNS,SYD,7
ATL,PNS,7
CGK,SOC,7
FLL,IAH,7
MSP,MDW,7
AYT,CGN,7
DEN,BZN,7
IXR,DEL,7
PNS,ATL,7
SOC,CGK,7
BOS,LHR,7
DEL,IXR,7
LHR,BOS,7
PKX,NGB,7
CKG,FOC,7
AYT,ESB,7
BUF,JFK,7
DLC,PKX,7
FOC,CKG,7
JFK,BUF,7
NGB,PKX,7
LGA,RIC,7
LNY,HNL,7
RIC,LGA,7
ATL,GSO,7
GSO,ATL,7
IST,BJV,7
PKX,DLC,7
XNA,ORD,7
DAM,KWI,7
KWI,DAM,7
ORD,XNA,7
DCA,IAH,7
HFE,KMG,7
IAH,DCA,7
KMG,HFE,7
BLR,VNS,7
CDG,MAN,7
FLL,DTW,7
MAN,CDG,7
NKG,TYN,7
TYN,NKG,7
BAH,DOH,7
DOH,BAH,7
ESB,AYT,7
HNL,LNY,7
MDW,MSP,7
TSN,TFU,7
SYD,CNS,7
TFU,TSN,7
JHG,TFU,7
SHE,WUH,7
TFU,JHG,7
GIG,EZE,7
IAH,MTY,7
MTY,IAH,7
SJC,PDX,7
CMB,MLE,7
DFW,LBB,7
DTW,FLL,7
LBB,DFW,7
MLE,CMB,7
BER,VIE,7
CDG,DUB,7
CKG,HFE,7
DUB,CDG,7
VIE,BER,7
BKK,KKC,7
KKC,BKK,7
ZUH,PEK,7
HFE,CKG,7
PDX,SJC,7
PEK,ZUH,7
PSC,SEA,7
SEA,PSC,7
LUN,JNB,7
JNB,LUN,7
TRG,AKL,7
AKL,TRG,7
CKG,URC,7
MUC,FCO,7
FCO,MUC,7
URC,CKG,7
VNS,BLR,7
ALA,CIT,7
CIT,ALA,7
DEN,RNO,7
TYS,ORD,7
HRB,NKG,7
LAX,DTW,7
MFM,TPE,7
RNO,DEN,7
TPE,MFM,7
ORD,TYS,7
DTW,LAX,7
CGN,AYT,7
MAA,SIN,7
SIN,MAA,7
TYS,CLT,7
BHR,KTM,7
KTM,BHR,7
NKG,HRB,7
CLT,TYS,7
DFW,ICT,7
FOC,PKX,7
ICT,DFW,7
JNU,HNS,7
SGN,UIH,7
DMK,KKC,7
KKC,DMK,7
AGP,MLN,7
CDG,IST,7
CGO,SHE,7
IST,CDG,7
MLN,AGP,7
CNS,MEL,7
RAK,ORY,7
SHE,CGO,7
PPT,BOB,7
MEL,CNS,7
AMS,BER,7
BER,AMS,7
BWI,ORD,7
FUK,PVG,7
JED,AMM,7
PVG,FUK,7
RIX,HEL,7
HEL,RIX,7
PKX,FOC,7
ORD,BWI,7
AEP,IGR,7
GVA,OPO,7
OPO,GVA,7
KMG,HAK,7
LSC,SCL,7
SAW,STN,7
VER,MEX,7
MAA,PNQ,7
MEX,VER,7
HAK,KMG,7
BCN,MUC,7
HAK,HGH,7
MUC,BCN,7
SZX,SYX,7
HGH,HAK,7
NCE,LHR,7
BOM,GOX,7
LHR,NCE,7
PNQ,MAA,7
STN,SAW,7
GOX,BOM,7
SYX,WUH,7
FAI,ANC,7
VNS,BOM,7
ANC,FAI,7
BOM,VNS,7
UIH,SGN,7
AUS,SFO,7
SVO,UFA,7
UFA,SVO,7
PMI,BER,7
SFO,AUS,7
BER,PMI,7
ORY,RAK,7
CDG,GVA,7
GVA,CDG,7
RDU,PHL,7
BNE,NTL,7
MDW,DEN,7
ATL,JAN,7
JAN,ATL,7
NTL,BNE,7
PHL,RDU,7
TUS,LAX,7
ALC,LGW,7
LAX,TUS,7
LGW,ALC,7
ZRH,HAM,7
ACC,TML,7
HAM,ZRH,7
KWL,PVG,7
PEK,PVG,7
TML,ACC,7
GRU,BEL,7
BEL,GRU,7
PVG,PEK,7
BOM,LKO,7
LKO,BOM,7
EWR,RDU,7
SDU,VCP,7
CKG,WUX,7
RDU,EWR,7
CLT,MSP,7
WUX,CKG,7
MCO,DAL,7
MSP,CLT,7
KUL,SUB,7
MCY,SYD,7
SYD,MCY,7
SYX,SZX,7
ADD,JIJ,7
JIJ,ADD,7
OSL,LHR,7
PHX,ELP,7
SUB,KUL,7
AMS,GVA,7
ELP,PHX,7
GVA,AMS,7
CUN,GDL,7
GDL,CUN,7
IST,TAS,7
ROA,CLT,7
SJC,SNA,7
SNA,SJC,7
TAS,IST,7
VCP,SDU,7
WUH,SYX,7
CGK,MDC,7
CLT,ROA,7
HYD,COK,7
IAH,OKC,7
MDC,CGK,7
ASR,SAW,7
CKG,CSX,7
CSX,CKG,7
MAD,ZRH,7
ZRH,MAD,7
LHR,OSL,7
FOC,KMG,7
KUL,MNL,7
LAS,MDW,7
MNL,KUL,7
OKC,IAH,7
EZE,GIG,7
BNA,RDU,7
OAK,SEA,7
FUK,TPE,7
TPE,FUK,7
JFK,BNA,7
BNA,JFK,7
CKG,TSN,7
SCL,LSC,7
SEA,ONT,7
SEA,EUG,7
SEA,OAK,7
SYX,XIY,7
THR,TBZ,7
TSN,CKG,7
CLT,ORF,7
COK,HYD,7
EUG,SEA,7
ONT,SEA,7
ORF,CLT,7
XIY,SYX,7
NAN,SUV,7
RDU,BNA,7
MTY,NLU,7
PDX,SMF,7
SUV,NAN,7
SJU,VQS,7
SMF,PDX,7
AGS,ATL,7
ATL,AGS,7
FCO,LIS,7
LIS,FCO,7
NLU,MTY,7
CAN,LHW,7
CLT,RIC,7
GYD,IST,7
IST,GYD,7
RIC,CLT,7
DAL,MCO,7
HET,HLH,7
LHW,CAN,7
ORY,TUN,7
TUN,ORY,7
HLH,HET,7
ZRH,GVA,7
KGI,PER,7
GUA,FRS,7
GVA,ZRH,7
PER,KGI,7
TSN,CSX,7
MDW,LAS,7
MIA,DEN,7
SAW,ASR,7
KMG,FOC,7
MRU,RUN,7
ALC,MAN,7
DEN,MIA,7
MAN,ALC,7
CSX,TSN,7
MEM,ORD,7
AKL,BNE,7
BNE,AKL,7
DHI,KTM,7
KTM,DHI,7
FRS,GUA,7
DBO,SYD,7
GMP,KIX,7
HKG,HND,7
HND,HKG,7
TPA,PHL,7
KIX,GMP,7
ORD,MEM,7
SJU,MIA,7
DEN,MDW,7
DFW,MCI,7
PHL,TPA,7
MCI,DFW,7
JNB,GRJ,7
RUN,MRU,7
LHR,LIN,7
LHW,PVG,7
LIN,LHR,7
VQS,SJU,7
DOH,JED,7
JED,DOH,7
MEX,MIA,7
MIA,SJU,7
MIA,MEX,7
DCA,PVD,7
PVD,DCA,7
DTW,BNA,7
FCO,BRU,7
BNA,DTW,7
CGK,BKS,7
GRJ,JNB,7
BKK,NRT,7
BKS,CGK,7
HKT,USM,7
NRT,BKK,7
USM,HKT,7
PSP,SFO,7
KWE,PVG,7
SFO,PSP,7
CAE,ATL,7
ATL,CAE,7
BOM,LHR,7
LHR,BOM,7
SFG,PTP,7
FUK,SDJ,7
LHR,BRU,7
NKG,CTU,7
NNG,PEK,7
PEK,NNG,7
SDJ,FUK,7
BAH,RUH,7
BLR,LKO,7
CTU,NKG,7
RUH,BAH,7
SAT,PHX,7
LKO,BLR,7
PHX,SAT,7
BRU,FCO,7
HND,SIN,7
SIN,HND,7
LHR,MAN,7
MAN,LHR,7
BRU,LHR,7
CDG,ZRH,7
ZRH,CDG,7
YYC,YXE,7
PVG,LHW,7
YXE,YYC,7
DEN,IND,7
PDX,SLC,7
SLC,PDX,7
KMG,TCZ,7
MCO,AUS,7
TCZ,KMG,7
TBZ,THR,7
OKA,UKB,7
UKB,OKA,7
AUS,MCO,7
ITM,OIT,7
MIA,RDU,7
OIT,ITM,7
SYX,SHA,7
CHO,CLT,7
OAK,SNA,7
ORD,FWA,7
PQC,HAN,7
SNA,OAK,7
CLT,CHO,7
FWA,ORD,7
RDU,MIA,7
AMS,PRG,7
LAS,ONT,7
ONT,LAS,7
PRG,AMS,7
SYD,DBO,7
CMB,MAA,7
MAA,CMB,7
AKJ,HND,7
CTS,UKB,7
HND,AKJ,7
UKB,CTS,7
XMN,HGH,7
HGH,XMN,7
SIN,LHR,7
CKG,TYN,7
SVX,DME,7
TYN,CKG,7
DME,SVX,7
LHR,SIN,7
KHN,KMG,7
MNL,USU,7
USU,MNL,7
AMM,JED,7
JNB,BFN,7
KMG,KHN,7
BKK,HND,7
CHA,CLT,7
HAN,PQC,7
HND,BKK,7
BFN,JNB,7
CGQ,PKX,7
RUH,KWI,7
CAN,SIN,7
CLT,CHA,7
EAM,RUH,7
KWI,RUH,7
LGW,FAO,7
SIN,CAN,7
ATH,RHO,7
DLI,HAN,7
FAO,LGW,7
PKX,CGQ,7
RUH,EAM,7
HMO,MEX,7
MEX,HMO,7
RHO,ATH,7
HAN,DLI,7
HND,LAX,7
LAX,HND,7
BLR,BBI,7
ENI,MNL,7
KOJ,TNE,7
MEX,SJD,7
MNL,ENI,7
SJD,MEX,7
PUJ,YYZ,7
ZNZ,PMA,7
TNE,KOJ,7
URC,YIN,7
IND,DEN,7
SFO,TPE,7
SHA,SYX,7
TPE,SFO,7
YIN,URC,7
YYZ,PUJ,7
BBI,BLR,7
PMI,HAM,7
PVG,CGO,7
BLR,GAU,7
IGR,AEP,7
JFK,TPA,7
MLI,ORD,7
BER,CDG,7
CDG,BER,7
GRU,IGU,7
LZN,TSA,7
ORD,MLI,7
TPA,JFK,7
TSA,LZN,7
TZX,IST,7
MEX,OAX,7
OAX,MEX,7
IGU,GRU,7
IST,TZX,7
MFE,DFW,7
CAI,IST,7
DFW,MFE,7
IST,CAI,7
PVG,KWE,7
WUH,URC,7
HAM,PMI,7
POM,HGU,7
CTU,TSN,7
PHL,LAX,7
ORD,PDX,7
PDX,ORD,7
HND,OBO,7
LAX,PHL,7
OBO,HND,7
TSN,CTU,7
CAN,YIW,7
ATH,CDG,7
BCN,FRA,7
CKG,NGB,7
DXB,MLE,7
FRA,BCN,7
MLE,DXB,7
NGB,CKG,7
CDG,ATH,7
NGO,TPE,7
TPE,NGO,7
YIW,CAN,7
EWR,YTZ,7
PEK,LHW,7
YTZ,EWR,7
ATL,SAN,7
CLT,LAX,7
PHX,EWR,7
SAN,ATL,7
BUF,ORD,7
EWR,PHX,7
MIA,NAS,7
NAS,MIA,7
TFU,HRB,7
UPG,KDI,7
LHW,PEK,7
ORD,BUF,7
SHE,TFU,7
KDI,UPG,7
TFU,SHE,7
LAX,CLT,7
MNL,BKK,7
PIA,ORD,7
BKK,MNL,7
ORD,PIA,7
APO,EOH,7
EOH,APO,7
CTU,CSX,7
HRB,TFU,7
URC,WUH,7
CSX,CTU,7
GRU,NVT,7
FRA,IST,7
ICN,PQC,7
NVT,GRU,7
PQC,ICN,7
CGO,KWE,7
GDL,NLU,7
PNQ,HYD,7
AUH,BAH,7
BAH,AUH,7
IST,FRA,7
MAA,TRZ,7
TRZ,MAA,7
KWE,CGO,7
BOS,SEA,7
KWE,XMN,7
MYR,CLT,7
PTP,SFG,7
SEA,BOS,7
CLT,MYR,7
DFW,MTY,7
HET,HLD,7
MTY,DFW,7
HLD,HET,7
LIM,JUL,7
HFT,TOS,7
KMG,BKK,7
XMN,KWE,7
BKK,KMG,7
HYD,PNQ,7
NLU,GDL,7
TFU,DLU,7
CRP,IAH,7
IAH,CRP,7
DLU,TFU,7
PMI,FRA,7
AGP,MAD,7
MAD,AGP,7
ALG,IST,7
IST,ALG,7
CSX,NGB,7
DED,DEL,7
MAD,VCE,7
NGB,CSX,7
ORD,SGF,7
DEL,DED,7
PEN,SZB,7
VCE,MAD,7
AMS,FCO,7
FCO,AMS,7
MAA,COK,7
BER,LHR,7
FRA,PMI,7
LHR,BER,7
SGF,ORD,7
SZB,PEN,7
CAN,LJG,7
LJG,CAN,7
JUL,LIM,7
OKC,ORD,7
ORD,OKC,7
CGO,SYX,7
CUN,IAH,7
IAH,CUN,7
BSB,GIG,7
DCA,MSP,7
DAL,BNA,7
GIG,BSB,7
COK,MAA,7
MSY,MCO,7
DFW,MEM,7
MEM,DFW,7
MSP,DCA,7
COV,ECN,7
FCO,LGW,7
UIO,BOG,7
BOG,UIO,7
ECN,COV,7
LGW,FCO,7
PMA,ZNZ,7
SYX,CGO,7
ROC,ORD,7
ORD,ROC,7
BNA,DAL,7
CGH,VIX,7
TPA,BNA,7
LKN,BOO,7
MCI,PHX,7
AYT,HAJ,7
NRT,SIN,7
SIN,NRT,7
TPE,CTS,7
WUH,HRB,7
BOO,LKN,7
CTS,TPE,7
MIA,BWI,7
VIX,CGH,7
BWI,MIA,7
HAN,PVG,7
LAX,IAD,7
ATH,MJT,7
MEX,TGZ,7
MJT,ATH,7
PVG,HAN,7
TGZ,MEX,7
ECN,ESB,7
HEL,RVN,7
HRB,WUH,7
IAD,LAX,7
ESB,ECN,7
PHE,PER,7
RVN,HEL,7
HAJ,AYT,7
PER,PHE,7
TFU,LHW,7
WNZ,KMG,7
MNL,ZAM,7
ZAM,MNL,7
AMS,EDI,7
EDI,AMS,7
LHW,TFU,7
PHX,MCI,7
POA,VCP,7
BNA,TPA,7
AKL,NPL,7
NPL,AKL,7
PHX,RNO,7
RNO,PHX,7
YVR,YWG,7
ABQ,DFW,7
DFW,PDX,7
PDX,DFW,7
KMG,WNZ,7
CRP,DFW,7
VCP,POA,7
AER,SVX,7
ARK,SEU,7
DFW,CRP,7
GVA,LGW,7
ADL,PER,7
GIG,VCP,7
LGW,GVA,7
PER,ADL,7
PIT,EWR,7
VCP,GIG,7
DEN,TUL,7
DFW,ABQ,7
TUL,DEN,7
NNG,TFU,7
ORD,YUL,7
YUL,ORD,7
EWR,PIT,7
AMA,DFW,7
KMG,SJW,7
SJW,KMG,7
DFW,AMA,7
DTW,YYZ,7
YWG,YVR,7
YYZ,DTW,7
BNA,PHX,7
BXU,MNL,7
MCO,MSY,7
MNL,BXU,7
SGN,VII,7
CGO,CKG,7
FRA,WAW,7
JFK,SAN,7
SAN,JFK,7
WAW,FRA,7
CKG,CGO,7
GZT,SAW,7
DTW,PHX,7
HGH,TSN,7
PHX,DTW,7
TSN,HGH,7
HAN,CAN,7
CAN,HAN,7
HGH,LHW,7
LHW,HGH,7
LHW,KMG,7
KMG,LHW,7
SVX,AER,7
TFU,NNG,7
CUU,MEX,7
FSD,ORD,7
MEX,CUU,7
ORD,FSD,7
PHX,BNA,7
SJC,BUR,7
ATH,JKH,7
ATL,YYZ,7
JKH,ATH,7
STL,MCO,7
YYZ,ATL,7
DEN,CPR,7
BUR,DEN,7
BUR,SJC,7
CPR,DEN,7
DEN,BUR,7
ABZ,LHR,7
BOD,CDG,7
LHR,ABZ,7
CDG,BOD,7
LHE,JED,7
MKE,DEN,7
PEK,INC,7
ATL,CUN,7
AVL,ATL,7
CUN,ATL,7
DEN,HOU,7
ATL,AVL,7
BOS,RSW,7
MCO,STL,7
JNB,ELS,7
RSW,BOS,7
INC,PEK,7
MIA,LIM,7
PMI,VLC,7
COK,DXB,7
LIM,MIA,7
DAC,KUL,7
DXB,COK,7
ELS,JNB,7
IND,MCO,7
DUB,LPL,7
KUL,DAC,7
LPL,DUB,7
MCO,IND,7
LPA,SPC,7
SPC,LPA,7
SEA,FAI,7
FAI,SEA,7
GOX,HYD,7
JED,LHE,7
SAN,LAX,7
DFW,STL,7
LAX,SAN,7
STL,DFW,7
DTW,TPA,7
KHI,JED,7
KMG,CKG,7
URC,CSX,7
CSX,URC,7
DEN,MKE,7
IAH,MFE,7
MFE,IAH,7
SBN,ORD,7
YXX,YYC,7
CKG,KMG,7
CVG,LGA,7
GIG,CWB,7
GRU,NAT,7
IST,SVO,7
KMG,TYN,7
LGA,CVG,7
NAT,GRU,7
ORD,SBN,7
YYC,YXX,7
SVO,IST,7
TPA,DTW,7
VII,SGN,7
TNA,URC,7
EVE,OSL,6
OSL,EVE,6
URC,TNA,6
VLC,PMI,6
LHW,NKG,6
NKG,LHW,6
YYZ,FLL,6
TYN,KMG,6
ATH,MUC,6
MUC,ATH,6
XNA,ATL,6
ATL,XNA,6
KWE,SZX,6
SZX,KWE,6
JNU,HNH,6
FLL,YYZ,6
YHZ,YYT,6
YUL,YHZ,6
YYT,YHZ,6
HNH,JNU,6
YHZ,YUL,6
LEX,ORD,6
MRU,RRG,6
HOU,DEN,6
MTY,QRO,6
ORD,LEX,6
CMN,ORY,6
CPH,MUC,6
CWB,GIG,6
GVA,LIS,6
MUC,CPH,6
RRG,MRU,6
SAW,GZT,6
HNL,SFO,6
HYD,GOX,6
LIS,GVA,6
MAN,TFS,6
TFS,MAN,6
LEX,ATL,6
SFO,HNL,6
ATL,LEX,6
DFW,ONT,6
ONT,DFW,6
STL,DCA,6
DCA,STL,6
LGA,MDW,6
LIM,PCL,6
MDW,LGA,6
YYC,YYJ,6
YYJ,YYC,6
MSP,EWR,6
PCL,LIM,6
HGH,SWA,6
SWA,HGH,6
ATL,VPS,6
VPS,ATL,6
NRT,PUS,6
PUS,NRT,6
DAC,DXB,6
EWR,MSP,6
ORD,SYR,6
SYR,ORD,6
YOW,YUL,6
DAL,AUS,6
PVG,KWL,6
SHA,ZUH,6
DXB,AMM,6
BNA,MIA,6
GIG,FOR,6
LGW,MXP,6
MXP,LGW,6
AUS,DAL,6
MIA,BNA,6
SFO,MSP,6
AMM,DXB,6
MSP,SFO,6
AMS,BHX,6
BHX,AMS,6
IAH,MAF,6
MAF,IAH,6
YUL,YOW,6
CDG,VCE,6
DGT,MNL,6
MNL,DGT,6
VCE,CDG,6
BKK,CEI,6
CEI,BKK,6
HAM,LHR,6
LHR,HAM,6
ORD,MDT,6
BOM,NAG,6
FLL,SJU,6
MDT,ORD,6
NAG,BOM,6
ORY,CMN,6
SYX,NKG,6
MUC,BRU,6
NKG,SYX,6
SJU,FLL,6
AUH,CAI,6
CAI,AUH,6
FOR,GIG,6
KWE,HAK,6
TFU,BKK,6
BKK,TFU,6
ATL,ECP,6
ECP,ATL,6
HAK,KWE,6
JED,KHI,6
DLI,SGN,6
HAK,XIY,6
TFU,LJG,6
BRU,MUC,6
FUK,HKG,6
HKG,FUK,6
VIE,WAW,6
XIY,HAK,6
WAW,VIE,6
HYD,VGA,6
LJG,TFU,6
VGA,HYD,6
HRB,CGO,6
SGN,DLI,6
XMN,TNA,6
CLT,LAS,6
FRA,BRU,6
TNA,XMN,6
DLM,IST,6
LAS,CLT,6
MSY,DAL,6
SWA,PKX,6
DAL,MSY,6
PKX,SWA,6
QRO,MTY,6
DUB,AGP,6
MCY,MEL,6
MEL,MCY,6
VCP,CWB,6
AGP,DUB,6
ATL,SRQ,6
BEY,IST,6
CWB,VCP,6
IST,DLM,6
SRQ,ATL,6
DUS,VIE,6
VIE,DUS,6
YVR,YUL,6
LAS,LGB,6
LGB,LAS,6
PHX,BOI,6
BRU,FRA,6
SMF,SNA,6
SNA,SMF,6
IST,BEY,6
YUL,YVR,6
BDL,ATL,6
BOI,PHX,6
BDL,ORD,6
GSO,LGA,6
LGA,GSO,6
ORD,BDL,6
ATL,BDL,6
AYT,BER,6
HGH,NNG,6
MFR,SEA,6
NNG,HGH,6
ORD,FAR,6
ATH,JMK,6
JMK,ATH,6
AMM,IST,6
ATL,LIT,6
CPH,WAW,6
LIT,ATL,6
SEA,MFR,6
WAW,CPH,6
FAR,ORD,6
PHL,PHX,6
PHX,PHL,6
ZUH,SHA,6
DLC,XIY,6
RDU,DFW,6
XIY,DLC,6
BHD,LHR,6
LHR,BHD,6
MDT,CLT,6
YQR,YYC,6
BER,AYT,6
DFW,RDU,6
DTW,BWI,6
CLT,MDT,6
DEN,MSY,6
YYC,YQR,6
BWI,DTW,6
AMS,BRS,6
BRI,FCO,6
BRS,AMS,6
CLT,FAY,6
FAY,CLT,6
FCO,BRI,6
MEX,PTY,6
PTY,MEX,6
FLL,DCA,6
MSY,HOU,6
BOM,JED,6
DCA,FLL,6
ORD,SNA,6
SNA,ORD,6
HOU,MSY,6
LXA,XIY,6
CSX,NKG,6
DFW,MEX,6
LIS,FRA,6
MEX,DFW,6
MEX,ORD,6
AOJ,ITM,6
DFW,BHM,6
FRA,LIS,6
ITM,AOJ,6
XIY,LXA,6
HGU,POM,6
ORD,MEX,6
BHM,DFW,6
JFK,PUJ,6
PUJ,JFK,6
AKU,URC,6
NKG,CSX,6
URC,AKU,6
JNB,MQP,6
YHZ,YOW,6
YOW,YHZ,6
CUN,JFK,6
JFK,CUN,6
MCO,CMH,6
SAT,LAS,6
CMH,MCO,6
JED,BOM,6
ATL,MKE,6
MKE,ATL,6
IST,AMM,6
TUS,DFW,6
WAW,CDG,6
CDG,WAW,6
DFW,TUS,6
BLR,PAT,6
MSY,DEN,6
PAT,BLR,6
DGA,TZA,6
GAU,BLR,6
ORD,TUL,6
ZUH,TFU,6
IAD,MCO,6
MCO,IAD,6
OAK,LAX,6
TUL,ORD,6
BUF,LGA,6
LGA,BUF,6
SYZ,THR,6
FRA,PRG,6
MHD,NJF,6
MUC,PMI,6
PMI,MUC,6
TFU,ZUH,6
CUE,UIO,6
PRG,FRA,6
UIO,CUE,6
VBY,ARN,6
ARN,VBY,6
REC,VCP,6
VCP,REC,6
EBB,NBO,6
NBO,EBB,6
TFN,VDE,6
VDE,TFN,6
CPH,FRA,6
FRA,CPH,6
ATL,TLH,6
SGN,CAN,6
TLH,ATL,6
CAN,SGN,6
IAH,MSP,6
JNB,WDH,6
MSP,IAH,6
OSL,AES,6
WDH,JNB,6
HYD,GOI,6
SFO,YYZ,6
THR,SYZ,6
YYZ,SFO,6
AES,OSL,6
EWR,SJU,6
ICN,OKA,6
OKA,ICN,6
CPH,ZRH,6
LAS,SAT,6
SJU,EWR,6
ZRH,CPH,6
CGO,FOC,6
FOC,CGO,6
PBI,BOS,6
BOS,PBI,6
DEN,DSM,6
DSM,DEN,6
BEY,DXB,6
IDR,BOM,6
LAX,OAK,6
MUC,WAW,6
PHX,STL,6
BOM,IDR,6
SJO,ACO,6
WAW,MUC,6
CGN,MUC,6
MUC,CGN,6
ZRH,BCN,6
ATH,FRA,6
BCN,ZRH,6
FRA,ATH,6
NGB,TAO,6
TAO,NGB,6
KMG,NGB,6
FRA,MXP,6
NGB,KMG,6
POM,LAE,6
CCU,BBI,6
DFW,HOU,6
HOU,DFW,6
LAE,POM,6
NAG,DEL,6
MXP,FRA,6
XIY,FOC,6
DXB,BEY,6
DTW,IAD,6
NJF,MHD,6
FOC,XIY,6
GES,MNL,6
IAD,DTW,6
LCY,LIN,6
LIN,LCY,6
MNL,GES,6
SSA,BSB,6
GOI,HYD,6
LGA,MSP,6
TFU,WUX,6
LUN,NLA,6
WUX,TFU,6
KCH,MYY,6
MYY,KCH,6
STL,PHX,6
BBI,CCU,6
EWR,YUL,6
MDW,DAL,6
MSP,LGA,6
CGR,GRU,6
GRU,CGR,6
YUL,EWR,6
BSB,SSA,6
PIT,BOS,6
XIY,ZUH,6
BOS,PIT,6
DAL,MDW,6
LJG,JHG,6
ZUH,XIY,6
SIN,DEL,6
DEL,SIN,6
CTA,LIN,6
JHG,LJG,6
CCS,PMV,6
LIN,CTA,6
DPS,LBJ,6
HKG,TFU,6
LBJ,DPS,6
TFU,HKG,6
DMK,CGK,6
ICN,GUM,6
CGK,DMK,6
DOH,KWI,6
KWI,DOH,6
ATH,JNX,6
CSX,SHE,6
JNX,ATH,6
DXB,ADD,6
FCO,ZRH,6
RPR,DEL,6
ZRH,FCO,6
DEL,RPR,6
PMV,CCS,6
GUM,ICN,6
DEL,NAG,6
DUS,ZRH,6
LIT,ORD,6
ORD,LIT,6
ZRH,DUS,6
JFK,PBI,6
ORD,RIC,6
PBI,JFK,6
RIC,ORD,6
DLC,CAN,6
MSP,DTW,6
KMG,TSN,6
TSN,KMG,6
AXM,BOG,6
BOG,AXM,6
CAN,DLC,6
ORD,ICT,6
BCN,DUB,6
CDG,FLR,6
DTW,MSP,6
DUB,BCN,6
FLR,CDG,6
HAN,HUI,6
ICT,ORD,6
PMI,LGW,6
UEO,OKA,6
KHN,XIY,6
NSN,CHC,6
ACO,SJO,6
ALB,ORD,6
AOJ,HND,6
AXT,ITM,6
BOM,DOH,6
CTS,MMB,6
HND,AOJ,6
HND,KUH,6
HND,YGJ,6
ITM,AXT,6
ITM,KCZ,6
KCZ,ITM,6
KUH,HND,6
MMB,CTS,6
NGO,SDJ,6
ORD,ALB,6
SDJ,NGO,6
YGJ,HND,6
DOH,BOM,6
LGW,PMI,6
SYD,WGA,6
WGA,SYD,6
XIY,KHN,6
ZUH,CKG,6
DUS,SAW,6
SAW,DUS,6
JAX,CLT,6
SHE,CSX,6
CKG,ZUH,6
GJT,DEN,6
SIT,JNU,6
SZX,WNZ,6
DEN,GJT,6
CLT,JAX,6
DRO,DEN,6
LHR,YYZ,6
SBH,PTP,6
YYZ,LHR,6
AUH,JED,6
DEN,DRO,6
JED,AUH,6
EDI,STN,6
STN,EDI,6
HUI,HAN,6
WNZ,SZX,6
AVL,CLT,6
CLT,AVL,6
ADD,DXB,6
CEK,SVO,6
CTU,SYX,6
HKG,LHR,6
LHR,HKG,6
SVO,CEK,6
HGH,ZUH,6
IKA,NJF,6
KUL,SZX,6
SYX,CTU,6
SZX,KUL,6
CNF,REC,6
TRV,BLR,6
ZUH,HGH,6
ALG,ORN,6
REC,CNF,6
BLR,TRV,6
DCA,TPA,6
TPA,DCA,6
YMM,YYC,6
YYC,YMM,6
LAX,SJD,6
SJD,LAX,6
HAM,VIE,6
LHR,SFO,6
SFO,LHR,6
SPN,TIQ,6
TIQ,SPN,6
VIE,HAM,6
BCN,VIE,6
LGA,GSP,6
LIS,MXP,6
URC,NKG,6
VIE,BCN,6
YYZ,PHL,6
GSP,LGA,6
GTZ,SEU,6
MXP,LIS,6
PHL,YYZ,6
PIT,MCO,6
SJW,CAN,6
STL,MSP,6
AWZ,THR,6
CAN,SJW,6
HND,HNL,6
HNL,HND,6
LOS,ACC,6
NKG,URC,6
SAN,AUS,6
ACC,LOS,6
AUS,SAN,6
JFK,MEX,6
MSP,STL,6
SSA,CNF,6
LAX,ABQ,6
MEX,JFK,6
SLC,IAH,6
THR,AWZ,6
ABQ,LAX,6
CNF,SSA,6
IAH,SLC,6
KBR,SZB,6
LIM,PTY,6
PTY,LIM,6
CAN,ICN,6
ICN,CAN,6
SZB,XSP,6
XSP,SZB,6
SZB,KBR,6
CHC,NSN,6
BUD,TLV,6
CDG,HEL,6
DFW,HSV,6
FOR,CGH,6
HEL,CDG,6
TLV,BUD,6
BOS,MSP,6
CNX,HKT,6
MSP,BOS,6
SYD,CFS,6
CFS,SYD,6
IAD,SAL,6
JAI,BLR,6
MCO,PIT,6
SAL,IAD,6
HSV,DFW,6
KHN,CKG,6
CKG,KHN,6
LEQ,ISC,6
SDQ,MIA,6
MIA,SDQ,6
DXB,DAC,6
HYD,RJA,6
RJA,HYD,6
ZUH,CGO,6
KOJ,TKN,6
TKN,KOJ,6
CGO,ZUH,6
DFW,SHV,6
HOU,PHX,6
SHV,DFW,6
CGH,FOR,6
GCI,LGW,6
LGW,GCI,6
LIS,ZRH,6
OKA,UEO,6
PER,ZNE,6
ZNE,PER,6
MUC,ZRH,6
ZRH,LIS,6
ZRH,MUC,6
HKG,SHA,6
SHA,HKG,6
IND,JFK,6
JFK,IND,6
BAH,KWI,6
GVA,BRU,6
KWI,BAH,6
JFK,DFW,6
ATL,SJU,6
NLA,LUN,6
CKG,WNZ,6
DFW,JFK,6
BRU,GVA,6
PHX,HOU,6
SJU,ATL,6
WNZ,CKG,6
CTU,XMN,6
GDQ,ADD,6
HKD,OKD,6
OKD,HKD,6
ARN,GOT,6
DPS,SYD,6
KRK,WAW,6
ORN,ALG,6
SYD,DPS,6
WAW,KRK,6
NKG,NNG,6
NNG,NKG,6
SVO,EVN,6
EVN,SVO,6
XMN,CTU,6
GOT,ARN,6
PDL,TER,6
CAN,XMN,6
FCO,JFK,6
IND,EWR,6
JFK,FCO,6
TER,PDL,6
TNA,XIY,6
XMN,CAN,6
EWR,IND,6
XIY,TNA,6
YYZ,IAD,6
MEL,MQL,6
MQL,MEL,6
CJS,MEX,6
FLL,BNA,6
JFK,PIT,6
MEX,CJS,6
BNA,FLL,6
HSV,CLT,6
IAD,YYZ,6
PIT,JFK,6
BTR,IAH,6
IAH,BTR,6
LAX,BNA,6
NRT,OKA,6
OKA,NRT,6
BNA,LAX,6
CKG,SJW,6
CLT,HSV,6
GRU,MAO,6
SJW,CKG,6
YYC,YQU,6
MAO,GRU,6
YQU,YYC,6
UPG,BPN,6
KGS,ATH,6
PVG,SGN,6
ZUH,HAK,6
ATH,KGS,6
DTW,MDW,6
GRU,BPS,6
HAK,ZUH,6
MDW,DTW,6
SGN,PVG,6
SLA,AEP,6
MCI,MDW,6
IAH,SEA,6
SGN,VCL,6
HAN,VCA,6
VCA,HAN,6
SEA,IAH,6
BPS,GRU,6
CGO,HRB,6
AUH,KWI,6
CUN,ORD,6
KWI,AUH,6
ORD,CUN,6
SPB,SSB,6
SSB,SPB,6
ORD,MSY,6
ELP,IAH,6
GRR,DTW,6
IAH,ELP,6
KWE,TNA,6
XIY,WUX,6
DTW,GRR,6
TNA,KWE,6
WUX,XIY,6
IXB,CCU,6
LAX,TPE,6
TPE,LAX,6
DCA,MDW,6
LHR,WAW,6
MDW,DCA,6
MSY,ORD,6
SZX,TYN,6
WAW,LHR,6
CCU,IXB,6
ECN,ADB,6
LAX,FLL,6
NKG,ZUH,6
TYN,SZX,6
UPG,DPS,6
YQQ,YVR,6
ZUH,NKG,6
ADB,ECN,6
SIN,USM,6
USM,SIN,6
WUH,SWA,6
YVR,YQQ,6
FLL,LAX,6
LGA,ORF,6
ORF,LGA,6
SWA,WUH,6
TFU,TYN,6
DPS,UPG,6
TYN,TFU,6
SEU,GTZ,6
SLC,SMF,6
SMF,ONT,6
YUL,CDG,6
PIT,PHL,6
SMF,SLC,6
SSA,VCP,6
VCP,SSA,6
BOG,GRU,6
BPN,UPG,6
CDG,YUL,6
CLT,BHM,6
GRU,BOG,6
PHL,PIT,6
TUN,CDG,6
BHM,CLT,6
BKK,BOM,6
HOU,LAS,6
LCY,EDI,6
BCN,OPO,6
BOM,BKK,6
EDI,LCY,6
MDW,MCI,6
OPO,BCN,6
BCN,BIO,6
BIO,BCN,6
CDG,CMN,6
CDG,TUN,6
CMN,CDG,6
TFU,SWA,6
CLJ,OTP,6
DFW,IND,6
ONT,SMF,6
OTP,CLJ,6
SWA,TFU,6
IND,DFW,6
NKG,SWA,6
NQN,AEP,6
RSW,EWR,6
SDF,DFW,6
VCL,SGN,6
HYD,DXB,6
SWA,NKG,6
DXB,HYD,6
EWR,RSW,6
FNC,OPO,6
ICT,DEN,6
OPO,FNC,6
DFW,SDF,6
CAG,LIN,6
DEN,ICT,6
LIN,CAG,6
KMG,WUX,6
DXB,VKO,6
NNG,PVG,6
VIE,BRU,6
WUX,KMG,6
ZUH,PVG,6
VKO,DXB,6
CGQ,SZX,6
DEN,PSP,6
PNS,CLT,6
SZX,CGQ,6
CLT,PNS,6
PHX,BOS,6
PSP,DEN,6
ACX,KWE,6
BOS,PHX,6
KWE,ACX,6
LAS,HOU,6
NJF,IKA,6
ADD,GDQ,6
CPO,SCL,6
CUL,TIJ,6
SCL,CPO,6
TIJ,CUL,6
FLL,TPA,6
SAL,LAX,6
DCA,YYZ,6
LAX,SAL,6
SIN,SUB,6
SUB,SIN,6
TPA,FLL,6
YYZ,DCA,6
CLT,YYZ,6
REN,SVO,6
SAW,SZF,6
YYZ,CLT,6
PMI,MAN,6
SVO,REN,6
BRU,VIE,6
CGK,JED,6
CDG,OSL,6
MCO,PTY,6
OSL,CDG,6
PTY,MCO,6
DGA,PLJ,6
HAK,KHN,6
JED,CGK,6
KHN,HAK,6
SZF,SAW,6
MED,JED,6
BDL,MCO,6
CGQ,TNA,6
LAX,SAT,6
LIN,BRU,6
MCO,BDL,6
NNG,XIY,6
SAT,LAX,6
TNA,CGQ,6
CHC,IVC,6
XIY,NNG,6
RUH,IST,6
AEP,SLA,6
BOS,IAH,6
IVC,CHC,6
IAH,BOS,6
MAN,PMI,6
AYT,MAN,6
BRU,LIN,6
CGQ,CGO,6
MSY,AUS,6
BPN,BEJ,6
FCO,TLV,6
LHR,HEL,6
MAN,AYT,6
AUS,MSY,6
BTR,DFW,6
CDG,LIS,6
HEL,LHR,6
KNO,PEN,6
LIS,CDG,6
PEN,KNO,6
DFW,BTR,6
DXB,LHE,6
IST,RUH,6
PEK,WNZ,6
TUL,IAH,6
BRS,DUB,6
CHC,DUD,6
DUB,BRS,6
IAH,TUL,6
LHE,DXB,6
DUD,CHC,6
WNZ,PEK,6
BEJ,BPN,6
BLR,JAI,6
GVA,MAD,6
MAD,GVA,6
PMI,ZRH,6
SEA,AUS,6
ZRH,PMI,6
AMS,ATH,6
DCA,CMH,6
EWR,CLE,6
IAH,LFT,6
LFT,IAH,6
ATH,AMS,6
AUS,SEA,6
CLE,EWR,6
SVO,KJA,6
CMH,DCA,6
IND,DCA,6
LAX,YYZ,6
DCA,IND,6
YYZ,LAX,6
LUN,HRE,6
MMK,SVO,6
KJA,SVO,6
CUN,PTY,6
JNU,SIT,6
PTY,CUN,6
SZX,HAN,6
HAN,SZX,6
ISC,LEQ,6
RFP,PPT,6
WUH,TSN,6
CLT,TRI,6
WNZ,TFU,6
TRI,CLT,6
CGO,CGQ,6
LED,ARH,6
TSN,WUH,6
DOH,BKK,6
TFU,INC,6
DAL,MCI,6
BKK,DOH,6
INC,TFU,6
LPA,TFS,6
MFM,PVG,6
ARH,LED,6
CZL,ALG,6
KUL,SDK,6
LAS,BWI,6
MCI,DAL,6
PVG,MFM,6
SDK,KUL,6
TFS,LPA,6
FOR,REC,6
MOH,UPG,6
UPG,MOH,6
DAR,JRO,6
KHG,XIY,6
MEX,MAD,6
REC,FOR,6
DTW,SEA,6
MAD,MEX,6
PVG,ZUH,6
SEA,DTW,6
CPH,VIE,6
RSW,MSP,6
TFU,WNZ,6
VIE,CPH,6
BRU,AGP,6
DAC,SHJ,6
BWI,LAS,6
DEL,UDR,6
STL,LAS,6
LAS,STL,6
LHR,RUH,6
RUH,LHR,6
YYZ,YYT,6
CLO,MDE,6
MSP,RSW,6
UDR,DEL,6
DTW,IND,6
IND,DTW,6
YYT,YYZ,6
ADD,DSE,6
CAN,CGQ,6
DSE,ADD,6
HNL,LAS,6
LAS,HNL,6
LGW,JER,6
TLV,FCO,6
XIY,KHG,6
CGQ,XIY,6
JER,LGW,6
MCO,PVD,6
PQQ,SYD,6
PVD,MCO,6
SYD,PQQ,6
AXJ,FUK,6
CTU,URC,6
FUK,AXJ,6
JRO,ARK,6
YIW,PKX,6
PKX,YIW,6
COS,DFW,6
DFW,COS,6
INC,URC,6
LCY,ZRH,6
XIY,CGQ,6
ZRH,LCY,6
AGP,BRU,6
IXJ,DEL,6
NNG,WUH,6
SHA,SWA,6
CPH,BRU,6
GEG,DEN,6
MQP,JNB,6
SWA,SHA,6
TSN,PVG,6
DEN,GEG,6
IKT,OVB,6
PVG,TSN,6
URC,INC,6
MXP,PMO,6
URC,CTU,6
CGQ,PEK,6
PEK,CGQ,6
PMO,MXP,6
WUH,NNG,6
YVR,ZNA,6
ZNA,YVR,6
BRU,CPH,6
CLT,STL,6
EWR,SEA,6
LAS,BNA,6
SEA,EWR,6
PHL,MSP,5
PVG,NNG,5
MSP,PHL,5
STL,CLT,5
CMB,DOH,5
DOH,CMB,5
KLW,KTN,5
CLT,CMH,5
NBO,KGL,5
OVB,IKT,5
PEE,SVO,5
CMH,CLT,5
DEL,IXJ,5
ISB,DXB,5
KUL,TGG,5
SVO,PEE,5
TGG,KUL,5
BOM,IXC,5
GDN,WAW,5
JNB,VFA,5
WAW,GDN,5
BOG,PSO,5
IXC,BOM,5
PSO,BOG,5
FRA,GVA,5
GVA,FRA,5
KUL,TPE,5
DXB,ISB,5
TPE,KUL,5
STX,SJU,5
OAK,PHX,5
PHX,OAK,5
PHX,OMA,5
ALG,CZL,5
DCA,CVG,5
OMA,PHX,5
PKX,NNG,5
JED,ISB,5
NNG,PKX,5
YYC,YUL,5
CVG,DCA,5
SJU,STX,5
HYD,VNS,5
JRO,ZNZ,5
PVG,FOC,5
STL,DAL,5
IAD,ORD,5
KIX,NRT,5
LGB,SMF,5
NRT,KIX,5
SMF,LGB,5
BOS,IND,5
SVO,MMK,5
VNS,HYD,5
YUL,YYC,5
AER,OVB,5
BNA,LAS,5
IND,BOS,5
ORD,IAD,5
KWE,JJN,5
OVB,AER,5
REC,SSA,5
DAL,STL,5
PDX,OAK,5
DMM,MED,5
MED,DMM,5
SSA,REC,5
BOG,RCH,5
RCH,BOG,5
JFK,AUS,5
LWY,MYY,5
AUS,JFK,5
CGN,SAW,5
CMH,BOS,5
MYY,LWY,5
SAW,CGN,5
CAN,FOC,5
IAD,LHR,5
LHR,IAD,5
AMD,HYD,5
FOC,CAN,5
JNB,SHO,5
MPM,JNB,5
SHO,JNB,5
BOS,CMH,5
JNB,MPM,5
OAK,PDX,5
BCN,TFN,5
CUK,SPR,5
EZE,MAD,5
MAD,EZE,5
TFN,BCN,5
AUH,MAA,5
AMS,IST,5
ISB,JED,5
IST,AMS,5
MAA,AUH,5
CLT,MSY,5
EDL,NBO,5
JJN,KWE,5
LIM,TCQ,5
MDE,CLO,5
TCQ,LIM,5
FOC,PVG,5
IAH,SAL,5
MSY,CLT,5
SAL,IAH,5
CGQ,CAN,5
DME,OVB,5
OVB,DME,5
BTH,KNO,5
VFA,JNB,5
BOO,SVJ,5
SVJ,BOO,5
SXR,IXJ,5
AMS,NCL,5
NCL,AMS,5
IAD,DFW,5
KNO,BTH,5
SHA,FOC,5
CJA,LIM,5
CKG,SHE,5
FOC,SHA,5
LIM,CJA,5
SUB,LOP,5
AMS,VLC,5
ITM,OKA,5
OKA,ITM,5
OSL,HOV,5
VLC,AMS,5
DFW,IAD,5
HOV,OSL,5
SHE,CKG,5
BWI,MDW,5
LOP,SUB,5
CAI,DOH,5
CDG,PRG,5
DOH,CAI,5
PRG,CDG,5
ATH,AXD,5
AXD,ATH,5
IAD,SEA,5
IST,MJI,5
IXJ,SXR,5
JAX,JFK,5
JFK,JAX,5
SEA,IAD,5
SLC,JFK,5
HKG,SYD,5
SYD,HKG,5
BGO,CPH,5
AUH,RUH,5
RUH,AUH,5
XIY,NGB,5
MCI,LAS,5
NGB,XIY,5
EWR,AUS,5
JFK,SLC,5
OAJ,CLT,5
AUS,EWR,5
CLT,OAJ,5
CEB,ICN,5
ICN,CEB,5
OLB,FCO,5
FCO,OLB,5
SHJ,DAC,5
AGS,CLT,5
CLT,AGS,5
HOU,MCO,5
BER,CPH,5
CPH,BER,5
MCO,HOU,5
CLT,PBI,5
HYD,AMD,5
PBI,CLT,5
AER,IST,5
IND,CLT,5
CLT,IND,5
CWB,POA,5
DUB,FAO,5
POA,CWB,5
CLT,PIT,5
CLT,RSW,5
FAO,DUB,5
IST,AER,5
MMK,LED,5
NBO,DAR,5
RSW,CLT,5
CLT,CVG,5
DXB,MNL,5
MNL,DXB,5
ELQ,JED,5
EZE,PTY,5
JED,ELQ,5
LAS,MCI,5
LED,MMK,5
PIT,CLT,5
PKX,XNN,5
PTY,EZE,5
SCL,BOG,5
SPR,CUK,5
XNN,PKX,5
YVR,YXT,5
ABX,SYD,5
BOG,SCL,5
CVG,CLT,5
SHA,JJN,5
SYD,ABX,5
YXT,YVR,5
BNE,GLT,5
GLT,BNE,5
JJN,SHA,5
BNA,EWR,5
IAH,IAD,5
FOC,KWE,5
IAD,IAH,5
TTE,UPG,5
CUK,TZA,5
EWR,BNA,5
CAI,SHJ,5
ICN,LAX,5
LAX,ICN,5
PEK,KHN,5
SHJ,CAI,5
DCA,MSY,5
MSY,DCA,5
BEG,ZRH,5
DUB,FRA,5
FLL,NAS,5
NAS,FLL,5
ZRH,BEG,5
AUH,CCJ,5
BPS,CNF,5
BUF,MCO,5
CNF,BPS,5
FRA,DUB,5
JED,MCT,5
MDW,BWI,5
CCJ,AUH,5
KWE,FOC,5
MCO,BUF,5
CPH,BGO,5
ALC,BCN,5
BKI,SDK,5
NKG,HAK,5
SDK,BKI,5
ATL,HPN,5
HPN,ATL,5
NNG,HAK,5
PMI,STR,5
GYE,BOG,5
SHA,YNT,5
BCN,ALC,5
KHN,PEK,5
LHR,MIA,5
BFS,EDI,5
BOG,GYE,5
CPH,GDN,5
EDI,BFS,5
GDN,CPH,5
GYD,TBS,5
GYE,PTY,5
HAK,NNG,5
MIA,LHR,5
PTY,GYE,5
TBS,GYD,5
CLT,LEX,5
LIS,BRU,5
CNS,TSV,5
HET,CGO,5
STR,PMI,5
CGO,HET,5
CLE,MCO,5
HGH,URC,5
IXB,BLR,5
LEX,CLT,5
MEX,SFO,5
OTP,IST,5
SFO,MEX,5
URC,HGH,5
HAK,NKG,5
JAI,DEL,5
TSN,XMN,5
DEL,JAI,5
MCO,CLE,5
WNZ,CGO,5
XMN,TSN,5
YNT,SHA,5
CGO,WNZ,5
IST,OTP,5
LIS,DUB,5
TSV,CNS,5
CEB,MPH,5
DUB,LIS,5
LHR,NCL,5
MPH,CEB,5
NCL,LHR,5
AUH,BLR,5
BLR,AUH,5
KTN,KLW,5
BRU,LIS,5
NRT,KHH,5
UFA,LED,5
KHH,NRT,5
NBO,EDL,5
ARN,CDG,5
BOS,SJU,5
CDG,ARN,5
LED,UFA,5
MDW,BNA,5
SJU,BOS,5
HAS,RUH,5
RUH,HAS,5
SVO,VOG,5
VOG,SVO,5
BFS,MAN,5
BNA,BWI,5
BOM,CJB,5
CJB,BOM,5
JAN,DFW,5
LYS,CDG,5
PER,KUL,5
DFW,JAN,5
MAN,BFS,5
PVG,WNZ,5
TFS,LGW,5
CDG,LYS,5
CMH,EWR,5
KUL,PER,5
PNQ,AMD,5
LGW,TFS,5
LIN,ORY,5
ORY,LIN,5
PVG,XMN,5
WNZ,PVG,5
EWR,CMH,5
PHX,OKC,5
PRN,BSL,5
WAW,WRO,5
BNA,MDW,5
WRO,WAW,5
AMS,BLL,5
BFS,STN,5
BLL,AMS,5
BOM,SIN,5
MIA,AUS,5
STN,BFS,5
CCU,AMD,5
CGQ,WUH,5
OKC,PHX,5
WUH,CGQ,5
CHS,DCA,5
DCA,CHS,5
LGW,MAD,5
MAD,LGW,5
MSP,BNA,5
AUS,MIA,5
SIN,BOM,5
BNA,MSP,5
BTU,KUL,5
KUL,BTU,5
JED,MED,5
RTB,TGU,5
BOM,MCT,5
LAX,OGG,5
MCT,BOM,5
OGG,LAX,5
FNT,ORD,5
ORD,FNT,5
HKG,PKX,5
PUS,DAD,5
TLV,CDG,5
PKX,HKG,5
BWI,BNA,5
AMD,CCU,5
CCU,IXZ,5
DAD,PUS,5
DEN,YVR,5
GOJ,SVO,5
IXZ,CCU,5
SVO,GOJ,5
ATH,MXP,5
CUN,LAX,5
FAI,FYU,5
FYU,FAI,5
LAX,CUN,5
MXP,ATH,5
UDR,BOM,5
YVR,DEN,5
BNA,IAH,5
IAH,BNA,5
MJI,IST,5
AEP,NQN,5
BDL,DCA,5
BOM,UDR,5
DCA,BDL,5
BCN,BER,5
BER,BCN,5
TUC,AEP,5
ZNZ,NBO,5
BSL,PRN,5
IST,WAW,5
MAA,TCR,5
TCR,MAA,5
WAW,IST,5
AJU,GRU,5
GRU,AJU,5
SVO,ARH,5
ARH,SVO,5
DCA,MCI,5
IAH,PHL,5
PHL,IAH,5
MCI,DCA,5
BNE,SIN,5
CDG,TLV,5
MLE,DRV,5
SIN,BNE,5
XNN,YUS,5
YUS,XNN,5
AYT,FRA,5
FRA,AYT,5
STL,DTW,5
ATL,MOB,5
DTW,STL,5
MOB,ATL,5
XNN,XIY,5
AMD,PNQ,5
LGW,AYT,5
AYT,LGW,5
MCT,JED,5
OVB,SVO,5
HND,MMB,5
MMB,HND,5
PTY,SCL,5
SCL,PTY,5
BWI,PVD,5
PVD,BWI,5
TSA,TTT,5
TTT,TSA,5
KIS,WIL,5
CLE,CLT,5
CLT,CLE,5
KOJ,NGO,5
NGO,KOJ,5
TJQ,CGK,5
DJJ,WMX,5
KMG,ZUH,5
ZUH,KMG,5
ALC,AMS,5
AMS,ALC,5
CGK,TJQ,5
WMX,DJJ,5
MSP,FAR,5
SVO,OVB,5
DXB,KTM,5
FAR,MSP,5
MAD,VLC,5
AMS,JFK,5
DAL,BWI,5
GRU,JPA,5
JPA,GRU,5
VLC,MAD,5
BTJ,CGK,5
CGK,BTJ,5
JFK,AMS,5
RUH,ISB,5
XIY,XNN,5
TYN,PVG,5
FUK,TSJ,5
MCO,SEA,5
TSJ,FUK,5
AUH,DEL,5
BWI,DAL,5
DEL,AUH,5
ISB,RUH,5
KTM,DXB,5
MUC,VIE,5
SEA,MCO,5
VIE,MUC,5
CVG,EWR,5
DEN,CLE,5
EWR,CVG,5
MDW,HOU,5
DEN,FSD,5
DMK,PHS,5
LHW,CSX,5
PHS,DMK,5
PKX,KIX,5
WIL,KIS,5
WLG,HLZ,5
CDG,EDI,5
CSX,LHW,5
EDI,CDG,5
FSD,DEN,5
HLZ,WLG,5
KIX,PKX,5
BHO,DEL,5
CLE,DEN,5
CLT,SDF,5
DEL,BHO,5
MID,NLU,5
BEG,VIE,5
MCX,VKO,5
VIE,BEG,5
VKO,MCX,5
ILM,LGA,5
LGA,ILM,5
SJC,SLC,5
XMN,TAO,5
BAH,JED,5
BJX,TIJ,5
LHW,DNH,5
NLU,MID,5
SDF,CLT,5
SLC,SJC,5
SZX,SIN,5
TIJ,BJX,5
DNH,LHW,5
JED,BAH,5
SIN,SZX,5
ATL,OKC,5
TAO,XMN,5
FOC,WUH,5
HOU,MDW,5
HRE,LUN,5
OKC,ATL,5
WUH,FOC,5
ACE,MAD,5
CDG,LAX,5
ECN,AYT,5
MAD,ACE,5
AMS,LGW,5
LAX,CDG,5
LGW,AMS,5
MIA,CUN,5
PVG,TYN,5
AYT,ECN,5
BJX,MTY,5
CUN,MIA,5
MSP,PDX,5
MTY,BJX,5
PDX,MSP,5
PEK,BKK,5
AOJ,CTS,5
BIL,SDY,5
BKK,PEK,5
CTS,AOJ,5
DOH,DEL,5
DXB,MAA,5
HND,HSG,5
HND,IWK,5
HND,IZO,5
HND,TTJ,5
HSG,HND,5
IWK,HND,5
IZO,HND,5
MAA,DXB,5
SAT,ORD,5
SDY,BIL,5
SIN,DXB,5
TTJ,HND,5
AVV,SYD,5
DEL,DOH,5
DXB,SIN,5
HND,SYD,5
LAX,NRT,5
NRT,LAX,5
ORD,SAT,5
SYD,AVV,5
SYD,HND,5
AUH,CMB,5
CMB,AUH,5
RSW,DTW,5
AMS,HEL,5
DTW,RSW,5
EWR,IAD,5
HEL,AMS,5
IAD,EWR,5
MIA,JAX,5
CGQ,TFU,5
DEN,ELP,5
TFU,CGQ,5
ATL,LHR,5
KUL,ICN,5
LHR,ATL,5
CVG,MCO,5
DAR,MFA,5
JAX,MIA,5
MFA,DAR,5
TGU,RTB,5
ELP,DEN,5
HND,JFK,5
JFK,HND,5
MCO,CVG,5
AMD,AUH,5
AUH,AMD,5
ICN,KUL,5
MIA,PHX,5
PHX,MIA,5
BWI,RDU,5
CDG,HAM,5
DTW,SFO,5
HAM,CDG,5
PTY,GRU,5
TPA,IAH,5
HAN,NRT,5
NRT,HAN,5
PPT,RFP,5
SFO,DTW,5
WAW,BRU,5
AMS,HAM,5
BIL,DEN,5
CAN,HET,5
DEN,BIL,5
EWN,CLT,5
GRU,PTY,5
HAM,AMS,5
HET,CAN,5
MRV,LED,5
AUH,TRV,5
BHX,BHD,5
CLT,EWN,5
IAH,TPA,5
ARN,FRA,5
BHD,BHX,5
CSX,TYN,5
DFW,GRK,5
FRA,ARN,5
GRK,DFW,5
LED,MRV,5
TRV,AUH,5
AMS,DUS,5
BCN,VCE,5
BGW,MED,5
BKK,DXB,5
DUS,AMS,5
DXB,BKK,5
NGB,PEK,5
PAT,HYD,5
TYN,CSX,5
VCE,BCN,5
CPH,KEF,5
OGG,SEA,5
PEK,NGB,5
SEA,OGG,5
SYX,TNA,5
TNA,SYX,5
DUB,LBA,5
GSP,ORD,5
INC,PKX,5
LBA,DUB,5
MEL,NTL,5
NTL,MEL,5
PKX,INC,5
TNA,SHE,5
KEF,CPH,5
SHE,TNA,5
XMN,PVG,5
KMG,TAO,5
ORD,GSP,5
OVB,KJA,5
RMO,IST,5
TRC,MEX,5
AHB,DMM,5
CLT,MEM,5
DMM,AHB,5
IST,LGW,5
LGW,IST,5
MEM,CLT,5
MEX,TRC,5
TAO,KMG,5
HET,NKG,5
NKG,HET,5
KJA,OVB,5
BER,IST,5
BRU,WAW,5
FAT,LAS,5
GRU,MAD,5
HYD,PAT,5
IST,BER,5
JAX,ORD,5
LAS,FAT,5
LAX,MSY,5
LIM,GRU,5
BEG,TGD,5
LGW,RAK,5
MAD,GRU,5
PTY,GUA,5
RAK,LGW,5
DAD,KUL,5
KUL,DAD,5
ORD,CHS,5
ORD,JAX,5
PDX,BOI,5
RDU,BWI,5
SFO,PHL,5
SFO,RNO,5
CHS,ORD,5
GUA,PTY,5
IST,NAV,5
NKG,PEK,5
RNO,SFO,5
BOI,PDX,5
NAV,IST,5
PEK,NKG,5
PHL,SFO,5
MCO,PHX,5
CVG,JFK,5
DFW,PNS,5
DMK,TST,5
JFK,CVG,5
PNS,DFW,5
TST,DMK,5
BJX,MEX,5
CMH,JFK,5
JFK,CMH,5
MEX,BJX,5
SVG,CPH,5
SYD,BNK,5
BNK,SYD,5
BSB,FOR,5
LOP,DPS,5
VIE,PMI,5
CPH,AGP,5
DRV,MLE,5
FOR,BSB,5
AGP,CPH,5
PMI,VIE,5
SJO,GUA,5
BCN,GVA,5
GVA,BCN,5
ATL,OMA,5
BBI,BOM,5
DFW,JAX,5
DPS,LOP,5
GUA,SJO,5
JAX,DFW,5
JED,HBE,5
OMA,ATL,5
UIH,HAN,5
ATH,CFU,5
CFU,ATH,5
HAN,UIH,5
BOI,LAX,5
CVG,DFW,5
DEL,STV,5
HBE,JED,5
IST,RMO,5
LIM,AEP,5
TGD,BEG,5
BOM,BBI,5
DFW,CVG,5
LAX,BOI,5
STV,DEL,5
BNE,BDB,5
TAO,KHN,5
CKG,SWA,5
HOU,BNA,5
KHN,TAO,5
SWA,CKG,5
ABQ,LAS,5
BDB,BNE,5
RDU,DEN,5
AMS,SAW,5
BOS,YYZ,5
CPH,SVG,5
SAW,AMS,5
PHX,MCO,5
YYZ,BOS,5
DEN,RDU,5
LAS,ABQ,5
MIA,DTW,5
DEL,BDQ,5
ARN,MMX,5
BDQ,DEL,5
BOS,CLE,5
CDG,MPL,5
DTW,MIA,5
MMX,ARN,5
MPL,CDG,5
MSY,LAX,5
NNG,CGO,5
DFW,LFT,5
LFT,DFW,5
PNH,CAN,5
CEB,USU,5
CLE,BOS,5
ELP,DAL,5
EWR,YOW,5
AMS,OTP,5
CGO,NNG,5
DAL,ELP,5
OTP,AMS,5
SFO,BOI,5
YOW,EWR,5
AMS,KRK,5
KRK,AMS,5
AYT,LED,5
BOI,SFO,5
HEK,HRB,5
HRB,HEK,5
TSN,HRB,5
CAN,PNH,5
DEN,IDA,5
BPS,CGH,5
CGH,BPS,5
HRB,TSN,5
IDA,DEN,5
BOS,RIC,5
JFK,CHS,5
RIC,BOS,5
RNN,CPH,5
SCL,EZE,5
WUH,WNZ,5
CHS,JFK,5
CTU,TAO,5
GIS,AKL,5
LED,OVB,5
LIS,MUC,5
OVB,LED,5
SAL,SJO,5
SJO,SAL,5
WNZ,WUH,5
AKL,GIS,5
CPH,RNN,5
DTW,JFK,5
MUC,LIS,5
OAK,SLC,5
SLC,OAK,5
TAO,CTU,5
JFK,DTW,5
BNA,HOU,5
CAN,CZX,5
CUN,YUL,5
CZX,CAN,5
YUL,CUN,5
ICN,SZX,5
PIT,DEN,5
SZX,ICN,5
DFW,ABI,5
HGH,INC,5
ABI,DFW,5
CAI,LHR,5
DEN,PIT,5
DFW,SAF,5
KOJ,OKE,5
LHR,CAI,5
INC,HGH,5
USU,CEB,5
JFK,CLE,5
MCX,SVO,5
SAF,DFW,5
SVO,MCX,5
BGY,TIA,5
CLE,JFK,5
FLL,YUL,5
TBS,VKO,5
TIA,BGY,5
VKO,TBS,5
CMH,DTW,5
MUC,MXP,5
MXP,MUC,5
DPO,MEL,5
DTW,CMH,5
HAK,SWA,5
KMG,VTE,5
MEL,DPO,5
VTE,KMG,5
CSX,HRB,5
SWA,HAK,5
GRU,EZE,5
OAK,LGB,5
YUL,FLL,5
AEP,CRD,5
LGB,OAK,5
KIX,MNL,5
SYX,KWE,5
BUD,WAW,5
KWE,SYX,5
WAW,BUD,5
ALC,BRU,5
AUK,SXP,5
BDL,BWI,5
BOM,HSR,5
MNL,KIX,5
SXP,EMK,5
TSN,URC,5
URC,TSN,5
BWI,BDL,5
CLT,BDL,5
DLC,ICN,5
GOX,BLR,5
HSR,BOM,5
ICN,DLC,5
MIA,YYZ,5
YYZ,MIA,5
BDL,CLT,5
HAJ,MUC,5
HEL,OSL,5
MUC,HAJ,5
OTP,CDG,5
YYC,YOW,5
BRU,ALC,5
CMB,KUL,5
JFK,ROC,5
KUL,CMB,5
OSL,HEL,5
ROC,JFK,5
SEA,BZN,5
YOW,YYC,5
BLR,VGA,5
BRI,LIN,5
CMH,DFW,5
DFW,CMH,5
GRU,LIM,5
BEG,IST,5
CLT,LYH,5
IST,BEG,5
LHR,PRG,5
LYH,CLT,5
PRG,LHR,5
AEP,TUC,5
BZN,SEA,5
HRB,CSX,5
KUL,NRT,5
LIN,BRI,5
NRT,KUL,5
PDX,GEG,5
AAE,ALG,5
BBI,HYD,5
DJE,ORY,5
GEG,PDX,5
HYD,BBI,5
MTY,TLC,5
PHL,CMH,5
CNF,SDU,5
CPH,LGW,5
LGW,CPH,5
PBI,DCA,5
ABZ,AMS,5
AMS,ABZ,5
BDS,FCO,5
CMH,PHL,5
CRD,AEP,5
DCA,PBI,5
FCO,BDS,5
ICN,UBN,5
TLC,MTY,5
UBN,ICN,5
VGA,BLR,5
BNE,EMD,5
EMD,BNE,5
EZE,GRU,5
MSP,FSD,5
STL,MDW,5
CDG,OTP,5
CLE,DTW,5
CMH,DEN,5
FSD,MSP,5
DEN,CMH,5
DTW,CLE,5
FRA,HEL,5
HEL,FRA,5
LAS,PHL,5
ZAG,FRA,5
AYT,STR,5
DAL,DCA,5
DCA,DAL,5
GUA,SAL,5
LJG,PVG,5
ORY,DJE,5
PVG,LJG,5
IDR,BLR,5
OSL,HAU,5
ZRH,ATH,5
AMS,STR,5
BLR,IDR,5
BUD,FRA,5
DXB,NBO,5
FRA,BUD,5
HAU,OSL,5
LOS,BNI,5
MAN,AGP,5
STR,AMS,5
ATH,ZRH,5
BIS,MSP,5
HYD,JAI,5
MSP,BIS,5
MZT,MEX,5
ALC,MAD,5
BNI,LOS,5
MAD,ALC,5
MEX,MZT,5
MIA,LAS,5
PHL,LAS,5
SLC,SNA,5
SMF,DFW,5
SNA,SLC,5
SYX,KMG,5
AMS,OPO,5
DFW,SMF,5
IAH,GDL,5
LIN,PMO,5
MDW,STL,5
MSP,SLC,5
OPO,AMS,5
PMO,LIN,5
SDU,CNF,5
GDL,IAH,5
KCH,SBW,5
KMG,SYX,5
SBW,KCH,5
TFU,FOC,5
TFU,NGB,5
VIE,ATH,5
ATL,GNV,5
FOC,TFU,5
GNV,ATL,5
NGB,TFU,5
AGP,MAN,5
ATH,VIE,5
ENH,WUH,5
PDX,SAN,5
PTY,SAL,5
SAN,PDX,5
WUH,ENH,5
AEP,LIM,5
BOM,IXE,5
IXE,BOM,5
MED,BGW,5
AYT,HAM,5
JAI,HYD,5
LAX,BWI,5
SAL,PTY,5
ALG,AAE,5
BLR,GOX,5
FRA,HAJ,5
HAJ,FRA,5
SOF,VIE,5
VIE,SOF,5
LGA,CHS,5
ABV,PHC,5
BCN,CPH,5
CHS,LGA,5
CPH,BCN,5
EZE,SCL,5
HAM,AYT,5
SAN,BOS,5
TPA,MDW,5
BOS,SAN,5
LAS,MIA,5
PHC,ABV,5
TYN,WUH,5
CLT,AUS,5
DFW,YYZ,5
MDW,TPA,5
TNA,WUH,5
WUH,TNA,5
YYZ,DFW,5
STR,AYT,5
AUS,CLT,5
BCN,MAN,5
BOS,LAS,5
SLC,MSP,5
ACK,HPN,5
AMS,GOT,5
AOR,KUL,5
DUB,LCY,5
GOT,AMS,5
KUL,AOR,5
LAS,BOS,5
LCY,DUB,5
MAN,BCN,5
VNO,WAW,5
DFW,LHR,5
WAW,VNO,5
WUH,TYN,5
BWI,LAX,5
HND,LHR,5
LHR,DFW,5
LHR,HND,5
SLC,BOI,5
STR,FRA,5
BHB,BOS,5
BOI,SLC,5
BOS,BHB,5
DUB,MAD,5
MAD,DUB,5
SLC,AUS,5
ZRH,MXP,5
AUS,SLC,5
FRA,STR,5
PHL,RIC,5
PLJ,DGA,5
BOO,SKN,5
FRA,BRE,5
LIM,MAD,5
PRG,TLV,5
BRE,FRA,5
FRA,ZAG,5
MAD,LIM,5
MXP,ZRH,5
RIC,PHL,5
SKN,BOO,5
DMK,SIN,5
KMG,SHE,5
KUL,MAA,5
MAA,KUL,5
MIA,MSY,5
SHE,KMG,5
SIN,DMK,5
TLV,PRG,5
GOP,DEL,5
MSY,MIA,5
DEL,GOP,5
DEN,OAK,5
KGL,NBO,5
CXR,PUS,5
JAI,CCU,5
HND,SYO,5
SHE,YNT,5
SYO,HND,5
TLV,OTP,5
LGA,MCI,5
MCI,LGA,5
OAK,DEN,5
OTP,VIE,5
PUS,CXR,5
VIE,OTP,5
YNT,SHE,5
ATH,MLO,5
MLO,ATH,5
AGU,MEX,5
AMS,SVG,5
KHH,KIX,5
KIX,KHH,5
MEX,AGU,5
SVG,AMS,5
CCU,JAI,5
DTW,CVG,5
ICN,SFO,5
LAX,HKG,5
SFO,ICN,5
CLE,DFW,5
HKG,LAX,5
INC,PVG,5
PVG,INC,5
CVG,DTW,5
DFW,CLE,5
ICN,SHE,5
LIM,PUJ,5
SHE,ICN,5
BHM,IAH,5
GNS,KNO,5
OKE,KOJ,5
PUJ,LIM,5
YQT,YXL,5
AJF,RUH,5
IAH,BHM,5
OTP,TLV,5
RUH,AJF,5
AMS,NCE,5
LYS,BOD,5
MUC,AYT,5
NCE,AMS,5
ATL,MGM,5
AYP,LIM,5
BOD,LYS,5
LIM,AYP,5
MGM,ATL,5
TUN,IST,5
GSM,THR,5
MDE,MIA,5
SHA,CGO,5
THR,GSM,5
IST,TUN,5
KNO,GNS,5
LGW,NCE,5
MIA,MDE,5
NCE,LGW,5
ATL,SHV,5
NSI,DLA,5
ORF,PHL,5
SHV,ATL,5
AGP,ORY,5
BLR,CJB,5
BWI,BUF,5
CJB,BLR,5
ORY,AGP,5
PHL,ORF,5
BND,THR,5
BUF,BWI,5
PTP,SBH,5
PVG,SJW,5
ATL,MEX,5
CCS,MAR,5
FCO,NCE,5
NCE,FCO,5
WAW,PRG,5
FLL,KIN,5
IAH,SHV,5
MAR,CCS,5
MEX,ATL,5
PDX,YVR,5
PRG,WAW,5
SHV,IAH,5
SJW,PVG,5
YVR,PDX,5
BOO,TOS,5
DMK,KOP,5
HAN,SIN,5
HKG,NKG,5
JJN,PKX,5
KIN,FLL,5
KOP,DMK,5
SIN,HAN,5
ATL,TRI,5
PKX,JJN,5
SYD,ZQN,5
TRI,ATL,5
LPA,BCN,5
NKG,HKG,5
AYT,MUC,5
CDG,DUS,5
DUS,CDG,5
HKT,CNX,5
LHR,VCE,5
MTY,PVR,5
POG,LBV,5
PVR,MTY,5
VCE,LHR,5
XIY,HET,5
ZQN,SYD,5
CGO,SHA,5
HET,XIY,5
PEK,TAO,5
SIN,TRZ,5
TAO,PEK,5
TRZ,SIN,5
BHM,ORD,5
MIA,SFO,5
RAO,VCP,5
SJP,VCP,5
VCP,RAO,5
VCP,SJP,5
CAI,BEY,5
FRA,DUS,5
ORD,BHM,5
SFO,MIA,5
THR,BND,5
ATL,BTR,5
BTR,ATL,5
GEG,SLC,5
KIX,SIN,5
SIN,KIX,5
SLC,GEG,5
BKK,SZX,5
HFE,CTU,5
SZX,BKK,5
DUS,FRA,5
IAH,SAN,5
SAN,IAH,5
BEY,CAI,5
LIT,IAH,5
OSL,KRS,5
SAW,VKO,5
ABQ,DAL,5
DAL,ABQ,5
GRU,SLZ,5
SLZ,GRU,5
SPR,CZH,5
VKO,SAW,5
IAH,LIT,5
KRS,OSL,5
RAR,AIT,5
AIT,RAR,5
BCN,LPA,5
CJB,HYD,5
HYD,CJB,5
JJN,CKG,5
SGU,SLC,5
SLC,SGU,5
CTU,HFE,5
FRA,NUE,5
LGA,MEM,5
NUE,FRA,5
CKG,JJN,5
CYB,GCM,5
DFW,LRD,5
LRD,DFW,5
MEM,LGA,5
SCL,FLN,5
TPA,MSP,5
CDG,NTE,5
IAH,MEM,5
SVO,AYT,5
AYT,SVO,5
FLN,SCL,5
NTE,CDG,5
NUE,AYT,5
ZUH,KHN,5
KHN,ZUH,5
ARI,SCL,5
BOS,CVG,5
CVG,BOS,5
GVA,NCE,5
HEL,MUC,5
MUC,HEL,5
NCE,GVA,5
SCL,ARI,5
CLT,XNA,5
MEM,IAH,5
MSP,TPA,5
SEU,LKY,5
TYS,LGA,5
HKG,SFO,5
LGA,TYS,5
NLU,TIJ,5
SFO,HKG,5
TIJ,NLU,5
TOS,BOO,5
XNA,CLT,5
GLA,LGW,5
LGW,GLA,5
PUQ,SCL,5
TFU,XNN,5
FCO,MLA,5
MFM,SHA,5
ORY,BIA,5
SEA,PSP,5
YYZ,MSP,5
BIA,ORY,5
HFE,SHE,5
HGH,SJW,5
MLA,FCO,5
MSP,YYZ,5
SHA,MFM,5
XNN,TFU,5
DUR,HLA,5
FRA,OTP,5
HLA,DUR,5
OTP,FRA,5
SHE,HFE,5
SJW,HGH,5
AMM,BGW,5
PSP,SEA,5
DOH,AMM,5
MWZ,DAR,5
AJA,ORY,5
AMM,DOH,5
BPN,YIA,5
IMF,GAU,5
ORY,AJA,5
YIA,BPN,5
LHR,STR,5
MTY,TIJ,5
PKX,WNZ,5
STR,LHR,5
BRE,MUC,5
MUC,BRE,5
PHL,IND,5
YQB,YYZ,5
YXE,YYZ,5
YYZ,YQB,5
AUS,MSP,5
DEN,FLL,5
JFK,ORF,5
SAW,IKA,5
YYZ,YXE,5
FLL,DEN,5
IND,PHL,5
KUL,PKU,5
LED,AYT,5
ORF,JFK,5
YXY,YVR,5
AMM,BEY,5
BEY,AMM,5
TIJ,MTY,5
AMS,LTN,5
CAN,KWE,5
CIA,STN,5
DTW,MKE,5
GAU,IMF,5
LTN,AMS,5
MKE,DTW,5
STN,CIA,5
ATL,CDG,5
AYT,NUE,5
CEB,ILO,5
IST,MED,5
IXZ,MAA,5
MAA,IXZ,5
MKE,MSP,5
MSP,MKE,5
PKU,KUL,5
BER,SAW,4
IAH,PNS,4
SAW,BER,4
SIN,PEK,4
WNZ,PKX,4
CDG,ATL,4
FRA,OSL,4
IKA,SAW,4
MSP,AUS,4
OSL,FRA,4
PEK,SIN,4
PNS,IAH,4
SJU,PHL,4
BLR,IXB,4
CZH,SPR,4
SCL,PUQ,4
DFW,SJD,4
ILO,CEB,4
IST,MUC,4
MUC,IST,4
SJD,DFW,4
SJU,CPX,4
TYN,URC,4
BUD,AMS,4
HPN,ACK,4
KRS,BGO,4
KWE,CAN,4
PHL,SJU,4
BGO,KRS,4
BWI,ALB,4
IST,VIE,4
MIA,EZE,4
VIE,IST,4
YNT,HRB,4
YYZ,LAS,4
ALB,BWI,4
EZE,MIA,4
LAS,YYZ,4
TRF,BGO,4
URC,TYN,4
BHY,TFU,4
CPX,SJU,4
LUX,OPO,4
MED,IST,4
OPO,LUX,4
TFU,BHY,4
PSP,PHX,4
CLT,TLH,4
PHX,PSP,4
PUJ,YUL,4
YVR,YXY,4
HAN,KUL,4
HRB,YNT,4
KUL,HAN,4
TLH,CLT,4
YUL,PUJ,4
JAC,DEN,4
VCP,GYN,4
CLE,PHL,4
DEN,JAC,4
ADB,COV,4
COV,ADB,4
CZX,SZX,4
PHL,CLE,4
SZX,CZX,4
TZA,CUK,4
BGW,IST,4
CDG,DXB,4
DXB,CDG,4
FEN,REC,4
GYN,VCP,4
JHG,KMG,4
BCN,IST,4
BGO,TRF,4
BUD,IST,4
FCO,VIE,4
IST,BCN,4
IST,BUD,4
VIE,FCO,4
LGA,PWM,4
MDT,PHL,4
PWM,LGA,4
LBV,POG,4
PHL,MDT,4
PHL,PBI,4
ZRH,WAW,4
HPN,PBI,4
PBI,HPN,4
WAW,ZRH,4
PBI,PHL,4
UIO,PTY,4
PTY,UIO,4
LIS,LGW,4
LGW,LIS,4
MXP,VIE,4
VIE,MXP,4
URC,SZX,4
YIN,TFU,4
AMS,BUD,4
BOS,STL,4
SHA,LHW,4
STL,BOS,4
TFU,YIN,4
TYS,DFW,4
VKO,EVN,4
AUH,LHR,4
DFW,TYS,4
DIY,IST,4
EVN,VKO,4
IST,DIY,4
LAS,MCO,4
LBB,DAL,4
LHR,AUH,4
SZX,URC,4
DAL,LBB,4
KMG,JHG,4
CDG,RAK,4
RAK,CDG,4
SAW,DIY,4
BLQ,CTA,4
CTA,BLQ,4
DFW,HRL,4
HRL,DFW,4
LIN,NAP,4
NAP,LIN,4
DUB,FCO,4
FCO,DUB,4
DIY,SAW,4
JFK,MBJ,4
HNL,SAN,4
IST,BGW,4
SAN,HNL,4
BEG,TIV,4
BSL,FRA,4
FRA,BSL,4
MBJ,JFK,4
SAP,RTB,4
JFK,MAD,4
JHB,PEN,4
KGD,DME,4
MAD,JFK,4
MHT,BWI,4
PEN,JHB,4
BET,ATT,4
CGB,VCP,4
DME,KGD,4
MCO,LAS,4
AGP,ARN,4
ARN,AGP,4
BWI,MHT,4
CLE,DCA,4
DTW,RDU,4
GUA,LAX,4
VCP,CGB,4
AMS,GLA,4
GLA,AMS,4
LAX,GUA,4
MSP,SAN,4
RDU,DTW,4
SEA,BUR,4
DEN,LNK,4
BUR,SEA,4
DCA,CLE,4
LJG,CSX,4
LNK,DEN,4
PHX,SJD,4
SJD,PHX,4
CSX,LJG,4
DLA,NSI,4
NSB,FLL,4
OTP,TSR,4
SAW,VIE,4
VIE,SAW,4
IAD,RDU,4
RDU,IAD,4
SAN,MSP,4
SAV,JFK,4
JFK,SAV,4
REC,FEN,4
TIV,BEG,4
TSR,OTP,4
TZA,DGA,4
BGW,AMM,4
CLT,SFO,4
BME,PER,4
LHW,SHA,4
PER,BME,4
SFO,CLT,4
DFW,CHA,4
DOH,BEY,4
FRA,JFK,4
GPS,GYE,4
SAW,GYD,4
BEY,DOH,4
DXB,GYD,4
GYD,SAW,4
JFK,FRA,4
GYD,DXB,4
TRN,FCO,4
VCE,VIE,4
VIE,VCE,4
CHA,DFW,4
IAS,OTP,4
KTG,PNK,4
LIN,OLB,4
OLB,LIN,4
PNK,KTG,4
RTB,SAP,4
OTP,IAS,4
PKY,CGK,4
BNA,MSY,4
FCO,TRN,4
KOA,LAX,4
LAX,KOA,4
OMA,DFW,4
YXL,YQT,4
CLT,SRQ,4
DAR,NBO,4
DFW,OMA,4
IST,TBS,4
SRQ,CLT,4
DAL,SAN,4
MSY,BNA,4
TBS,IST,4
CGK,PKY,4
ATL,PDX,4
CGN,VIE,4
FRA,LEJ,4
LEJ,FRA,4
PDX,ATL,4
VIE,CGN,4
ATL,TUL,4
COK,DOH,4
DOH,COK,4
OGU,SAW,4
TUL,ATL,4
SAN,CLT,4
SAW,OGU,4
CLT,SAN,4
KMG,LXA,4
SAN,DAL,4
CTS,KIJ,4
KIJ,CTS,4
BCD,CEB,4
BOS,IAD,4
BOS,PVC,4
CEB,BCD,4
IAD,BOS,4
SEA,JNU,4
ZRH,BRU,4
JNB,NBO,4
JNU,SEA,4
MLA,LGW,4
AMD,JAI,4
BET,VAK,4
LGW,MLA,4
MCO,MCI,4
NBO,JNB,4
BHX,CDG,4
BTU,KCH,4
CUN,EWR,4
EWR,CUN,4
FDE,OSL,4
KCH,BTU,4
OSL,FDE,4
BRU,ZRH,4
CDG,BHX,4
FAI,GAL,4
IAH,JAN,4
JAN,IAH,4
LXA,KMG,4
JAX,BOS,4
JAX,PHL,4
LGB,PHX,4
PHX,LGB,4
PUJ,MIA,4
BOS,JAX,4
CNF,VIX,4
CVG,PHL,4
GDL,SJD,4
MIA,PUJ,4
MRV,VKO,4
PHL,JAX,4
SJD,GDL,4
OAK,ONT,4
VIX,CNF,4
VKO,MRV,4
AMS,BSL,4
ATL,DAB,4
BSL,AMS,4
CKG,DLU,4
DAB,ATL,4
DLU,CKG,4
EWR,RIC,4
ONT,OAK,4
PHL,CVG,4
RIC,EWR,4
BRO,IAH,4
MUC,VCE,4
VCE,MUC,4
IAH,BRO,4
LJG,SZX,4
SZX,LJG,4
BLR,SIN,4
MCI,MCO,4
SIN,BLR,4
CMH,IAD,4
RIX,TLL,4
YVR,YXJ,4
YXJ,YVR,4
BRO,DFW,4
DFW,BRO,4
IAD,CMH,4
NLU,TQO,4
TFU,KRL,4
TQO,NLU,4
BSB,POA,4
CCJ,DXB,4
KRL,TFU,4
UPG,TTE,4
BIS,DEN,4
DEN,BIS,4
DXB,CCJ,4
POA,BSB,4
WNZ,XIY,4
XIY,WNZ,4
EWR,STI,4
FLL,NSB,4
STI,EWR,4
GRU,MIA,4
DLC,WUH,4
MIA,GRU,4
GVA,MUC,4
HLP,PLM,4
HOU,SAT,4
JAI,AMD,4
MUC,GVA,4
PLM,HLP,4
SAT,HOU,4
BKI,LDU,4
FRA,LUX,4
LBU,MYY,4
LDU,BKI,4
LUX,FRA,4
MYY,LBU,4
LED,PEE,4
CUN,DEN,4
DEN,CUN,4
MEX,SLP,4
JFK,SYR,4
PHL,MDW,4
SLP,MEX,4
SYR,JFK,4
CKG,XIY,4
DXB,MED,4
EWR,SAN,4
OPO,ZRH,4
SAN,EWR,4
ZRH,OPO,4
BSB,BEL,4
MDW,PHL,4
MTY,CJS,4
PVD,CLT,4
XIY,CKG,4
AMS,DXB,4
ARN,TLL,4
CGK,HKG,4
CLT,GNV,4
CLT,PVD,4
GNV,CLT,4
LGB,SLC,4
SLC,LGB,4
TLL,ARN,4
BEL,BSB,4
CJS,MTY,4
DTW,SLC,4
HKG,CGK,4
TPA,IAD,4
WUH,DLC,4
DAR,ARK,4
IAD,TPA,4
WUH,ZUH,4
ZUH,WUH,4
ARN,MUC,4
JNB,KIM,4
KIM,JNB,4
MUC,ARN,4
DTW,PIT,4
PIT,DTW,4
SLC,DTW,4
TMC,DPS,4
DEN,LIT,4
MED,DXB,4
YEG,YLW,4
YLW,YEG,4
NBO,MYD,4
PTY,SDQ,4
SDQ,PTY,4
BUQ,JNB,4
JNB,BUQ,4
LIT,DEN,4
BOG,VUP,4
CPH,HAM,4
DEN,JFK,4
HAM,CPH,4
VUP,BOG,4
JFK,DEN,4
LGW,SVQ,4
OAG,SYD,4
SAW,JED,4
SVQ,LGW,4
SYD,OAG,4
SZX,DLC,4
ATH,MAD,4
DLC,SZX,4
JED,SAW,4
KWI,BOM,4
MAD,ATH,4
STL,HOU,4
PDX,SNA,4
SNA,PDX,4
BKI,KCH,4
BOM,KWI,4
FRA,SZG,4
SZG,FRA,4
KCH,BKI,4
HOU,STL,4
IND,PHX,4
LGW,OPO,4
OPO,LGW,4
SDQ,SJU,4
BHE,AKL,4
MIA,MGA,4
AKL,BHE,4
BWI,ORF,4
DAD,HKG,4
FOC,TAO,4
HKG,DAD,4
MGA,MIA,4
SJU,SDQ,4
TBS,SAW,4
CDG,RBA,4
DCA,PIT,4
DEL,VTZ,4
RBA,CDG,4
SAW,TBS,4
TAO,FOC,4
DEL,HKT,4
HKT,DEL,4
JHG,PVG,4
NBO,ZNZ,4
PIT,DCA,4
PVG,JHG,4
VTZ,DEL,4
XIY,YNT,4
GOT,HEL,4
HEL,GOT,4
FOC,NKG,4
IST,ZRH,4
NKG,FOC,4
PMI,SVQ,4
SVQ,PMI,4
HKG,NGO,4
SYD,CHC,4
YNT,XIY,4
DFW,PIT,4
DOH,KTM,4
KTM,DOH,4
NGO,HKG,4
RZE,WAW,4
WAW,RZE,4
CGO,SWA,4
CSX,CGQ,4
FLN,VCP,4
FRA,VCE,4
KMG,KUL,4
ORF,BWI,4
SGN,DPS,4
SWA,CGO,4
VCE,FRA,4
KAN,JED,4
KUL,KMG,4
MXP,NAP,4
VCP,FLN,4
CGQ,CSX,4
CHC,SYD,4
CLE,IAD,4
MSP,OMA,4
PHL,YUL,4
PIT,DFW,4
PTP,ORY,4
YUL,PHL,4
MSP,MCI,4
NAP,MXP,4
OMA,MSP,4
GYE,GPS,4
MCI,MSP,4
DAL,LAX,4
FUK,KMQ,4
GRU,LIS,4
IAD,CLE,4
KMQ,FUK,4
LIS,GRU,4
BWI,MSP,4
LAX,DAL,4
LYS,NTE,4
NTE,LYS,4
PKU,BTH,4
TRD,BOO,4
HAK,SHA,4
IST,BRU,4
MBJ,FLL,4
ORY,PTP,4
FLL,MBJ,4
MSP,BWI,4
BRU,IST,4
FRA,KRK,4
KRK,FRA,4
NAN,SYD,4
BTH,PKU,4
CNX,ICN,4
ICN,CNX,4
PUS,PVG,4
SYD,NAN,4
YCD,YVR,4
YVR,YCD,4
JED,KAN,4
PVG,PUS,4
YOW,YVR,4
ZRH,IST,4
AMS,FLR,4
FLR,AMS,4
LAX,SYD,4
ORF,ORD,4
YVR,YOW,4
ALC,BRS,4
BRS,ALC,4
DUB,BRU,4
PEK,KIX,4
STR,MUC,4
CTU,WUX,4
HAM,IST,4
IST,HAM,4
KIX,PEK,4
KUL,MLE,4
MSN,MSP,4
MSP,MSN,4
POZ,WAW,4
SYD,LAX,4
WAW,POZ,4
WUX,CTU,4
FGI,PPG,4
PHX,IND,4
TLL,RIX,4
DEN,XWA,4
DUS,IST,4
IST,DUS,4
LGK,PEN,4
PEN,LGK,4
XWA,DEN,4
MUC,STR,4
JHG,CKG,4
MCO,SLC,4
NGB,WUH,4
ORD,ORF,4
SZX,SJW,4
WUH,NGB,4
BOI,LAS,4
LCY,LUX,4
LUX,LCY,4
NVT,VCP,4
SJW,SZX,4
SLC,MCO,4
TPE,SEA,4
CPH,MAN,4
IST,MAN,4
MAN,CPH,4
MAN,IST,4
PHL,STL,4
SEA,TPE,4
VCP,NVT,4
AES,BGO,4
BET,EEK,4
BRU,DUB,4
BUR,SLC,4
IBZ,VLC,4
LAS,BOI,4
MLE,KUL,4
SLC,BUR,4
AKL,KKE,4
KKE,AKL,4
AUH,MCT,4
CGH,GIG,4
CHC,PMR,4
IXC,BLR,4
MCT,AUH,4
MKE,PHX,4
PMR,CHC,4
STL,PHL,4
BLR,IXC,4
KUL,JED,4
CNF,MOC,4
DOH,IST,4
IST,DOH,4
MCO,MKE,4
MOC,CNF,4
STR,VIE,4
VIE,STR,4
PUJ,SJU,4
SJU,PUJ,4
PHF,CLT,4
PHX,MKE,4
AEP,USH,4
CLT,PHF,4
CVG,DEN,4
DEN,CVG,4
MKE,MCO,4
WUH,YNT,4
ATH,LGW,4
DCA,JAX,4
HYD,LKO,4
ISP,MCO,4
KUL,DEL,4
LGW,ATH,4
TPA,RDU,4
YNT,WUH,4
ALF,TOS,4
DEL,KUL,4
GIG,CGH,4
JAX,DCA,4
MCO,ISP,4
BLR,IXM,4
CAK,ORD,4
DFW,GDL,4
DUB,ACE,4
GDL,DFW,4
IXM,BLR,4
LIM,TBP,4
ORD,CAK,4
TBP,LIM,4
ACE,DUB,4
TOS,ALF,4
HUX,MEX,4
LOS,ENU,4
MEX,HUX,4
TRG,WLG,4
WLG,TRG,4
YQT,YTZ,4
YTZ,YQT,4
FRA,LCY,4
LCY,FRA,4
ACE,MAN,4
BCN,STN,4
STN,BCN,4
BKK,VTE,4
GDL,PVR,4
MAN,ACE,4
PVR,GDL,4
RAK,CMN,4
BOO,TRD,4
BRS,PMI,4
HFE,KWE,4
ORD,GSO,4
PMI,BRS,4
TAS,UGC,4
OGG,SFO,4
RDU,TPA,4
SFO,OGG,4
GSO,ORD,4
PVG,ZHA,4
AMM,KWI,4
KBL,DXB,4
KLO,MNL,4
KWI,AMM,4
MAD,VIE,4
VIE,MAD,4
IAD,PIT,4
KWE,HFE,4
MNL,KLO,4
ORF,IAD,4
VTE,BKK,4
CCU,IMF,4
CKG,INC,4
HKG,OKA,4
IAD,IND,4
IAD,ORF,4
OKA,HKG,4
DXB,KBL,4
INC,CKG,4
IND,IAD,4
PIT,IAD,4
SJW,XMN,4
ATL,MYR,4
MYR,ATL,4
VTZ,BLR,4
XMN,SJW,4
FUK,KIX,4
KIX,FUK,4
JED,ADD,4
IMF,CCU,4
GUM,NRT,4
RAE,RUH,4
RUH,RAE,4
TIA,VIE,4
USH,AEP,4
VIE,TIA,4
AHO,FCO,4
BLR,VTZ,4
FCO,AHO,4
NRT,GUM,4
OGG,KOA,4
SFO,SBA,4
CAN,YTY,4
CGN,LHR,4
IAH,MOB,4
KOA,OGG,4
LAS,YVR,4
LHR,CGN,4
MOB,IAH,4
SBA,SFO,4
YVR,LAS,4
ALA,TAS,4
ALG,MRS,4
BCN,NAP,4
ICN,YNT,4
MRS,ALG,4
NAP,BCN,4
PBO,PER,4
PER,PBO,4
SAW,STR,4
STR,SAW,4
TAS,ALA,4
YNT,ICN,4
YTY,CAN,4
AUS,BOS,4
BOS,AUS,4
IST,SZF,4
IXR,BLR,4
LGA,MSY,4
MSY,LGA,4
SOQ,UPG,4
SZF,IST,4
BLR,IXR,4
CMN,RAK,4
HRL,IAH,4
MUC,SAW,4
SAW,MUC,4
BWI,DFW,4
GKK,MLE,4
IAH,HRL,4
NBO,DXB,4
ATL,EYW,4
EYW,ATL,4
GCM,CYB,4
HND,CDG,4
HOU,AUS,4
BCN,DUS,4
CDG,HND,4
DEN,MAF,4
DUS,BCN,4
PNQ,CCU,4
AUS,HOU,4
BER,ORY,4
CTG,PTY,4
MAF,DEN,4
ORY,BER,4
PTY,CTG,4
BKK,KIX,4
CUN,BOG,4
KIX,BKK,4
BOG,CUN,4
FAT,PHX,4
HOU,BWI,4
INC,CAN,4
IST,MAD,4
PHX,FAT,4
BEG,FRA,4
CAN,DLU,4
CAN,INC,4
CDG,LGW,4
DLU,CAN,4
FRA,BEG,4
HKT,PVG,4
LGW,CDG,4
MAD,IST,4
MEX,PXM,4
MSP,IND,4
PVG,HKT,4
PXM,MEX,4
SJU,TPA,4
LKO,HYD,4
TPA,SJU,4
ALC,STN,4
DFW,BWI,4
FAR,DEN,4
IAH,MCI,4
MCI,IAH,4
STN,ALC,4
ANC,PDX,4
FRA,GOT,4
GOT,FRA,4
LAX,LIH,4
LIH,LAX,4
PDX,ANC,4
SDQ,EWR,4
EWR,SDQ,4
IAD,LGA,4
LGA,IAD,4
MIA,SJO,4
PEK,TPE,4
SJO,MIA,4
TPE,PEK,4
BHD,MAN,4
MAN,BHD,4
RTB,LCE,4
TRV,DEL,4
BOM,CMB,4
BWI,HOU,4
CMB,BOM,4
DEL,TRV,4
DEN,FAR,4
DOH,KUL,4
LED,MSQ,4
AMS,ATL,4
ASJ,KKX,4
BDL,IAD,4
BLR,DXB,4
BOS,LEB,4
BPN,TRK,4
CAN,HND,4
CTU,LZY,4
DDD,MLE,4
DXB,BLR,4
FKS,ITM,4
FUK,MYJ,4
GMP,SHA,4
HNA,ITM,4
HND,CAN,4
HND,ISG,4
HND,MSJ,4
HND,SHA,4
IAD,BDL,4
ISG,HND,4
IST,MXP,4
ITM,FKS,4
ITM,HNA,4
ITM,IZO,4
IZO,ITM,4
KKX,ASJ,4
KKX,KOJ,4
KOJ,KKX,4
LEB,BOS,4
MAZ,SJU,4
MLE,DDD,4
MSJ,HND,4
MSQ,LED,4
MXP,IST,4
MYJ,FUK,4
NRT,SGN,4
OGG,LIH,4
SFO,SIN,4
SGN,NRT,4
SHA,GMP,4
SHA,HND,4
SIN,SFO,4
SJU,MAZ,4
TRK,BPN,4
AKL,DUD,4
ATL,AMS,4
CMN,MAD,4
DUD,AKL,4
IND,MSP,4
LIH,OGG,4
MAD,CMN,4
NRT,SFO,4
SCM,BET,4
SFO,NRT,4
BAH,DMM,4
DMM,BAH,4
FCO,IST,4
LZY,CTU,4
ORY,AGA,4
TRV,SHJ,4
ADD,JED,4
AGA,ORY,4
DCA,LAX,4
IST,FCO,4
LAX,DCA,4
BUF,DTW,4
DEN,FAT,4
DTW,BUF,4
FAT,DEN,4
FLR,MUC,4
MUC,FLR,4
SFO,MCO,4
SHJ,TRV,4
IAD,RIC,4
LHR,ORK,4
ORK,LHR,4
RIC,IAD,4
FAT,SAN,4
HET,PVG,4
KUL,DOH,4
PVG,HET,4
AUA,JFK,4
DXB,FRA,4
FRA,DXB,4
JFK,AUA,4
MCO,SFO,4
SAN,FAT,4
BKK,DAC,4
DAC,BKK,4
ENU,LOS,4
MFM,ICN,4
ORD,CHA,4
CHA,ORD,4
ICN,MFM,4
SVO,VVO,4
VLC,IBZ,4
AMS,NUE,4
BRS,EDI,4
EDI,BRS,4
LCE,RTB,4
MDE,SMR,4
NUE,AMS,4
AMS,LYS,4
CPH,DUS,4
DUS,CPH,4
EDI,LGW,4
FLR,FRA,4
FRA,FLR,4
GRU,SDU,4
IAH,ICT,4
ICT,IAH,4
LGW,EDI,4
LYS,AMS,4
SDU,GRU,4
SMR,MDE,4
TSN,KHN,4
VVO,SVO,4
AAL,AMS,4
AMS,AAL,4
JNU,SGY,4
ALB,IAD,4
CLO,PTY,4
IAD,ALB,4
KHN,TSN,4
PTY,CLO,4
HND,MNL,4
IAD,SAN,4
JJN,HSN,4
MNL,HND,4
SAN,IAD,4
SZX,XUZ,4
XUZ,SZX,4
BER,HEL,4
BEY,BGW,4
HEL,BER,4
HSN,JJN,4
MIA,CUR,4
TJM,LED,4
YZV,YQB,4
BGO,AES,4
BGY,STN,4
HGH,YNT,4
IAH,TYS,4
LED,TJM,4
STN,BGY,4
YNT,HGH,4
GUA,MEX,4
UBP,BKK,4
BGW,BEY,4
BKK,UBP,4
JED,KUL,4
MEX,GUA,4
OMH,THR,4
THR,OMH,4
TYS,IAH,4
AEY,RKV,4
ATL,DAY,4
AVL,ORD,4
DAY,ATL,4
ECP,IAH,4
IAH,ECP,4
KOA,SEA,4
PHL,CHS,4
SEA,KOA,4
CJU,RSU,4
ORD,AVL,4
RKV,AEY,4
RSU,CJU,4
TFS,STN,4
CZX,TFU,4
STN,TFS,4
TFU,CZX,4
ATL,YUL,4
ATT,KUK,4
AUH,AMM,4
BNA,SEA,4
CHS,PHL,4
DMM,DOH,4
DOH,DMM,4
FCO,SUF,4
KUK,NUP,4
NUP,BET,4
RSW,BWI,4
SEA,BNA,4
SUF,FCO,4
YUL,ATL,4
AMM,AUH,4
BWI,RSW,4
DYU,ZIA,4
IAH,YYZ,4
YYZ,IAH,4
ALA,SCO,4
ATL,GRR,4
CHS,EWR,4
EWR,CHS,4
FCO,VCE,4
SJO,MEX,4
GRR,ATL,4
ICN,YNJ,4
VCE,FCO,4
YNJ,ICN,4
AUH,HYD,4
HYD,AUH,4
KUL,PDG,4
MEX,SJO,4
PDG,KUL,4
SCO,ALA,4
ALC,PMI,4
DEL,HKG,4
HKG,DEL,4
PMI,ALC,4
PMI,STN,4
STN,PMI,4
CGK,DOH,4
HET,CGQ,4
SVO,TJM,4
TJM,SVO,4
AMS,BGO,4
BGO,AMS,4
CGQ,HET,4
DOH,CGK,4
IND,LAS,4
ORD,AVP,4
SHE,XMN,4
XMN,SHE,4
AVP,ORD,4
CVG,MSP,4
FLN,GIG,4
ASB,TAZ,4
GIG,FLN,4
MSP,CVG,4
TAZ,ASB,4
BLR,NAG,4
BSG,SSG,4
NAG,BLR,4
AMS,BRU,4
BRU,AMS,4
MRY,PHX,4
PHX,MRY,4
CKG,JHG,4
DXB,SAW,4
SAW,DXB,4
BOM,PAT,4
MSP,IAD,4
PAT,BOM,4
CGK,KDI,4
HFE,TAO,4
IAD,MSP,4
MDE,BAQ,4
TAO,HFE,4
BAQ,MDE,4
LAS,IND,4
AAP,CGK,4
BUD,MUC,4
CGK,AAP,4
CHC,HLZ,4
HLZ,CHC,4
JOG,HLP,4
MUC,BUD,4
OTP,RMO,4
CGO,NGB,4
NGB,CGO,4
SDF,LGA,4
BSB,MAO,4
KDI,CGK,4
LGA,SDF,4
MAO,BSB,4
UGC,TAS,4
XIY,HFE,4
DAL,LGA,4
DAR,MWZ,4
GRR,MSP,4
HAK,KWL,4
HFE,XIY,4
LGA,DAL,4
RMO,OTP,4
STR,IST,4
IST,STR,4
MSP,GRR,4
BER,STR,4
CAI,MXP,4
IGU,GIG,4
KWL,HAK,4
HKG,SGN,4
MDW,OMA,4
STR,BER,4
YVR,YXE,4
YXE,YVR,4
ZIA,DYU,4
BAH,SHJ,4
CKG,LJG,4
DFW,FAT,4
DMK,NNT,4
GIG,IGU,4
HAM,STR,4
LJG,CKG,4
NNT,DMK,4
SHJ,BAH,4
CNF,GYN,4
FAT,DFW,4
GYN,CNF,4
KIX,TAO,4
PKX,WUX,4
SGN,HKG,4
STR,HAM,4
TAO,KIX,4
TFU,YNT,4
VIE,TLV,4
WUX,PKX,4
YNT,TFU,4
AMS,GDN,4
BOG,MCO,4
CSX,SWA,4
GDN,AMS,4
HEL,VNO,4
MCO,BOG,4
VNO,HEL,4
ACI,GCI,4
CLT,DAB,4
DAB,CLT,4
GCI,ACI,4
LNK,ORD,4
ORD,LNK,4
SWA,CSX,4
TLV,VIE,4
DRS,FRA,4
FRA,DRS,4
FRA,MAN,4
HET,TSN,4
MAN,FRA,4
PVC,BOS,4
GAL,FAI,4
IAH,IND,4
RNO,SEA,4
SEA,RNO,4
ATL,MLB,4
DAY,DFW,4
HSV,IAH,4
IND,IAH,4
MLB,ATL,4
TFU,KHG,4
TSN,HET,4
DPS,ICN,4
HKG,YVR,4
IAH,HSV,4
ICN,DPS,4
KHG,TFU,4
YVR,HKG,4
BDJ,BPN,4
BKK,DAD,4
BLQ,MAD,4
BPN,BDJ,4
DAD,BKK,4
MAD,BLQ,4
PLW,CGK,4
ATL,ROA,4
BFS,LGW,4
FRO,BGO,4
LGW,BFS,4
ROA,ATL,4
BGO,FRO,4
DEN,HDN,4
DFW,DAY,4
HDN,DEN,4
MOT,MSP,4
MSP,MOT,4
PRG,ZRH,4
BWI,JAX,4
CGO,LJG,4
JAX,BWI,4
LHW,TSN,4
PHL,BDL,4
ZRH,PRG,4
BLQ,TIA,4
CAB,NBJ,4
CGQ,YNT,4
LHW,TAO,4
TAO,LHW,4
TIA,BLQ,4
TSN,LHW,4
YNT,CGQ,4
BDL,PHL,4
CGK,PLW,4
DLH,MSP,4
MSP,DLH,4
NBJ,CAB,4
CUN,CLT,4
DEN,MTJ,4
DXB,AMS,4
HYD,RPR,4
KUL,TFU,4
MID,MTY,4
MTJ,DEN,4
MTY,MID,4
RZV,SAW,4
SAW,RZV,4
TFU,KUL,4
WUH,LHW,4
CLT,CUN,4
CMN,AGA,4
CWB,BSB,4
NPE,WLG,4
ZHA,TFU,4
ATL,MBJ,4
BSB,CWB,4
MBJ,ATL,4
WAW,OTP,4
WLG,NPE,4
ATH,CAI,4
CAI,ATH,4
HLP,JOG,4
LJG,CGO,4
OTP,WAW,4
SHA,NNG,4
STW,SVO,4
TFU,ZHA,4
AGA,CMN,4
CPH,GOT,4
DCA,DEN,4
DEN,DCA,4
LHW,SZX,4
LHW,WUH,4
SJW,HRB,4
SVO,STW,4
SZX,LHW,4
GOT,CPH,4
HRB,SJW,4
IST,LED,4
LED,IST,4
OMA,MDW,4
DLC,NGB,4
HPN,ORD,4
MIA,MAD,4
ORD,HPN,4
ACE,LGW,4
ATH,BCN,4
BCN,ATH,4
DEN,SAF,4
DFW,VPS,4
LGW,ACE,4
SAF,DEN,4
VPS,DFW,4
WUH,KWE,4
BNE,MOV,4
EZE,BRC,4
NGB,DLC,4
KWE,WUH,4
MAD,MIA,4
MCO,FLL,4
NNG,XMN,4
RPR,HYD,4
XMN,NNG,4
HUZ,TFU,4
KAN,ABV,4
SEA,BLI,4
TLV,TBS,4
BLI,SEA,4
JFK,KIN,4
MED,KWI,4
PHL,RSW,4
TBS,TLV,4
XMN,HAK,4
ZHA,PVG,4
CCU,PNQ,4
KIN,JFK,4
NAN,SVU,4
RSW,PHL,4
SAL,GUA,4
SVU,NAN,4
XMN,HSN,4
EMK,AUK,4
HMO,TIJ,4
SJO,BOG,4
TIJ,HMO,4
AGH,ARN,4
ALB,PHL,4
ARN,AGH,4
BOG,SJO,4
CLT,SAT,4
HSN,XMN,4
JFK,MXP,4
LUX,MUC,4
MUC,LUX,4
PHL,ALB,4
SAT,CLT,4
HGH,KIX,4
KIX,HGH,4
LXA,XNN,4
TFU,HUZ,4
UPG,PLW,4
BCN,SCQ,4
BKI,ICN,4
HAK,XMN,4
HKG,HAK,4
MEX,TAP,4
PHX,SBA,4
PLW,UPG,4
SBA,PHX,4
TAP,MEX,4
YKA,YVR,4
YVR,YKA,4
HKG,HKT,4
MXP,JFK,4
SCQ,BCN,4
HKT,HKG,4
CLT,DAY,4
DUB,MUC,4
FLL,MCO,4
GVA,CPH,4
HAK,HKG,4
ICN,BKI,4
MEX,TAM,4
MUC,DUB,4
TAM,MEX,4
CLT,CAK,4
DAY,CLT,4
BNA,MCI,4
CAK,CLT,4
CPH,GVA,4
DME,OSS,4
TIM,UPG,4
XNN,LXA,4
CZX,SHE,4
GRU,XAP,4
HKG,MEL,4
MAF,DAL,4
MCI,BNA,4
SHE,CZX,4
XAP,GRU,4
AMS,PMI,4
DAL,MAF,4
MEL,HKG,4
TAG,ICN,4
ATL,ILM,4
CGO,JJN,4
ILM,ATL,4
JJN,CGO,4
BUD,STN,4
DFW,RSW,4
HDS,JNB,4
ICN,TAG,4
JNB,HDS,4
LUM,TFU,4
STN,BUD,4
DEL,DHM,4
DHM,DEL,4
PMI,AMS,4
RSW,DFW,4
BWI,IAH,4
CDG,BIQ,4
HET,WUA,4
KUL,TRZ,4
TAS,DXB,4
TFU,LUM,4
TRZ,KUL,4
WUA,HET,4
AKL,NAN,4
DAC,JED,4
NAN,AKL,4
SUF,MXP,4
XNA,IAH,4
ARN,RIX,4
BLR,TRZ,4
IAH,BWI,4
KUF,LED,4
MXP,SUF,4
OTP,LTN,4
RIX,ARN,4
TRZ,BLR,4
ATL,BUF,4
DXB,TAS,4
HET,WUH,4
LTN,OTP,4
WUH,HET,4
BUF,ATL,4
COK,MCT,4
HSV,ORD,4
IAH,XNA,4
LAX,MDW,4
MCI,DTW,4
ORD,HSV,4
ORY,PMI,4
PMI,ORY,4
CEK,LED,4
CJB,DEL,4
DAD,TPE,4
DEL,CJB,4
DTW,MCI,4
FCO,VLC,4
FLN,AEP,4
HGH,WUH,4
LED,CEK,4
LED,KUF,4
MCT,COK,4
TPE,DAD,4
TTE,MDC,4
TYS,IAD,4
VLC,FCO,4
AUS,MDW,4
BIQ,CDG,4
MDW,AUS,4
WUH,HGH,4
ARN,VIE,4
BEL,MCP,4
DTW,MSN,4
IAH,LHR,4
LHR,IAH,4
MAA,AMD,4
MCP,BEL,4
MDC,TTE,4
MSN,DTW,4
OSS,DME,4
PEK,SHE,4
BNI,ABV,4
BOS,RKD,4
DLC,YNT,4
FCO,FLR,4
IAD,TYS,4
RKD,BOS,4
SHE,PEK,4
VIE,ARN,4
ABV,BNI,4
CAI,ELQ,4
CTU,TNA,4
YNT,DLC,4
AKL,WRE,4
CDG,BES,4
CNF,UDI,4
FLR,FCO,4
SSG,BSG,4
UDI,CNF,4
WRE,AKL,4
XNN,CTU,4
BCN,BLQ,4
BES,CDG,4
CTU,XNN,4
DLM,LGW,4
DLM,MAN,4
MDW,LAX,4
ORD,FRA,4
YUL,BOS,4
BLQ,BCN,4
BOS,YUL,4
DCA,HPN,4
FRA,ORD,4
HOU,LGA,4
HPN,DCA,4
KAN,LOS,4
LGA,HOU,4
LOS,KAN,4
UPG,SOQ,4
YYZ,MBJ,4
ZQN,CHC,4
AMS,LUX,4
AMS,VCE,4
CHC,ZQN,4
FAO,MAN,4
FCO,GOA,4
GOA,FCO,4
LUX,AMS,4
MAN,FAO,4
MSP,MIA,4
TNA,CTU,4
AMD,MAA,4
ATH,BRU,4
KCH,JHB,4
MAN,DLM,4
MBJ,YYZ,4
MIA,MSP,4
VCE,AMS,4
CAN,JHG,4
JHB,KCH,4
LGW,DLM,4
ONT,SFO,4
PMI,NUE,4
SFO,ONT,4
TFU,SIN,4
WEH,CGQ,4
RDU,MSP,4
SCL,MDZ,4
SHA,TSA,4
TSA,SHA,4
BOG,PUJ,4
GRU,MVD,4
MVD,GRU,4
NUE,PMI,4
PUJ,BOG,4
SIN,TFU,4
ASB,CRZ,4
CRZ,ASB,4
DLC,SJW,4
IFN,THR,4
MSP,RDU,4
CGQ,WEH,4
CYF,BET,4
KTM,SKH,4
SJW,DLC,4
SKH,KTM,4
AGP,JCU,4
JCU,AGP,4
ORD,PVD,4
PVD,ORD,4
ARK,JRO,4
ATL,CHO,4
BET,KPN,4
BRU,ATH,4
CHO,ATL,4
DMK,ROI,4
KWN,BET,4
ROI,DMK,4
NAP,FCO,4
ABV,KAN,4
ALA,GUW,4
BER,DUB,4
CGK,AMQ,4
CSX,FOC,4
DUB,BER,4
ELQ,CAI,4
FCO,NAP,4
IAH,LBB,4
LAX,PVR,4
MDZ,SCL,4
PMI,BHX,4
PVR,LAX,4
AAR,CPH,4
AUH,DMM,4
CPH,AAR,4
DMM,AUH,4
GDL,CJS,4
HNL,PHX,4
LBB,IAH,4
BHX,PMI,4
CJS,GDL,4
HEL,KUO,4
PHX,HNL,4
SAI,SGN,4
BCN,GRX,4
DLC,TFU,4
FOC,CTU,4
FRA,SAW,4
GRX,BCN,4
KUO,HEL,4
KWL,XIY,4
LCY,GLA,4
SAW,FRA,4
SGN,SAI,4
XIY,KWL,4
ADD,JIM,4
CTU,FOC,4
DXB,AMD,4
QOW,LOS,4
SHE,TYN,4
TFU,DLC,4
TYN,SHE,4
FOC,CSX,4
GLA,LCY,4
VVC,BOG,4
AKX,NQZ,4
CGO,KRL,4
HOU,MAF,4
KRL,CGO,4
LOS,QOW,4
PWM,BWI,4
SFO,SMF,4
SMF,SFO,4
AMD,DXB,4
AUS,DTW,4
BWI,PWM,4
DCA,BTV,4
IKT,SVO,4
JGN,LHW,4
LHW,JGN,4
NQZ,AKX,4
ONT,SJC,4
ORY,FDF,4
TLC,CUN,4
ATL,LFT,4
BTV,DCA,4
CAN,XUZ,4
CUN,TLC,4
CZX,KMG,4
DMK,RGN,4
GUW,ALA,4
LFT,ATL,4
LTN,PMI,4
MAD,OVD,4
MAF,HOU,4
OTP,BGY,4
PMI,LTN,4
RGN,DMK,4
XUZ,CAN,4
BGY,OTP,4
BKK,SAI,4
BOS,YTZ,4
CLT,SGF,4
DTW,AUS,4
JIM,ADD,4
KMG,CZX,4
OVD,MAD,4
SAI,BKK,4
SGF,CLT,4
YTZ,BOS,4
BOI,GEG,4
DCA,MKE,4
FDF,ORY,4
GEG,BOI,4
JED,DAC,4
MKE,DCA,4
SVO,IKT,4
EYW,MIA,4
FRA,YYZ,4
FUK,NKM,4
JFK,TLV,4
KMG,SWA,4
MIA,EYW,4
MOV,BNE,4
NKM,FUK,4
SWA,KMG,4
YYZ,FRA,4
CEB,TAC,4
MLM,TIJ,4
TAC,CEB,4
TLV,JFK,4
ICN,TSN,4
KYA,IST,4
LAS,TUS,4
TIJ,MLM,4
TSN,ICN,4
TUS,LAS,4
BOG,VVC,4
CLT,HPN,4
DEN,EGE,4
EGE,DEN,4
HPN,CLT,4
ISG,KIX,4
IST,BKK,4
IST,KYA,4
KIX,ISG,4
BKK,IST,4
CLT,LIT,4
NTG,CAN,4
CAN,NTG,4
LIT,CLT,4
HAJ,PMI,4
MUC,NCE,4
NCE,MUC,4
PMI,HAJ,4
DFW,DSM,4
DOH,HYD,4
SJC,ONT,4
BER,BRU,4
CLT,JAN,4
DSM,DFW,4
HYD,DOH,4
JFK,RSW,4
AGP,PMI,4
BFS,LPL,4
JAN,CLT,4
LPL,BFS,4
MSP,CMH,4
RSW,JFK,4
ATL,CRW,4
CGK,PEN,4
CRW,ATL,4
JAX,LGA,4
LGA,JAX,4
PEN,CGK,4
PMI,AGP,4
SHJ,DME,4
WUX,PEK,4
YYZ,YQT,4
AMQ,CGK,4
BUD,LHR,4
CMH,MSP,4
DME,SHJ,4
HUU,LIM,4
LHR,BUD,4
LIM,HUU,4
MCO,MEX,4
PEK,WUX,4
YQT,YYZ,4
AEP,FLN,4
AMS,BRE,4
ATL,GPT,4
BRE,AMS,4
BRU,BER,4
DMK,SGN,4
GPT,ATL,4
MEX,MCO,4
SGN,DMK,4
SJD,TIJ,4
TIJ,SJD,4
YEG,YXX,4
GRU,MGF,4
LJG,NKG,4
MCI,CLT,4
MCT,RUH,4
MDW,BOS,4
NKG,LJG,4
YXX,YEG,4
KIX,NKG,4
NNG,SHA,4
BOC,PAC,4
CLT,MCI,4
DUB,JFK,4
JFK,DUB,4
NKG,KIX,4
PAC,BOC,4
DPS,HLP,4
EWR,JAX,4
FAT,SFO,4
HLP,DPS,4
JAX,EWR,4
MAD,MRS,4
MRS,MAD,4
RDM,SFO,4
SFO,RDM,4
XMN,SIN,4
CDG,DOH,4
DOH,CDG,4
MFM,PEK,4
PEK,MFM,4
SFO,FAT,4
SIN,XMN,4
BTV,IAD,4
PHX,YUM,4
STL,BWI,4
YUM,PHX,4
ARN,SFT,4
BXU,CEB,4
CEB,BXU,4
CUL,MEX,4
DBV,ZAG,4
HAK,TNA,4
IAD,BTV,4
JHG,CSX,4
LGA,MKE,4
MCO,SJO,4
MEX,CUL,4
MKE,LGA,4
SFT,ARN,4
SJO,MCO,4
TNA,HAK,4
BUZ,THR,4
DCA,HSV,4
HSV,DCA,4
KHN,NNG,4
RUH,MCT,4
THR,BUZ,4
CSX,JHG,4
HGH,MFM,4
IKT,UKX,4
MAD,MLN,4
MFM,HGH,4
MLN,MAD,4
UKX,IKT,4
ALB,DTW,4
CTS,PVG,4
DTW,ALB,4
DTW,SYR,4
GDL,MXL,4
KZN,AER,4
NNG,KHN,4
PVG,CTS,4
SYR,DTW,4
AEP,ASU,4
AER,KZN,4
DTW,ROC,4
MGF,GRU,4
MXL,GDL,4
ROC,DTW,4
AUH,ISB,4
BDL,DTW,4
BWI,MSY,4
BWI,STL,4
DJJ,TIM,4
MSP,JFK,4
ORD,SJU,4
SIN,RGN,4
AKX,ALA,4
ALA,AKX,4
ASU,AEP,4
CGK,DTB,4
DTB,CGK,4
DTW,BDL,4
FLG,PHX,4
JFK,MSP,4
PHX,FLG,4
SJU,ORD,4
BLL,FRA,4
FRA,BLL,4
HOU,OKC,4
ISB,AUH,4
IST,RZV,4
RZV,IST,4
SGF,DEN,4
ZAG,DBV,4
DEN,SGF,4
SAV,PHL,4
SGY,JNU,4
ELP,LAS,4
ATL,OAJ,4
BWI,SRQ,4
IPN,CNF,4
OAJ,ATL,4
PHL,SAV,4
PHX,BWI,4
SRQ,BWI,4
SSH,SVO,4
SVO,SSH,4
ATH,GVA,4
CNF,IPN,4
GVA,ATH,4
GVA,MAN,4
MAN,GVA,4
AMS,HAJ,4
BWI,PHX,4
DAL,TPA,4
HAJ,AMS,4
HFE,XMN,4
OKC,HOU,4
ORD,SCE,4
ORY,VLC,4
SCE,ORD,4
VLC,ORY,4
ADL,CBR,4
AGP,STN,4
BOS,MDW,4
CPH,FCO,4
FCO,CPH,4
STN,AGP,4
BUF,PHL,4
CBR,ADL,4
HER,TLV,4
HKG,HAN,4
LCA,LGW,4
PHL,BUF,4
ACC,TKD,4
ATL,FAY,4
CTU,HAK,4
FAY,ATL,4
HAN,HKG,4
TKD,ACC,4
WAW,FCO,4
XMN,HFE,4
AGP,BRS,4
ATH,SMI,4
BRS,AGP,4
EUX,SXM,4
FCO,WAW,4
HAK,CTU,4
HOU,HRL,4
HRL,HOU,4
LGW,LCA,4
SMI,ATH,4
CDG,PUF,4
KTN,SEA,4
LZY,TFU,4
MAD,MAH,4
MAH,MAD,4
PUF,CDG,4
SEA,KTN,4
TFU,LZY,4
TLV,HER,4
PLZ,CPT,4
CPT,PLZ,4
BLQ,CDG,4
CDG,BLQ,4
GKA,POM,4
GOX,PNQ,4
LAS,ELP,4
MAD,LYS,4
WUH,XIY,4
ICN,SYD,4
LYS,MAD,4
MYD,NBO,4
TPA,DAL,4
XIY,WUH,4
SYD,ICN,4
TFN,SVQ,4
ABQ,IAH,4
IAH,ABQ,4
KUL,DXB,4
MSY,BWI,4
TIM,DJJ,4
EAM,JED,4
JED,EAM,4
PNQ,GOX,4
RIX,VNO,4
SVQ,TFN,4
DXB,KUL,4
MCO,YUL,4
YUL,MCO,4
DTW,SAN,4
MEC,UIO,4
MNI,ANU,4
PSS,AEP,4
SAN,DTW,4
SPU,ZAG,4
SXM,EUX,4
UIO,MEC,4
VNO,RIX,4
ORY,RUN,4
PHL,PVD,4
RUN,ORY,4
ALC,BHX,4
ATL,DSM,4
DSM,ATL,4
LSC,CJC,4
PVD,PHL,4
PWM,DCA,4
TRS,FCO,4
ALC,OSL,4
BHX,ALC,4
BWI,SJU,4
DCA,PWM,4
FCO,TRS,4
SJU,BWI,4
ATL,SGF,4
CAN,CGK,4
CGK,CAN,4
DUB,ZRH,4
GEO,JFK,4
JFK,GEO,4
MSP,YWG,4
MXP,CAI,4
OSL,ALC,4
RGN,SIN,4
SGF,ATL,4
SVO,ASF,4
YWG,MSP,4
ZRH,DUB,4
ASF,SVO,4
DFW,SJC,4
IST,CPH,4
SJC,DFW,4
BGO,KSU,4
CPH,IST,4
IAD,SYR,4
KRL,XIY,4
SYR,IAD,4
XIY,KRL,4
BEN,MJI,4
BJX,IAH,4
FOC,NNG,4
GCM,MIA,4
IAH,BJX,4
NNG,FOC,4
STL,IAH,4
AYT,LEJ,4
DPS,YIA,4
MSP,CUN,4
RFP,BOB,4
YIA,DPS,4
CJC,LSC,4
CUN,MCO,4
CUN,MSP,4
GYN,BSB,4
JHG,CAN,4
MCO,CUN,4
MIA,PNS,4
MUC,OSL,4
OSL,MUC,4
PNS,MIA,4
TSN,CGQ,4
BSB,GYN,4
CGQ,TSN,4
IAH,STL,4
MNL,TUG,4
TUG,MNL,4
XIY,YIN,4
YIN,XIY,4
CVG,IAD,4
FAT,SLC,4
HET,HGH,4
IAD,CVG,4
LHW,TNA,4
SLC,FAT,4
XIY,LJG,4
BWI,AUS,4
HGH,HET,4
IAD,LAS,4
LJG,XIY,4
VCP,UDI,4
YPW,YVR,4
YVR,YPW,4
ANU,MNI,3
CLT,SEA,3
CPH,TRD,3
ERZ,SAW,3
HNL,NRT,3
SAW,ERZ,3
SEA,CLT,3
UDI,VCP,3
XMN,TYN,3
AYT,VIE,3
BNA,STL,3
DTW,SDF,3
IAH,LRD,3
LRD,IAH,3
MJI,BEN,3
NRT,HNL,3
PBI,BWI,3
SDF,DTW,3
ZAG,SPU,3
ATH,TIA,3
KBV,KUL,3
KUL,KBV,3
MAD,STN,3
PMO,NAP,3
SEA,LHR,3
STN,MAD,3
TIA,ATH,3
TNA,INC,3
BOS,CDG,3
BWI,PBI,3
CAN,MNL,3
CDG,BOS,3
CKG,XNN,3
DAC,RJH,3
DJJ,UPG,3
ICN,JFK,3
JFK,ICN,3
LAS,IAD,3
LHR,SEA,3
RJH,DAC,3
TNA,LHW,3
CMB,DEL,3
DEL,CMB,3
MNL,CAN,3
NAP,PMO,3
NGS,TSJ,3
TSJ,NGS,3
XNN,CKG,3
BFL,PHX,3
PHX,BFL,3
TYN,XMN,3
WUX,KWE,3
AUC,BOG,3
BOG,AUC,3
DTW,MBS,3
INC,TNA,3
ISP,PBI,3
JNB,UTT,3
MBS,DTW,3
SHA,HAK,3
UTT,JNB,3
BKI,LBU,3
BUF,DCA,3
GUA,MIA,3
LBU,BKI,3
MIA,GUA,3
PBI,ISP,3
PZO,CCS,3
TPA,AUS,3
UPG,TIM,3
WNZ,CSX,3
ATL,PUJ,3
DCA,BUF,3
PUJ,ATL,3
UPG,YIA,3
AUS,BWI,3
BWI,CHS,3
KUL,MEL,3
MUC,ZAG,3
STL,BNA,3
SVD,BGI,3
ZAG,MUC,3
ECP,DFW,3
OTP,STN,3
PHX,TUL,3
STN,OTP,3
VIE,AYT,3
YYZ,DEN,3
CHS,BWI,3
DEN,YYZ,3
DFW,ECP,3
FCO,AGP,3
JJN,KMG,3
KMG,JJN,3
RRJ,CNF,3
SHE,SYX,3
TUL,PHX,3
YIA,UPG,3
AGP,FCO,3
CCS,PZO,3
CGQ,NGB,3
CLO,TCO,3
CMH,MDW,3
MEL,KUL,3
MSP,PIT,3
PIT,MSP,3
TCO,CLO,3
CSX,WNZ,3
KWE,WUX,3
MGA,SAL,3
NGB,CGQ,3
NKG,KWL,3
ROC,IAD,3
SAL,MGA,3
ALB,DCA,3
BLQ,MUC,3
KWL,NKG,3
THR,IFN,3
YNT,PVG,3
AMA,DAL,3
CAI,FCO,3
DAL,AMA,3
DCA,ALB,3
EMK,KOT,3
IAD,ROC,3
KOT,EMK,3
MUC,BLQ,3
AER,EVN,3
CNF,RRJ,3
DCA,MHT,3
EVN,AER,3
MDW,CMH,3
MHT,DCA,3
WIL,UKA,3
BSL,LHR,3
DSM,MSP,3
IAH,JAX,3
LHR,BSL,3
MSP,DSM,3
PZU,JED,3
BER,MAD,3
CUN,LIM,3
DEN,GRR,3
GDL,OAK,3
GRR,DEN,3
JNB,PZB,3
LIM,CUN,3
MAD,BER,3
NBO,MGQ,3
OAK,GDL,3
PZB,JNB,3
SFO,FLL,3
AMS,BIO,3
BIO,AMS,3
BPX,CTU,3
CTU,BPX,3
JAX,IAH,3
TYN,KHN,3
YQR,YVR,3
ACV,SFO,3
CPH,PRG,3
MAD,SCQ,3
PRG,CPH,3
SAW,RUH,3
SCQ,MAD,3
SFO,ACV,3
ADD,AWA,3
AUS,TPA,3
KHN,TYN,3
PGU,THR,3
RAK,MAD,3
RUH,SAW,3
THR,PGU,3
YVR,YQR,3
IAH,QRO,3
IDR,HYD,3
KUL,KTM,3
MAD,RAK,3
QRO,IAH,3
AWA,ADD,3
FLL,SFO,3
ICN,NKG,3
KTM,KUL,3
NKG,ICN,3
PVG,YNT,3
VIX,VCP,3
FTE,AEP,3
LST,SYD,3
SYD,LST,3
TAS,TMJ,3
VCP,VIX,3
ASB,IST,3
BGI,SLU,3
BLQ,FRA,3
EWR,MSY,3
FRA,BLQ,3
IST,ASB,3
SMK,WBB,3
TRD,CPH,3
BOG,LET,3
LET,BOG,3
MSY,EWR,3
ORD,PWM,3
PWM,ORD,3
SXM,SAB,3
TMJ,TAS,3
BOS,SLC,3
CHC,MEL,3
LEJ,AYT,3
MNL,RXS,3
RXS,MNL,3
SAB,SXM,3
CTA,NAP,3
DRW,BNE,3
DXB,JNB,3
HYD,IDR,3
JJN,NKG,3
MEL,CHC,3
MNL,HAN,3
NAP,CTA,3
NKG,JJN,3
CEB,NRT,3
COU,ORD,3
EWR,SLC,3
GUA,IAH,3
IAH,GUA,3
JNB,DXB,3
NRT,CEB,3
SFO,SJD,3
SJD,SFO,3
SLC,BOS,3
SLC,EWR,3
BER,ARN,3
BNE,DRW,3
DAC,SIN,3
HAN,MNL,3
KNO,SIN,3
SGN,VDH,3
SIN,DAC,3
SIN,KNO,3
ARN,BER,3
DCA,MEM,3
DFW,RNO,3
ORD,COU,3
PWM,IAD,3
RNO,DFW,3
AEP,FTE,3
IAD,PWM,3
MEM,DCA,3
DXB,WAW,3
SEA,YYC,3
WAW,DXB,3
YYC,SEA,3
AUH,IST,3
AUH,TLV,3
DOH,MNL,3
IST,AUH,3
KHH,MFM,3
LGW,OSL,3
MFM,KHH,3
MNL,DOH,3
OSL,LGW,3
AUG,BOS,3
BHX,FRA,3
BOS,AUG,3
FRA,BHX,3
SYX,TYN,3
TLV,AUH,3
TYN,SYX,3
BNE,RMA,3
BRI,MXP,3
DFW,GSP,3
DMK,DPS,3
DPS,DMK,3
GSP,DFW,3
MXP,BRI,3
PHX,TPA,3
PVR,TIJ,3
SHE,WUX,3
TIJ,PVR,3
WUX,SHE,3
BFS,BHX,3
BHX,BFS,3
BLR,CMB,3
CMB,BLR,3
KWI,MED,3
RDU,FLL,3
RMA,BNE,3
AKL,SIN,3
ALA,DXB,3
CPH,MXP,3
DXB,ALA,3
MSP,CLE,3
MXP,CPH,3
SIN,AKL,3
ZRH,ARN,3
BCN,FLR,3
CLE,MSP,3
CLT,SBY,3
FLL,RDU,3
FLR,BCN,3
PHL,PWM,3
PWM,PHL,3
SBY,CLT,3
SZX,NTG,3
ARN,ZRH,3
HMO,MTY,3
KUH,OKD,3
LYS,TLS,3
MTY,HMO,3
OKD,KUH,3
AMS,BLQ,3
BDS,MXP,3
BLQ,AMS,3
CSX,JJN,3
KUL,BLR,3
LGB,SJC,3
MXP,BDS,3
PVG,XNN,3
SJC,LGB,3
BLR,KUL,3
DEN,XNA,3
HRG,DUS,3
JJN,CSX,3
CGH,IGU,3
LAX,ELP,3
MIA,GCM,3
ALC,LBA,3
AUH,BKK,3
BGY,PMO,3
DUS,HRG,3
ELP,LAX,3
LBA,ALC,3
NTG,SZX,3
PMO,BGY,3
XNA,DEN,3
BKK,AUH,3
EIS,ANU,3
FRA,SOF,3
IGU,CGH,3
JED,PZU,3
PHX,SBP,3
SOF,FRA,3
SVO,NBC,3
VDH,SGN,3
WAW,HEL,3
YQB,YHU,3
YYZ,YQR,3
AUS,RDU,3
HEL,WAW,3
NBC,SVO,3
RDU,AUS,3
SBP,PHX,3
TLS,LYS,3
BKK,CGK,3
BNA,SLC,3
CGK,BKK,3
CLT,MLB,3
JNU,ANC,3
MLB,CLT,3
ORD,PBI,3
SLC,BNA,3
AGP,HEL,3
ALH,PER,3
ANC,JNU,3
EZE,LIM,3
HEL,AGP,3
HGH,ICN,3
ICN,HGH,3
PBI,ORD,3
PER,ALH,3
YQR,YYZ,3
YVR,YWH,3
YWH,YVR,3
ADD,ASO,3
ASO,ADD,3
CCU,BKK,3
DXB,FCO,3
FCO,DXB,3
SZX,TPE,3
TPA,PHX,3
TPE,SZX,3
FLL,MSY,3
FMO,MUC,3
IST,KWI,3
JED,MUX,3
ALC,ARN,3
ARN,ALC,3
CTA,VCE,3
LGA,XNA,3
MSY,FLL,3
VCE,CTA,3
XNA,LGA,3
GYD,VKO,3
HPN,MCO,3
KWI,IST,3
ONT,SLC,3
PER,GET,3
SLC,ONT,3
TUN,ALG,3
VKO,GYD,3
BKK,CCU,3
DEN,MEM,3
MCO,HPN,3
MEM,DEN,3
ALG,TUN,3
DXB,MUX,3
JFK,PTY,3
LAS,OKC,3
PTY,JFK,3
SYX,SHE,3
TLH,MIA,3
UFA,AER,3
ANC,ILI,3
CLT,EYW,3
EYW,CLT,3
FRA,NCE,3
ILI,ANC,3
MAD,DUS,3
MIA,TLH,3
MSP,RAP,3
NCE,FRA,3
RAP,MSP,3
CLL,DFW,3
DFW,CLL,3
DUS,MAD,3
MUX,JED,3
OKC,LAS,3
CGR,VCP,3
LEX,DFW,3
MRS,NTE,3
MUX,DXB,3
NTE,MRS,3
VCP,CGR,3
DFW,LEX,3
DMK,SNO,3
GET,PER,3
HKG,RMQ,3
MUC,FMO,3
MUC,PRG,3
OMA,LGA,3
PRG,MUC,3
RMQ,HKG,3
AER,UFA,3
AUS,IAD,3
BOS,CHS,3
BUD,ZRH,3
CHS,BOS,3
CSX,XNN,3
HAV,PTY,3
IAD,AUS,3
IND,BWI,3
LIS,MAN,3
MAN,LIS,3
PTY,HAV,3
SNO,DMK,3
TIA,TSF,3
TSF,TIA,3
XNN,CSX,3
ZRH,BUD,3
BCN,PRG,3
DPS,TMC,3
FAO,STN,3
LGA,OMA,3
STN,FAO,3
BCN,BUD,3
BET,WTL,3
BUD,BCN,3
DUB,LTN,3
FRA,GRZ,3
GRZ,FRA,3
LTN,DUB,3
TJM,AER,3
BWI,IND,3
FRA,IAD,3
IAD,FRA,3
PNH,SGN,3
LAS,MEX,3
MEX,LAS,3
SEA,MSO,3
SGN,PNH,3
BUF,CLT,3
CLT,BUF,3
DLC,TYN,3
MSO,SEA,3
PHL,SYR,3
SFO,FRA,3
SYR,PHL,3
TYN,DLC,3
TYN,ZUH,3
ZUH,TYN,3
FRA,SFO,3
PHX,IAD,3
YGG,YVR,3
YVR,YGG,3
CGH,RAO,3
CGH,SJP,3
IAD,PHX,3
RAO,CGH,3
SJP,CGH,3
LIM,EZE,3
SGN,MNL,3
BCN,OVD,3
CNX,TPE,3
LAP,TIJ,3
OVD,BCN,3
TIJ,LAP,3
TPE,CNX,3
CGK,PKN,3
LIN,MAD,3
MAD,LIN,3
MNL,SGN,3
PKN,CGK,3
BGO,HAU,3
CAI,TUU,3
DEN,MSO,3
DLC,CSX,3
MSO,DEN,3
SMF,ORD,3
SYD,TMW,3
CID,DFW,3
DFW,CID,3
HAU,BGO,3
ORD,SMF,3
TSN,KWE,3
AXA,SXM,3
BDS,BGY,3
BGY,BDS,3
CDG,LTN,3
CSX,DLC,3
HOU,LAX,3
KWE,TSN,3
LAX,HOU,3
LTN,CDG,3
TMW,SYD,3
YRT,YWG,3
YWG,YRT,3
BER,STN,3
CLT,VPS,3
CNS,CTN,3
CTN,CNS,3
STN,BER,3
TUU,CAI,3
VPS,CLT,3
PRG,BCN,3
BUD,CDG,3
CDG,BUD,3
EBB,ADD,3
KGD,VKO,3
KSU,BGO,3
NAN,TVU,3
NAP,ORY,3
NQZ,GUW,3
ORY,NAP,3
SEA,YYJ,3
TVU,NAN,3
YYJ,SEA,3
BUF,IAD,3
GUW,NQZ,3
IAD,BUF,3
JNU,AGN,3
KHG,LHW,3
LHW,KHG,3
VKO,KGD,3
ATL,EVV,3
CUN,PHL,3
EVV,ATL,3
PHL,CUN,3
PVG,HUZ,3
MAD,PRG,3
NTG,TFU,3
PNH,KUL,3
PRG,MAD,3
TFU,NTG,3
BET,KWT,3
BWI,ISP,3
CHS,DFW,3
KKI,BET,3
KUL,PNH,3
KWT,KKI,3
MZT,TIJ,3
RNO,SAN,3
TIJ,MZT,3
HUZ,PVG,3
LXA,MIG,3
MYY,SBW,3
PPT,MOZ,3
SAN,RNO,3
SBW,MYY,3
AUH,SVO,3
BCN,NCE,3
BOS,DUB,3
CAN,CSX,3
ISP,BWI,3
LHE,RUH,3
YYJ,YYZ,3
YYZ,YYJ,3
DFW,CHS,3
DRS,MUC,3
DUB,BOS,3
ICN,CDG,3
MIG,LXA,3
MUC,DRS,3
NCE,BCN,3
PEE,LED,3
SVO,AUH,3
CDG,ICN,3
CKG,SIN,3
JUJ,AEP,3
KRL,URC,3
MAD,NCE,3
BGI,SVD,3
MBJ,MCO,3
MCO,MBJ,3
MLE,GKK,3
NCE,MAD,3
SIN,CKG,3
URC,KRL,3
CPT,GRJ,3
FLR,ZRH,3
GRJ,CPT,3
MUC,NAP,3
NAP,MUC,3
RUH,LHE,3
ZRH,FLR,3
ABB,LOS,3
CTU,NGB,3
HRB,XUZ,3
KUL,SYD,3
MXL,MEX,3
SAV,ORD,3
SJW,SYX,3
SYX,SJW,3
XUZ,HRB,3
CSX,CAN,3
DUB,IAD,3
HKG,PQC,3
IAD,DUB,3
LOS,ABB,3
MEX,MXL,3
NGB,CTU,3
ORD,SAV,3
PQC,HKG,3
SYD,KUL,3
DOH,MAD,3
IAH,RDU,3
KWI,COK,3
MAD,DOH,3
RDU,IAH,3
CHC,TRG,3
DOH,MAN,3
DTW,YUL,3
KRR,VKO,3
KUL,XMN,3
LTN,TIA,3
MAN,DOH,3
MAN,MUC,3
MUC,MAN,3
MXP,AGP,3
SSH,MXP,3
TIA,LTN,3
VKO,KRR,3
XMN,KUL,3
AGP,MXP,3
FLA,BOG,3
KUL,COK,3
MAD,TNG,3
PSC,SLC,3
SLC,JAC,3
SLC,PSC,3
TRG,CHC,3
YUL,DTW,3
BOG,FLA,3
CCJ,BLR,3
COK,KWI,3
DEN,MOT,3
JAC,SLC,3
KGL,EBB,3
KWL,PKX,3
LIM,MEX,3
MOT,DEN,3
PKX,KWL,3
ROC,DCA,3
SAW,SJJ,3
SJJ,SAW,3
TNG,MAD,3
WUX,XMN,3
XMN,WUX,3
YQB,YZV,3
AMS,BOD,3
AUS,SJC,3
BOD,AMS,3
DCA,ROC,3
SXM,AXA,3
AMS,BEG,3
BEG,AMS,3
BFS,GLA,3
BLR,CCJ,3
COK,KUL,3
GLA,BFS,3
MEX,LIM,3
SSH,SAW,3
AYT,COV,3
DAC,DOH,3
OGN,ISG,3
CCU,PAT,3
EWR,PWM,3
PAT,CCU,3
SAW,SSH,3
ALC,LPL,3
CDG,IAD,3
DMK,MFM,3
IAD,CDG,3
LPL,ALC,3
MFM,DMK,3
PPG,FGI,3
PWM,EWR,3
YIH,SZX,3
ASE,DFW,3
MXP,TLV,3
PHL,SCE,3
SCE,PHL,3
SZX,YIH,3
TRD,BNN,3
BNN,TRD,3
CKG,LHW,3
DFW,ASE,3
VKO,UFA,3
AMS,KEF,3
BNE,DPS,3
DPS,BNE,3
EDI,SOU,3
MTR,EOH,3
SOU,EDI,3
STL,TPA,3
GRU,THE,3
KEF,AMS,3
LHW,CKG,3
SLC,RNO,3
THE,GRU,3
UFA,VKO,3
BOG,EJA,3
EJA,BOG,3
FCO,CAI,3
JHB,SZB,3
LAS,MKE,3
RNO,SLC,3
SJC,AUS,3
SZB,JHB,3
TPA,IND,3
TPA,MSY,3
TSN,ZUH,3
UKA,WIL,3
BOM,RUH,3
CAN,KHN,3
DME,TAS,3
DTW,OMA,3
HYA,ACK,3
MSY,TPA,3
CDG,SIN,3
IAD,SAV,3
KHN,CAN,3
OMA,DTW,3
PMI,BSL,3
RUH,BOM,3
SAV,IAD,3
SIN,CDG,3
SMF,BOI,3
ALA,UKK,3
BCN,BGY,3
BGY,BCN,3
BOI,SMF,3
BOM,IXB,3
CLT,ECP,3
CMH,PHX,3
DTW,TVC,3
IST,OGU,3
SVG,TRD,3
SZX,XZM,3
TFS,BHX,3
TVC,DTW,3
UKK,ALA,3
XZM,SZX,3
ZUH,TSN,3
BHX,TFS,3
BSL,PMI,3
CHO,IAD,3
ECP,CLT,3
EOH,MTR,3
IAD,CHO,3
IXB,BOM,3
OGU,IST,3
ORD,YVR,3
PHX,CMH,3
SNA,IAH,3
VKO,OVB,3
YVR,ORD,3
DFW,FSM,3
FSM,DFW,3
IAH,SNA,3
OVB,VKO,3
PHL,MHT,3
BRS,FAO,3
FAO,BRS,3
FOC,TSN,3
TLV,MXP,3
BCN,BSL,3
BGY,CTA,3
BSL,BCN,3
CGO,AKU,3
CTA,BGY,3
MHT,PHL,3
SPR,TZA,3
TRD,SVG,3
TSN,FOC,3
AEP,MDQ,3
AKU,CGO,3
LIS,STN,3
STN,LIS,3
TUN,CMN,3
AEP,JUJ,3
CCU,DAC,3
CKG,HRB,3
DAC,CCU,3
HRB,CKG,3
LCA,LHR,3
LHR,LCA,3
MXP,ORY,3
BHD,LBA,3
DPS,SGN,3
FUJ,FUK,3
FUK,FUJ,3
LBA,BHD,3
MDW,RSW,3
MEX,SAT,3
SAT,MEX,3
AER,TJM,3
IST,JFK,3
JFK,IST,3
ATZ,KWI,3
BTV,ORD,3
CMN,TUN,3
DEN,FCA,3
ESB,TZX,3
FCA,DEN,3
GOX,AMD,3
ORD,BTV,3
MDQ,AEP,3
QUO,LOS,3
RSW,MDW,3
TPA,STL,3
TZX,ESB,3
DFW,DRO,3
MKE,LAS,3
TAS,DME,3
ORD,RST,3
RST,ORD,3
DRO,DFW,3
IDA,SLC,3
NCE,ZRH,3
ORY,MXP,3
SLC,IDA,3
STN,AYT,3
ZRH,NCE,3
AYT,STN,3
BMV,HAN,3
CGN,BER,3
CGO,XNN,3
CUN,FLL,3
FLL,CUN,3
HAN,BMV,3
LOS,QUO,3
WAW,TLV,3
XNN,CGO,3
FCA,SLC,3
ICN,KHH,3
KHH,ICN,3
MSY,JFK,3
SBP,SFO,3
SFO,SBP,3
SLC,FCA,3
CGH,MCZ,3
IND,TPA,3
KMG,XUZ,3
LIS,LYS,3
MCZ,CGH,3
ORD,GDL,3
POS,BGI,3
XUZ,KMG,3
ZRH,SAW,3
ABQ,SLC,3
AMD,GOX,3
ATH,OTP,3
BER,CGN,3
BUD,MXP,3
CJJ,KIX,3
DEL,KWI,3
GDL,ORD,3
JFK,MSY,3
KIX,CJJ,3
LIS,LUX,3
LUX,LIS,3
LYS,LIS,3
MXP,BUD,3
OTP,ATH,3
SAW,ZRH,3
SLC,ABQ,3
CLT,CRW,3
DFW,COU,3
EWR,ORF,3
KWI,DEL,3
PBI,DFW,3
PHL,ROC,3
ROC,PHL,3
SAW,KYA,3
ALC,LTN,3
ALC,ORY,3
CRW,CLT,3
DEL,JED,3
DFW,BJX,3
DFW,PBI,3
KWI,ATZ,3
LTN,ALC,3
ORY,ALC,3
BJX,DFW,3
KYA,SAW,3
NBO,UKA,3
ORF,EWR,3
TTE,CGK,3
UKA,NBO,3
ACK,TEB,3
BUD,CPH,3
COU,DFW,3
COV,AYT,3
CPH,BUD,3
EBB,DXB,3
MCO,RIC,3
ORD,ABQ,3
RIC,MCO,3
SAL,MIA,3
TPA,YYZ,3
ABQ,ORD,3
ALB,CLT,3
AUS,PHL,3
BFS,LTN,3
BGI,POS,3
LTN,BFS,3
MIA,SAL,3
UUS,KHV,3
YYZ,TPA,3
AKU,TFU,3
BIA,NCE,3
CLT,ALB,3
ICN,TNA,3
NCE,BIA,3
TFU,AKU,3
TNA,ICN,3
TNA,NNG,3
XNN,PVG,3
YYZ,AMS,3
AGP,LTN,3
AMS,NWI,3
AMS,YYZ,3
CCU,IXR,3
DTW,MEM,3
NWI,AMS,3
PER,EPR,3
PHL,AUS,3
ATL,ICT,3
BOG,PPN,3
CUR,MIA,3
EPR,PER,3
ICT,ATL,3
IXR,CCU,3
LTN,AGP,3
MEM,DTW,3
PPN,BOG,3
PRN,ZRH,3
TFU,HET,3
BEL,FOR,3
DAC,KWI,3
HET,TFU,3
JED,DEL,3
PHX,GEG,3
SEA,ICN,3
BWT,MEL,3
FOR,BEL,3
GEG,PHX,3
ICN,SEA,3
KRK,MUC,3
MEL,BWT,3
MUC,KRK,3
SCL,MAD,3
TLL,WAW,3
WAW,TLL,3
YLW,YYZ,3
IST,EBL,3
KWI,DAC,3
MAD,SCL,3
MCO,SAT,3
YYZ,YLW,3
BOM,GAU,3
GAU,BOM,3
QUO,ABV,3
SYR,DCA,3
TLV,WAW,3
WAW,KTW,3
KTW,WAW,3
MAD,OTP,3
MXP,SSH,3
OTP,MAD,3
ABV,QUO,3
CAP,PLS,3
DCA,SYR,3
PLS,CAP,3
TPA,LAS,3
FMO,AYT,3
IKT,KJA,3
KJA,IKT,3
MDL,MYT,3
MIA,SEA,3
PVG,FRA,3
TFS,BRS,3
ASE,LAX,3
BRS,TFS,3
CMB,SIN,3
FLL,MDW,3
FRA,PVG,3
HET,SHE,3
LGA,CAE,3
POM,GKA,3
SIN,CMB,3
TER,LIS,3
VKO,SGC,3
YEG,YWG,3
ZRH,PRN,3
DFW,MOB,3
DFW,PVR,3
IPH,SIN,3
MDW,FLL,3
MOB,DFW,3
NEU,VTE,3
PVR,DFW,3
SEA,MIA,3
SGC,VKO,3
SHE,HET,3
SIN,IPH,3
VTE,NEU,3
YWG,YEG,3
CAE,LGA,3
CPH,SAW,3
HAM,SAW,3
LAS,TPA,3
LAX,MCI,3
MCI,LAX,3
SAW,CPH,3
SAW,HAM,3
SZZ,WAW,3
WAW,SZZ,3
LAX,ASE,3
PIT,MDW,3
SAT,MCO,3
GCM,LYB,3
HLD,PEK,3
ILM,PHL,3
LAP,MEX,3
MCI,SEA,3
MEX,LAP,3
PEK,HLD,3
SEA,MCI,3
SLU,BGI,3
SRE,VVI,3
LIM,PEM,3
LIS,TER,3
MAD,TLS,3
PEM,LIM,3
PHL,ILM,3
SVQ,LPA,3
TLS,MAD,3
VVI,SRE,3
BKK,PUS,3
BOM,DMM,3
DMM,BOM,3
EBL,IST,3
FCO,SAW,3
HFE,CGQ,3
NNG,TNA,3
SAW,FCO,3
BGW,DXB,3
CUN,YVR,3
DXB,BGW,3
PUS,BKK,3
UPG,MDC,3
ANF,LSC,3
BIA,MRS,3
CGK,TPE,3
CGQ,HFE,3
ERL,HET,3
EWR,PUJ,3
FAO,LTN,3
HET,ERL,3
LSC,ANF,3
LTN,FAO,3
MDW,PIT,3
ONT,PDX,3
PDX,ONT,3
PUJ,EWR,3
SGN,PXU,3
BGW,MHD,3
CJU,TPE,3
MRS,BIA,3
TPE,CGK,3
BSD,KMG,3
CGO,INC,3
DUS,MXP,3
INC,CGO,3
KMG,BSD,3
MXP,DUS,3
TPE,CJU,3
YVR,CUN,3
CHS,IAD,3
FCO,BLQ,3
GEG,LAX,3
IAD,CHS,3
JED,CMN,3
KHV,UUS,3
PXU,SGN,3
YYZ,MEX,3
BOG,IBE,3
IBE,BOG,3
LAX,GEG,3
MEX,YYZ,3
PEK,LXA,3
BLQ,FCO,3
BZN,SLC,3
CTA,VRN,3
GVA,IST,3
IST,GVA,3
LXA,PEK,3
SLC,BZN,3
ARN,BRU,3
BHD,EDI,3
BSB,JPA,3
EDI,BHD,3
IAD,BNA,3
JFK,SAL,3
JPA,BSB,3
LIM,UIO,3
MHD,BGW,3
UIO,LIM,3
VRN,CTA,3
ABV,ENU,3
CLT,PUJ,3
DUS,WAW,3
ENU,ABV,3
IAH,SJO,3
IST,PRG,3
PUJ,CLT,3
SAL,JFK,3
SJO,IAH,3
WAW,DUS,3
BCN,TNG,3
BRU,ARN,3
DOH,DAC,3
EOH,PEI,3
MEX,ZIH,3
OMA,LAS,3
SAW,EBL,3
ZIH,MEX,3
ABJ,DSS,3
BNA,IAD,3
CDG,YYZ,3
DFW,MKE,3
GPT,IAH,3
IAH,GPT,3
MKE,DFW,3
PEI,EOH,3
PVG,URC,3
TNG,BCN,3
YYZ,CDG,3
CAN,HYN,3
EBL,SAW,3
HOR,PDL,3
HYN,CAN,3
MSY,PHL,3
PDL,HOR,3
PHL,MSY,3
PHL,SEA,3
SEA,PHL,3
MTY,PDS,3
PDS,MTY,3
PHX,DSM,3
PSA,TIA,3
TIA,PSA,3
URC,PVG,3
ALA,IST,3
LIN,AHO,3
PVG,SVO,3
SVO,PVG,3
AGP,ZRH,3
AHO,LIN,3
BOM,BHO,3
DSM,PHX,3
IST,ALA,3
KMI,NGO,3
NGO,KMI,3
PVD,IAD,3
PVU,SNA,3
SAW,BSL,3
SNA,PVU,3
BAH,MCT,3
BHO,BOM,3
BSL,SAW,3
BZN,ORD,3
CCS,LRV,3
DCA,DAY,3
IAD,PVD,3
LRV,CCS,3
MCT,BAH,3
MDC,UPG,3
NBO,JRO,3
ORD,BZN,3
POS,JFK,3
ZRH,AGP,3
CPH,DUB,3
DAY,DCA,3
DUB,CPH,3
HRG,SAW,3
SAW,HRG,3
YTY,SZX,3
CAN,LYI,3
JFK,POS,3
PHX,PVR,3
PVR,PHX,3
SWA,KWE,3
SZX,YTY,3
TEB,ACK,3
VKO,SKD,3
ALB,MCO,3
BCN,STR,3
CPH,NCE,3
DME,IKT,3
IAD,PHL,3
IKT,DME,3
IST,BAH,3
KWE,SWA,3
NCE,CPH,3
STR,BCN,3
AUA,BOS,3
BAH,IST,3
BOS,AUA,3
DEN,EUG,3
EUG,DEN,3
MCO,ALB,3
OTP,DXB,3
PHL,IAD,3
PRG,IST,3
SGF,IAH,3
AGP,BIO,3
AMS,LBA,3
AYJ,DEL,3
BIO,AGP,3
CDG,AGP,3
CLT,SYR,3
DEL,AYJ,3
DXB,OTP,3
FRA,WRO,3
KWK,BET,3
LBA,AMS,3
PTY,LAX,3
SYR,CLT,3
WRO,FRA,3
HYA,BOS,3
IAH,SGF,3
LAX,PTY,3
SGN,BMV,3
BMV,SGN,3
CLT,HHH,3
CPH,STN,3
CUN,HOU,3
HHH,CLT,3
HRB,HFE,3
OGG,LNY,3
STN,CPH,3
BNE,HBA,3
DME,DXB,3
HFE,HRB,3
HOU,CUN,3
LAX,YYC,3
LHW,CGO,3
MGQ,NBO,3
VVO,UUS,3
YYC,LAX,3
ACA,MEX,3
AYT,FMO,3
BER,LCY,3
CGO,LHW,3
CLE,MDW,3
DCA,ORF,3
DXB,DME,3
KHV,SVO,3
LCY,BER,3
MEX,ACA,3
MZG,TNN,3
ORF,DCA,3
SVO,KHV,3
TNN,MZG,3
ATL,SYR,3
DIG,KMG,3
HBA,BNE,3
KMG,DIG,3
LGW,BIO,3
LNY,OGG,3
LPA,SVQ,3
MDW,CLE,3
ORD,TUS,3
SYR,ATL,3
TUS,ORD,3
BGR,LGA,3
JRO,LKY,3
LGA,BGR,3
MLE,HAQ,3
MUC,OTP,3
ORD,ROA,3
ORY,VCE,3
OTP,MUC,3
PKX,UYN,3
ROA,ORD,3
SAW,SHJ,3
UYN,PKX,3
VCE,ORY,3
BIO,LGW,3
DFW,QRO,3
HOM,ANC,3
JFK,PWM,3
KTN,MTM,3
MTM,KTN,3
PWM,JFK,3
QRO,DFW,3
YUL,IAD,3
ADD,EBB,3
CLO,GPI,3
GPI,CLO,3
IAD,YUL,3
SHJ,SAW,3
VFA,HRE,3
KSM,MOU,3
LHR,MXP,3
MXP,LHR,3
USU,CRK,3
AGP,CDG,3
BET,MLL,3
BEY,KWI,3
BIO,SVQ,3
BSB,MCZ,3
CUR,CCS,3
GPT,DFW,3
LAS,OMA,3
MEX,EWR,3
AAP,SUB,3
AGP,BHX,3
BHX,AGP,3
BWI,ROC,3
DFW,GPT,3
EWR,MEX,3
PPT,HUH,3
ROC,BWI,3
ATH,WAW,3
BBN,MYY,3
BKI,JHB,3
DLH,ORD,3
JHB,BKI,3
KWI,BEY,3
MYY,BBN,3
ORD,DLH,3
SUB,AAP,3
TPA,PIT,3
WAW,ATH,3
BTH,SUB,3
CGB,BSB,3
MCZ,BSB,3
PDT,PDX,3
AEP,BHI,3
BSB,CGB,3
BUD,MAD,3
HAC,HND,3
HAN,VTE,3
HND,HAC,3
HND,SHM,3
ISG,MMY,3
MAD,BUD,3
MMY,ISG,3
PDX,PDT,3
SHM,HND,3
SUB,BTH,3
SVX,OVB,3
YXU,YYZ,3
YYZ,YXU,3
BGY,NAP,3
BOM,BDQ,3
BOS,MSS,3
CUR,AMS,3
DAD,DMK,3
DMK,DAD,3
DXB,EBB,3
FCA,SEA,3
FUE,MAD,3
MAD,FUE,3
MSS,BOS,3
NAP,BGY,3
SEA,FCA,3
ADD,JNB,3
ADZ,PVA,3
AEI,JCU,3
ASJ,TKN,3
BAH,BOM,3
BCN,DOH,3
BDQ,BOM,3
BKK,LHR,3
BKK,SYD,3
BOG,JFK,3
BOM,BAH,3
BOM,SHJ,3
BOS,RUT,3
CSY,VKO,3
CTS,KUH,3
CTS,SHB,3
DMK,USM,3
DMM,SHJ,3
DOH,BCN,3
DOH,SIN,3
DXB,LGW,3
DXB,MAN,3
DXB,SYD,3
FUK,KIJ,3
GAJ,ITM,3
GAU,MAA,3
GRU,JFK,3
HIJ,SDJ,3
HND,ICN,3
HND,MMY,3
HND,NGO,3
HND,ONJ,3
HND,ORD,3
HND,SFO,3
HND,SGN,3
HND,TOY,3
IBR,UKB,3
ICN,HND,3
IST,SOF,3
ITM,GAJ,3
JCU,AEI,3
JFK,GRU,3
JNB,ADD,3
KCH,MKM,3
KIJ,FUK,3
KIX,SDJ,3
KNH,TNN,3
KUH,CTS,3
LGW,DXB,3
LHR,BKK,3
MAN,DXB,3
MKM,KCH,3
MLE,VAM,3
MMY,HND,3
MYJ,NGO,3
NGO,HND,3
NGO,MYJ,3
NGO,NRT,3
NGS,UKB,3
NRT,NGO,3
ONJ,HND,3
ORD,HND,3
PDX,IAH,3
PVA,ADZ,3
RPR,BOM,3
RUT,BOS,3
SDJ,HIJ,3
SDJ,KIX,3
SFO,HND,3
SGN,HND,3
SHB,CTS,3
SHJ,BOM,3
SHJ,DEL,3
SHJ,DMM,3
SIG,CPX,3
SIN,DOH,3
SYD,BKK,3
SYD,DXB,3
TKN,ASJ,3
TNN,KNH,3
TOY,HND,3
TRV,BOM,3
UKB,IBR,3
UKB,NGS,3
USM,DMK,3
VAM,MLE,3
VKO,CEK,3
VKO,CSY,3
VKO,VOG,3
VOG,VKO,3
VTE,HAN,3
YYC,ORD,3
BOM,RPR,3
BOM,TRV,3
CPX,NRR,3
DEL,SHJ,3
DFW,MSN,3
DOH,MXP,3
FAT,SEA,3
IAH,PDX,3
ICN,ATL,3
JFK,BOG,3
KHI,SHJ,3
LIH,SEA,3
LUM,CAN,3
MAA,GAU,3
MIA,EIS,3
MSN,DFW,3
MXP,DOH,3
ORD,YYC,3
SEA,FAT,3
SEA,LIH,3
SHJ,KHI,3
SOF,IST,3
YCD,YYC,3
YYC,YCD,3
AMS,TLS,3
ATL,ICN,3
CPT,WDH,3
CUL,MTY,3
DMK,HAN,3
EIS,MIA,3
EWR,SNA,3
FLL,MDE,3
FPO,NAS,3
FSZ,FUK,3
FUK,FSZ,3
HAN,DMK,3
ISG,OGN,3
MDE,FLL,3
MTY,CUL,3
NAS,FPO,3
OKA,PVG,3
PVG,OKA,3
SNA,EWR,3
TLS,AMS,3
WDH,CPT,3
BHM,DEN,3
COK,SHJ,3
CRK,USU,3
DEN,BHM,3
DXB,ZRH,3
FRA,SIN,3
GNY,IST,3
IAD,ROA,3
IST,GNY,3
SHJ,COK,3
SIN,FRA,3
SWA,HFE,3
ZRH,DXB,3
ADD,DAR,3
BOS,HYA,3
CTA,MLA,3
DAR,ADD,3
IAD,HSV,3
LGA,GRR,3
LHR,MRS,3
MLA,CTA,3
MRS,LHR,3
ROA,IAD,3
ZAG,AMS,3
AMS,ZAG,3
CTA,TRN,3
GRR,LGA,3
HFE,SWA,3
HSV,IAD,3
LYI,CAN,3
TRN,CTA,3
TUN,LYS,3
VKO,TJM,3
ACT,DFW,3
AYT,ZRH,3
BLQ,IST,3
CSX,INC,3
DFW,ACT,3
DFW,MHK,3
DFW,SJT,3
DFW,TYR,3
FAO,LIS,3
INC,CSX,3
IST,BLQ,3
LIS,FAO,3
SJT,DFW,3
SLC,TUS,3
TUS,SLC,3
TYR,DFW,3
AEX,DFW,3
AMS,MRS,3
BKK,KTI,3
CDG,GRU,3
DFW,AEX,3
DFW,LAW,3
DFW,LCH,3
DFW,TLH,3
GFK,MSP,3
GRU,CDG,3
JER,LHR,3
JNB,LHR,3
KTI,BKK,3
LAW,DFW,3
LCH,DFW,3
LHR,JER,3
LHR,JNB,3
MRS,AMS,3
MSP,GFK,3
SAW,LED,3
TJM,VKO,3
TLH,DFW,3
BHK,TAS,3
DFW,FAR,3
DFW,MLU,3
DFW,RIC,3
FAR,DFW,3
FRA,HND,3
GDL,HMO,3
HMO,GDL,3
HNA,NKM,3
HPA,TBU,3
JHG,XIY,3
MLU,DFW,3
NKM,HNA,3
OVB,SVX,3
RIC,DFW,3
SAW,CAI,3
TBU,HPA,3
BCN,TLV,3
CAE,DCA,3
CAI,SAW,3
CRK,ICN,3
DIY,ESB,3
ESB,DIY,3
GMP,USN,3
GRU,JDO,3
HND,FRA,3
ICN,CRK,3
IST,VCE,3
JDO,GRU,3
LED,SAW,3
LGA,CHO,3
LYS,TUN,3
MHK,DFW,3
SAL,BOG,3
SLC,SUN,3
SUN,SLC,3
SVQ,BIO,3
TLV,BCN,3
USN,GMP,3
VCE,IST,3
XIY,JHG,3
AMS,HUY,3
AMS,NTE,3
BOG,SAL,3
CHO,LGA,3
DFW,FSD,3
DFW,MGM,3
DXB,HKG,3
FSD,DFW,3
HKG,DXB,3
KSE,EBB,3
MGM,DFW,3
NTE,AMS,3
PHX,DCA,3
PKX,DQA,3
SVO,TAS,3
TAS,SVO,3
DCA,PHX,3
DFW,FWA,3
DQA,PKX,3
FWA,DFW,3
HUY,AMS,3
KEF,LHR,3
LHR,KEF,3
MCO,NAS,3
NAS,MCO,3
UUS,VVO,3
VLC,SVQ,3
ALG,LYS,3
CTM,MEX,3
DCA,CAE,3
ESB,GZT,3
JAV,GOH,3
MAD,SDR,3
MEX,CTM,3
RUH,URY,3
SVO,GSV,3
URY,RUH,3
BCN,WAW,3
DEN,SJD,3
FRA,LYS,3
GSV,SVO,3
LYS,FRA,3
PIT,TPA,3
SDR,MAD,3
SJD,DEN,3
SVQ,VLC,3
AJA,MRS,3
BER,LIS,3
BHI,AEP,3
CDG,MEX,3
DEL,CDG,3
DEL,VGA,3
GMP,RSU,3
GZT,ESB,3
LAO,MNL,3
LIS,BER,3
LYS,ALG,3
MEX,CDG,3
MRS,AJA,3
RSU,GMP,3
VGA,DEL,3
BEL,VCP,3
CDG,DEL,3
DOH,DPS,3
DPS,DOH,3
GOH,JAV,3
LIS,SVQ,3
PDX,RNO,3
VCP,BEL,3
WAW,BCN,3
AYT,PRG,3
CEB,SIN,3
MVD,SCL,3
RNO,PDX,3
SCL,MVD,3
SIN,CEB,3
SVQ,LIS,3
BWN,KUL,3
CGK,TTE,3
DAR,JNB,3
GAU,HYD,3
HYD,GAU,3
INC,KMG,3
KUL,BWN,3
PRG,AYT,3
PSP,SLC,3
SKG,HER,3
SLC,PSP,3
XQP,SJO,3
CRK,MPH,3
GVA,LTN,3
KMG,INC,3
LTN,GVA,3
MPH,CRK,3
PKX,JHG,3
ADD,KGL,3
PKX,DSN,3
SDF,IAH,3
BIL,SLC,3
BNA,ECP,3
BUD,LTN,3
DFW,SBN,3
DSN,PKX,3
IAH,SDF,3
KTT,HEL,3
LTN,BUD,3
SBN,DFW,3
SKT,DXB,3
SLC,BIL,3
TFS,BRU,3
YEG,YZF,3
AUH,HKT,3
BNA,PIT,3
BOM,DED,3
CLT,LHR,3
DCA,SAV,3
DED,BOM,3
DXB,SKT,3
ECP,BNA,3
LHR,CLT,3
OSL,BRU,3
OSL,RIX,3
PIT,BWI,3
PKZ,VTE,3
RIX,OSL,3
SAV,DCA,3
TUN,MRS,3
WLG,SYD,3
ATL,SNA,3
BGO,TOS,3
BRU,OSL,3
DFW,SAV,3
DUB,ORD,3
HKT,AUH,3
MAD,XRY,3
PTY,IAD,3
SNA,ATL,3
STL,MIA,3
SYD,WLG,3
TFS,MAD,3
XRY,MAD,3
EWR,CDG,3
IAD,PTY,3
JFK,ZRH,3
MAD,TFS,3
MAO,VCP,3
SAV,DFW,3
VCP,MAO,3
ZRH,JFK,3
BEY,CDG,3
CDG,EWR,3
DPS,HKG,3
HKG,DPS,3
ORD,DUB,3
TOS,BGO,3
GRU,PNZ,3
HRB,WEH,3
HRE,VFA,3
MBS,ORD,3
MIA,STL,3
ORD,MBS,3
PNZ,GRU,3
WEH,HRB,3
ACK,HYA,3
CLT,GPT,3
DEL,RUH,3
GPT,CLT,3
HFE,PEK,3
JAX,IAD,3
LCA,HFA,3
LIN,MUC,3
MUC,LIN,3
PEK,HFE,3
RUH,DEL,3
TYN,HFE,3
ARM,SYD,3
BOS,SAV,3
CDG,BEY,3
HFE,TYN,3
IND,FLL,3
MTY,SLP,3
MXP,STN,3
STN,MXP,3
SYD,ARM,3
BDL,DEN,3
BJX,CUN,3
CUN,BJX,3
DEN,BDL,3
EIN,STN,3
FLL,CLE,3
IAD,JAX,3
LAS,YYC,3
SAV,BOS,3
SAW,DOH,3
STN,EIN,3
VTE,PKZ,3
YYC,LAS,3
ABE,ATL,3
ALC,EMA,3
ATL,ABE,3
CGK,HND,3
CUN,PBC,3
DOH,SAW,3
DSS,ABJ,3
EMA,ALC,3
GRR,DFW,3
GRU,LDB,3
IAH,YYC,3
IJK,DME,3
MNL,LAO,3
OPO,STN,3
PBC,CUN,3
SEA,TUS,3
STN,OPO,3
YYC,IAH,3
ZRH,AYT,3
AGP,EIN,3
CLE,FLL,3
CLT,SBN,3
DFW,GRR,3
DME,IJK,3
DXB,PVG,3
EIN,AGP,3
FLL,IND,3
HND,CGK,3
MRS,TUN,3
MXP,TIA,3
NPE,CHC,3
PIT,BNA,3
PVG,DXB,3
SAW,BGW,3
SBN,CLT,3
SFG,SBH,3
SJW,LHW,3
TUS,SEA,3
BHX,EDI,3
CHC,NPE,3
EDI,BHX,3
PFO,LGW,3
POM,RAB,3
SCL,ZOS,3
SLP,MTY,3
ZOS,SCL,3
GTF,SLC,3
JHG,PKX,3
LHW,SJW,3
MAF,AUS,3
SLC,GTF,3
BGW,SAW,3
BNA,JAX,3
CLT,PGV,3
HET,CTU,3
JAX,BNA,3
LGW,PFO,3
LTN,WAW,3
MGF,VCP,3
PGV,CLT,3
WAW,LTN,3
ATL,BQK,3
ATL,MLU,3
AUS,MAF,3
BQK,ATL,3
CDG,KEF,3
CMH,BWI,3
CTU,HET,3
DXB,PEK,3
FMO,PMI,3
FWA,CLT,3
HER,SKG,3
IST,VAN,3
KEF,CDG,3
MIA,CVG,3
MLU,ATL,3
MSP,GRB,3
PEK,DXB,3
PMI,FMO,3
VAN,IST,3
VCP,MGF,3
YTS,YMO,3
ANC,HOM,3
BWI,CMH,3
CLT,ERI,3
CLT,FWA,3
CVG,MIA,3
ERI,CLT,3
IAH,CLE,3
LTN,TLV,3
ARN,RNB,3
CEB,HKG,3
CLE,IAH,3
GRB,MSP,3
HKG,CEB,3
MSO,SLC,3
RNB,ARN,3
SLC,MSO,3
BUD,VIE,3
CAP,CYA,3
CDG,TRN,3
DUB,TFS,3
GVA,PRN,3
HET,TAO,3
PRN,GVA,3
TAO,HET,3
TFS,DUB,3
TRN,CDG,3
VIE,BUD,3
CYA,CAP,3
DBR,DEL,3
DEL,DBR,3
GRB,DTW,3
ATW,DTW,3
ATW,MSP,3
CAN,YNT,3
CUU,DFW,3
DCA,HOU,3
DFW,CUU,3
DTW,ATW,3
GSP,PHL,3
HKG,JFK,3
HOU,DCA,3
JFK,HKG,3
MSP,ATW,3
PMI,LBA,3
TLV,LTN,3
YNT,CAN,3
AMS,DTW,3
BCN,HAM,3
BOS,AMS,3
CCS,BLA,3
CWB,IGU,3
DTW,AMS,3
DTW,GRB,3
FCO,GVA,3
GRU,IOS,3
GVA,FCO,3
HAM,BCN,3
IGU,CWB,3
IOS,GRU,3
LBA,PMI,3
MSN,DCA,3
NQZ,SCO,3
PHL,GSP,3
PHL,TYS,3
RSW,DEN,3
TYN,FOC,3
TYS,PHL,3
CLT,MOB,3
CMH,MIA,3
DCA,MSN,3
DEN,RSW,3
HEL,VAA,3
LDB,GRU,3
MOB,CLT,3
NTG,KWE,3
OSL,ZRH,3
SCO,NQZ,3
TLV,BUS,3
ZRH,OSL,3
AEP,PSS,3
AMS,BOS,3
BDJ,SRG,3
DEN,SGU,3
ELP,HOU,3
GOQ,XNN,3
HOU,ELP,3
SGU,DEN,3
VAA,HEL,3
CDG,NCL,3
DSN,TFU,3
LGA,SAV,3
MIA,CMH,3
MLE,GAN,3
NBS,PVG,3
NCL,CDG,3
PVG,NBS,3
RAB,POM,3
SAV,LGA,3
TFU,DSN,3
AEX,ATL,3
ARN,GDN,3
ATL,AEX,3
BWI,PIT,3
CAN,DXB,3
CID,DEN,3
CRK,IAO,3
DEN,CID,3
DJE,TUN,3
FOC,TYN,3
GDN,ARN,3
JED,LHR,3
KWE,SJW,3
LHR,JED,3
SJW,KWE,3
SRG,BDJ,3
YZF,YEG,3
BIO,MUC,3
CID,MSP,3
DUB,YYZ,3
DXB,CAN,3
FRA,ICN,3
MQN,TRD,3
MSP,CID,3
PUS,CEB,3
SFO,DCA,3
SUB,PNK,3
BSB,THE,3
CVG,FLL,3
DCA,PHL,3
DCA,SFO,3
FLL,CVG,3
GRU,VDC,3
MUC,BIO,3
VCE,ZRH,3
YYZ,DUB,3
ZRH,VCE,3
ADB,DUS,3
CVG,IAH,3
DAL,TUL,3
DMK,TPE,3
EWR,LIS,3
GSO,PHL,3
HFE,SYX,3
IAH,CVG,3
ICN,FRA,3
IXB,HYD,3
KIX,WUX,3
LAX,FAT,3
LIS,EWR,3
MRS,ORY,3
ORY,MRS,3
PHL,DCA,3
PHL,GSO,3
PVU,DFW,3
SYX,HFE,3
TAO,TYN,3
THE,BSB,3
TPE,DMK,3
TRD,MQN,3
TUL,DAL,3
VDC,GRU,3
WUX,KIX,3
ALB,ATL,3
ATL,ALB,3
ATL,ROC,3
CEB,PUS,3
CPT,HDS,3
CUN,DTW,3
DFW,PVU,3
DTW,CUN,3
DUS,ADB,3
FAT,LAX,3
HDS,CPT,3
HYD,IXB,3
KUL,LBU,3
LBU,KUL,3
MVD,PTY,3
ROC,ATL,3
TUN,DJE,3
ATL,SBN,3
CGO,CTU,3
CTU,CGO,3
EDI,LTN,3
IAH,SJU,3
KWE,NTG,3
LTN,EDI,3
PDL,SMA,3
PTY,MVD,3
SBN,ATL,3
SJU,IAH,3
SMA,PDL,3
CLT,GRR,3
CMH,LAS,3
GRR,CLT,3
MSP,SDF,3
SDF,MSP,3
TJA,CBB,3
TYN,TAO,3
YUL,YWG,3
AKP,FAI,3
CBB,TJA,3
DEN,SBA,3
DEN,SDF,3
LAS,CMH,3
LAS,FLL,3
NAS,LGI,3
PNK,SUB,3
SBA,DEN,3
SDF,DEN,3
YWG,YUL,3
BET,KSM,3
EWR,TLV,3
IAD,YOW,3
ICN,HNL,3
LHR,BLR,3
LIR,NOB,3
MCO,PUJ,3
MLL,PQS,3
MOU,BET,3
MUC,MLA,3
NOB,LIR,3
PEK,UBN,3
PQS,BET,3
PRG,VIE,3
PUJ,MCO,3
PXU,HAN,3
UBN,PEK,3
VIE,PRG,3
YOW,IAD,3
ATL,FWA,3
BLR,LHR,3
BUR,PDX,3
BUS,TLV,3
CLT,MBJ,3
DFW,ORF,3
FLL,LAS,3
FWA,ATL,3
HNL,ICN,3
JER,SOU,3
MBJ,CLT,3
MLA,MUC,3
ORF,DFW,3
SJO,XQP,3
SOU,JER,3
VAR,SOF,3
ADL,MGB,3
ATH,CPH,3
AYT,ADB,3
CGK,XMN,3
CPH,VNO,3
DTM,KTW,3
FAE,CPH,3
KOE,SUB,3
KTW,DTM,3
MGB,ADL,3
PDX,BUR,3
PHL,BGR,3
SOF,VAR,3
SUB,KOE,3
TFU,XUZ,3
VNO,CPH,3
XMN,CGK,3
XUZ,TFU,3
AYT,RMO,3
BGR,PHL,3
CPH,ATH,3
DTW,LEX,3
HAK,SIN,3
KWI,HBE,3
LEX,DTW,3
PHX,YYC,3
RMO,AYT,3
YYC,PHX,3
ADB,AYT,3
BET,SCM,3
BOD,LGW,3
CDG,VLC,3
CPH,FAE,3
LGW,BOD,3
LHR,SNN,3
MSP,AMS,3
SNN,LHR,3
TAO,WNZ,3
TLV,EWR,3
VAK,BET,3
VLC,CDG,3
BKK,MFM,3
CGK,KOE,3
CLT,SJU,3
HET,SHA,3
IST,BSZ,3
JAI,IXC,3
KOE,CGK,3
LIS,RAK,3
MFM,BKK,3
PDX,MFR,3
PNH,SIN,3
RAK,LIS,3
SFO,TUS,3
SHA,HET,3
SIN,HAK,3
SIN,PNH,3
SJU,CLT,3
TUS,SFO,3
WNZ,TAO,3
ANU,EIS,3
BSZ,IST,3
ICN,YVR,3
IXC,JAI,3
MAD,LEI,3
TYN,HRB,3
YVR,ICN,3
AMS,MSP,3
ARN,OSD,3
BOS,BUF,3
BUF,BOS,3
CNX,KBV,3
DCA,YUL,3
FOR,SSA,3
GDL,FAT,3
IST,ERZ,3
LDY,LHR,3
LEI,MAD,3
LHR,LDY,3
MDT,ATL,3
MFR,PDX,3
OSD,ARN,3
PHL,SAN,3
SAN,PHL,3
SSA,FOR,3
SVQ,MAD,3
ATL,MDT,3
BTV,PHL,3
CGK,ICN,3
CLT,MSN,3
DOD,DAR,3
ERZ,IST,3
FAT,GDL,3
ICN,CGK,3
MAD,SVQ,3
MSN,CLT,3
PNQ,JAI,3
STM,BEL,3
YUL,DCA,3
BRU,TFS,3
CAN,LUM,3
FLR,MAD,3
HAN,KIX,3
HAN,PXU,3
HER,DUS,3
JED,SHJ,3
KIX,HAN,3
KMJ,NKM,3
MAD,FLR,3
MYR,EWR,3
AYT,BHX,3
DCA,TYS,3
ETM,TLV,3
EWR,MYR,3
EWR,SAV,3
LIM,MDE,3
MYR,BWI,3
NKM,KMJ,3
ORD,YOW,3
PHL,BTV,3
SAV,EWR,3
STN,VIE,3
VIE,STN,3
XNN,GOQ,3
YOW,ORD,3
AMD,IDR,3
ATL,PVD,3
BHX,AYT,3
DOH,FCO,3
DUS,HER,3
HRB,TYN,3
HRG,FRA,3
IDR,AMD,3
JNB,MSU,3
MDE,LIM,3
MSU,JNB,3
MYT,MDL,3
PVD,ATL,3
SJW,URC,3
BCN,NTE,3
BOG,SDQ,3
BWI,MYR,3
CGO,JHG,3
CKG,HKG,3
DTW,RIC,3
FCO,DOH,3
FRA,HRG,3
HKG,CKG,3
IAH,PIT,3
LAX,TPA,3
NTE,BCN,3
RIC,DTW,3
SDQ,BOG,3
URC,SJW,3
XNN,WUH,3
CGK,SOQ,3
CLT,ROC,3
JHG,CGO,3
KWE,YIW,3
PIT,IAH,3
ROC,CLT,3
YIW,KWE,3
ILR,ABV,3
MSP,RST,3
RST,MSP,3
TPA,LAX,3
FRA,POZ,3
HRB,HET,3
HYD,IXR,3
MXP,WAW,3
OPO,PDL,3
PDL,OPO,3
POZ,FRA,3
TYS,DCA,3
WAW,MXP,3
ANF,CCP,3
BER,FCO,3
DCA,SEA,3
HLP,MLG,3
LGA,OKC,3
LSE,ORD,3
MLG,HLP,3
ORD,LSE,3
PEK,NRT,3
SEA,DCA,3
ATL,MSN,3
CCP,ANF,3
DME,NSK,3
FCO,BER,3
GAU,IXA,3
IXA,GAU,3
MSN,ATL,3
NRT,PEK,3
OKC,LGA,3
WUH,XNN,3
YXL,YRL,3
AJA,NCE,3
ATL,NAS,3
AUS,MFE,3
BOG,MZL,3
CGH,CGB,3
CKG,CZX,3
CZX,CKG,3
MFE,AUS,3
MZL,BOG,3
NAS,ATL,3
NBO,ADD,3
NCE,AJA,3
PUW,SEA,3
SEA,PUW,3
YRL,YXL,3
ADD,NBO,3
AGP,LPL,3
BKK,CMB,3
CAI,MCT,3
CEB,PPS,3
CGB,CGH,3
EDI,TFS,3
HBE,KWI,3
HET,HRB,3
LPL,AGP,3
MCT,CAI,3
PPS,CEB,3
SGN,SZX,3
SZX,SGN,3
TFS,EDI,3
DAR,DOD,3
DEN,MSN,3
DMM,GIZ,3
GIZ,DMM,3
HFA,LCA,3
IOM,LPL,3
LAS,CLE,3
LPL,IOM,3
MCT,CCJ,3
MSN,DEN,3
XNN,NKG,3
AOJ,NKM,3
BLA,CCS,3
BRS,GLA,3
CCJ,MCT,3
CMB,BKK,3
DAL,LIT,3
GLA,BRS,3
HER,FRA,3
LIT,DAL,3
NKM,AOJ,3
SAW,SKP,3
SKP,SAW,3
ABY,ATL,3
ATL,ABY,3
ATL,DHN,3
AZO,DTW,3
CLT,HTS,3
DHN,ATL,3
DTW,AZO,3
HTS,CLT,3
LGW,NAP,3
NAP,LGW,3
NGB,SHE,3
NKG,XNN,3
SHE,NGB,3
STL,MCI,3
SXR,BOM,3
ATL,VLD,3
BAV,CGO,3
BOM,SXR,3
CGO,BAV,3
CLE,LAS,3
CUN,TIJ,3
FRA,HER,3
GOT,MUC,3
JNB,DAR,3
KUL,PKX,3
LCA,SKG,3
MUC,GOT,3
PKX,KUL,3
SKG,LCA,3
VLD,ATL,3
CLE,TPA,3
CTS,PUS,3
GRZ,MUC,3
KRK,STN,3
KWE,URC,3
LYS,MUC,3
MUC,GRZ,3
MUC,LYS,3
PUS,CTS,3
SHJ,JED,3
STN,KRK,3
SZX,YIW,3
TIJ,CUN,3
URC,KWE,3
YIW,SZX,3
BGY,SAW,3
DAD,SIN,3
FLL,CMH,3
MNL,SYD,3
SAW,BGY,3
SIN,DAD,3
SYD,MNL,3
TPA,CLE,3
BGI,LHR,3
BLL,CPH,3
BUF,EWR,3
DEN,LGB,3
DFW,PSP,3
EWR,BUF,3
GDL,LAS,3
ILR,LOS,3
LAS,GDL,3
LAX,STL,3
LGA,AVL,3
LGB,DEN,3
LHR,BGI,3
MDW,MSY,3
ORD,PUJ,3
PSP,DFW,3
PUJ,ORD,3
AVL,LGA,3
CAN,SWA,3
DTW,LAN,3
IAD,SCE,3
LAN,DTW,3
MSY,MDW,3
SAN,BOI,3
SCE,IAD,3
BOI,SAN,3
CMH,FLL,3
CRK,HKG,3
CUN,QRO,3
DRW,MEL,3
DXB,SVO,3
HAK,SJW,3
HKG,CRK,3
IQN,LHW,3
LHW,IQN,3
LPA,AMS,3
MEL,DRW,3
QRO,CUN,3
SVO,DXB,3
SVO,GYD,3
SWA,CAN,3
AVP,CLT,3
BEL,STM,3
BER,DOH,3
CGN,STN,3
DOH,BER,3
DUS,BER,3
GYD,SVO,3
GYN,REC,3
NGB,TSN,3
RDU,MDW,3
RPR,CCU,3
SJW,HAK,3
STN,CGN,3
AMS,LPA,3
BET,OOK,3
CCU,RPR,3
CLT,AVP,3
HRB,NGB,3
MIA,SCL,3
REC,GYN,3
SCL,MIA,3
SEA,TPA,3
SOU,GCI,3
TPA,SEA,3
ALC,EIN,3
AMS,IBZ,3
BGR,DCA,3
DSM,DTW,3
DTW,DSM,3
EIN,ALC,3
FRA,OPO,3
FRO,OSL,3
HER,LGW,3
HFE,NNG,3
JRO,NBO,3
MCI,STL,3
MUC,SOF,3
NCE,BRU,3
NNG,HFE,3
OPO,FRA,3
OSL,FRO,3
PHL,SDF,3
SDF,PHL,3
SOF,MUC,3
YLW,YYJ,3
YYJ,YLW,3
BER,DUS,3
CFU,LGW,3
CGK,DJJ,3
CLT,MKE,3
DCA,BGR,3
DCA,SDF,3
DJJ,CGK,3
DUS,LPA,3
HAM,HEL,3
HEL,HAM,3
IAO,CRK,3
IBZ,AMS,3
LGW,CFU,3
MCI,SLC,3
MKE,CLT,3
SDF,DCA,3
SLC,MCI,3
TIA,MXP,3
AUS,ELP,3
BRU,NCE,3
ELP,AUS,3
GCI,SOU,3
MEX,QRO,3
MYR,PHL,3
NAP,CDG,3
NAT,REC,3
OUD,ORY,3
PHL,MYR,3
REC,NAT,3
TSN,NGB,3
BKK,FRA,3
CCU,IXS,3
CDG,NAP,3
DCA,BHM,3
FRA,BKK,3
IXS,CCU,3
LPA,DUS,3
QRO,MEX,3
TSR,MUC,3
BER,TLV,3
CMN,LIS,3
CPH,PMI,3
LIS,CMN,3
MUC,TSR,3
TLV,BER,3
AMS,CUR,3
BBA,PMC,3
BFI,FRD,3
BHM,DCA,3
BOS,MSY,3
DXB,MEL,3
IAD,MDT,3
KOJ,UKB,3
LIS,YYZ,3
MAD,PNA,3
MDT,IAD,3
MID,GDL,3
MSY,BOS,3
NGB,HRB,3
PMC,BBA,3
PMI,CPH,3
STV,BLR,3
TAS,BHK,3
UKB,KOJ,3
VLC,AGP,3
YYZ,LIS,3
AGP,VLC,3
AMA,IAH,3
BLR,STV,3
GDL,MID,3
IAH,AMA,3
MEL,DXB,3
PNA,MAD,3
BHD,LGW,3
DTW,ORF,3
KCH,SIN,3
LBS,SUV,3
LGW,BHD,3
LGW,HER,3
LGW,ZRH,3
MAN,ZRH,3
OGZ,VKO,3
ORF,DTW,3
SIN,KCH,3
VKO,OGZ,3
ZRH,LGW,3
ZRH,MAN,3
ARN,WAW,3
BSL,BUD,3
BUD,BSL,3
CPH,BLL,3
MDW,SAN,3
PVR,SFO,3
SFO,PVR,3
SUV,LBS,3
ADZ,MDE,3
DUB,NCL,3
GMP,PEK,3
MDE,ADZ,3
NCL,DUB,3
ORK,STN,3
PEK,GMP,3
SAN,BWI,3
SHE,CTU,3
STN,ORK,3
WAW,ARN,3
ATL,SMF,3
BGY,SUF,3
CTU,SHE,3
DOH,FRA,3
FRA,DOH,3
NRT,YVR,3
SMF,ATL,3
SUF,BGY,3
TLV,ETM,3
YVR,NRT,3
DAC,DEL,3
DEL,DAC,3
EZE,IGR,3
LHR,KUL,3
MDW,SDF,3
MFR,SFO,3
MUC,HRG,3
STL,EWR,3
FLL,PIT,3
HKG,NGB,3
IST,TGD,3
KUL,LHR,3
KWE,TYN,3
LGW,PVG,3
NGB,HKG,3
PVG,LGW,3
SAT,SLC,3
SFO,MFR,3
SOQ,CGK,3
TYN,KWE,3
BQN,MCO,3
DCA,GSP,3
DLC,HFE,3
EWR,STL,3
FUJ,NGS,3
HFE,DLC,3
HNL,YVR,3
ICN,PKX,3
NGS,FUJ,3
PKX,ICN,3
RSW,STL,3
SAN,MDW,3
SDF,MDW,3
SLC,SAT,3
STL,RSW,3
TGD,IST,3
YUL,YEG,3
YVR,HNL,3
BRI,BGY,3
FRA,DEL,3
IXR,HYD,3
MCO,BQN,3
PMO,PSA,3
PSA,PMO,3
VCE,NAP,3
YEG,YUL,3
CLT,OMA,3
DAD,MFM,3
DEL,FRA,3
FKB,PMI,3
GSP,DCA,3
MFM,DAD,3
NAP,VCE,3
PMI,FKB,3
YYG,YYZ,3
YYZ,YYG,3
ABQ,ATL,3
AMS,RIX,3
ATL,ABQ,3
BGY,BRI,3
CLT,FLO,3
CPH,SGD,3
DUB,ALC,3
FLO,CLT,3
MCI,HOU,3
OMA,CLT,3
PIT,FLL,3
RIX,AMS,3
SZB,TGG,3
TGG,SZB,3
ALC,DUB,3
AUA,EWR,3
BHM,LGA,3
CSX,WUX,3
EWR,AUA,3
LGA,BHM,3
LOS,ILR,3
PBC,TIJ,3
TIJ,PBC,3
WUX,CSX,3
YFC,YUL,3
YUL,YFC,3
DFW,PIA,3
DXB,TBS,3
EUG,SFO,3
GRU,ASU,3
HOU,MCI,3
NSK,DME,3
PEE,AER,3
PHX,COS,3
TBS,DXB,3
DEN,GUC,3
GUC,DEN,3
HRB,SYX,3
KHN,SHE,3
LYB,GCM,3
SFO,EUG,3
SVO,HRG,3
ASU,GRU,3
BNE,PPP,3
BTH,PLM,3
HRG,SVO,3
PHL,PUJ,3
PPP,BNE,3
PUJ,PHL,3
RSW,YYZ,3
SHE,KHN,3
TNA,FOC,3
YYZ,RSW,3
CDG,CFE,3
CFE,CDG,3
DEN,YYC,3
FOC,TNA,3
HRG,MUC,3
MSY,LAS,3
OTZ,PHO,3
PIA,DFW,3
PLM,BTH,3
PND,BZE,3
WBB,OME,3
AGP,OSL,3
BLQ,LHR,3
CEB,TPE,3
COS,PHX,3
CXH,YGG,3
IAH,PTY,3
LHR,BLQ,3
LHW,SHE,3
ORY,OUD,3
POS,MIA,3
PTY,IAH,3
SGD,CPH,3
SHE,LHW,3
TPE,CEB,3
YGG,CXH,3
YYC,DEN,3
DUJ,IAD,3
KCA,YIN,3
LJG,WUH,3
MIA,POS,3
OSL,AGP,3
PCN,WLG,3
STL,LAX,3
WUH,LJG,3
YIN,KCA,3
DUJ,PIT,3
EVN,MRV,3
FCO,GRU,3
GRU,FCO,3
HYD,SIN,3
KWI,SHJ,3
MRV,EVN,3
SHJ,KWI,3
WLG,PCN,3
YKA,YYC,3
YYC,YKA,3
AER,PEE,3
SIN,HYD,3
STN,VCE,3
VCE,STN,3
VIE,ZAG,3
AKL,OOL,3
FCO,TIA,3
OAX,TIJ,3
OOL,AKL,3
SGY,HNS,3
SHA,TNA,3
TIA,FCO,3
TIJ,OAX,3
ZAG,VIE,3
BEY,AUH,3
CMN,DSS,3
FNC,LGW,3
LGW,FNC,3
UIO,MIA,3
BWI,SAN,3
DFW,RAP,3
GLA,LTN,3
IAD,DUJ,3
MIA,UIO,3
RAP,DFW,3
JFK,NAS,3
KWL,TNA,3
LTN,GLA,3
MDW,RDU,3
NAS,JFK,3
ORN,ORY,3
ORY,ORN,3
PIT,DUJ,3
SAW,KWI,3
TPA,HOU,3
ABZ,SVG,3
CAI,FRA,3
CLO,PSO,3
CWA,ORD,3
DSS,CMN,3
FRA,CAI,3
KWI,SAW,3
NTG,PEK,3
ORD,CWA,3
PEK,NTG,3
PSO,CLO,3
SVG,ABZ,3
TNA,SHA,3
CDG,PVG,3
CTU,YTY,3
ICN,IST,3
MAA,VTZ,3
MDL,RGN,3
TNA,KWL,3
VTZ,MAA,3
YTY,CTU,3
BWI,CUN,3
BWI,SAV,3
CNQ,AEP,3
CUN,BWI,3
EWR,DUB,3
FCO,OTP,3
IST,ICN,3
MAA,TRV,3
OTP,FCO,3
PVG,CDG,3
BER,BUD,3
BNA,SFO,3
BUD,BER,3
DUB,EWR,3
HOU,TPA,3
SAV,BWI,3
TRV,MAA,3
UPG,DJJ,3
DLC,CZX,3
JFK,RIC,3
MEX,MTT,3
MTT,MEX,3
FRA,TLL,3
ISB,SHJ,3
KDO,MLE,3
RIC,JFK,3
SFO,BNA,3
TLL,FRA,3
BSL,MUC,3
BVA,DUB,3
CDG,PEK,3
CGK,NRT,3
CGQ,SJW,3
DUB,BVA,3
HEL,KTT,3
MUC,BSL,3
NRT,CGK,3
PEK,CDG,3
SJW,CGQ,3
ABZ,MAN,3
AUH,BEY,3
BIO,PMI,3
BNE,ISA,3
CZX,DLC,3
EAS,MAD,3
ISA,BNE,3
MAD,EAS,3
MAN,ABZ,3
PMI,BIO,3
SFO,GEG,3
SLC,STL,3
STL,SLC,3
BEG,SVO,3
CGO,HMI,3
CMB,SHJ,3
GEG,SFO,3
HAJ,SAW,3
HMI,CGO,3
MRV,DME,3
NAG,PNQ,3
PSA,STN,3
SAW,HAJ,3
STN,PSA,3
BDL,TPA,3
BOB,RFP,3
BRI,TIA,3
BSB,SLZ,3
DOH,HKT,3
EWR,YQB,3
LKL,TOS,3
SHJ,CMB,3
TIA,BRI,3
TOS,LKL,3
YQB,EWR,3
BOG,CCS,3
CGK,LBJ,3
HKT,DOH,3
LIS,MRS,3
NNG,SYX,3
PNQ,NAG,3
SAW,ARN,3
SYD,GFF,3
SYX,NNG,3
BNA,CMH,3
CCS,BOG,3
CHO,ORD,3
DEL,IXD,3
DMK,HKG,3
HEL,IVL,3
HKG,DMK,3
IST,MLX,3
IXD,DEL,3
MLX,IST,3
MRS,LIS,3
ORD,CHO,3
SHE,YTY,3
SVO,BEG,3
TPA,BDL,3
AUS,STL,3
BKO,DSS,3
BOG,PUU,3
CMH,BNA,3
EWR,BTV,3
HYD,MCT,3
KIH,MHD,3
LGA,ROC,3
LGW,LYS,3
LYS,LGW,3
MCT,HYD,3
MHD,KIH,3
PUU,BOG,3
ROC,LGA,3
YHU,YQB,3
YTY,SHE,3
ARN,SAW,3
BTV,EWR,3
DEL,MCT,3
FUO,PKX,3
GRU,PMW,3
HAK,FOC,3
LGA,SYR,3
MCO,MHT,3
MCT,DEL,3
PMW,GRU,3
STL,AUS,3
SYR,LGA,3
CJJ,NRT,3
DME,MRV,3
MEX,YVR,3
NGB,SWA,3
NPL,WLG,3
NRT,CJJ,3
WLG,NPL,3
YVR,MEX,3
BNA,CLE,3
EZS,IST,3
HOU,ABQ,3
IST,EZS,3
LIS,NCE,3
MHT,MCO,3
MXP,OLB,3
NCE,LIS,3
PKX,FUO,3
RDD,SFO,3
SWA,NGB,3
ABQ,HOU,3
CRW,ORD,3
DEL,HND,3
DFW,EVV,3
DTW,SAT,3
EVV,DFW,3
FRA,RIX,3
LGW,RHO,3
MBJ,MIA,3
MIA,MBJ,3
MOL,BGO,3
OLB,MXP,3
ORD,CRW,3
SAT,DTW,3
SFO,RDD,3
TUN,FRA,3
BWI,CLE,3
CLE,BNA,3
CLE,BWI,3
IAD,SDF,3
IBZ,LGW,3
IOM,MAN,3
MAN,IOM,3
MAN,PRG,3
MIG,SZX,3
ORD,AZO,3
ORN,CDG,3
PRG,MAN,3
RHO,LGW,3
RIX,FRA,3
SZX,MIG,3
AZO,ORD,3
BNA,SAT,3
BOS,LIS,3
BVA,OPO,3
CDG,ORN,3
DFW,SJU,3
HND,DEL,3
KWE,TAO,3
LAS,MSY,3
LGW,IBZ,3
LIS,BOS,3
OPO,BVA,3
SLZ,BSB,3
TAO,KWE,3
ACC,ABJ,3
AMM,SHJ,3
AMS,MME,3
BHM,DAL,3
BKI,MYY,3
DAL,BHM,3
DYG,PVG,3
FRA,TUN,3
MHH,NAS,3
MME,AMS,3
MYD,LAU,3
MYY,BKI,3
PVG,DYG,3
SDF,IAD,3
SHJ,AMM,3
SJU,DFW,3
CRL,MAN,3
IAO,MNL,3
IST,SIN,3
JER,GCI,3
LBJ,CGK,3
MAD,NAP,3
MAN,CRL,3
MNL,IAO,3
NAS,MHH,3
SYY,GLA,3
BAH,CAI,3
BRS,CDG,3
CDG,BRS,3
GLA,SYY,3
HEL,BRU,3
IST,DUB,3
IST,MQM,3
MQM,IST,3
NAP,MAD,3
SIN,IST,3
BHY,PVG,3
BRU,HEL,3
DUB,IST,3
KGL,ADD,3
SHJ,ISB,3
WTL,BET,3
BNE,HVB,3
DAC,RUH,3
GYE,JFK,3
JFK,GYE,3
JNB,MRU,3
MHT,CLT,3
MRU,JNB,3
ORD,ASE,3
TNA,KHN,3
AQP,CUZ,3
ASE,ORD,3
BNA,MKE,3
CUZ,AQP,3
DAC,CAN,3
HVB,BNE,3
MKE,BNA,3
RUH,DAC,3
ZNZ,TGT,3
BAH,LHR,3
BDL,SJU,3
BEL,CNF,3
CAI,BAH,3
CAN,DAC,3
CLT,MHT,3
CRP,HOU,3
HAK,TYN,3
HOU,CRP,3
KHN,TNA,3
KSH,THR,3
LHR,BAH,3
THR,KSH,3
GOJ,LED,3
GRU,UDI,3
LED,GOJ,3
MIA,CHS,3
SHE,FOC,3
TGT,ZNZ,3
UDI,GRU,3
BGY,CRL,3
CHS,MIA,3
CNF,BEL,3
COV,ESB,3
CRL,BGY,3
ESB,COV,3
FOC,SHE,3
SJU,BDL,3
TYN,HAK,3
XIY,DLU,3
DLU,XIY,3
FLL,PUJ,3
FOC,HAK,3
GVA,VIE,3
KMG,ZHA,3
MFM,NKG,3
NKG,MFM,3
PUJ,FLL,3
SFO,YYC,3
VIE,GVA,3
YYC,SFO,3
ZHA,KMG,3
BHY,WUH,3
CAI,MJI,3
CRL,OTP,3
GRX,MAD,3
JJN,WUH,3
KWI,MCT,3
MAD,GRX,3
MCT,KWI,3
MJI,CAI,3
OTP,CRL,3
RGN,MDL,3
WUH,BHY,3
WUH,JJN,3
AEP,MVD,3
LBB,DEN,3
PKX,NKG,3
YTS,YYZ,3
YYZ,YTS,3
AYT,AER,3
DEN,LBB,3
IJK,SVO,3
KWE,HYN,3
NKG,PKX,3
SVO,IJK,3
BEN,TUN,3
CAI,CDG,3
CDG,CAI,3
HID,CNS,3
JFK,BCN,3
TUN,BEN,3
AER,AYT,3
AGP,LIS,3
CMI,ORD,3
CUL,GDL,3
GDL,CUL,3
HPB,BET,3
HYN,KWE,3
IST,ZAG,3
KBV,CNX,3
LIS,AGP,3
MPL,ORY,3
ZAG,IST,3
ATQ,BOM,3
BCN,JFK,3
BER,LGW,3
BOM,ATQ,3
BUD,CRL,3
CRL,BUD,3
DAY,IAD,3
DFW,ROW,3
JAI,PNQ,3
LGW,BER,3
MAD,SDQ,3
ORY,MPL,3
PMC,PUQ,3
RHO,TLV,3
ROW,DFW,3
SAT,BNA,3
TZA,SPR,3
ABZ,LSI,3
BKK,URT,3
DLC,WUX,3
DMK,NRT,3
DPS,CAN,3
IAD,DAY,3
LHW,KWE,3
LSI,ABZ,3
NKG,INC,3
RGN,TVY,3
SDQ,MAD,3
SIN,BWN,3
URT,BKK,3
WAG,AKL,3
WUX,DLC,3
CAN,DPS,3
DEN,TYS,3
EWR,ROC,3
INC,NKG,3
KWE,LHW,3
MLE,DOH,3
NNG,CKG,3
ORD,CMI,3
OSL,WAW,3
RIX,CPH,3
TYS,DEN,3
WAW,OSL,3
CPH,RIX,3
DOH,MLE,3
DXB,PRG,3
EVN,LCA,3
KRK,VIE,3
LCA,EVN,3
MVD,AEP,3
MXP,RAK,3
PDL,PIX,3
PRG,DXB,3
RAK,MXP,3
ROC,EWR,3
VIE,KRK,3
WNZ,CTU,3
BHH,RUH,3
BLQ,PMO,3
BWN,SIN,3
CLT,EVV,3
EVV,CLT,3
HEH,RGN,3
LHR,TLS,3
PIX,PDL,3
PKN,SRG,3
PMO,BLQ,3
RUH,BHH,3
SRG,PKN,3
TLS,LHR,3
ARN,IST,3
ARN,LGW,3
CAI,CMN,3
CGH,JOI,3
CLE,RSW,3
CTU,WNZ,3
DEN,JAX,3
IST,ARN,3
JAX,DEN,3
JNB,PTG,3
JOI,CGH,3
LGW,ARN,3
CMN,CAI,3
CSX,YNT,3
DGO,MEX,3
GCI,JER,3
GJT,PHX,3
ORD,LAF,3
OTP,OMR,3
PLZ,DUR,3
PTG,JNB,3
RSW,CLE,3
SAW,GNY,3
TLS,NTE,3
BSZ,DME,3
CKG,NNG,3
DME,BSZ,3
DUR,PLZ,3
LAF,ORD,3
MEX,DGO,3
PHX,GJT,3
YNT,CSX,3
AGP,TFN,3
BLQ,VIE,3
BOM,JDH,3
BSB,NAT,3
DOH,MED,3
LHR,PHL,3
LIM,TYL,3
LXA,NGQ,3
MUC,SKG,3
NAT,BSB,3
NGQ,LXA,3
NRT,DMK,3
PHL,LHR,3
SKG,MUC,3
TFN,AGP,3
TYL,LIM,3
VIE,BLQ,3
AGP,LPA,3
CPX,SIG,3
DAC,MCT,3
DLG,KGK,3
HAJ,VIE,3
KEK,DLG,3
LPA,AGP,3
MED,DOH,3
MFK,TSA,3
NCL,ALC,3
OMR,OTP,3
TFS,EMA,3
TLV,MAD,3
TSA,MFK,3
TVY,RGN,3
VIE,HAJ,3
ALC,NCL,3
BIO,FRA,3
BNA,PNS,3
CHS,BNA,3
DFW,GSO,3
DXB,BSR,3
EMA,TFS,3
FRA,BIO,3
IAD,LNS,3
JDH,BOM,3
LNS,IAD,3
MUC,TRN,3
PMO,VRN,3
PNS,BNA,3
PUQ,PMC,3
TRN,MUC,3
VRN,PMO,3
BSR,DXB,3
CAN,TPE,3
CYZ,MNL,3
DSS,BKO,3
GNY,SAW,3
GSO,DFW,3
IAD,GSP,3
MNL,CYZ,3
MSP,SAT,3
SAT,MSP,3
SCY,GYE,3
TLV,RHO,3
TPE,CAN,3
BET,KKH,3
BGY,CAG,3
BNA,CHS,3
CAG,BGY,3
DFW,GJT,3
DXB,ZNZ,3
EEK,BET,3
GIG,NVT,3
GSP,IAD,3
LPL,TFS,3
LUP,MKK,3
MKK,LUP,3
NVT,GIG,3
TFS,LPL,3
CAI,MAD,3
CHC,BHE,3
CNS,HID,3
EWR,SRQ,3
GJT,DFW,3
KMG,XNN,3
LED,VOG,3
NBO,BOM,3
ORD,BOI,3
PEK,XNN,3
SRQ,EWR,3
VOG,LED,3
XNN,PEK,3
BHE,CHC,3
BNA,SAN,3
BOI,ORD,3
BOM,NBO,3
DME,EVN,3
EDI,FRA,3
FRA,EDI,3
IND,MIA,3
JJN,XIY,3
KRR,LED,3
LHE,SHJ,3
MIA,IND,3
BER,WAW,3
BKI,PEN,3
BOS,KEF,3
DCA,PNS,3
FRD,ESD,3
HAM,WAW,3
KEF,BOS,3
LED,KRR,3
NQZ,KZO,3
ORY,RBA,3
SHJ,LHE,3
WAW,BER,3
ABJ,ACC,3
AKL,WAG,3
DOH,JFK,3
GYE,SCY,3
ICN,RMQ,3
JFK,DOH,3
KZO,NQZ,3
PEN,BKI,3
PNS,DCA,3
RMQ,ICN,3
WAW,HAM,3
XIY,JJN,3
ZUH,HFE,3
BGO,MOL,3
CMH,IAH,3
HFE,ZUH,3
IAH,CMH,3
KEF,OSL,3
OSL,KEF,3
ATL,ONT,3
COD,DEN,3
DEN,COD,3
DEN,LHR,3
EZS,SAW,3
LHR,DEN,3
LOH,UIO,3
ONT,ATL,3
SGC,SVO,3
SVO,SGC,3
UIO,LOH,3
CGH,UDI,3
GFF,SYD,3
MIM,MYA,3
MYA,SYD,3
PRG,BRU,3
RBA,ORY,3
SZX,JHG,3
UDI,CGH,3
XNN,KMG,3
AMS,TRD,3
DXB,BUD,3
FRA,LPA,3
HYD,SAG,3
IST,OSL,3
JHG,SZX,3
LGW,VLC,3
OSL,IST,3
SAW,EZS,3
SJJ,IST,3
TRD,AMS,3
VLC,LGW,3
EVN,DME,3
FRA,LJU,3
IST,SJJ,3
LJU,FRA,3
LOP,KUL,3
MEL,ZQN,3
SAG,HYD,3
YBL,YVR,3
YVR,YBL,3
ZQN,MEL,3
CPT,MQP,3
INC,HFE,3
MQP,CPT,3
XMN,BKK,3
BKK,MEL,3
BKK,XMN,3
BRU,PRG,3
HAK,TSN,3
MEL,BKK,3
AGP,LBA,3
CAI,TIF,3
DUS,LIS,3
KDM,MLE,3
LBA,AGP,3
LIS,DUS,3
LYB,CYB,3
ORY,SVQ,3
SVQ,ORY,3
DTW,PVD,3
HFE,INC,3
LCY,RTM,3
LKY,JRO,3
MUC,HER,3
PVD,DTW,3
RTM,LCY,3
SAN,BNA,3
SBA,SLC,3
SLC,SBA,3
TSN,HAK,3
DSN,XIY,3
HER,MUC,3
MNL,OZC,3
MOL,OSL,3
NQZ,UKK,3
OSL,MOL,3
OZC,MNL,3
PPT,RGI,3
UKK,NQZ,3
BOG,EZE,3
CZX,XMN,3
EZE,BOG,3
FRA,TLS,3
JDH,DEL,3
KUL,LOP,3
MCT,BKK,3
SUB,PKY,3
TLS,FRA,3
XIY,DSN,3
XMN,CZX,3
BKK,MCT,3
DAD,HPH,3
DEL,JDH,3
DXB,IXE,3
HPH,DAD,3
IXE,DXB,3
MRS,MUC,3
MUC,MRS,3
PKY,SUB,3
ATH,BUD,3
BUD,ATH,3
FRA,MRS,3
MRS,FRA,3
MXP,PRG,3
PRG,MXP,3
CMH,TPA,3
CWB,CNF,3
EGE,DFW,3
KHN,LHW,3
KIX,CAN,3
MCT,DAC,3
OSL,KSU,3
OUA,NIM,3
TLV,SOF,3
ADB,FRA,3
BOG,UIB,3
CAN,KIX,3
CKG,YNT,3
CNF,CWB,3
FRA,ADB,3
TPA,CMH,3
CGQ,CKG,3
CKG,CGQ,3
DFW,EGE,3
DNZ,IST,3
FAO,ORY,3
FOG,TQR,3
IST,DNZ,3
KMG,SIN,3
KSU,OSL,3
ORY,FAO,3
PKX,HFE,3
SIN,KMG,3
SYX,HRB,3
YNT,CKG,3
ADD,TLV,3
BCN,LTN,3
HFE,PKX,3
LTN,BCN,3
OMS,SVO,3
SVO,OMS,3
UIB,BOG,3
CAE,IAD,3
CUZ,PEM,3
EWR,YHZ,3
JFK,PDX,3
KHV,VVO,3
PDX,JFK,3
PEM,CUZ,3
VXE,RAI,3
ABE,CLT,3
CEK,AER,3
CLT,ABE,3
CRK,CEB,3
DSM,LGA,3
EBL,BGW,3
EWR,SDF,3
IAD,CAE,3
LHW,KHN,3
SDF,EWR,3
TCG,URC,3
URC,TCG,3
YHZ,EWR,3
AER,CEK,2
CDG,BKK,2
DUD,WLG,2
EMA,PMI,2
HGH,SIN,2
LGA,DSM,2
SIN,HGH,2
WLG,DUD,2
ADD,GMB,2
BKK,CDG,2
GIG,MCZ,2
GMB,ADD,2
PMI,EMA,2
PRG,LTN,2
CLT,SHV,2
CPH,MAD,2
DPL,MNL,2
HNL,SJC,2
LTN,PRG,2
MAD,CPH,2
MLE,KDM,2
MNL,DPL,2
SHV,CLT,2
TNA,ZUH,2
CEB,CRK,2
CKG,YIW,2
MCZ,GIG,2
SJC,HNL,2
YIW,CKG,2
BUD,LGW,2
CAN,KTI,2
LGW,BUD,2
MEM,MSP,2
RIX,WAW,2
TIF,CAI,2
DTW,MSY,2
MSP,MEM,2
WAW,RIX,2
ZUH,TNA,2
CPH,KRK,2
CUN,CZM,2
DRW,SYD,2
DZA,RUN,2
JED,ALG,2
KRK,CPH,2
KTI,CAN,2
MSY,DTW,2
SAT,ELP,2
SOF,TLV,2
SYD,DRW,2
BUD,DXB,2
CAC,GRU,2
CZM,CUN,2
GRU,CAC,2
LMN,MYY,2
MYY,LMN,2
SCL,ZAL,2
SHA,SJW,2
ZAL,SCL,2
BOM,IXD,2
HEL,VIE,2
HYD,IXE,2
IXD,BOM,2
OVB,SGC,2
SHA,INC,2
VIE,HEL,2
YWL,YVR,2
BER,MAN,2
CLE,PHX,2
INC,SHA,2
LUN,LVI,2
LVI,LUN,2
MAN,BER,2
TLV,ADD,2
AGP,VIE,2
AMS,ORK,2
ANU,DOM,2
BJV,ESB,2
ESB,BJV,2
HNS,SGY,2
IST,ORY,2
IXE,HYD,2
LPA,FRA,2
MUC,TLS,2
ORK,AMS,2
PHX,CLE,2
RSW,IND,2
SDF,MCO,2
SJW,SHA,2
TLS,MUC,2
VIE,AGP,2
AEP,SDE,2
ALA,URC,2
EWR,FRA,2
FRA,EWR,2
MCO,SDF,2
ORY,IST,2
URC,ALA,2
CSX,HET,2
GDL,VER,2
HET,CSX,2
IND,RSW,2
LGA,RSW,2
RSW,LGA,2
SFO,BWI,2
VER,GDL,2
XNN,URC,2
BWI,SFO,2
CGN,IST,2
CRL,TIA,2
IST,CGN,2
LYS,OPO,2
OPO,LYS,2
RAI,LIS,2
RDM,PDX,2
SKB,ANU,2
TIA,CRL,2
DOH,ISB,2
FLL,HPN,2
HPN,FLL,2
SOF,STN,2
STN,SOF,2
STN,TIA,2
TIA,STN,2
ABT,RUH,2
AYT,PAD,2
CLT,SLC,2
CRL,SAW,2
ELP,SAT,2
ERZ,ESB,2
ESB,ERZ,2
HOU,SAN,2
IAH,LCH,2
LCH,IAH,2
PRN,VIE,2
RUN,DZA,2
SAW,CRL,2
SLC,CLT,2
SYX,TSN,2
TSN,SYX,2
VIE,PRN,2
ISB,DOH,2
MIA,YUL,2
PDX,RDM,2
PRG,STN,2
STN,PRG,2
TFU,YIW,2
WLG,ZQN,2
YIW,TFU,2
YUL,MIA,2
ZQN,WLG,2
FCO,TUN,2
JNB,MUB,2
RUH,ABT,2
SAW,VAN,2
VAN,SAW,2
YTY,CGQ,2
BEW,MPM,2
BOO,MQN,2
CGN,BCN,2
CGQ,YTY,2
GEO,POS,2
HAJ,CDG,2
TUN,FCO,2
ZAH,THR,2
BCN,CGN,2
BOS,CUN,2
CDG,HAJ,2
CUN,BOS,2
HYD,TRV,2
LIN,SUF,2
PAD,AYT,2
SGC,OVB,2
SUF,LIN,2
THR,ZAH,2
URC,XNN,2
AGM,KUS,2
ATH,BEG,2
BEG,ATH,2
CJU,KUV,2
KUS,AGM,2
KUV,CJU,2
MBA,WIL,2
MPM,BEW,2
MQN,BOO,2
SFO,CUN,2
TFU,JJN,2
TQR,FOG,2
TRV,HYD,2
YYZ,DEL,2
CUN,SFO,2
DXB,NQZ,2
JJN,TFU,2
NQZ,DXB,2
PVG,SYD,2
SJO,FLL,2
SYD,PVG,2
VVO,KHV,2
BAL,IST,2
BIL,SEA,2
CAN,YCU,2
DNH,XIY,2
HEL,PRG,2
HYD,JED,2
IAH,OMA,2
IST,BAL,2
LCA,VIE,2
LJG,PEK,2
MUB,JNB,2
PEK,LJG,2
POS,GEO,2
PRG,HEL,2
SCQ,BIO,2
SEA,BIL,2
VTE,ICN,2
YCU,CAN,2
YDF,YYT,2
YYT,YDF,2
BIO,SCQ,2
CKG,LZY,2
FLL,SJO,2
ICN,VTE,2
LZY,CKG,2
PVG,TNA,2
REL,AEP,2
TNA,PVG,2
VIE,LCA,2
YEG,YYJ,2
YYJ,YEG,2
ABQ,SVC,2
BWI,SDF,2
MYJ,NRT,2
NRT,MYJ,2
ORY,PGF,2
PGF,ORY,2
SDF,BWI,2
SHJ,CGP,2
SVC,ABQ,2
SVO,ULV,2
UIN,ORD,2
ULV,SVO,2
XIY,DNH,2
ADL,DRW,2
DAV,PAC,2
DUS,PRN,2
FAI,AKP,2
FSC,MRS,2
HRB,ICN,2
ICN,HRB,2
KIH,SYZ,2
KWL,CGO,2
MRS,FSC,2
OMA,IAH,2
PAC,DAV,2
PRN,DUS,2
RAK,LYS,2
RDU,SEA,2
SEA,RDU,2
SWA,YIW,2
SYZ,KIH,2
BFS,NCL,2
CGO,KWL,2
DCA,ILM,2
DRW,ADL,2
FRA,SKG,2
ILM,DCA,2
LHE,AUH,2
NCL,BFS,2
NIM,OUA,2
SDJ,TPE,2
SKG,FRA,2
TPE,SDJ,2
ATL,SJC,2
BGW,EBL,2
BUF,TPA,2
DEL,HSR,2
JED,TAS,2
LPL,PMI,2
ORD,UIN,2
PMI,LPL,2
SJC,ATL,2
DEN,HLN,2
DMM,EAM,2
EAM,DMM,2
ESD,BFI,2
FAO,OPO,2
GDN,OSL,2
HLN,DEN,2
IPL,LAX,2
JOI,VCP,2
LAX,IPL,2
OPO,FAO,2
OSL,GDN,2
VCP,JOI,2
ALC,BFS,2
BCN,LYS,2
BFS,ALC,2
COS,DAL,2
CTS,HKG,2
CTU,XIC,2
DAL,COS,2
HKG,CTS,2
JNU,KAE,2
KAE,JNU,2
KWL,TFU,2
LYS,BCN,2
PTY,GIG,2
TFU,KWL,2
TPA,BUF,2
TSN,INC,2
XIC,CTU,2
ACE,STN,2
FLL,STL,2
GIG,PTY,2
IAH,SJD,2
INC,TSN,2
LHR,YVR,2
PHX,SGU,2
SGU,PHX,2
SJD,IAH,2
STN,ACE,2
YIW,SWA,2
YOW,YEG,2
YVR,LHR,2
AUH,LHE,2
GSO,IAD,2
IAD,GSO,2
MIA,PLS,2
MSP,BDL,2
MTY,SAT,2
MXP,AMS,2
PLS,MIA,2
SAT,MTY,2
YEG,YOW,2
AMS,MXP,2
BDL,MSP,2
KHI,AUH,2
KHN,SYX,2
LIS,LTN,2
LPA,LGW,2
LTN,LIS,2
NTE,RAK,2
RAK,NTE,2
RDU,SFO,2
SFO,RDU,2
SHJ,KTM,2
STL,FLL,2
YWG,YOW,2
YYZ,YQM,2
AUH,KHI,2
AYT,BSL,2
EGS,RKV,2
FAO,BHX,2
KIX,SZX,2
KTM,SHJ,2
LAX,MRY,2
LHW,YIN,2
LIS,VLC,2
MAD,TLV,2
MRY,LAX,2
RKV,EGS,2
SZX,KIX,2
VLC,LIS,2
YIN,LHW,2
YQM,YYZ,2
ANC,BET,2
BET,ANC,2
BHX,FAO,2
DRO,PHX,2
LGW,LPA,2
OGX,ALG,2
URC,HET,2
YOW,YWG,2
BCN,BRS,2
BRS,BCN,2
CMB,KWI,2
DMK,SAI,2
HET,URC,2
HKT,ICN,2
ICN,HKT,2
PHX,YVR,2
PUS,HAN,2
RMO,VIE,2
VIE,RMO,2
YVR,PHX,2
AUS,IND,2
BGY,SOF,2
HAN,PUS,2
IND,AUS,2
KWI,CMB,2
PHX,DRO,2
RMO,WAW,2
SAI,DMK,2
SOF,BGY,2
WAW,RMO,2
ARN,KRN,2
BRU,CMN,2
DFW,MLI,2
JED,HYD,2
KRN,ARN,2
LYS,RAK,2
MHD,AWZ,2
MPY,CAY,2
SEA,STL,2
STL,SEA,2
BKK,KTM,2
LKO,AMD,2
MAN,MLA,2
MLA,MAN,2
MLI,DFW,2
ORD,DAL,2
CMN,BRU,2
HET,HFE,2
HFE,HET,2
HRE,BUQ,2
KTM,BKK,2
LDB,VCP,2
MIA,SAV,2
OSL,SOG,2
SAV,MIA,2
SVO,PKX,2
VCP,LDB,2
YRL,YWG,2
YUL,YYT,2
YYT,YUL,2
AMD,GOI,2
AWZ,MHD,2
BUQ,HRE,2
HRB,JGD,2
HTI,SYD,2
INC,TAO,2
IVL,HEL,2
JGD,HRB,2
KMG,NTG,2
LAX,STS,2
NTG,KMG,2
PKX,SVO,2
SAN,HOU,2
TAO,INC,2
YWG,YRL,2
BHY,XIY,2
CKG,HET,2
GOI,AMD,2
HET,CKG,2
LAN,ORD,2
NTG,CSX,2
ORD,LAN,2
SYX,KHN,2
XIY,BHY,2
YUL,LHR,2
CPH,EDI,2
DUS,FUE,2
EDI,CPH,2
IST,GZP,2
LHR,YUL,2
MSR,IST,2
NRT,TAK,2
STS,LAX,2
SYD,HTI,2
SYD,MIM,2
TAK,NRT,2
BAH,DEL,2
BOD,MRS,2
BSL,AYT,2
DEL,BAH,2
GZP,IST,2
IST,MSR,2
MIA,STT,2
MRS,BOD,2
STT,MIA,2
COS,LAS,2
FLL,SEA,2
FUE,DUS,2
HAJ,IST,2
IST,HAJ,2
KIN,MIA,2
LED,MCX,2
MIA,KIN,2
MNL,DPS,2
AMM,AQJ,2
AQJ,AMM,2
AUS,MCI,2
CSX,NTG,2
DPS,MNL,2
DUS,HEL,2
FLL,MSP,2
HEL,DUS,2
IST,LIS,2
IST,NUE,2
MCX,LED,2
MSP,FLL,2
NUE,IST,2
PRN,SAW,2
SAW,PRN,2
SDE,AEP,2
SEA,FLL,2
CDG,SVQ,2
CNF,POA,2
GRR,MDW,2
LIS,IST,2
MCI,AUS,2
MDW,GRR,2
POA,CNF,2
SVQ,CDG,2
ADQ,ANC,2
ANC,ADQ,2
CGP,SHJ,2
DAL,ORD,2
DAV,PTY,2
PTY,DAV,2
PVD,TPA,2
TPA,PVD,2
DSN,PEK,2
FAO,AMS,2
FOR,VCP,2
LAS,COS,2
LAS,SBA,2
MJF,TRD,2
MSP,XWA,2
PEK,DSN,2
SBA,LAS,2
VCP,FOR,2
WUH,HUZ,2
XWA,MSP,2
AAT,URC,2
BEL,MAO,2
HET,SJW,2
IFN,KIH,2
KIH,IFN,2
MAD,NTE,2
NTE,MAD,2
SJW,HET,2
TAS,JED,2
AMS,FAO,2
ATH,BER,2
AXU,ADD,2
BER,ATH,2
CCS,MAD,2
HFE,JJN,2
URC,AAT,2
ADD,AXU,2
BCN,BHX,2
BFS,BRS,2
BRS,BFS,2
CLT,BTR,2
DFW,YVR,2
HUZ,WUH,2
JJN,HFE,2
KRK,OSL,2
LFW,ABJ,2
OSL,KRK,2
STR,ZRH,2
ZRH,STR,2
ALC,CPH,2
BHX,BCN,2
BTR,CLT,2
CPH,ALC,2
DWC,RUH,2
LAD,LIS,2
LHR,LYS,2
LYS,LHR,2
MAN,RAK,2
MCO,SAN,2
RAK,MAN,2
TFU,HKT,2
YVR,DFW,2
ABE,ORD,2
BGW,BSR,2
HKT,TFU,2
KSN,NQZ,2
MSP,ANC,2
NQZ,KSN,2
ORD,ABE,2
RUH,DWC,2
SAN,MCO,2
YVR,YXC,2
YXC,YVR,2
ANC,MSP,2
CMN,JED,2
HNL,SLC,2
JNB,UTN,2
LIS,LAD,2
MAD,CCS,2
SLC,HNL,2
UTN,JNB,2
YIN,KHG,2
AEP,RES,2
DTW,GSP,2
HAQ,MLE,2
JHG,WUH,2
LMM,MEX,2
MEX,LMM,2
MUC,TLV,2
RAI,VXE,2
WUH,JHG,2
AGP,BER,2
BER,AGP,2
CCP,CJC,2
FRA,TRN,2
GSP,DTW,2
KHG,YIN,2
OSL,BDU,2
TRN,FRA,2
ABJ,BKO,2
BDU,OSL,2
DTW,ELM,2
DXB,ICN,2
ELM,DTW,2
FRA,PEK,2
HSR,DEL,2
ICN,DXB,2
INC,WUH,2
LAS,GEG,2
LIL,NCE,2
NCE,LIL,2
PEK,FRA,2
TNJ,CGK,2
WUH,INC,2
ABJ,LFW,2
BIO,CDG,2
BSR,BGW,2
CDG,BIO,2
INV,LGW,2
KRK,LGW,2
KWL,XMN,2
LGW,KRK,2
LIS,TLS,2
LJG,HGH,2
TLS,LIS,2
XMN,KWL,2
COS,ORD,2
EZE,SLA,2
HAK,HUZ,2
IAD,LIS,2
LGW,INV,2
LIS,CPH,2
LIS,IAD,2
NTG,XIY,2
ORD,COS,2
ORD,SRQ,2
SRQ,ORD,2
VAK,HPB,2
CAE,ORD,2
CJC,CCP,2
CNX,HKG,2
CPH,LIS,2
CTG,MIA,2
HKG,CNX,2
MIA,CTG,2
MLE,AUH,2
XIY,NTG,2
ALG,OGX,2
BKO,ABJ,2
CSX,DLU,2
DUB,SOU,2
FRA,VLC,2
SOU,DUB,2
VLC,FRA,2
AUH,MLE,2
BLR,DED,2
CGK,TNJ,2
CUN,STL,2
DED,BLR,2
DFW,CAE,2
DME,GYD,2
FRA,LNZ,2
GEG,LAS,2
HGH,LJG,2
IST,KUL,2
LNZ,FRA,2
MCZ,REC,2
MEX,REX,2
OKC,LAX,2
ORD,CAE,2
REX,MEX,2
STL,CUN,2
ATH,DOH,2
BHD,SOU,2
BZN,MSP,2
CAE,DFW,2
DEN,PVR,2
DOH,ATH,2
FRA,GDN,2
GDN,FRA,2
HRG,BER,2
JNU,GST,2
KUL,IST,2
LAX,OKC,2
MSP,BZN,2
PVR,DEN,2
RDU,LAX,2
REC,MCZ,2
SOU,BHD,2
AMD,LKO,2
BER,HRG,2
CCU,DIB,2
IST,NAP,2
KKN,TOS,2
KWE,LJG,2
LJG,KWE,2
NAP,IST,2
TOS,KKN,2
BCN,OTP,2
BOG,GUA,2
BWI,MKE,2
DIB,CCU,2
DLU,CSX,2
LAX,RDU,2
YIF,YBX,2
GDL,SJC,2
GST,JNU,2
OTP,BCN,2
SJC,GDL,2
BOO,EVE,2
DAC,JSR,2
DEN,MEX,2
GUA,BOG,2
JHG,NKG,2
JSR,DAC,2
NKG,JHG,2
PTY,COR,2
AMS,KRS,2
BHM,MIA,2
COR,PTY,2
GYD,DME,2
HNL,PDX,2
HUZ,HAK,2
KRS,AMS,2
MAD,MAN,2
MAN,MAD,2
MIA,SXM,2
PVG,YIH,2
SXM,MIA,2
YIH,PVG,2
BER,OSL,2
GRU,VVI,2
HYD,NAG,2
MAO,BEL,2
MEX,DEN,2
MKE,BWI,2
OSL,BER,2
DAM,DXB,2
DXB,DAM,2
LGW,MCO,2
MCO,LGW,2
MIA,BHM,2
NAG,HYD,2
ORD,MUC,2
ORF,MCO,2
SBH,SFG,2
BRC,EZE,2
CNF,GVR,2
FLR,ORY,2
GVR,CNF,2
HAN,DOH,2
MCO,ORF,2
MUC,ORD,2
ORY,FLR,2
PDX,HNL,2
PVR,YVR,2
SAW,MLX,2
SHJ,DAM,2
ALG,CAI,2
ARN,BCN,2
BLR,RPR,2
BNE,CHC,2
DAM,SHJ,2
DOH,HAN,2
EOH,TLU,2
FRA,KTW,2
IBZ,ORY,2
KTW,FRA,2
MLX,SAW,2
ORY,IBZ,2
SOF,WAW,2
TBZ,MHD,2
TLU,EOH,2
TRD,MJF,2
WAW,SOF,2
YVR,PVR,2
BCN,ARN,2
BGI,GND,2
BIQ,ORY,2
CAI,ALG,2
CGQ,XUZ,2
HGH,BKK,2
JHB,DMK,2
JNB,DOH,2
KCA,URC,2
KJA,LED,2
LED,KJA,2
MEL,SGN,2
MHD,TBZ,2
ORY,BIQ,2
SGN,MEL,2
URC,KCA,2
WRO,MUC,2
XUZ,CGQ,2
ALG,AZR,2
BEG,LJU,2
CHC,BNE,2
DOH,JNB,2
DOH,NBO,2
GDL,PHX,2
MUC,WRO,2
NBO,DOH,2
PHX,GDL,2
TFS,FRA,2
ABZ,KOI,2
BKI,SIN,2
BKK,HGH,2
BNA,YYZ,2
CTU,DLU,2
DLU,CTU,2
DOH,GRU,2
DXB,MUC,2
GRU,DOH,2
KOI,ABZ,2
LJU,BEG,2
MUC,DXB,2
PMI,ARN,2
SIN,BKI,2
YYZ,BNA,2
ADD,AMH,2
AMH,ADD,2
ARN,PMI,2
ATH,DUS,2
ATH,LXS,2
BNA,VPS,2
CCJ,MAA,2
DUS,ATH,2
HKT,BOM,2
HLD,PKX,2
IAH,SAP,2
JFK,SXM,2
LHE,DOH,2
LXS,ATH,2
MAA,CCJ,2
MAN,LPA,2
PKX,HLD,2
SAP,IAH,2
SXM,JFK,2
VLC,ZRH,2
VPS,BNA,2
ZRH,VLC,2
AKU,YIN,2
BBI,MAA,2
BOM,HKT,2
BRS,ACE,2
BTJ,KUL,2
CGH,CGR,2
CGR,CGH,2
DOH,LHE,2
EZE,USH,2
FRA,TFS,2
GDL,LAP,2
IBZ,MAN,2
IST,MLA,2
KUL,BTJ,2
LAP,GDL,2
LAS,PIT,2
LIF,GEA,2
LPA,MAN,2
MAA,BBI,2
MAN,IBZ,2
MLA,IST,2
ACE,BRS,2
BIK,DJJ,2
BMI,ORD,2
CCS,STD,2
CDG,ORD,2
DMK,JHB,2
DXB,PEW,2
ELH,NAS,2
LUX,VIE,2
MUR,MYY,2
MYY,MUR,2
NQZ,SVO,2
ORD,BMI,2
ORD,CDG,2
STD,CCS,2
VIE,LUX,2
ATH,ORY,2
CKG,YTY,2
CKY,DSS,2
EWR,GSP,2
FCO,SVQ,2
FLL,RIC,2
LIS,RAI,2
LTN,KRK,2
ORY,ATH,2
PMI,MXP,2
SVO,NQZ,2
SVQ,FCO,2
YTY,CKG,2
AMS,SOU,2
BCN,CMN,2
BUD,CIA,2
CIA,BUD,2
CLJ,MUC,2
CMN,BCN,2
GSP,EWR,2
GYD,TLV,2
HET,SZX,2
KRK,LTN,2
MUC,CLJ,2
MXP,TFS,2
NCE,NTE,2
NTE,NCE,2
POM,BNE,2
RIC,FLL,2
SHE,WNZ,2
SOU,AMS,2
SZX,HET,2
TLV,GYD,2
WNZ,SHE,2
YIN,AKU,2
ABD,THR,2
BDL,FLL,2
BNE,POM,2
FLL,BDL,2
GDL,SMF,2
HGH,XNN,2
HRG,CGN,2
MXP,PMI,2
PEW,DXB,2
SMF,GDL,2
SOG,OSL,2
XNN,HGH,2
ALA,SVO,2
CNF,MCZ,2
DQA,PEK,2
INC,KWE,2
KLW,SIT,2
LYP,DXB,2
MCZ,CNF,2
MDE,PEI,2
NTL,CBR,2
PEK,DQA,2
PPT,LAX,2
RPR,BLR,2
SVO,ALA,2
THR,ABD,2
TIJ,AGU,2
AGU,TIJ,2
BET,HPB,2
BRU,TNG,2
CAN,LZO,2
KKH,BET,2
LZO,CAN,2
UAK,JJU,2
AUS,ABQ,2
CGN,HRG,2
CNS,WEI,2
CZX,KWE,2
KWE,CZX,2
OPO,BRU,2
ABQ,AUS,2
AYJ,BLR,2
BEG,LCA,2
BKI,CAN,2
CAN,BKI,2
LCA,BEG,2
PIT,LAS,2
RGI,PPT,2
SFO,SAL,2
WEI,CNS,2
CDG,LUX,2
DXB,LYP,2
HRB,KHN,2
INC,SZX,2
KWI,LHR,2
LUX,CDG,2
MCT,SHJ,2
PVG,BHY,2
SAL,SFO,2
SHJ,MCT,2
SZX,INC,2
BEG,MUC,2
BGY,KRK,2
KRK,BGY,2
LAX,PPT,2
LHR,KWI,2
MNL,PVG,2
MUC,BEG,2
PVG,MNL,2
TLV,PFO,2
AQI,RUH,2
AUA,BOG,2
BOG,AUA,2
BRU,OPO,2
CEE,SVO,2
CZX,XIY,2
HEL,KEF,2
HFE,URC,2
HKG,YYZ,2
IDR,JAI,2
JAI,IDR,2
KEF,HEL,2
NLU,PVR,2
PVR,NLU,2
RUH,AQI,2
SVO,CEE,2
TNG,BRU,2
URC,HFE,2
XIY,CZX,2
YYZ,HKG,2
AEP,REL,2
AMS,NAP,2
BOD,MAD,2
DBV,LGW,2
GDN,MUC,2
KWE,INC,2
LED,REN,2
MAD,BOD,2
MAN,MXP,2
MUC,GDN,2
MXP,MAN,2
NAP,AMS,2
REN,LED,2
SAN,YVR,2
SAT,BWI,2
YVR,SAN,2
KHN,HRB,2
LAX,PVG,2
LGW,DBV,2
NCL,PMI,2
PFO,TLV,2
PMI,NCL,2
AGP,EMA,2
CGQ,ICN,2
DFW,SAL,2
ICN,CGQ,2
MEX,SAL,2
PVG,LAX,2
SAL,DFW,2
SAL,MEX,2
BNE,NAN,2
BWI,SAT,2
HGH,JJN,2
IST,NQZ,2
MDE,MTR,2
MTR,MDE,2
NCL,TFS,2
NQZ,IST,2
OKA,KHH,2
TFS,NCL,2
EMA,AGP,2
JJN,HGH,2
KHH,OKA,2
MSY,PHX,2
NAN,BNE,2
PHX,MSY,2
UMD,JQA,2
ALC,IBZ,2
BGI,ANU,2
BGW,CAI,2
CLT,DSM,2
DSM,CLT,2
DYU,DME,2
FRA,VNO,2
HUZ,KMG,2
IBZ,ALC,2
JQA,UMD,2
KMG,HUZ,2
POM,WWK,2
VNO,FRA,2
BOM,KUL,2
CPT,ELS,2
ELS,CPT,2
KUL,BOM,2
OMA,STL,2
PEI,MDE,2
STL,OMA,2
BLQ,CMN,2
BLR,AYJ,2
HGH,CSX,2
HYD,IXC,2
PFO,MAN,2
VGA,VTZ,2
VRN,LGW,2
WLG,MEL,2
BOM,IXR,2
CAI,BGW,2
CMN,BLQ,2
DLC,NRT,2
DME,HTA,2
FUE,MAN,2
LGW,VRN,2
MAN,FUE,2
MEL,WLG,2
NRT,DLC,2
SEA,SJD,2
SJD,SEA,2
BLL,OSL,2
DME,DYU,2
FRA,MLA,2
IXR,BOM,2
LPB,UYU,2
MAN,PFO,2
MLA,FRA,2
OSL,BLL,2
UYU,LPB,2
HGH,KWL,2
KWL,HGH,2
LGW,SSH,2
SSH,LGW,2
SZX,NNY,2
ABZ,BHX,2
BHX,ABZ,2
MCI,BWI,2
SVX,UFA,2
CDG,SFO,2
CDG,ZAG,2
CSX,HGH,2
DMK,PEN,2
DXB,MSQ,2
EZE,TUC,2
HOT,DFW,2
MSQ,DXB,2
NNY,SZX,2
PEN,DMK,2
SFO,CDG,2
VTZ,VGA,2
ZAG,CDG,2
AGP,BFS,2
BFS,AGP,2
DLU,PEK,2
HAV,MAD,2
PDX,FAT,2
PEK,DLU,2
TFU,YNZ,2
UFA,SVX,2
YNZ,TFU,2
AUH,CNN,2
BLR,HDO,2
CNN,AUH,2
FAT,PDX,2
FLN,BSB,2
HDO,BLR,2
KOA,SFO,2
LIS,SID,2
SFO,KOA,2
BCN,RAK,2
BSB,FLN,2
CAN,SYD,2
MEM,MCO,2
RAK,BCN,2
SVQ,SCQ,2
ABZ,DUB,2
BLR,CNN,2
CTU,LHW,2
DUB,ABZ,2
GRV,VKO,2
HKG,TAO,2
IAH,SLP,2
MCO,MEM,2
MVY,HPN,2
NKG,TAO,2
SKB,SXM,2
SLP,IAH,2
SYD,CAN,2
TAO,HKG,2
VKO,GRV,2
YMO,YTS,2
BKK,BLR,2
BLR,BKK,2
BWI,MCI,2
CTG,ADZ,2
DFW,HOT,2
FLL,AUS,2
HTA,DME,2
ICN,WEH,2
LHW,CTU,2
NAP,ZRH,2
SCQ,SVQ,2
WEH,ICN,2
ZRH,NAP,2
ABA,OVB,2
EVE,BOO,2
EWR,PDX,2
IXC,HYD,2
LHR,LAS,2
OVB,ABA,2
PDX,EWR,2
TAO,NKG,2
TFS,DUS,2
ADZ,CTG,2
CAN,YIH,2
CVG,RSW,2
LAS,LHR,2
MAD,HAM,2
RSW,CVG,2
ATL,TUS,2
AUS,FLL,2
BET,KWN,2
BGY,VLC,2
CCS,CUR,2
FRA,KEF,2
HAM,MAD,2
ICN,TAS,2
KEF,FRA,2
RDU,PIT,2
TAS,ICN,2
TUS,ATL,2
VLC,BGY,2
YIH,CAN,2
CHS,DTW,2
CNN,BLR,2
DSS,CSK,2
DTW,CHS,2
GEG,MSP,2
HKG,PEN,2
IST,RIX,2
KUF,AER,2
MSP,GEG,2
PHX,PIT,2
PIT,RDU,2
RIX,IST,2
TFS,MXP,2
TPA,CVG,2
AUS,HRL,2
BGY,CLJ,2
BGY,DUB,2
CCJ,SHJ,2
CLJ,BGY,2
DUB,BGY,2
EWR,MKE,2
HRL,AUS,2
IAH,RSW,2
PEN,HKG,2
PIT,PHX,2
RSW,IAH,2
SKD,VKO,2
SSH,NAP,2
YHY,YZF,2
AMS,SPU,2
BCN,LCG,2
BGW,DOH,2
CVG,TPA,2
DOH,BGW,2
DUS,TFS,2
FLR,LGW,2
HAM,LIS,2
LCG,BCN,2
LGW,FLR,2
LIS,HAM,2
MKE,EWR,2
SHJ,CCJ,2
SNN,STN,2
STN,SNN,2
AGP,PRG,2
ANU,SKB,2
BDL,DFW,2
BHX,IST,2
BKK,TDX,2
BUD,STR,2
DFW,BDL,2
DME,UUD,2
IST,BHX,2
KWL,LHW,2
LHW,KWL,2
MNL,PAG,2
PAG,MNL,2
PEK,WEH,2
PRG,AGP,2
SPU,AMS,2
STR,BUD,2
TDX,BKK,2
WEH,PEK,2
YHZ,YYC,2
YYC,YHZ,2
AER,KUF,2
AXF,HET,2
CRL,TSF,2
CVG,SLC,2
HET,AXF,2
HNL,OAK,2
HUH,PPT,2
KHV,OVB,2
KUL,YIA,2
LKY,ARK,2
RDM,LAX,2
SFO,MNL,2
TSF,CRL,2
UUD,DME,2
AKL,ROT,2
BCN,DXB,2
CEB,ZAM,2
CUL,SJD,2
DEL,IXU,2
DIB,GAU,2
DXB,BCN,2
FLL,HOU,2
IXU,DEL,2
LAX,RDM,2
MEM,HOU,2
MNL,SFO,2
NNG,CSX,2
OAK,HNL,2
OVB,KHV,2
ROT,AKL,2
SJD,CUL,2
SLC,CVG,2
YIA,KUL,2
ZAM,CEB,2
ACE,BCN,2
AGP,CMN,2
AVP,IAD,2
BCN,ACE,2
BKK,SHJ,2
BOI,MSP,2
CMN,AGP,2
CSK,DSS,2
CSX,NNG,2
HOU,FLL,2
HOU,MEM,2
IAD,AVP,2
KRK,MAN,2
LUX,MXP,2
MAN,KRK,2
MQM,SAW,2
MSP,BOI,2
MXP,LUX,2
SHJ,BKK,2
ALA,KGF,2
CMX,ORD,2
DXB,MXP,2
KGF,ALA,2
MXP,DXB,2
ORD,CMX,2
PTY,SJU,2
SAW,MQM,2
SGC,TJM,2
SJU,PTY,2
CKG,XUZ,2
DME,MCX,2
DUB,DXB,2
DXB,DUB,2
MCX,DME,2
NGB,ZUH,2
XUZ,CKG,2
ZUH,NGB,2
AKU,CKG,2
CKG,AKU,2
FOC,HKG,2
HKG,FOC,2
IKT,HTA,2
KKN,OSL,2
MTY,ORD,2
MXP,VLC,2
OKC,CLT,2
ORD,MTY,2
OSL,KKN,2
SXM,EIS,2
VLC,MXP,2
CLT,OKC,2
FRA,TLV,2
GND,BGI,2
IST,MRV,2
RAK,STN,2
STN,RAK,2
AKL,LAX,2
CAN,DZH,2
DZH,CAN,2
GRR,EWR,2
HTA,IKT,2
IGU,VCP,2
LAX,AKL,2
PLS,XSC,2
VCP,IGU,2
YSB,YYZ,2
YYZ,YSB,2
EWR,GRR,2
IST,TIA,2
MEL,NAN,2
MLE,KDO,2
MRV,IST,2
NAN,MEL,2
OTP,TSF,2
TIA,IST,2
TSF,OTP,2
ESB,GYD,2
GYD,ESB,2
JGN,XIY,2
LGA,MSN,2
MSN,LGA,2
XIY,JGN,2
XSC,PLS,2
ADB,GZT,2
BFS,FAO,2
FAO,BFS,2
GLA,ALC,2
GZT,ADB,2
KWI,MAA,2
MEX,PHX,2
ORY,SAW,2
PHX,MEX,2
PUJ,EZE,2
RES,AEP,2
SAW,ORY,2
AGP,LHR,2
ALC,GLA,2
ANC,ORD,2
BOI,DFW,2
CLE,MIA,2
DFW,BOI,2
GSO,DCA,2
LGW,ORY,2
LHR,AGP,2
MEL,PVG,2
ORY,LGW,2
SAN,STS,2
SLA,EZE,2
CLT,MGM,2
DTW,MDT,2
GIG,JPA,2
HKG,PUS,2
KXB,UPG,2
MAA,KWI,2
MDT,DTW,2
MGM,CLT,2
NAT,GIG,2
PVG,MEL,2
STS,SAN,2
UPG,KXB,2
BHM,MCO,2
CRK,TPE,2
DCA,GSO,2
HKG,KMG,2
JPA,GIG,2
KMG,HKG,2
LHR,CPT,2
MAN,OSL,2
MCO,BHM,2
MIG,PEK,2
ORD,ANC,2
OSL,MAN,2
PEK,MIG,2
PUS,HKG,2
RSW,DCA,2
SSJ,TRD,2
TPE,CRK,2
VVI,GRU,2
CPT,LHR,2
CTA,PSA,2
DCA,RSW,2
DOH,PKX,2
GIG,NAT,2
HAK,NGB,2
IAH,LIR,2
LIR,IAH,2
MIA,CLE,2
MYR,LGA,2
NGB,HAK,2
PSA,CTA,2
SAV,IAH,2
SEU,ZNZ,2
SFO,STL,2
AJU,REC,2
CYB,LYB,2
FAI,TAL,2
IAH,SAV,2
IKA,TBS,2
IST,KCM,2
KCM,IST,2
LGA,MYR,2
MCO,ACY,2
REC,AJU,2
STL,SFO,2
STL,UIN,2
TAL,FAI,2
TBS,IKA,2
TLV,MUC,2
UIN,STL,2
YTY,KMG,2
ACY,MCO,2
BCN,KRK,2
CMN,YUL,2
CNX,KUL,2
EZE,PUJ,2
GAU,DIB,2
GEA,LIF,2
IGR,EZE,2
KMG,YTY,2
KRK,BCN,2
KUL,CNX,2
ORD,ZRH,2
RNJ,OKA,2
TJM,SGC,2
VIE,INN,2
YUL,CMN,2
CAN,DOH,2
CDG,GOT,2
CNX,KMG,2
CPT,KIM,2
DOH,CAN,2
GIG,MVD,2
GOT,CDG,2
HAK,BKK,2
INN,VIE,2
JAC,ORD,2
KIM,CPT,2
KMG,CNX,2
LYG,CAN,2
MUC,SPU,2
MVD,GIG,2
NCU,TAS,2
ORD,JAC,2
RUH,BEY,2
TAS,NCU,2
TLV,FRA,2
ZRH,ORD,2
BEG,DXB,2
CGK,MLG,2
DIY,AYT,2
DUB,DUS,2
DUS,DUB,2
DXB,BEG,2
EBB,KGL,2
HAN,SAI,2
HRG,NUE,2
IST,LJU,2
LJU,IST,2
LMM,TIJ,2
MCO,HVN,2
MCO,SDQ,2
MIR,ORY,2
MLG,CGK,2
SDQ,MCO,2
SPU,MUC,2
SZX,XFN,2
TIJ,LMM,2
TLV,AMS,2
VCP,RRJ,2
XFN,SZX,2
YFA,ZKE,2
YMO,YFA,2
ZKE,YAT,2
ADL,OOL,2
AYT,DIY,2
BGY,CPH,2
CPH,BGY,2
DOH,CPH,2
HVN,MCO,2
IKT,BKK,2
NUE,HRG,2
OOL,ADL,2
ORY,MIR,2
PKX,DOH,2
SAI,HAN,2
SGN,SYD,2
SYD,SGN,2
ZNZ,DXB,2
BGI,JFK,2
BKK,HAK,2
BKK,IKT,2
CPH,DOH,2
DFW,SLP,2
GUA,FLL,2
HKD,ITM,2
ITM,HKD,2
JHG,CTU,2
MCZ,VCP,2
SLP,DFW,2
VCP,MCZ,2
BDS,LIN,2
BLQ,CAG,2
BOS,PUJ,2
CAG,BLQ,2
CEB,OZC,2
CTU,JHG,2
EWR,GSO,2
FLL,GUA,2
GSO,EWR,2
JFK,BGI,2
KWI,KTM,2
OZC,CEB,2
PUJ,BOS,2
RRJ,VCP,2
BEG,CDG,2
BOD,NCE,2
CDG,BEG,2
CUU,GDL,2
GDL,CUU,2
KMG,YIH,2
KTM,KWI,2
LIN,BDS,2
NCE,BOD,2
NTE,OPO,2
OPO,NTE,2
RAK,MRS,2
SPN,ICN,2
STN,ADB,2
YIH,KMG,2
ADB,STN,2
AGP,GLA,2
AMQ,UPG,2
BOG,CUR,2
BSB,BVB,2
CDG,DSS,2
CUR,BOG,2
DSS,CDG,2
IAH,MKE,2
ICN,SPN,2
MCO,SYR,2
MFM,RMQ,2
OSL,SRP,2
SRP,OSL,2
SYR,MCO,2
TFS,GLA,2
UPG,AMQ,2
VCP,BPS,2
VIE,DXB,2
BLQ,OTP,2
BVB,BSB,2
CBR,NTL,2
CDG,DTW,2
DXB,VIE,2
GLA,TFS,2
MKE,IAH,2
OTP,BLQ,2
PIA,CLT,2
RMQ,MFM,2
TRD,SSJ,2
ABB,ABV,2
ABV,ABB,2
ATH,EFL,2
ATH,SOF,2
BIO,TFN,2
CWB,MGF,2
DLA,LBV,2
DTW,CDG,2
EFL,ATH,2
MGF,CWB,2
RKT,CCJ,2
SOF,ATH,2
TFN,BIO,2
CKG,KRL,2
DRW,PER,2
GLA,AGP,2
KRL,CKG,2
NAP,SSH,2
PER,DRW,2
PHX,YYZ,2
TUN,NCE,2
YYZ,PHX,2
BPS,VCP,2
CLT,PIA,2
CMH,RSW,2
CVG,SEA,2
GRU,JJD,2
JFK,KEF,2
RSW,CMH,2
SEA,CVG,2
ADD,MGQ,2
AZR,ALG,2
BLL,CDG,2
CDG,BLL,2
CTA,MUC,2
EDI,GVA,2
FLL,IAD,2
GVA,EDI,2
IAD,FLL,2
IDR,PNQ,2
JJD,GRU,2
MGQ,ADD,2
MTY,VER,2
MUC,CTA,2
NCE,TUN,2
NKG,YNT,2
PHL,MCI,2
SAW,BEY,2
SAW,MED,2
VER,MTY,2
YIN,TCG,2
YNT,NKG,2
ALC,ORN,2
ARN,NCE,2
HPN,MVY,2
HRG,LEJ,2
JRO,DAR,2
KRL,RQA,2
ORN,ALC,2
PGK,PLM,2
PLM,PGK,2
RQA,KRL,2
BRU,CDG,2
CDG,BRU,2
GRU,LHR,2
KEF,JFK,2
LHR,GRU,2
NCE,ARN,2
PMO,VCE,2
ROT,WLG,2
VCE,PMO,2
WLG,ROT,2
BEL,REC,2
BEY,RUH,2
BWI,SLC,2
CIA,PRG,2
KWL,TSN,2
LEJ,HRG,2
MCI,PHL,2
PMI,BRE,2
PRG,CIA,2
SLC,BWI,2
TCG,YIN,2
TSN,KWL,2
ALC,CRL,2
AZD,THR,2
BRE,PMI,2
BSB,RBR,2
CRL,ALC,2
HKG,CAN,2
HTI,BNE,2
MAD,WAW,2
REC,BEL,2
THR,AZD,2
TWC,URC,2
UFA,SGC,2
BNE,HTI,2
CAN,HKG,2
CAY,MPY,2
DTW,TYS,2
LAX,YUL,2
RBR,BSB,2
TYS,DTW,2
WAW,MAD,2
YUL,LAX,2
BCN,EDI,2
BEY,SAW,2
BHD,LCY,2
CLT,NAS,2
CTS,FSZ,2
DLU,PKX,2
EDI,BCN,2
FSZ,CTS,2
GVA,BRS,2
HLP,KNO,2
LAS,TUL,2
LCY,BHD,2
NAS,CLT,2
OGG,LAS,2
PKX,DLU,2
BGW,IKA,2
BOG,FLL,2
BRS,GVA,2
FLL,BOG,2
IKA,BGW,2
IST,MCT,2
KJA,AER,2
LAS,OGG,2
MCT,IST,2
MRS,RAK,2
PDX,PSP,2
PMI,SCQ,2
PSP,PDX,2
SCQ,PMI,2
TUL,LAS,2
BGA,CUC,2
BMU,LOP,2
CAN,XFN,2
CUC,BGA,2
DEL,IXE,2
DIY,ADB,2
EIN,VLC,2
KNO,HLP,2
LOP,BMU,2
VLC,EIN,2
XFN,CAN,2
YYZ,RDU,2
ADB,DIY,2
AER,KJA,2
DFW,JAC,2
DXB,MRU,2
HOU,SJD,2
IST,LYS,2
IXE,DEL,2
JAC,DFW,2
LYS,IST,2
MAH,LGW,2
MEL,DOH,2
MRU,DXB,2
PKX,HUZ,2
RDU,YYZ,2
SJD,HOU,2
DLC,LYG,2
DOH,MEL,2
GAN,MLE,2
HUZ,PKX,2
IST,LAX,2
LAX,IST,2
LGW,MAH,2
LYG,DLC,2
MED,SAW,2
BLR,IXZ,2
IXZ,BLR,2
RAK,BOD,2
TSV,MKY,2
BOD,RAK,2
BWT,KNS,2
CTU,TYN,2
FLL,SDQ,2
MAD,HAV,2
SJU,VIJ,2
ACC,ROB,2
BGI,MIA,2
CUN,IAD,2
CZX,HRB,2
ELP,ORD,2
GLA,STN,2
HET,KHN,2
HRB,CZX,2
IAD,CUN,2
IST,ORD,2
KHN,HET,2
LIS,WAW,2
MIA,BGI,2
MUC,SBZ,2
NTG,CKG,2
ORD,ELP,2
ORD,IST,2
RAR,AKL,2
SBZ,MUC,2
SDQ,FLL,2
SID,LIS,2
STN,GLA,2
TYN,CTU,2
VIJ,SJU,2
WAW,LIS,2
AKL,RAR,2
ALG,BCN,2
BCN,ALG,2
BOS,MKE,2
BSZ,SVO,2
CKG,NTG,2
GRV,SVO,2
GUW,SCO,2
MKE,BOS,2
OGG,HNM,2
PHX,CID,2
SCO,GUW,2
SVO,BSZ,2
SVO,GRV,2
SVX,MRV,2
TUL,CLT,2
AMA,DEN,2
CID,PHX,2
CZX,SWA,2
DEN,AMA,2
EWR,YVR,2
MRV,SVX,2
NCE,VIE,2
NQZ,URA,2
SGC,UFA,2
SWA,CZX,2
VIE,NCE,2
YVR,EWR,2
ABR,MSP,2
AUH,MXP,2
BET,NME,2
CLT,TUL,2
CTU,ZUH,2
DME,LED,2
LED,CEE,2
LED,DME,2
LIS,VIE,2
MIA,SAP,2
MSP,ABR,2
NAP,VIE,2
PAP,CAP,2
SKD,IST,2
UPG,BUW,2
VIE,LIS,2
VIE,NAP,2
WWT,BET,2
ZUH,CTU,2
BUW,UPG,2
CAP,PAP,2
HYD,KUL,2
KNS,BWT,2
KUL,HYD,2
LAS,RDU,2
LHR,PVG,2
MXP,AUH,2
PTY,ASU,2
PVG,LHR,2
RDU,LAS,2
SAP,MIA,2
URA,NQZ,2
ASU,PTY,2
BRI,MUC,2
BSL,OPO,2
ICN,KMJ,2
JED,FCO,2
JFK,ATH,2
KIX,TAE,2
KMJ,ICN,2
LGW,HRG,2
MNL,NGO,2
MUC,BRI,2
NAO,SZX,2
NGO,MNL,2
OPO,BSL,2
SZX,NAO,2
TAE,KIX,2
URC,TWC,2
ATH,JFK,2
CEE,LED,2
FCO,JED,2
HNM,OGG,2
HRG,LGW,2
LBV,DLA,2
LHR,MLA,2
MLA,LHR,2
SAV,BNA,2
BGY,WAW,2
BNA,SAV,2
CDG,MIA,2
HAJ,HRG,2
HRG,HAJ,2
LTN,TFS,2
MIA,CDG,2
WAW,BGY,2
KMG,ZAT,2
TFS,LTN,2
ZAT,KMG,2
ADD,SHC,2
BRU,NDR,2
CLO,CTG,2
CTA,LGW,2
DUB,PMI,2
IZO,NKM,2
LGW,CTA,2
NAS,GGT,2
NKM,IZO,2
PAE,PHX,2
PHX,PAE,2
PMI,DUB,2
BHY,PEK,2
DTM,PMI,2
LGW,PRG,2
LHR,NBO,2
LHR,OTP,2
NBO,LHR,2
NTE,PMI,2
OTP,LHR,2
OTP,ZRH,2
PEK,BHY,2
PMI,NTE,2
SHC,ADD,2
THL,RGN,2
ZRH,OTP,2
DLC,KHN,2
DXB,LED,2
HAJ,LHR,2
JMU,PEK,2
KHN,DLC,2
LDB,CGH,2
LED,DXB,2
LHR,HAJ,2
NDR,BRU,2
PEK,JMU,2
PMI,DTM,2
PRG,LGW,2
RIX,VIE,2
VIE,RIX,2
VLC,BIO,2
BER,GVA,2
CJJ,TPE,2
CTG,CLO,2
DUB,VIE,2
GRZ,VIE,2
GVA,BER,2
LUX,ZRH,2
SWA,XIY,2
TPE,CJJ,2
VIE,DUB,2
VIE,GRZ,2
ZRH,LUX,2
ABJ,CDG,2
AGP,GVA,2
BIO,VLC,2
CCJ,RKT,2
CDG,ABJ,2
GDL,TGZ,2
GVA,AGP,2
IKA,MCT,2
KSY,SAW,2
LTN,RMO,2
MCT,IKA,2
SAW,KSY,2
TGZ,GDL,2
XMN,YTY,2
YTY,XMN,2
AMS,DEL,2
BER,LIN,2
BGY,VIE,2
BLR,IXG,2
DEL,AMS,2
DLC,RIZ,2
HEL,KRK,2
IXG,BLR,2
KEU,WIL,2
KIX,KUL,2
KRK,HEL,2
KUL,KIX,2
KWE,YTY,2
LAU,MYD,2
LIN,BER,2
LUX,PMI,2
MFR,PHX,2
NGO,NGS,2
NGO,OIT,2
NGS,NGO,2
OIT,NGO,2
PHX,CUN,2
PHX,MFR,2
PMI,LUX,2
RIZ,DLC,2
RMO,LTN,2
VIE,BGY,2
XIY,SWA,2
YTY,KWE,2
CHC,ROT,2
CUN,PHX,2
FAO,LPL,2
IAD,SAT,2
LPL,FAO,2
MLA,VIE,2
PKN,SUB,2
ROT,CHC,2
SAT,IAD,2
VIE,MLA,2
ADB,BER,2
AEP,UAQ,2
ATH,ZTH,2
BER,ADB,2
DXB,ATH,2
IND,LAX,2
LAX,IND,2
LGB,RNO,2
AGP,MUC,2
ATH,DXB,2
BLR,HBX,2
DOH,DUB,2
DUB,DOH,2
GYE,LIM,2
HBX,BLR,2
LCA,BEY,2
MUC,AGP,2
PMO,TRN,2
RNO,LGB,2
TRN,PMO,2
ZTH,ATH,2
BDL,MDW,2
BEY,LCA,2
BOG,YYZ,2
CAG,MXP,2
CAN,LYG,2
DJJ,NBX,2
HET,KMG,2
HET,TNA,2
KMG,LNJ,2
LNJ,KMG,2
MDW,BDL,2
MXP,CAG,2
PDG,BTH,2
SNA,STS,2
STS,SNA,2
TNA,HET,2
YYZ,BOG,2
AUH,FCO,2
BFV,DMK,2
BSB,PMW,2
BTH,PDG,2
DMK,BFV,2
EWR,BGR,2
KMG,HET,2
KOE,TMC,2
NBX,DJJ,2
NPL,CHC,2
OMS,LED,2
PMW,BSB,2
RSW,PIT,2
SID,VXE,2
CHC,NPL,2
DME,NUX,2
FCO,AUH,2
PVG,WEH,2
RGN,HEH,2
BGR,EWR,2
BOS,SDQ,2
CBB,SRE,2
CPH,TLL,2
CYS,DEN,2
DEN,CYS,2
LED,OMS,2
MAA,MCT,2
MAA,VGA,2
MCT,MAA,2
MGF,CGH,2
PIT,RSW,2
PVH,BSB,2
SDQ,BOS,2
TLL,CPH,2
VGA,MAA,2
WEH,PVG,2
YAM,YYZ,2
YYZ,YAM,2
BSB,PVH,2
DEN,SHR,2
DMK,KIX,2
EIN,FAO,2
FAO,EIN,2
GVA,RAK,2
HFE,KWL,2
HKT,SVO,2
KIX,DMK,2
KWL,HFE,2
NUX,DME,2
RAK,GVA,2
RHO,MAN,2
SHR,DEN,2
BHY,CKG,2
CKG,BHY,2
CUN,VER,2
CZM,MEX,2
FRA,NAP,2
GVA,WAW,2
MDW,SAT,2
MEX,CZM,2
MEX,YUL,2
MLE,FVM,2
NAP,FRA,2
SAT,MDW,2
SRE,CBB,2
STL,MSY,2
SVO,HKT,2
VER,CUN,2
WAW,GVA,2
BDS,BLQ,2
BLQ,BDS,2
CGH,LDB,2
LKO,CCU,2
NKC,CMN,2
NUX,TJM,2
OUD,CMN,2
OVB,RGK,2
RGK,OVB,2
TFS,ACE,2
TJM,NUX,2
TRD,TRF,2
TRF,TRD,2
XNA,PHX,2
ACE,TFS,2
AMM,EBL,2
CUN,TGZ,2
DEN,MFR,2
DEN,PSC,2
EBL,AMM,2
HKG,DOH,2
KOJ,RNJ,2
LZO,PKX,2
MAN,RHO,2
MIG,PVG,2
MSY,STL,2
MTY,PBC,2
PBC,MTY,2
PKX,LZO,2
PVG,MIG,2
RNJ,KOJ,2
SVX,VKO,2
TGZ,CUN,2
YUL,MEX,2
CMN,OUD,2
DOH,HKG,2
DOH,MUC,2
DXB,CCU,2
GAJ,HND,2
HEL,ZRH,2
HND,GAJ,2
HRG,STR,2
INC,SJW,2
JED,TUN,2
MUC,DOH,2
MXP,FCO,2
SJW,INC,2
STR,HRG,2
VKO,KJA,2
ZRH,HEL,2
ACC,LFW,2
ADB,MUC,2
ADD,FIH,2
ADD,MBA,2
AGU,IAH,2
AMS,IAH,2
AMS,MEX,2
AMS,SIN,2
ASF,VKO,2
ASJ,RNJ,2
ATL,GTR,2
AUH,JFK,2
AUH,KUL,2
AXT,CTS,2
AXT,NGO,2
BBI,PYB,2
BCN,OSL,2
BFL,DEN,2
BHX,DXB,2
BIL,DFW,2
BIL,GDV,2
BIL,GGW,2
BIL,HVR,2
BIL,OLF,2
BKK,HYD,2
BKK,MUC,2
BKK,THS,2
BKK,ZRH,2
BLR,DOH,2
BOG,GIG,2
BOG,IAH,2
BOM,DAC,2
BOS,SLK,2
CCJ,DOH,2
CCU,DXB,2
CEK,VKO,2
CGK,DXB,2
CGK,SGN,2
CJU,WJU,2
CPT,DXB,2
CTS,AXT,2
CTS,HIJ,2
CTS,HKD,2
CTS,HNA,2
CTS,IBR,2
CTS,WKJ,2
CTU,KHN,2
DAC,BOM,2
DEN,BFL,2
DEN,GCC,2
DFW,BMI,2
DFW,CMI,2
DFW,DOH,2
DFW,ICN,2
DIL,DPS,2
DMK,VTE,2
DOH,BLR,2
DOH,CCJ,2
DOH,DFW,2
DOH,EDI,2
DUS,DXB,2
DXB,BHX,2
DXB,CGK,2
DXB,CPT,2
DXB,DUS,2
DXB,GVA,2
DXB,HAM,2
DXB,JFK,2
DXB,LIS,2
DXB,MAD,2
DXB,STN,2
EDI,DOH,2
ESB,EZS,2
ESB,GNY,2
ESB,VAN,2
EUG,SLC,2
FIH,ADD,2
FNC,PXO,2
FUK,IZO,2
FUK,KCZ,2
FUK,KUM,2
FUK,MMJ,2
FUK,TKS,2
GCC,DEN,2
GDN,STN,2
GDV,BIL,2
GER,HAV,2
GGW,BIL,2
GIG,BOG,2
GMP,KWJ,2
GMP,TSA,2
GMZ,LPA,2
GMZ,TFN,2
GNY,ESB,2
GSV,VKO,2
GTR,ATL,2
GVA,DXB,2
HAM,DXB,2
HAN,NGO,2
HAV,GER,2
HEL,IST,2
HIJ,CTS,2
HKD,CTS,2
HNA,CTS,2
HND,IAD,2
HND,IWJ,2
HND,KUL,2
HND,NTQ,2
HND,PKX,2
HND,SEA,2
HND,TPE,2
HNL,LGB,2
HNL,SMF,2
HPN,LEB,2
HRB,SHA,2
HVR,BIL,2
HYD,BKK,2
IAD,HND,2
IAD,MEX,2
IAH,AGU,2
IAH,AMS,2
IAH,BOG,2
IAS,LTN,2
IBR,CTS,2
ICN,DFW,2
ICN,MYJ,2
IST,HEL,2
ITM,NRT,2
ITM,TJH,2
IWJ,HND,2
IZO,FUK,2
JFK,AUH,2
JFK,DXB,2
JNB,SZK,2
KCZ,FUK,2
KCZ,NGO,2
KHN,CTU,2
KHN,PVG,2
KIX,KOJ,2
KIX,MMY,2
KIX,SGN,2
KOJ,KIX,2
KOJ,OKA,2
KRR,SVO,2
KUL,AUH,2
KUL,HND,2
KUM,FUK,2
KVL,OTZ,2
KWJ,GMP,2
LDE,ORY,2
LEB,HPN,2
LFW,ACC,2
LGB,HNL,2
LHR,LOS,2
LHR,YYC,2
LIS,DXB,2
LOS,LHR,2
LPA,GMZ,2
LTN,IAS,2
MBA,ADD,2
MDE,MEX,2
MDW,BUF,2
MEX,AMS,2
MEX,GRU,2
MEX,IAD,2
MEX,MDE,2
MEX,ZLO,2
MFR,DEN,2
MLE,SIN,2
MMD,OKA,2
MMJ,FUK,2
MMY,KIX,2
MMY,TRA,2
MRE,WIL,2
MUC,ADB,2
MUC,BKK,2
MYD,WIL,2
MYY,MZV,2
MZV,MYY,2
NGO,AXT,2
NGO,HAN,2
NGO,KCZ,2
NRT,ITM,2
NRT,MEX,2
NTQ,HND,2
OCC,UIO,2
OGG,PHX,2
OKA,ASJ,2
OKA,KOJ,2
OKA,MMD,2
OKA,OGN,2
OKA,OKE,2
OKA,SHI,2
OKE,OKA,2
OKE,TKN,2
OLF,BIL,2
OME,SHH,2
ORY,LDE,2
OSL,BCN,2
OTZ,WLK,2
OTZ,WTK,2
PEE,VKO,2
PHX,OGG,2
PHX,XNA,2
PKX,HND,2
PNQ,DXB,2
PUS,SGN,2
PVG,KHN,2
PXO,FNC,2
PYB,BBI,2
RAI,SID,2
RUH,SHJ,2
SDJ,UKB,2
SEA,HND,2
SGN,CGK,2
SGN,DEL,2
SGN,KIX,2
SGN,PUS,2
SGN,VTE,2
SHA,CGQ,2
SHA,HRB,2
SHE,SJW,2
SHI,OKA,2
SHJ,HYD,2
SHJ,RUH,2
SIN,AMS,2
SIN,MLE,2
SIN,ZRH,2
SLC,EUG,2
SLK,BOS,2
SMF,HNL,2
STN,DXB,2
STN,GDN,2
SZK,JNB,2
TFN,GMZ,2
THS,BKK,2
TJH,ITM,2
TKN,OKE,2
TKS,FUK,2
TPE,HND,2
TPE,XMN,2
TPE,YVR,2
TRA,MMY,2
TSA,GMP,2
UIO,OCC,2
UKB,SDJ,2
ULV,VKO,2
VAN,ESB,2
VKO,ASF,2
VKO,GSV,2
VKO,PEE,2
VKO,ULV,2
VTE,DMK,2
VTE,SGN,2
WIL,EDL,2
WIL,MRE,2
WJU,CJU,2
WKJ,CTS,2
WLK,OTZ,2
XMN,TPE,2
YVR,TPE,2
YYC,LHR,2
ZRH,BKK,2
ZRH,SIN,2
ACC,ADD,2
ADD,ACC,2
ADD,CAI,2
ADD,SZE,2
BMI,DFW,2
BNE,DXB,2
BOM,IXU,2
BUF,MDW,2
BUR,DFW,2
BWI,RIC,2
CAI,ADD,2
CDG,HKG,2
CGQ,SHA,2
CWA,MSP,2
DEL,IST,2
DEL,SGN,2
DEN,GTF,2
DEN,HSV,2
DEN,MRY,2
DEN,RDM,2
DEN,RIW,2
DEN,RKS,2
DEN,YEG,2
DFW,BIL,2
DFW,BUR,2
DFW,GCK,2
DFW,SPS,2
DFW,SWO,2
DFW,TRC,2
DOH,MAA,2
DXB,BNE,2
DXB,PNQ,2
EWR,OPO,2
EWR,ZRH,2
EZS,ESB,2
FRA,GRU,2
FSC,ORY,2
GCK,DFW,2
GRU,FRA,2
GRU,MEX,2
GTF,DEN,2
HKG,CDG,2
HOU,JAN,2
HSV,DEN,2
HYD,SHJ,2
IST,DEL,2
IST,VLC,2
IXU,BOM,2
JAN,HOU,2
KJA,VKO,2
MAA,DOH,2
MAD,DXB,2
MFR,SLC,2
MRY,DEN,2
MSP,CWA,2
ORY,FSC,2
PEK,YCU,2
PKX,ZYI,2
PSC,DEN,2
RDM,DEN,2
RDM,SLC,2
RIC,BWI,2
RIW,DEN,2
RKS,DEN,2
SEA,ALW,2
SHA,DLC,2
SHE,SHA,2
SJW,SHE,2
SLC,MFR,2
SLC,RDM,2
SPC,TFS,2
SPS,DFW,2
SVO,KRR,2
SWO,DFW,2
SZE,ADD,2
TFS,SPC,2
TRC,DFW,2
VLC,IST,2
YCU,PEK,2
YEG,DEN,2
ZLO,MEX,2
ZRH,EWR,2
ZYI,PKX,2
ABZ,LGW,2
ACE,BHX,2
ADD,BOM,2
AGP,IST,2
ALW,SEA,2
ATL,BMI,2
ATL,MLI,2
BHX,ACE,2
BIS,DFW,2
BJI,MSP,2
BMI,ATL,2
BOM,ADD,2
DFW,BIS,2
DFW,HRO,2
DLC,SHA,2
DPS,HAN,2
DPS,TPE,2
DSM,IAH,2
DUB,KIR,2
DXB,SEZ,2
FRA,VRN,2
HRO,DFW,2
IAH,DSM,2
IST,AGP,2
IST,BOM,2
KIR,DUB,2
LAX,MNL,2
MLI,ATL,2
MNL,LAX,2
MSP,BJI,2
MUE,OGG,2
OGG,MUE,2
OGG,PDX,2
OGG,SAN,2
OMS,OVB,2
OPO,EWR,2
PDX,OGG,2
SEZ,DXB,2
SHA,SHE,2
SZX,YNT,2
TJM,OVB,2
TPE,DPS,2
VRN,FRA,2
YYZ,SEA,2
ZNZ,MBA,2
ADD,DEL,2
AMS,DOH,2
BOG,CDG,2
BOM,IST,2
BPT,DFW,2
BZE,IAH,2
CDG,BOG,2
CGH,MGF,2
CMI,DFW,2
DEL,ADD,2
DFW,BPT,2
DFW,GGG,2
DFW,TXK,2
DME,MSQ,2
DMU,GAU,2
DOH,AMS,2
FCO,YYZ,2
GAU,DMU,2
GES,CEB,2
GGG,DFW,2
IAH,BZE,2
JJU,UAK,2
LAS,PSP,2
LGW,ABZ,2
MEM,PHL,2
MHD,KWI,2
MSY,IAD,2
ORY,TLN,2
SAL,SAP,2
SAN,OGG,2
SAP,SAL,2
SEA,YKM,2
SHA,WEH,2
TLN,ORY,2
TXK,DFW,2
WEH,SHA,2
YNT,SZX,2
YQQ,YYC,2
YYC,YQQ,2
YYZ,FCO,2
ZRH,TLV,2
ADD,JUB,2
BET,CYF,2
BET,KWK,2
BIQ,LYS,2
BKK,KHH,2
CFN,DUB,2
DME,OMS,2
DPS,DXB,2
DUB,CFN,2
DXB,DPS,2
GRU,OPS,2
HEL,MXP,2
IAD,MSY,2
IAH,FRA,2
JUB,ADD,2
KHH,BKK,2
LGA,TUL,2
LIS,YUL,2
MSQ,DME,2
MXP,HEL,2
OPS,GRU,2
OVB,TJM,2
PEK,SVO,2
PHL,MEM,2
PHL,MKE,2
PSP,LAS,2
SEA,YYZ,2
SVO,PEK,2
TUL,LGA,2
YKM,SEA,2
ADB,STR,2
AMS,CWL,2
BLR,GOP,2
BOG,IPI,2
CAN,PEN,2
CEB,GES,2
CGO,HSN,2
CKG,HYN,2
CRL,MRS,2
CWL,AMS,2
DEN,SBP,2
DFW,GRI,2
DFW,ILM,2
DMK,CAN,2
DPS,PVG,2
FRA,IAH,2
GOP,BLR,2
GRI,DFW,2
HLN,SLC,2
HSN,CGO,2
HYN,CKG,2
HYN,SZX,2
ILM,DFW,2
IPI,BOG,2
KHX,KSE,2
LGW,VCE,2
LHR,PEK,2
LUW,UPG,2
MRS,CRL,2
PEK,LHR,2
PEN,CAN,2
PVG,DPS,2
SBP,DEN,2
SLC,HLN,2
STR,ADB,2
SZX,HYN,2
UFA,DME,2
UPG,LUW,2
VCE,LGW,2
YUL,LIS,2
BNE,NRT,2
BTV,JFK,2
CAN,DMK,2
CEB,DRP,2
CGR,BSB,2
CLT,YUL,2
DRP,CEB,2
HKT,PEK,2
ITH,JFK,2
JFK,BTV,2
JFK,ITH,2
JHG,DLU,2
KPN,BET,2
MKE,PHL,2
MSP,RHI,2
MSQ,VKO,2
NRT,BNE,2
PEK,HKT,2
RHI,MSP,2
VKO,MSQ,2
YUL,CLT,2
ANC,OME,2
AUA,MIA,2
BKI,SZB,2
BOM,DBR,2
BOO,BNN,2
BSB,CGR,2
CAG,CIA,2
CIA,CAG,2
DBR,BOM,2
DFW,ELD,2
DFW,HND,2
DLU,JHG,2
DME,AYT,2
DXB,HKT,2
ELD,DFW,2
FUE,LGW,2
HKT,DXB,2
HND,DFW,2
HOU,TUL,2
IAH,TUS,2
IST,SKD,2
IST,SKP,2
KCA,KHG,2
KHG,KCA,2
LGW,FUE,2
MIA,AUA,2
OME,ANC,2
ROP,SPN,2
SKP,IST,2
SPN,ROP,2
SZB,BKI,2
TUL,HOU,2
TUS,IAH,2
YYF,YVR,2
ADL,WYA,2
AMS,BHD,2
APL,MPM,2
BHD,AMS,2
BHO,HYD,2
BNN,BOO,2
BPX,CKG,2
CKG,BPX,2
HET,INC,2
HMA,TJM,2
INC,HET,2
KWE,XUZ,2
MKW,SOQ,2
PVG,YCU,2
SBP,SAN,2
SOQ,MKW,2
TJM,HMA,2
WYA,ADL,2
XUZ,KWE,2
YVR,YYF,2
ZAG,ZRH,2
ZRH,ZAG,2
AYT,DME,2
CIF,HLD,2
FCO,HEL,2
HEL,FCO,2
HKG,ZRH,2
HND,MUC,2
HYD,BHO,2
IST,SKG,2
KWL,PEK,2
MPM,APL,2
MUC,HND,2
PEK,KWL,2
PKC,SVO,2
SAN,SBP,2
SKG,IST,2
SVO,PKC,2
UAQ,AEP,2
USN,CJU,2
YCU,PVG,2
ZRH,HKG,2
AMS,IAD,2
ART,PHL,2
DLM,BHX,2
HKG,AKL,2
HLD,CIF,2
IAD,AMS,2
LAS,MEM,2
LYS,BIQ,2
MNL,GUM,2
OMS,DME,2
PHL,ART,2
SDN,OSL,2
YQG,YYZ,2
YYZ,YQG,2
AKL,HKG,2
AMS,LPI,2
AUS,CUN,2
BHX,DLM,2
CUN,AUS,2
GUM,MNL,2
IST,VAS,2
LHW,XMN,2
LPI,AMS,2
MEM,LAS,2
RUN,CDG,2
STN,VLC,2
VAS,IST,2
VLC,STN,2
XMN,LHW,2
ANC,OTZ,2
CAN,HIA,2
CMN,EUN,2
CMN,VIL,2
DUS,HAM,2
DZH,PEK,2
EVE,ANX,2
EWR,SYR,2
GMP,HIN,2
HIN,GMP,2
JFK,LIS,2
KUN,LTN,2
LIS,JFK,2
LIS,VCE,2
LTN,KUN,2
OTZ,ANC,2
PEK,DZH,2
PHX,RDM,2
RDM,PHX,2
RGK,SVO,2
SAW,VAS,2
SVO,RGK,2
SYR,EWR,2
VCE,LIS,2
VIL,CMN,2
ALA,URA,2
AMM,LHR,2
AUH,FRA,2
COK,PNQ,2
DTW,BHM,2
EUN,CMN,2
FCO,SPU,2
FRA,AUH,2
FRA,HKG,2
GGT,NAS,2
HIA,CAN,2
HKG,FRA,2
IAD,STL,2
IST,ADD,2
LHR,AMM,2
MDE,PUJ,2
MRY,SAN,2
SAN,MRY,2
SLC,YYC,2
SPU,FCO,2
STL,IAD,2
VAS,SAW,2
YYC,SLC,2
YYZ,KIN,2
ABV,ILR,2
ADD,IST,2
AUH,CDG,2
BGW,SHJ,2
BHM,DTW,2
BRU,DXB,2
BWI,MBJ,2
CDG,AUH,2
DUS,MAN,2
DXB,BRU,2
ESB,RZV,2
GRU,ATL,2
KIN,YYZ,2
LAS,PAE,2
MAN,DUS,2
MBJ,BWI,2
MED,SHJ,2
OVB,OMS,2
PAE,LAS,2
RZV,ESB,2
SHJ,BGW,2
SHJ,MED,2
SLC,TWF,2
TWF,SLC,2
AMS,TFS,2
ANC,DUT,2
ATL,ELP,2
ATL,GRU,2
AUH,IXE,2
AXJ,KMJ,2
BSZ,TAS,2
CLP,DLG,2
CMN,IST,2
CUU,MTY,2
DCA,OKC,2
DEL,JFK,2
DLG,KMO,2
DUT,ANC,2
ELP,ATL,2
FCO,REG,2
HAM,DUS,2
IST,CMN,2
IXE,AUH,2
JFK,DEL,2
KMJ,AXJ,2
KMO,CLP,2
MIA,SLC,2
MTY,CUU,2
NTG,DLC,2
OKC,DCA,2
PNQ,COK,2
REG,FCO,2
SFO,MUC,2
SJJ,VIE,2
TAS,BSZ,2
VIE,SJJ,2
AMS,TRN,2
ATH,IOA,2
AYT,ASR,2
DLC,NTG,2
DME,UFA,2
IAD,SLC,2
IOA,ATH,2
KWI,AMD,2
KZN,AYT,2
MUC,SFO,2
REG,LIN,2
RQY,HYD,2
SLC,MIA,2
TRN,AMS,2
TSN,LJG,2
AGU,DFW,2
AMD,KWI,2
ATH,EWR,2
AYT,KZN,2
CCU,VNS,2
CDG,RUN,2
CGK,MNL,2
DFW,AGU,2
DPS,DIL,2
EWR,ATH,2
HUH,RFP,2
IAD,JFK,2
JFK,IAD,2
LIN,REG,2
LJG,TSN,2
MNL,CGK,2
ORY,EWR,2
TFS,AMS,2
WIL,MYD,2
YVR,YZF,2
YZF,YVR,2
ASR,AYT,2
ATQ,DXB,2
BCN,BEG,2
BEG,BCN,2
BGY,IAS,2
BGY,LIS,2
BKK,MAA,2
BWI,CVG,2
CGO,PEK,2
CJU,KPO,2
CVG,BWI,2
DOH,WAW,2
DXB,ATQ,2
HAJ,ZRH,2
HGH,WEH,2
IAD,IST,2
IAS,BGY,2
IST,IAD,2
KPO,CJU,2
LIS,BGY,2
MAA,BKK,2
PEK,CGO,2
SLC,IAD,2
URA,ALA,2
VNS,CCU,2
VRN,MUC,2
WAW,DOH,2
BTV,DTW,2
CEB,DGT,2
CKG,DLC,2
CWJ,KMG,2
DGT,CEB,2
DTW,BTV,2
FCO,MXP,2
FOC,ZUH,2
FRA,SPU,2
FUE,FRA,2
JJN,PEK,2
KMG,CWJ,2
MUC,VRN,2
PEK,JJN,2
RIX,STN,2
STN,RIX,2
UNK,SMK,2
ZRH,HAJ,2
ABV,SKO,2
ADD,HGA,2
AKN,ANC,2
ALG,ELU,2
ANC,AKN,2
ARN,KLR,2
DLC,CKG,2
ELU,ALG,2
FEG,TAS,2
HGA,ADD,2
IDA,SEA,2
KLR,ARN,2
SEA,IDA,2
SKO,ABV,2
TAS,FEG,2
ZUH,FOC,2
AOR,SZB,2
ATL,LIM,2
CMN,NKC,2
IST,PVG,2
KHH,HAN,2
LIM,ATL,2
MAN,SAW,2
MFM,MNL,2
MNL,MFM,2
MXP,IBZ,2
NUE,CDG,2
PVG,IST,2
SAW,MAN,2
SFL,RAI,2
SZB,AOR,2
TUN,JED,2
WEH,HGH,2
YPX,YPH,2
BZN,DFW,2
CCU,SIN,2
CDG,NUE,2
DFW,BZN,2
EVV,ORD,2
FLR,LCY,2
HAN,KHH,2
IAH,YVR,2
LCY,FLR,2
LHW,HFE,2
LIM,GYE,2
LZH,PVG,2
ORD,EVV,2
PVG,LZH,2
RAI,SFL,2
SIN,CCU,2
SYX,FOC,2
TGU,LCE,2
TLQ,YIN,2
YIN,TLQ,2
ADU,THR,2
AZA,PVU,2
BGY,BUD,2
BHO,BLR,2
BKK,DPS,2
BLR,BHO,2
BOI,SJC,2
BSC,EOH,2
BUD,BGY,2
CLT,MLI,2
DCA,MYR,2
DOH,KHI,2
DPS,BKK,2
ELQ,RUH,2
EOH,BSC,2
EWR,ORY,2
GDN,TRF,2
HFE,LHW,2
IBZ,MXP,2
KHI,DOH,2
MKY,TSV,2
MLI,CLT,2
MRS,STN,2
MYR,DCA,2
NNY,CAN,2
PVU,AZA,2
RUH,ELQ,2
SJC,BOI,2
STN,MRS,2
THR,ADU,2
TRF,GDN,2
YVR,IAH,2
AGP,FRA,2
ALC,EDI,2
AMS,NBO,2
CAN,NNY,2
DMM,MCT,2
DTW,HPN,2
EDI,ALC,2
FOC,SYX,2
FRA,AGP,2
HPN,DTW,2
KHN,JHG,2
MCT,DMM,2
OKC,SLC,2
OMA,SLC,2
PSC,SFO,2
RSW,HPN,2
SHE,XUZ,2
SLC,OMA,2
USH,EZE,2
XUZ,SHE,2
BJA,ORY,2
BWI,SEA,2
CGO,DSN,2
CLT,MDW,2
DSN,CGO,2
GDN,LTN,2
GRU,JOI,2
HPN,RSW,2
ICN,LHR,2
ICN,TFU,2
JHG,KHN,2
JOI,GRU,2
KWI,HMB,2
LHR,ICN,2
LTN,GDN,2
MDW,CLT,2
MRS,ORN,2
ORN,MRS,2
ORY,BJA,2
SEA,BWI,2
SLC,OKC,2
TFU,ICN,2
BFL,SFO,2
CDG,GLA,2
GLA,CDG,2
HMB,KWI,2
IST,OPO,2
NAS,YYZ,2
OPO,IST,2
SKG,STR,2
STR,SKG,2
SZX,LZO,2
TGD,VIE,2
VIE,TGD,2
YYZ,NAS,2
AYT,AMS,2
AYT,SVX,2
HKG,XMN,2
IST,MRS,2
LHR,TLV,2
LYS,FCO,2
LZO,SZX,2
MIA,XPL,2
MRS,IST,2
SFO,BFL,2
SFO,PSC,2
SLC,YVR,2
STT,EIS,2
SXR,IXC,2
XMN,HKG,2
XPL,MIA,2
YVR,SLC,2
AGP,GOT,2
AGP,RAK,2
ATL,BOG,2
BOG,ATL,2
CCU,LKO,2
CGO,YIN,2
DLU,PVG,2
EWR,SJO,2
FCO,LYS,2
KUL,CSX,2
PVG,DLU,2
RAK,AGP,2
SJO,EWR,2
TAS,VKO,2
VKO,TAS,2
YIN,CGO,2
ALG,FCO,2
BBA,SCL,2
CLE,STL,2
COS,IAH,2
CSX,KUL,2
EIS,STT,2
FCO,ALG,2
GOT,AGP,2
HKG,WUH,2
HYD,KWI,2
KWI,HYD,2
LIR,YYZ,2
MIU,ABV,2
OVB,UUD,2
SCL,BBA,2
STN,LPA,2
SVX,AYT,2
TBU,VAV,2
TIA,SAW,2
TLV,LHR,2
UUD,OVB,2
VAV,TBU,2
WUH,HKG,2
BOD,GVA,2
DXB,TRV,2
GVA,BOD,2
HUH,BOB,2
IAH,COS,2
LPA,STN,2
PHL,SLC,2
PHX,RDU,2
PIT,MIA,2
RDU,PHX,2
SLC,PHL,2
TRV,DXB,2
VRA,YYZ,2
YUL,SFO,2
YYZ,VRA,2
ACI,SOU,2
AMS,AYT,2
ASB,KRW,2
BOS,SYR,2
DCA,GRR,2
DMK,TFU,2
GOT,LHR,2
HDK,MLE,2
HTN,LHW,2
KMG,URC,2
KRW,ASB,2
LHW,HTN,2
MIA,PIT,2
NUX,UFA,2
PRG,HRG,2
SAW,TIA,2
SFO,YUL,2
SOU,ACI,2
STL,CLE,2
SYR,BOS,2
URC,KMG,2
YYC,YXS,2
BKK,NKG,2
DOH,SGN,2
DUS,SKG,2
GRR,DCA,2
GRU,SJP,2
LHR,GOT,2
LJG,PKX,2
NBO,CDG,2
QOW,ABV,2
SGN,DOH,2
SJP,GRU,2
SKG,DUS,2
ATL,CSG,2
AUH,MNL,2
CSG,ATL,2
DFW,YYC,2
DMK,LOE,2
IIL,THR,2
KOW,TFU,2
LOE,DMK,2
NKG,BKK,2
PKX,LJG,2
PKX,XIL,2
TFU,DMK,2
TFU,KOW,2
THR,IIL,2
WLG,GIS,2
XIL,PKX,2
YYC,DFW,2
YYZ,LIR,2
AGX,COK,2
AKL,TUO,2
ARN,VNO,2
ATL,FRA,2
BGO,ARN,2
BTV,LGA,2
CLT,PWM,2
COK,AGX,2
CPH,PLQ,2
DSM,DCA,2
FRA,ATL,2
GAL,NUL,2
GIS,WLG,2
HGH,JHG,2
HGH,KUL,2
HIA,SZX,2
IAD,MCI,2
JHG,HGH,2
KUL,HGH,2
LGA,BTV,2
LIH,OAK,2
LUX,NCE,2
MCI,IAD,2
NCE,LUX,2
OAK,LIH,2
OKC,STL,2
PLQ,CPH,2
PUB,DEN,2
STL,OKC,2
SWA,ZHA,2
SZX,HIA,2
TUO,AKL,2
VNO,ARN,2
YVR,YWL,2
ABV,MIU,2
ARN,BGO,2
DAR,DXB,2
DEN,PUB,2
ISG,NRT,2
LED,SCW,2
MAO,STM,2
MNL,AUH,2
NRT,ISG,2
PHX,PSC,2
PMI,PRG,2
PRG,PMI,2
PSC,PHX,2
PTY,XPL,2
PUJ,MDE,2
PWM,CLT,2
SCW,LED,2
SJW,WNZ,2
UFA,NUX,2
WNZ,SJW,2
XPL,PTY,2
YXS,YYC,2
YYZ,DXB,2
ZHA,SWA,2
AMD,NAG,2
CNF,FOR,2
DCA,DSM,2
KRY,XIY,2
MAN,ORK,2
NAG,AMD,2
ORK,MAN,2
SHE,WEH,2
WEH,SHE,2
XIY,KRY,2
DEN,RIC,2
DXB,YYZ,2
FOR,CNF,2
HYA,MVY,2
HYD,RQY,2
LHR,NAP,2
NAP,LHR,2
ORD,PSP,2
RIC,DEN,2
ABT,JED,2
ANX,EVE,2
BOM,VGA,2
CAC,VCP,2
CTG,LIM,2
DME,IST,2
DUB,PRG,2
DVO,TAG,2
EWR,MUC,2
ICN,YYZ,2
IKI,NGS,2
IST,DME,2
JED,ABT,2
KHN,SHA,2
LIM,CTG,2
MMB,OKD,2
MUC,EWR,2
MXP,OSL,2
NGS,IKI,2
NNG,TSN,2
OKD,MMB,2
OSL,MXP,2
PNH,ICN,2
PRG,DUB,2
PSP,ORD,2
SHA,KHN,2
SVG,TRF,2
TAG,DVO,2
TSN,NNG,2
VCP,CAC,2
VGA,BOM,2
YYZ,ICN,2
AUH,GYD,2
BFN,CPT,2
BKK,NNG,2
BRL,ORD,2
BUD,DUB,2
BVC,SID,2
BWI,GSP,2
CDG,KRK,2
CPT,BFN,2
DUB,BUD,2
FCO,HAM,2
GSP,BWI,2
HAM,FCO,2
KRK,CDG,2
NNG,BKK,2
ADB,CGN,2
AGP,ORK,2
AMS,PVG,2
AVL,DFW,2
BER,NCE,2
BFS,PMI,2
BNA,RSW,2
BOS,FRA,2
CJM,DMK,2
CLE,LAX,2
DFW,AVL,2
DMK,CJM,2
DXB,SGN,2
FCO,EZE,2
FRA,BOS,2
FRA,FUE,2
KMG,KOW,2
KNX,DRW,2
KOW,KMG,2
MFM,WUX,2
NCE,BER,2
OKA,PUS,2
ORK,AGP,2
PMI,BFS,2
PUS,OKA,2
PVG,AMS,2
RSW,BNA,2
RUH,ADD,2
RUH,HBE,2
SDF,BOS,2
SGN,DXB,2
WUX,MFM,2
BOS,SDF,2
BWI,PUJ,2
DEN,DIK,2
DIK,DEN,2
EZE,FCO,2
GVA,PMI,2
GYD,AUH,2
HBE,RUH,2
LAX,CLE,2
PMI,GVA,2
PUJ,BWI,2
TLV,ZRH,2
TSN,WNZ,2
URC,TAO,2
WNZ,TSN,2
BKI,PVG,2
CVG,LAS,2
DMK,MNL,2
FBM,JNB,2
IAD,MOB,2
IBZ,STN,2
JNB,FBM,2
LAS,CVG,2
LDH,SYD,2
MNL,DMK,2
MOB,IAD,2
PVG,BKI,2
CGN,ADB,2
DRW,KNX,2
LGW,PSA,2
MFM,PKX,2
PKX,MFM,2
PRG,FCO,2
PSA,LGW,2
SHJ,MUX,2
SKG,VIE,2
STN,IBZ,2
TAO,URC,2
VIE,SKG,2
ALG,DXB,2
AMS,TLV,2
AXT,OKD,2
CCJ,JED,2
DOH,ZRH,2
DXB,ALG,2
FRA,YVR,2
MAG,POM,2
MAN,MCO,2
MCO,MAN,2
MUX,SHJ,2
OKD,AXT,2
SYD,LDH,2
YVR,FRA,2
YWG,YXE,2
YXE,YWG,2
ZRH,DOH,2
CGN,ZRH,2
FRA,TIA,2
GOP,BOM,2
HER,ORY,2
HIA,KHN,2
HRG,PRG,2
ICN,PNH,2
KHN,HIA,2
MUC,RZE,2
OAK,OGG,2
OGG,OAK,2
ORY,HER,2
PMI,LEJ,2
RZE,MUC,2
SPU,FRA,2
TIA,FRA,2
ZRH,CGN,2
AEP,CNQ,2
CKG,HUZ,2
DAL,LGB,2
DME,OGZ,2
LGB,DAL,2
LHR,MEX,2
MEX,LHR,2
OGZ,DME,2
POM,MAG,2
SAW,GVA,2
BOM,GOP,2
BUD,EIN,2
CCS,VIG,2
CIA,OTP,2
DOH,VIE,2
DUT,KQA,2
EDI,PMI,2
EIN,BUD,2
GVA,SAW,2
HAK,WNZ,2
HUZ,CKG,2
IXC,SXR,2
KQA,DUT,2
MCT,CGP,2
MRY,SFO,2
OTP,CIA,2
PEN,PVG,2
PVG,PEN,2
TRF,SVG,2
VIE,DOH,2
VIG,CCS,2
WWK,POM,2
BDL,RSW,2
CME,MEX,2
COR,EZE,2
DEN,FRA,2
FRA,DEN,2
HAN,PEK,2
ISB,UET,2
LEJ,PMI,2
LGK,SIN,2
LYI,SZX,2
MEX,CME,2
MIG,PKX,2
PEK,HAN,2
PKX,MIG,2
PMI,EDI,2
RSW,BDL,2
SFO,MRY,2
SIN,LGK,2
SIN,MUC,2
SZX,LYI,2
TCZ,TFU,2
TFU,TCZ,2
WNZ,HAK,2
WUH,ZHA,2
ZHA,WUH,2
ABQ,SFO,2
ASB,MYP,2
GDL,ONT,2
MUC,SIN,2
MYP,ASB,2
ONT,GDL,2
SFO,ABQ,2
BZE,PND,2
CAN,MEL,2
HYN,WUH,2
ICN,XMN,2
KUL,MFM,2
LED,SGC,2
LGA,SRQ,2
MEL,CAN,2
MFM,KUL,2
PUS,TAO,2
SRQ,LGA,2
TAO,PUS,2
TUN,MXP,2
WUH,HYN,2
XMN,ICN,2
ABV,QOW,2
ALF,OSL,2
AMS,TLL,2
HRG,VKO,2
KEF,SEA,2
KIX,TSN,2
MCT,TRV,2
OKD,SHB,2
OSL,ALF,2
SEA,KEF,2
SGC,LED,2
SHB,OKD,2
SMF,GEG,2
STL,TUL,2
TLL,AMS,2
TRV,MCT,2
TSN,KIX,2
TUL,STL,2
YFA,YMO,2
AMS,ORD,2
BOG,PTX,2
DCA,LAS,2
DSM,STL,2
GEG,SMF,2
GIB,LHR,2
ICT,STL,2
LAS,DCA,2
LCE,TGU,2
LHR,GIB,2
LIR,MIA,2
LIT,STL,2
MIA,LIR,2
NRR,CPX,2
ORD,ALO,2
ORD,AMS,2
OSL,SDN,2
PJM,SJO,2
PTX,BOG,2
PVG,TSA,2
SJO,PJM,2
STL,DSM,2
STL,ICT,2
STL,LIT,2
TSA,PVG,2
YAT,ZKE,2
ACE,EMA,2
ALO,ORD,2
BOS,MAD,2
BSB,VIX,2
CGO,HUZ,2
CIA,TIA,2
DAL,IND,2
DEN,ORF,2
EDI,MAD,2
EMA,ACE,2
FCO,ICN,2
FUK,MNL,2
GLA,TRE,2
HUZ,CGO,2
IND,DAL,2
IOM,LGW,2
LGW,IOM,2
LIS,NTE,2
MAD,BOS,2
MAD,EDI,2
MDE,SJU,2
MNL,FUK,2
NTE,LIS,2
ORD,BRL,2
ORF,DEN,2
SJU,MDE,2
TIA,CIA,2
TRE,GLA,2
VIX,BSB,2
ZKE,YFA,2
ABE,SFB,2
AVL,FLL,2
BET,EMK,2
FLL,AVL,2
PNQ,IDR,2
PPB,VCP,2
SFB,ABE,2
VCP,PPB,2
VKO,HRG,2
BRR,GLA,2
BUD,NAP,2
CLT,MUC,2
GLA,BRR,2
KHH,PVG,2
KRL,LHW,2
LHW,KRL,2
MUC,CLT,2
MXP,TUN,2
NAP,BUD,2
PVG,KHH,2
UUD,SVO,2
AMS,RAK,2
CAI,AHB,2
JED,BEY,2
KHH,SGN,2
LIH,SFO,2
NGB,WEH,2
ORD,SPI,2
RAK,AMS,2
SFO,LIH,2
SGN,KHH,2
TFU,WHA,2
TIV,IST,2
UET,ISB,2
WEH,NGB,2
WHA,TFU,2
ZRH,MLA,2
AHB,CAI,2
CUN,YYC,2
DMM,AMM,2
EDI,KOI,2
HNL,KIX,2
ICN,FCO,2
KIX,HNL,2
KIX,TNA,2
LAX,SBA,2
MAA,PAT,2
MLA,ZRH,2
MPM,TET,2
MRU,CDG,2
PAT,MAA,2
PTY,MGA,2
SBA,LAX,2
SPI,ORD,2
SVO,UUD,2
TNA,KIX,2
ZIA,LBD,2
AMD,IXC,2
AMM,DMM,2
ATL,MTY,2
BEY,JED,2
FBM,FIH,2
FIH,FBM,2
LBD,ZIA,2
MCX,SGC,2
MGA,PTY,2
MKE,STL,2
MTY,ATL,2
PRG,SAW,2
SAW,PRG,2
SGC,MCX,2
TSV,SYD,2
TYN,CGQ,2
VXE,SID,2
YVR,YZZ,2
YYC,CUN,2
YZZ,YVR,2
BOR,VTE,2
BPX,LXA,2
DTW,PLN,2
HER,AMS,2
HGH,DMK,2
LXA,BPX,2
MXP,OPO,2
NBO,AMS,2
PLN,DTW,2
STL,MKE,2
SYD,TSV,2
TET,MPM,2
VLC,BRU,2
VTE,BOR,2
AKL,PVG,2
BDA,JFK,2
BHY,CGO,2
CDG,MRU,2
CGO,BHY,2
CGQ,TYN,2
CMN,DOH,2
DIB,DEL,2
DMK,HGH,2
DOH,CMN,2
HEL,KAO,2
IST,VNO,2
JAI,MAA,2
JFK,BDA,2
KAO,HEL,2
KMG,LJG,2
LJG,KMG,2
OPO,MXP,2
PVG,AKL,2
SAN,SJD,2
SEA,STS,2
SJD,SAN,2
STS,SEA,2
TKE,JNU,2
VNO,IST,2
AGP,NCL,2
BRU,VLC,2
DEL,DIB,2
IAD,ZRH,2
INN,LGW,2
LGW,INN,2
PZU,CAI,2
STL,CMH,2
YCU,CKG,2
ZRH,IAD,2
CKG,YCU,2
DAL,SLC,2
FAO,ORK,2
GAJ,NKM,2
GOT,STN,2
HNL,JFK,2
JFK,HNL,2
MMJ,UKB,2
NCL,AGP,2
NKM,GAJ,2
ORK,FAO,2
SHE,URC,2
SLC,DAL,2
STN,GOT,2
UKB,MMJ,2
URC,SHE,2
YBX,YIF,2
ABJ,CMN,2
ARN,HAM,2
AYJ,BOM,2
BOM,AYJ,2
BRU,LYS,2
BRU,TLS,2
CMH,STL,2
CMN,ABJ,2
DAL,ECP,2
DJE,CDG,2
HAM,ARN,2
HGH,YCU,2
IAH,SMF,2
LYS,BRU,2
SMF,IAH,2
TLS,BRU,2
YCU,HGH,2
AAT,XIY,2
AMS,VNO,2
BGY,MAD,2
CSX,CZX,2
CZX,CSX,2
DAL,SMF,2
ECP,DAL,2
MAA,JAI,2
MAD,BGY,2
MSY,SEA,2
SEA,MSY,2
STN,WRO,2
TLV,SKG,2
VNO,AMS,2
WRO,STN,2
XIY,AAT,2
CDG,NBO,2
CGP,MCT,2
CHS,DEN,2
DEN,CHS,2
EAT,SEA,2
JED,ATZ,2
SEA,EAT,2
SMF,DAL,2
ALG,JED,2
ATH,NAP,2
CPE,MEX,2
MEX,CPE,2
NAP,ATH,2
ORY,PRG,2
PER,DXB,2
PRG,ORY,2
THR,ZBR,2
YIA,BDJ,2
ACK,MVY,2
AMM,BAH,2
BAH,AMM,2
BDJ,YIA,2
BNE,ZQN,2
CAI,PZU,2
DAC,MAA,2
DMM,LHE,2
DMM,TUU,2
DXB,PER,2
EWR,NAS,2
HRB,YTY,2
IST,NCE,2
LAX,SBP,2
MUC,PEK,2
MYJ,ICN,2
MYT,RGN,2
NAS,EWR,2
NCE,IST,2
PEK,MUC,2
SAW,BSZ,2
SSH,FCO,2
TUU,DMM,2
YHS,ZNA,2
YTY,HRB,2
ZNA,YHS,2
ZQN,BNE,2
BOI,OAK,2
EZE,MDZ,2
FRA,LAX,2
HKT,SHJ,2
LAX,FRA,2
LHR,MCO,2
MCO,LHR,2
MSP,YUL,2
OAK,BOI,2
PKV,VKO,2
ROB,ACC,2
SBP,LAX,2
SFO,TPA,2
SHJ,HKT,2
SZX,YCU,2
TFS,LBA,2
VKO,PKV,2
YUL,MSP,2
YZF,YHY,2
ATH,LIS,2
BRI,VCE,2
DEN,PIR,2
DJJ,MKQ,2
FCO,PRG,2
LBA,TFS,2
LIS,ATH,2
MKQ,DJJ,2
VCE,BRI,2
XUZ,NNG,2
AUA,CLT,2
BGO,LGW,2
CDG,DJE,2
CLT,AUA,2
HAM,HRG,2
IXC,AMD,2
LGW,BGO,2
NCE,OSL,2
NNG,XUZ,2
OSL,NCE,2
PHX,STS,2
PIR,DEN,2
SAN,SAT,2
SKG,TLV,2
STS,PHX,2
TER,GRW,2
TPA,SFO,2
BCN,PMO,2
BRI,BUD,2
BUD,BRI,2
CHS,IAH,2
DUS,ESB,2
ESB,DUS,2
GRW,TER,2
GVA,NTE,2
HNL,SYD,2
HRG,HAM,2
IAH,CHS,2
ICN,TAK,2
LUN,SLI,2
NTE,GVA,2
PMO,BCN,2
PWM,DTW,2
TAK,ICN,2
XGR,YVP,2
YQM,YUL,2
YVP,XGR,2
ALB,LGA,2
ATL,PTY,2
BNE,WLG,2
CGK,PVG,2
DTW,PWM,2
DXB,LCA,2
EWR,ILM,2
ILM,EWR,2
INL,MSP,2
LCA,DXB,2
LGA,ALB,2
MSP,INL,2
OME,SMK,2
PVG,CGK,2
SYD,HNL,2
WLG,BNE,2
YUL,YQM,2
ACE,EDI,2
ANU,SXM,2
BSZ,SAW,2
CGB,CNF,2
CNF,CGB,2
EDI,ACE,2
GUR,POM,2
INV,LHR,2
LHE,DMM,2
LHR,INV,2
PHL,MSN,2
POM,GUR,2
PTY,ATL,2
SAN,ABQ,2
URC,MIG,2
AJU,SSA,2
ALC,WAW,2
BPN,DPS,2
CBB,TDD,2
HER,BER,2
MIA,GSP,2
MIG,URC,2
MPL,NTE,2
MSN,PHL,2
NLU,PXM,2
NOS,TNR,2
NTE,MPL,2
PXM,NLU,2
SSA,AJU,2
TDD,CBB,2
WAW,ALC,2
YCU,SZX,2
YYZ,KEF,2
ABQ,SAN,2
ADD,RUH,2
AUH,MUC,2
BLR,RJA,2
BUD,FCO,2
CBO,MNL,2
DMM,TIF,2
EMA,FAO,2
EWR,MXP,2
FAO,EMA,2
FCO,BUD,2
GSP,MIA,2
MNL,CBO,2
MUC,AUH,2
NCL,SOU,2
RJA,BLR,2
SOU,NCL,2
TIF,DMM,2
YYR,YWK,2
ATZ,JED,2
BGY,PRG,2
CDB,KVC,2
CKG,YNZ,2
IAD,FCO,2
IAD,MUC,2
JED,CCJ,2
KVC,CDB,2
MUC,IAD,2
NJF,BAH,2
PRG,BGY,2
SJO,MDE,2
XIY,YIW,2
YIW,XIY,2
YNZ,CKG,2
ZBR,THR,2
AEP,ROS,2
CAN,YNZ,2
DUB,PHL,2
ENE,KOE,2
FCO,IAD,2
HLP,YIA,2
JJN,MNL,2
KOE,ENE,2
KTM,TFU,2
MCI,TPA,2
MDE,SJO,2
MNL,JJN,2
MUC,POZ,2
PHL,DUB,2
POZ,MUC,2
SSJ,BOO,2
TFU,KTM,2
TPA,MCI,2
YIA,HLP,2
YNZ,CAN,2
BER,HER,2
BLQ,CPH,2
BSB,MAB,2
BSL,IST,2
CIA,KRK,2
CMN,LYS,2
CPH,BLQ,2
DJJ,OKL,2
DPS,BPN,2
GRX,PMI,2
HLD,TGO,2
IST,BSL,2
KEF,YYZ,2
KRK,CIA,2
LGW,BSL,2
LYS,CMN,2
OKL,DJJ,2
PDX,STS,2
PMI,GRX,2
STS,PDX,2
TGO,HLD,2
YKG,YVP,2
YVP,YKG,2
ZHA,CKG,2
ALB,MDW,2
BAH,NJF,2
BEG,OTP,2
BSL,LGW,2
CCJ,RUH,2
CXH,WPL,2
DTW,CHA,2
DTW,GSO,2
GHA,ALG,2
GSO,DTW,2
HRB,WUX,2
KEF,MAN,2
MAN,JFK,2
MAN,KEF,2
MDW,ALB,2
MHK,ORD,2
MQF,SVO,2
MXP,EWR,2
OTP,BEG,2
PVR,YYC,2
SVO,MQF,2
SVX,KUF,2
WPL,CXH,2
WUX,HRB,2
AGP,RTM,2
BCN,BOD,2
BNA,SRQ,2
BOD,BCN,2
BOO,SSJ,2
BOS,ROC,2
CHA,DTW,2
CRL,LIS,2
EZE,COR,2
FRA,BEY,2
HRB,OHE,2
JNU,PEC,2
KUF,SVX,2
LIS,CRL,2
MAA,DAC,2
MAB,BSB,2
MHD,ABD,2
NBX,TIM,2
OHE,HRB,2
PAD,PMI,2
PMI,PAD,2
ROC,BOS,2
RTM,AGP,2
RUH,CCJ,2
SFB,TYS,2
SKP,VIE,2
SRQ,BNA,2
TIM,NBX,2
TIU,WLG,2
TYS,SFB,2
VIE,SKP,2
WLG,TIU,2
ABD,MHD,2
ALA,BSZ,2
BCN,SOF,2
BSZ,ALA,2
HGH,MIG,2
LIS,VCP,2
MDW,MEM,2
ORD,MHK,2
PEC,JNU,2
PRN,STR,2
SOF,BCN,2
STR,PRN,2
YYC,PVR,2
AGA,MAN,2
AMS,HER,2
BAV,PVG,2
BOS,MYR,2
CKG,ZHA,2
JFK,MAN,2
KSC,VIE,2
LAX,JAC,2
LTN,SCV,2
MAN,AGA,2
MEM,MDW,2
NAS,RSD,2
PVG,BAV,2
SHJ,PEW,2
VIE,KSC,2
BSL,CDG,2
CDG,BSL,2
JAC,LAX,2
LAX,LIM,2
LIM,LAX,2
MIA,MTY,2
MIG,HGH,2
MTY,MIA,2
SCV,LTN,2
SJJ,ZAG,2
VCP,LIS,2
ZAG,SJJ,2
AMS,WRO,2
BCN,MLA,2
BLZ,JNB,2
CIA,MAN,2
DFW,MAD,2
DMK,CKG,2
HYD,IXM,2
IXM,HYD,2
JNB,BLZ,2
LGW,RIX,2
MAD,DFW,2
MAN,CIA,2
MLA,BCN,2
NCE,SXB,2
RIX,LGW,2
RMQ,SGN,2
SFO,CLE,2
SGN,RMQ,2
SXB,NCE,2
WNP,MNL,2
WRO,AMS,2
AIA,DEN,2
AUH,ZRH,2
CKG,DMK,2
CLE,SFO,2
CSX,ZHA,2
DEN,AIA,2
JED,ADE,2
MNL,WNP,2
MYR,BOS,2
PEI,PTY,2
PEW,SHJ,2
PTY,PEI,2
QSZ,KHG,2
SZX,XNN,2
VVO,OVB,2
XNN,SZX,2
YAM,YTZ,2
YTZ,YAM,2
ADL,DPS,2
ATL,STT,2
BVA,OTP,2
DPS,ADL,2
DTW,FRA,2
GIL,ISB,2
GYD,MSQ,2
IDR,NAG,2
ISB,GIL,2
MAO,FOR,2
MLA,STN,2
MSQ,GYD,2
MUC,OPO,2
NAG,IDR,2
OPO,MUC,2
OTP,BVA,2
STN,MLA,2
STT,ATL,2
ZHA,CSX,2
ZRH,AUH,2
ZUH,WNZ,2
ANU,MIA,2
BAH,BLR,2
BKK,PEN,2
BOS,ISP,2
CFU,MAN,2
FCO,RUH,2
FOR,MAO,2
FRA,DTW,2
HOR,TER,2
MIA,ANU,2
PEN,BKK,2
PTY,SFO,2
SFO,PTY,2
TER,HOR,2
TNR,NOS,2
WNZ,ZUH,2
AAT,TLQ,2
ATH,AUH,2
BLR,BAH,2
CJU,USN,2
CPC,AEP,2
DCA,OMA,2
DEL,DMM,2
DMM,DEL,2
EOH,NQU,2
IDR,RPR,2
ISP,BOS,2
ITM,MSJ,2
JMJ,KMG,2
KMG,JMJ,2
MSJ,ITM,2
NQU,EOH,2
NTE,TLS,2
OGN,OKA,2
OMA,DCA,2
OVB,VVO,2
RPR,IDR,2
RUH,FCO,2
TLQ,AAT,2
YSJ,YYZ,2
YYZ,YSJ,2
ZHA,CGO,2
ALG,GHA,2
AMM,MED,2
AYT,GYD,2
BCN,TRN,2
CMN,FRA,2
DFW,FRA,2
FRA,CMN,2
FRA,DFW,2
FRA,TRS,2
GYD,AYT,2
KHG,QSZ,2
LPA,VDE,2
PHX,CLD,2
PMO,ZRH,2
PVG,ZYI,2
RUH,MNL,2
STN,TRN,2
SXM,SKB,2
TRN,BCN,2
TRN,STN,2
TRS,FRA,2
VDE,LPA,2
ZRH,PMO,2
ZYI,PVG,2
ALC,ALG,2
ALG,ALC,2
BKK,VIE,2
CLD,PHX,2
DAC,CMB,2
DOM,ANU,2
DUB,KRK,2
FLL,DAL,2
KEF,ORD,2
KRK,DUB,2
KUL,RGN,2
MAN,CFU,2
ORD,KEF,2
RGN,KUL,2
SYX,WUX,2
VIE,BKK,2
WUX,SYX,2
ATH,PRG,2
ATL,PWM,2
CEB,PAG,2
CLT,PLS,2
CMB,DAC,2
CNF,NAT,2
DAL,FLL,2
DUS,ARN,2
GGT,MIA,2
KTW,LTN,2
LTN,KTW,2
MIA,GGT,2
MNL,RUH,2
NAT,CNF,2
PAG,CEB,2
PLS,CLT,2
PRG,ATH,2
PWM,ATL,2
RAK,BRU,2
RDU,STL,2
STL,RDU,2
SVO,UUS,2
UUS,SVO,2
ARN,DUS,2
CAN,WXN,2
KOE,MOF,2
LGK,SZB,2
MDW,SLC,2
MOF,KOE,2
PEK,YBP,2
SAL,XPL,2
SUB,PKN,2
SZB,LGK,2
WXN,CAN,2
XPL,SAL,2
YBP,PEK,2
AGP,IBZ,2
BUD,MAN,2
CAI,VIE,2
CAN,XNN,2
DOH,LGW,2
IBZ,AGP,2
KWE,YIH,2
LCA,WAW,2
LGW,DOH,2
MAN,BUD,2
MHH,MIA,2
MIA,MHH,2
PEK,YIH,2
SLC,MDW,2
VIE,CAI,2
WAW,LCA,2
XNN,CAN,2
YIH,KWE,2
YIH,PEK,2
ADE,JED,2
ALA,DEL,2
DEL,PGH,2
DEL,YYZ,2
MFM,XMN,2
NTG,SHE,2
PGH,DEL,2
RMF,PRG,2
SHE,NTG,2
TFN,VLC,2
TLS,MRS,2
VLC,TFN,2
XMN,MFM,2
ADD,BEY,2
AGN,JNU,2
AMS,POZ,2
ASU,MVD,2
BKK,FUK,2
BQS,DME,2
CDG,DFW,2
CLO,EOH,2
DFW,CDG,2
DME,BQS,2
EOH,CLO,2
FUK,BKK,2
HGH,KOW,2
KBV,SIN,2
KOW,HGH,2
PRG,RMF,2
SIN,KBV,2
WUX,ZUH,2
ZUH,WUX,2
ATQ,SHJ,2
DEL,ALA,2
FAO,LBA,2
HGH,YBP,2
IAH,TAM,2
ICN,FSZ,2
ICT,PHX,2
KMJ,NRT,2
LBA,FAO,2
LPA,BIO,2
MVD,ASU,2
NRT,KMJ,2
PHX,ICT,2
POZ,AMS,2
SHJ,ATQ,2
TAM,IAH,2
VCP,XAP,2
XAP,VCP,2
ABZ,BGO,2
BGO,ABZ,2
CHC,WKA,2
DOH,OTP,2
FNA,ACC,2
FSZ,ICN,2
IFJ,RKV,2
MIG,TNA,2
MRS,TLS,2
NKG,YCU,2
OTP,DOH,2
RKV,IFJ,2
STM,MAO,2
TAO,HAK,2
TNA,MIG,2
WKA,CHC,2
YCU,NKG,2
ADZ,CLO,2
ARN,HAD,2
ATL,YYC,2
CLO,ADZ,2
GDL,PBC,2
GJT,SLC,2
HAD,ARN,2
HAK,TAO,2
MAD,AUH,2
MSP,YYC,2
PBC,GDL,2
SLC,GJT,2
TAO,WUX,2
WUX,TAO,2
YBP,HGH,2
YYC,ATL,2
YYC,MSP,2
AUH,MAD,2
BOM,VTZ,2
DAD,VCA,2
HUZ,WUX,2
KJA,NSK,2
MCI,MIA,2
MIA,MCI,2
NAS,GHB,2
TCG,AAT,2
VCA,DAD,2
VTZ,BOM,2
XMN,SGN,2
BHD,GLA,2
BOG,AEP,2
CGO,ZHA,2
CLJ,LTN,2
FCO,ATL,2
FRA,AMM,2
GLA,BHD,2
HPB,SCM,2
KHI,MCT,2
LED,IKT,2
LTN,CLJ,2
MAN,BRU,2
NLU,OAX,2
OAX,NLU,2
SVD,GND,2
WUX,HUZ,2
AEP,BOG,2
AMM,FRA,2
BLQ,BRI,2
BRD,MSP,2
BRI,BLQ,2
BRU,MAN,2
CEK,OVB,2
ESB,OGU,2
GYD,LED,2
IKT,LED,2
KWI,MHD,2
LED,GYD,2
MDW,PVD,2
MSP,BRD,2
OGU,ESB,2
PVD,MDW,2
REC,SLZ,2
RGN,THL,2
SCW,SVO,2
SGN,TBB,2
SGN,XMN,2
SLZ,REC,2
SVO,SCW,2
TPE,TAE,2
TRD,OSY,2
AAT,TCG,2
APN,DTW,2
ATL,FCO,2
CAN,NNG,2
CDC,SLC,2
DEN,SUN,2
DTW,APN,2
HDY,KUL,2
KOI,EDI,2
KUL,HDY,2
LGI,NAS,2
MTY,OAX,2
NNG,CAN,2
OAX,MTY,2
OSL,LPA,2
OVB,CEK,2
POS,YYZ,2
RAP,ORD,2
SIN,CRK,2
SLC,CDC,2
SUN,DEN,2
TAE,TPE,2
YAM,YSB,2
YQT,YAM,2
YYZ,POS,2
AEP,CPC,2
ALS,DEN,2
AUH,MAN,2
BKW,PKB,2
CLT,BKW,2
CLT,PAH,2
CRK,SIN,2
DDC,DEN,2
DEC,ORD,2
DEN,ALS,2
DEN,DDC,2
DEN,HYS,2
DEN,LAR,2
DEN,LBL,2
DEN,MCK,2
DOM,BGI,2
EAU,ORD,2
EZE,VVI,2
FOD,ORD,2
GCI,LCY,2
GUP,PHX,2
HAM,BRU,2
HEL,MAN,2
HIB,MSP,2
HYS,DEN,2
IAH,MEI,2
IAH,PIB,2
IAH,XPL,2
KCH,PEN,2
LAR,DEN,2
LBL,DEN,2
LCY,GCI,2
LHR,LUX,2
LPA,OSL,2
LUX,LHR,2
MAN,AUH,2
MAN,HEL,2
MCE,HHR,2
MCK,DEN,2
MCW,ORD,2
MEI,IAH,2
MFM,SIN,2
MKG,ORD,2
MSP,HIB,2
ORD,DEC,2
ORD,EAU,2
ORD,FOD,2
ORD,MCW,2
ORD,RAP,2
PEN,KCH,2
PHX,GUP,2
PIB,IAH,2
SIN,MFM,2
SRG,BPN,2
TBB,SGN,2
VVI,EZE,2
XPL,IAH,2
AGA,LGW,2
ARN,FCO,2
AYT,LTN,2
BFF,DEN,2
BGY,BVA,2
BKW,CLT,2
BOO,VRY,2
BPN,SRG,2
BRU,HAM,2
BVA,BGY,2
CDG,STR,2
CDR,DEN,2
CLT,CKB,2
CLT,SHD,2
DEN,BFF,2
DEN,CDR,2
DEN,EAR,2
DEN,LBF,2
DFW,SJO,2
EAR,DEN,2
FCO,ARN,2
GAM,OME,2
HHR,MCE,2
IRK,ORD,2
KPN,CYF,2
LAS,MCE,2
LBF,DEN,2
LGW,AGA,2
LTN,AYT,2
MCE,LAS,2
MQT,ORD,2
MSP,TVF,2
MWA,ORD,2
OME,SVA,2
ORD,IRK,2
ORD,MKG,2
ORD,MQT,2
ORD,MWA,2
ORD,OWB,2
OTZ,DRG,2
OWB,ORD,2
PAH,CLT,2
PKB,BKW,2
SHH,OME,2
SJO,DFW,2
SKK,KKA,2
STR,CDG,2
SVA,GAM,2
SXM,ANU,2
TVF,MSP,2
UNK,SKK,2
VRY,BOO,2
ATQ,KUL,2
BAX,DME,2
BEY,ADD,2
BFD,IAD,2
BFD,PIT,2
BOS,SRQ,2
BRI,TRN,2
CKB,CLT,2
DME,BAX,2
EYW,TPA,2
HNL,LUP,2
IAD,BFD,2
JBR,STL,2
KEF,LGW,2
KMJ,TPE,2
KUL,ATQ,2
LGA,ROA,2
LGW,KEF,2
PHX,SOW,2
PIT,BFD,2
PIT,LNS,2
ROA,LGA,2
SAI,SIN,2
SHD,CLT,2
SIN,SAI,2
SOW,PHX,2
TPA,EYW,2
TPE,KMJ,2
TRN,BRI,2
ABQ,CNM,2
CNM,ABQ,2
DJJ,BIK,2
IST,KRK,2
KRK,IST,2
LJU,ZRH,2
LTN,LUZ,2
LUP,HNL,2
LUZ,LTN,2
MAA,IXE,2
ORD,SJD,2
SAN,TUS,2
SJD,ORD,2
SRQ,BOS,2
SZX,YNZ,2
TUS,SAN,2
VDS,KKN,2
YNZ,SZX,2
ACF,SHF,2
BNA,MYR,2
DSS,CKY,2
IXE,MAA,2
LAX,EUG,2
MYR,BNA,2
PEK,MAD,2
SAT,SAN,2
SHF,ACF,2
SZX,DMK,2
ZRH,LJU,2
ADD,JRO,2
ALC,RTM,2
AUH,BCN,2
BCN,AUH,2
BOM,FRA,2
CEN,MEX,2
DFW,YUL,2
FRA,BOM,2
IAD,IPT,2
IPT,IAD,2
JNU,KLW,2
KTI,KUL,2
KUL,KTI,2
LAU,NBO,2
LFW,DSS,2
MAD,PEK,2
MEX,CEN,2
PKX,SIN,2
ROS,AEP,2
RTM,ALC,2
SIN,PKX,2
SLY,TJM,2
TJM,SLY,2
TRD,RVK,2
WIL,JRO,2
WIL,MBA,2
YUL,DFW,2
ANU,JFK,2
ATH,JSI,2
AUH,CGK,2
BAV,TYN,2
BOS,PDX,2
CGK,AUH,2
CLT,AOO,2
CSX,YNZ,2
DMK,SZX,2
FCO,SSH,2
GDL,SAT,2
JFK,ANU,2
JFK,PLS,2
JSI,ATH,2
LAX,LIR,2
LIR,LAX,2
ORY,TNG,2
PDX,BOS,2
PLS,JFK,2
POM,HKN,2
SAT,GDL,2
TNG,ORY,2
TYN,BAV,2
WNZ,TNA,2
YNZ,CSX,2
AOO,CLT,2
BEL,MAB,2
BHJ,BOM,2
BOM,BHJ,2
BPL,URC,2
CGK,GTO,2
ERC,SAW,2
EUG,LAX,2
GTO,CGK,2
HKG,XIY,2
LNS,PIT,2
MAB,BEL,2
ORY,PMO,2
PMO,ORY,2
SAW,ERC,2
STL,JBR,2
TNA,WNZ,2
URC,BPL,2
XIY,HKG,2
YEG,YQR,2
YSB,YYB,2
YZF,YFS,2
ZNZ,ADD,2
BEN,CAI,2
BIO,LPA,2
CAI,BEN,2
COK,SIN,2
DMK,KNO,2
DTM,TIA,2
JRO,WIL,2
KNO,DMK,2
MAD,SOF,2
PUS,GUM,2
SIN,COK,2
SJD,TLC,2
SMF,MDW,2
SOF,MAD,2
TIA,DTM,2
TLC,SJD,2
TOS,ANX,2
USH,FTE,2
VRA,YUL,2
YQR,YEG,2
ANX,TOS,2
BOO,MJF,2
FPO,MIA,2
HER,MAN,2
MDW,SMF,2
MIA,FPO,2
NRT,TFU,2
SKN,TOS,2
TFU,NRT,2
YAM,YQT,2
YOW,YQT,2
YQT,YOW,2
YSB,YAM,2
YUL,VRA,2
ADL,ASP,2
ALA,AYT,2
ASP,ADL,2
DOH,IKA,2
GCI,MAN,2
HBE,BEN,2
IKA,DOH,2
MAN,GCI,2
MEX,ZCL,2
THL,HEH,2
TOS,SKN,2
WIL,KEU,2
YYB,YSB,2
ZHA,KHN,2
ALG,TIN,2
AYT,ALA,2
BCN,LUX,2
CCJ,DMM,2
DEN,HNL,2
DEN,MUC,2
GUM,PUS,2
HNL,DEN,2
LUX,BCN,2
MAN,HER,2
MTY,TGZ,2
MUC,DEN,2
PQC,TPE,2
QRO,TIJ,2
RUH,YNB,2
RVK,TRD,2
TGZ,MTY,2
TIJ,QRO,2
TPE,PQC,2
YNB,RUH,2
ZCL,MEX,2
ABJ,COO,2
BGO,FRA,2
BWI,KEF,2
CAG,PSA,2
CLT,MSL,2
DMM,CCJ,2
EDL,LOK,2
FRA,BGO,2
GLA,ILY,2
IAD,SJU,2
ICN,XIY,2
ILY,GLA,2
KEF,BWI,2
KHN,ZHA,2
LAS,BZN,2
LOK,EDL,2
PEK,YNJ,2
PSA,CAG,2
SJU,IAD,2
XIY,ICN,2
YNJ,PEK,2
YWK,YZV,2
YZV,YWK,2
BER,EDI,2
BGY,CAI,2
BZN,LAS,2
CAI,BGY,2
CCU,KUL,2
DEN,ANC,2
EDI,BER,2
GSP,IAH,2
IAH,GSP,2
IAH,PVR,2
KHG,PVG,2
LGW,VIE,2
LYS,SAW,2
MSL,CLT,2
PVG,KHG,2
PVR,IAH,2
SAW,LYS,2
TMR,ALG,2
VIE,LGW,2
YXP,YFB,2
BHX,GLA,2
CTU,LJG,2
DJJ,SOQ,2
DLG,TWA,2
EWR,FCO,2
FCO,EWR,2
FTE,USH,2
GIG,LIS,2
GLA,BHX,2
HHN,STN,2
IST,TIV,2
KLU,VIE,2
KUF,OVB,2
LIS,GIG,2
LJG,CTU,2
LJU,MUC,2
MRS,BRU,2
MUC,LJU,2
NRT,SZX,2
STN,HHN,2
SZX,NRT,2
TIN,ALG,2
TOG,DLG,2
TWA,TOG,2
VIE,KLU,2
ANC,DEN,2
BRU,MRS,2
CHC,HKK,2
DSS,LFW,2
DXB,KRK,2
HKK,CHC,2
HKN,POM,2
MAN,VCE,2
MHC,SCL,2
MNL,XMN,2
OSL,RRS,2
RRS,OSL,2
SAP,TGU,2
SCL,MHC,2
TGU,SAP,2
VCE,MAN,2
VTE,ZVK,2
XMN,MNL,2
YDF,YYR,2
YUY,YUL,2
YYR,YDF,2
ALA,KZO,2
BEB,SYY,2
BEG,ZAG,2
COO,ABJ,2
DUB,NCE,2
FAO,BRU,2
HAV,TPA,2
JED,BLR,2
KRK,DXB,2
KZO,ALA,2
LAX,BZN,2
LBV,COO,2
LGA,LIT,2
LIT,LGA,2
LSI,EDI,2
NCE,DUB,2
SOJ,TOS,2
TOS,SOJ,2
TPA,HAV,2
YNJ,TAO,2
ZAG,BEG,2
BCN,NDR,2
CLO,MIA,2
CUN,SEA,2
DUB,VCE,2
JHB,SBW,2
KUL,CCU,2
MIA,CLO,2
NDR,BCN,2
NSK,KJA,2
OVB,KUF,2
PHL,SBY,2
SBW,JHB,2
SBY,PHL,2
SEA,CUN,2
SVO,TOF,2
SYY,BEB,2
TAO,YNJ,2
TAS,SSH,2
VCE,DUB,2
AOK,ATH,2
ATH,AOK,2
BZN,LAX,2
ELH,MIA,2
GYN,GIG,2
IGD,IST,2
IST,IGD,2
JNB,SIS,2
KUL,PQC,2
MIA,ELH,2
MKY,ROK,2
OSY,TRD,2
PQC,KUL,2
ROK,MKY,2
SIS,JNB,2
TOF,SVO,2
CLY,ORY,2
DOH,NRT,2
FLL,XPL,2
GIG,GYN,2
HMI,XIY,2
KUA,KUL,2
KUL,KUA,2
MJF,BOO,2
ORY,CLY,2
TLL,URE,2
VLI,BNE,2
XPL,FLL,2
YNT,HFE,2
ATQ,SXR,2
BEG,SKP,2
CNF,FLN,2
FLN,CNF,2
GUA,JFK,2
HAM,MXP,2
HKG,BNE,2
IFN,MHD,2
IST,LUX,2
JFK,GUA,2
KTN,KTB,2
LUX,IST,2
MHD,IFN,2
MXP,HAM,2
MXP,OTP,2
NRT,DOH,2
OTP,MXP,2
SKP,BEG,2
SXR,ATQ,2
BNE,HKG,2
BRU,FAO,2
CLQ,TIJ,2
FCO,LCY,2
HFE,YNT,2
JNB,RCB,2
KTB,CGA,2
LCY,FCO,2
MCT,KHI,2
MEM,PHX,2
RCB,JNB,2
SFO,PAE,2
SSA,MXQ,2
TIJ,CLQ,2
YBK,YRT,2
YEK,YRT,2
YTH,YWG,2
ZVK,VTE,2
AUH,EVN,2
EVN,AUH,2
HGH,LZO,2
IAD,BOG,2
KIX,SHE,2
LEA,PER,2
PAE,SFO,2
PER,LEA,2
PHX,MEM,2
SHE,KIX,2
XIY,HMI,2
BOG,IAD,2
CGI,ORD,2
DSN,SJW,2
IST,NKT,2
LZH,NKG,2
MXQ,SSA,2
NKG,LZH,2
NKT,IST,2
NOB,SJO,2
ORD,CGI,2
PNQ,LKO,2
QSZ,URC,2
SJO,NOB,2
SJW,DSN,2
TLL,KDL,2
URC,QSZ,2
URE,TLL,2
YRT,YBK,2
YRT,YEK,2
AKU,XIY,2
BSL,VIE,2
CJJ,CTS,2
CTS,CJJ,2
DFW,TRI,2
EIN,KRK,2
IST,SSH,2
KRK,EIN,2
LTN,VNO,2
LZO,HGH,2
PSP,YVR,2
RAO,CNF,2
SSH,IST,2
SSH,TAS,2
VIE,BSL,2
VNO,LTN,2
XIY,AKU,2
YOL,ABV,2
YVR,MSP,2
YVR,PSP,2
BAV,CIF,2
BQN,JFK,2
CIF,BAV,2
CNF,RAO,2
DAM,DOH,2
DLG,KNW,2
DOH,DAM,2
HSN,TAO,2
IST,LHE,2
JJN,NTG,2
KNW,DLG,2
LHE,IST,2
MBL,ORD,2
MCO,ROC,2
ORD,MBL,2
ROC,MCO,2
TAO,HSN,2
TIA,VRN,2
TRI,DFW,2
VRN,TIA,2
BNE,VLI,2
FCO,IBZ,2
FOC,YNT,2
GAU,AJL,2
GOI,MAA,2
GOT,IST,2
IBZ,FCO,2
IST,GOT,2
JFK,BQN,2
KDL,TLL,2
KRY,YIN,2
MAA,GOI,2
MEL,NRT,2
NRT,MEL,2
NTG,JJN,2
ORD,PTY,2
PTY,ORD,2
SHJ,TBS,2
SPU,VIE,2
TBS,SHJ,2
WIL,ASV,2
YIN,KRY,2
YNT,FOC,2
YYZ,YFC,2
ABV,YOL,2
ADD,JIB,2
AJL,GAU,2
DLA,SSG,2
DUB,HAM,2
HAM,DUB,2
LAX,MEL,2
MSP,YVR,2
VIE,SPU,2
XIY,BAV,2
YFC,YYZ,2
ADL,OLP,2
ANU,BGI,2
BAV,XIY,2
BGA,EOH,2
CNN,DOH,2
DAC,KTM,2
DOH,CNN,2
EOH,BGA,2
EWR,MBJ,2
EWR,PTY,2
FRD,BFI,2
IST,MIA,2
KTM,DAC,2
MBJ,EWR,2
MIA,IST,2
OLP,ADL,2
PDX,MDW,2
PTY,EWR,2
SEA,NRT,2
ARN,TKU,2
BRU,MXP,2
EDI,IST,2
FCO,ORD,2
IST,EDI,2
MDW,PDX,2
MEL,LAX,2
MXP,BRU,2
NRT,SEA,2
ORD,FCO,2
SLU,DOM,2
SPU,LGW,2
TKU,ARN,2
AGP,WAW,2
ATH,KVA,2
DNZ,SAW,2
FRA,GLA,2
GLA,FRA,2
GND,POS,2
HER,STR,2
KVA,ATH,2
MAD,CAI,2
PNH,SAI,2
SAT,SEA,2
SEA,SAT,2
SLC,TUL,2
TUL,SLC,2
WAW,AGP,2
WNZ,ZYI,2
YXJ,YYC,2
YYC,YXJ,2
ZYI,WNZ,2
AKU,KCA,2
BES,LYS,2
BHX,DUS,2
BUF,DEN,2
DEN,BUF,2
DSM,LAS,2
DUS,BHX,2
IAH,VCT,2
KCA,AKU,2
LAS,DSM,2
LGW,SPU,2
POZ,STN,2
SAW,DNZ,2
STN,POZ,2
VCT,IAH,2
ARN,KRK,2
BEN,HBE,2
BHX,MUC,2
CJU,HGH,2
DFW,MTJ,2
HGH,CJU,2
JED,MXP,2
KRK,ARN,2
LYS,BES,2
MDW,YTZ,2
MTJ,DFW,2
MUC,BHX,2
MXP,JED,2
OOK,TNK,2
SAI,PNH,2
SJO,ATL,2
TNK,BET,2
YTZ,MDW,2
ATL,SJO,2
BER,BSL,2
BKK,PQC,2
BRS,KRK,2
BSL,BER,2
BUD,MLA,2
CKS,CNF,2
CNF,CKS,2
KRK,BRS,2
LYS,NCE,2
MCT,LKO,2
MDZ,EZE,2
MLA,BUD,2
OME,UNK,2
PQC,BKK,2
RNS,TLS,2
TLS,RNS,2
BVA,TIA,2
CEZ,DEN,2
DEN,CEZ,2
JFK,LGW,2
JHS,GOH,2
LGW,JFK,2
LKO,MCT,2
MIA,IAD,2
MIA,STX,2
MLH,SKP,2
PEZ,SVO,2
RHO,HER,2
SIN,PUS,2
SKP,MLH,2
STR,HER,2
SVO,PEZ,2
TIA,BVA,2
VCE,BRU,2
YFB,YXP,2
BRU,VCE,2
CGH,JPA,2
CUN,LGW,2
DEL,EWR,2
DXB,MHD,2
EWR,DEL,2
HER,RHO,2
IAD,MIA,2
JAI,UDR,2
JHG,KWE,2
KIJ,OKD,2
KWE,JHG,2
LGW,CUN,2
MHD,DXB,2
OKD,KIJ,2
PUS,SIN,2
SNA,MSP,2
SOG,SDN,2
STX,MIA,2
SYD,BHQ,2
UDR,JAI,2
BEG,WAW,2
BOS,MCI,2
DOH,IAD,2
DPS,KOE,2
DUB,LPA,2
IAD,DOH,2
IPH,JHB,2
JHB,IPH,2
JIB,ADD,2
KOE,DPS,2
LPA,DUB,2
MCI,BOS,2
MSP,SNA,2
NCE,LYS,2
SIT,KLW,2
SMF,MSP,2
TWT,ZAM,2
WAW,BEG,2
ZAM,TWT,2
DLC,YTY,2
DUB,ORY,2
DUS,PRG,2
ECN,GZT,2
EIN,SOF,2
ERF,AYT,2
GZT,ECN,2
HEL,HND,2
HKG,SYX,2
HND,HEL,2
JPA,CGH,2
MSP,SMF,2
ORY,DUB,2
PCP,TMS,2
PHX,PGA,2
PRG,DUS,2
SEA,YLW,2
SOF,EIN,2
SYX,HKG,2
TMS,PCP,2
YLW,SEA,2
YTY,DLC,2
AMS,INV,2
ARN,ATH,2
ATH,BLQ,2
AUH,ATH,2
BER,SKG,2
BLQ,ATH,2
CLT,STT,2
CVG,PHX,2
DEL,ZRH,2
HUZ,NKG,2
INV,AMS,2
KGL,JNB,2
KMG,YNT,2
LGW,SKG,2
NBE,LGW,2
NKG,HUZ,2
PGA,PHX,2
PHX,CVG,2
PKX,VVO,2
SKG,BER,2
SKG,LGW,2
STT,CLT,2
VVO,PKX,2
ZRH,DEL,2
ATH,ARN,2
BUR,STS,2
CEZ,PHX,2
CVQ,PER,2
HET,LHW,2
HTY,SAW,2
KHI,RUH,2
KHV,NLI,2
LGW,NBE,2
LHW,HET,2
MHT,IAD,2
NJF,IFN,2
NLI,KHV,2
OVB,NJC,2
PHX,CEZ,2
PKX,ZHA,2
RMO,TLV,2
SAW,BAL,2
SAW,HTY,2
STS,BUR,2
WAW,ZAG,2
YXE,YPA,2
ZAG,WAW,2
ZHA,PKX,2
AYT,ERF,2
BAL,SAW,2
BRU,GOT,2
CAN,ZHA,2
CMN,SAW,2
FRA,SEA,2
GOT,BRU,2
IAD,MHT,2
MED,KUL,2
MEL,MGB,2
MGB,MEL,2
MOZ,BOB,2
PER,HKG,2
SEA,FRA,2
TOS,TRD,2
YNT,KMG,2
ZHA,CAN,2
AGP,DUS,2
BFS,TFS,2
BLR,JED,2
CLT,BTV,2
DUS,AGP,2
FRA,YUL,2
GDL,OAX,2
HAS,JED,2
HKG,PER,2
IFN,NJF,2
JED,HAS,2
KRL,PKX,2
KTW,STN,2
LAX,MFR,2
MCO,PSE,2
MFR,LAX,2
OAX,GDL,2
PKX,KRL,2
PSE,MCO,2
SGN,TFU,2
STN,KTW,2
TFS,BFS,2
YUL,FRA,2
BTV,CLT,2
BUD,BRU,2
DCY,TFU,2
DLM,STN,2
DPS,SOC,2
HYD,IXU,2
IXU,HYD,2
JNB,KGL,2
LXA,WUH,2
MDW,SEA,2
NJC,OVB,2
RUH,KHI,2
SEA,MDW,2
SOC,DPS,2
STN,DLM,2
TFU,DCY,2
TFU,SGN,2
YDF,YYZ,2
YLW,YXS,2
ARN,PRG,2
CCS,SVZ,2
DLU,HGH,2
DXB,HBE,2
EMK,SXP,2
HBE,DXB,2
HGH,DLU,2
LPA,MUC,2
MFM,NGB,2
NGB,MFM,2
PRG,ARN,2
SAW,CMN,2
SVZ,CCS,2
SXP,AUK,2
TFS,MUC,2
WUH,LXA,2
YYZ,YDF,2
BRU,BUD,2
CGK,SYD,2
CUR,PTY,2
FRA,SVG,2
HUZ,PEK,2
KDU,ISB,2
NQZ,TAS,2
PEK,HUZ,2
PTY,CUR,2
PVR,SEA,2
SEA,PVR,2
SVG,FRA,2
TAS,NQZ,2
YWG,YTH,2
YXC,YYC,2
YYC,YXC,2
BLQ,ZRH,2
BRS,NCL,2
BRU,RAK,2
COK,MLE,2
DRW,ASP,2
ELQ,SHJ,2
MJZ,OVB,2
MLE,COK,2
NRN,PMI,2
PMI,NRN,2
SHJ,ELQ,2
SYD,CGK,2
TWC,YIN,2
YIN,TWC,2
ZRH,BLQ,2
ALC,GOT,2
AYT,BRS,2
CSX,DMK,2
CSX,DSN,2
DMK,CSX,2
DSN,CSX,2
GOT,ALC,2
LED,TAS,2
NAP,STN,2
PBI,BDL,2
STN,NAP,2
VNX,JNB,2
WNZ,DLC,2
ACE,LPL,2
ASP,DRW,2
AXA,MIA,2
AYT,DRS,2
BEG,FCO,2
BRS,AYT,2
DLC,WNZ,2
DLU,WUH,2
EVN,LED,2
FCO,BEG,2
HRB,CTU,2
LED,EVN,2
LPL,ACE,2
LTN,SOF,2
MIA,AXA,2
MYR,DTW,2
NCL,BRS,2
NRT,ORD,2
PVG,JJN,2
SOF,LTN,2
SXM,CUR,2
TAS,LED,2
WUH,DLU,2
BER,TFS,2
BLQ,SUF,2
DTW,MYR,2
FUE,STN,2
IAH,RIC,2
INC,XNN,2
ISB,KDU,2
JED,CDG,2
JJN,PVG,2
KEJ,SVO,2
ORD,NRT,2
OVB,MJZ,2
RIC,IAH,2
STN,FUE,2
SUF,BLQ,2
SVO,KEJ,2
TER,SJZ,2
TFS,BER,2
XNN,INC,2
YUL,YUY,2
ABQ,SEA,2
BUD,HEL,2
CTU,HRB,2
DAD,PQC,2
DQA,TAO,2
DTW,JAX,2
FLL,BUF,2
HEL,BUD,2
HIJ,ICN,2
IAD,ITH,2
ICN,HIJ,2
IPC,SCL,2
ITH,IAD,2
JAX,DTW,2
LZN,RMQ,2
PQC,DAD,2
RMQ,LZN,2
SCL,IPC,2
SEA,ABQ,2
SJZ,TER,2
YOW,FLL,2
ADF,IST,2
BDL,PBI,2
BEY,SHJ,2
BUF,FLL,2
CAN,VTE,2
FLL,YOW,2
GYD,TAS,2
IST,ADF,2
SHJ,BEY,2
TAO,DQA,2
TAS,GYD,2
AER,OMS,2
BRE,IST,2
CLY,MRS,2
CRL,OPO,2
CTU,NNG,2
GLA,PMI,2
GSV,LED,2
IST,BRE,2
LED,GSV,2
LYS,RNS,2
MRS,CLY,2
MUC,TFS,2
OPO,CRL,2
PMI,GLA,2
SON,VLI,2
BJX,PVR,2
BME,KNX,2
BNE,MNL,2
CAN,SVO,2
CCU,AUH,2
CGQ,LYI,2
CIT,SCO,2
CNN,SHJ,2
DLC,KIX,2
DMK,NAW,2
FLS,LST,2
HAN,TFU,2
IST,SFO,2
KIX,DLC,2
KNX,BME,2
KRY,TFU,2
LST,FLS,2
LYI,CGQ,2
MNL,BNE,2
NAW,DMK,2
PVR,BJX,2
RNS,LYS,2
SCO,CIT,2
SFO,IST,2
SHJ,CNN,2
SVO,CAN,2
TFU,HAN,2
TFU,KRY,2
TSV,MEL,2
TYN,WUX,2
VLI,SON,2
WUX,TYN,2
AMS,SEA,2
BKK,PER,2
BKK,PKX,2
BTI,FAI,2
DFW,GNV,2
DFW,SGU,2
EDL,WIL,2
FAI,BTI,2
FEZ,ORY,2
HET,KWE,2
HGH,TPE,2
JFK,TPE,2
JMU,TAO,2
LAK,YEV,2
LGW,NTE,2
LHR,PHX,2
MAD,SAW,2
MCI,FLL,2
MEL,TSV,2
MLA,ORY,2
NNG,CTU,2
NTE,LGW,2
ORF,MDW,2
ORY,FEZ,2
ORY,MLA,2
PER,BKK,2
PHO,OTZ,2
PHX,LHR,2
SAW,MAD,2
TAO,JMU,2
TFU,UYN,2
TPE,HGH,2
UYN,TFU,2
YEV,LAK,2
ADD,ZNZ,2
AUH,CCU,2
BUD,SAW,2
CDG,SAW,2
CNP,OBY,2
FLL,MCI,2
GMQ,XNN,2
GNV,DFW,2
HEL,TAY,2
JAX,STL,2
JRO,ADD,2
MCO,TTN,2
MVY,HYA,2
OBY,CNP,2
PKX,BKK,2
SAW,BUD,2
SAW,CDG,2
SEA,AMS,2
SGU,DFW,2
TAY,HEL,2
TPE,JFK,2
TTN,MCO,2
XNN,GMQ,2
ACC,IST,2
BCN,FUE,2
BGY,TPS,2
BLR,TIR,2
CDG,JED,2
EBB,KXO,2
FUE,BCN,2
GIG,COR,2
IST,ACC,2
KWE,HET,2
KXO,KHX,2
LHW,HAK,2
OMS,AER,2
ORY,RDZ,2
PVG,DSN,2
RDZ,ORY,2
STL,JAX,2
TIR,BLR,2
TLV,BKK,2
TPS,BGY,2
YHR,YIF,2
YHR,ZGS,2
YIF,YHR,2
ZGS,YHR,2
ZLT,ZTB,2
ZTB,YHR,2
BEG,TIA,2
BKK,TLV,2
CAE,PHL,2
CGO,ICN,2
DAL,SJC,2
DEL,JLR,2
DLU,SZX,2
DSN,PVG,2
HAK,LHW,2
ICN,CGO,2
LYS,SXB,2
NLU,SJD,2
PHL,CAE,2
SJC,DAL,2
SJD,NLU,2
SXB,LYS,2
SZX,DLU,2
TIA,BEG,2
UPG,GTO,2
AGP,SCQ,2
AMS,GOA,2
BGA,RVE,2
BHX,FUE,2
CKG,KUL,2
DRS,AYT,2
FUE,BHX,2
GOA,AMS,2
HKG,AMS,2
IST,GRU,2
PHL,ROA,2
REC,LIS,2
RVE,BGA,2
SCQ,AGP,2
SFO,SYD,2
TLS,RAK,2
ALG,TMR,2
AMS,HKG,2
CEB,CGM,2
CGM,CEB,2
CGQ,LYG,2
DOH,LOS,2
EBB,JUB,2
GRU,IST,2
GTO,UPG,2
HER,BRU,2
KUL,CKG,2
LIS,REC,2
LOS,DOH,2
LPB,LIM,2
MAA,IXB,2
NUI,SCC,2
PIT,SFO,2
RAK,TLS,2
ROA,PHL,2
SCC,NUI,2
TYN,WNZ,2
YXS,YLW,2
AUH,ICN,2
BEG,BUD,2
BOG,MSK,2
BUD,BEG,2
BUD,OTP,2
CAI,BCN,2
CNF,SJP,2
COR,GIG,2
GND,SVD,2
HFE,LJG,2
ICN,AUH,2
IST,TBZ,2
IXB,MAA,2
JUB,EBB,2
LBV,MVB,2
LJG,HFE,2
MDW,MIA,2
MIA,MDW,2
MLE,HDK,2
MSP,XNA,2
NAP,TRN,2
OTP,BUD,2
SFO,PIT,2
SJP,CNF,2
SYD,DOH,2
SYD,SFO,2
TBZ,IST,2
TRN,NAP,2
WNZ,TYN,2
XNA,MSP,2
YOW,YQM,2
YQM,YOW,2
AMM,DAM,2
AMS,LAX,2
BHX,LPA,2
BRU,HER,2
CFR,LYS,2
CUN,YEG,2
DAM,AMM,2
DFW,HNL,2
DLM,ESB,2
DMK,KHH,2
DND,LHR,2
DOH,SYD,2
ESB,DLM,2
FMM,PMI,2
HNL,DFW,2
LAX,AMS,2
LHR,DND,2
LPA,BHX,2
LUV,AMQ,2
LYS,CFR,2
MDW,ORF,2
PMI,FMM,2
TLE,TNR,2
YFB,YOW,2
YOW,YFB,2
AES,AMS,2
AGN,TKE,2
AMS,AES,2
BLL,MUC,2
BLQ,LIS,2
DAL,OAK,2
DEL,IMF,2
DUS,LIN,2
EDI,LSI,2
IMF,DEL,2
KEF,MXP,2
KHH,DMK,2
KRL,KRY,2
KRY,KRL,2
LAX,MTY,2
LIN,DUS,2
LIS,BLQ,2
MIA,SAN,2
MTY,LAX,2
MUC,BLL,2
NAS,PLS,2
PLS,NAS,2
SAN,MIA,2
SBN,DTW,2
TLV,RMO,2
VKO,BJV,2
XUZ,DLC,2
AYT,CPH,2
BJV,VKO,2
BTK,IKT,2
CEB,DPL,2
CTA,VIE,2
DLC,XUZ,2
DPL,CEB,2
IAD,PUJ,2
IKT,BTK,2
LIM,LPB,2
LPA,VLC,2
MVB,LBV,2
PMV,MUN,2
PUJ,IAD,2
SZG,DUS,2
VIE,CTA,2
VLC,LPA,2
XNN,KWE,2
ADD,PZU,2
CMN,MXP,2
FUK,KHH,2
HSN,SWA,2
JJN,HAK,2
KHH,FUK,2
KUL,UPG,2
KWE,XNN,2
MXP,KEF,2
RGN,MYT,2
SWA,HSN,2
UPG,KUL,2
YEG,YXE,2
YXE,YEG,2
BDA,BOS,2
BQS,KJA,2
BUS,IST,2
EVN,FCO,2
IAH,MGA,2
IST,BUS,2
KJA,BQS,2
LGW,NQY,2
MCT,BLR,2
MGA,IAH,2
MXP,CMN,2
NQY,LGW,2
OAK,DAL,2
SEA,YEG,2
URC,ACF,2
YEG,CUN,2
YEG,SEA,2
YYR,YDP,2
ACF,URC,2
AUS,ECP,2
BLR,MCT,2
BOS,BDA,2
BVA,FCO,2
DUS,SZG,2
ECP,AUS,2
FCO,BVA,2
FCO,EVN,2
JAI,DED,2
MAD,ORD,2
MIG,NKG,2
ORD,MAD,2
PNH,HKG,2
RIX,TMP,2
AKL,APW,2
AMS,ICN,2
BNE,DOH,2
BVA,CLJ,2
CLJ,BVA,2
DED,JAI,2
DTW,SBN,2
HKG,PNH,2
INC,CTU,2
IST,ISB,2
LCY,IBZ,2
NKG,MIG,2
SAP,GUA,2
TMP,RIX,2
YDP,YYR,2
ACC,FNA,2
APW,AKL,2
BVG,VDS,2
CAN,HKT,2
CMN,MRS,2
CRL,GRO,2
DCA,EYW,2
DJE,LYS,2
DOH,BNE,2
DPS,SRG,2
EYW,DCA,2
GRO,CRL,2
GUM,KIX,2
HAK,JJN,2
HKT,CAN,2
IBZ,LCY,2
ICN,AMS,2
ISB,IST,2
IST,PEK,2
KIX,GUM,2
LEJ,VIE,2
MRS,CMN,2
MVY,ACK,2
NTE,STN,2
SAT,STL,2
SRG,DPS,2
STN,NTE,2
VIE,LEJ,2
VTE,CAN,2
AUR,ORY,2
CPH,AYT,2
CTU,INC,2
LPA,SCQ,2
ORY,AUR,2
PEK,IST,2
RIC,MSP,2
SCQ,LPA,2
STL,SAT,2
SYZ,MHD,2
ABV,CBQ,2
ADD,GOB,2
ALC,FCO,2
ALC,ZRH,2
ARN,LYC,2
BEG,BER,2
BER,BEG,2
CBQ,ABV,2
DIN,HAN,2
DUB,KEF,2
FCO,ALC,2
JIC,LHW,2
KEF,DUB,2
LHW,JIC,2
LIS,PRG,2
LYC,ARN,2
LZH,TFU,2
MAD,TRN,2
MSK,BOG,2
MSP,RIC,2
PMC,PNT,2
PNT,PMC,2
PRG,LIS,2
TFU,LZH,2
TRN,MAD,2
ZRH,ALC,2
AGP,CRL,2
BGY,MAN,2
BON,AMS,2
CRL,AGP,2
CUN,GUA,2
DIL,DRW,2
DRW,DIL,2
FLL,PVD,2
GUA,CUN,2
MAD,MLA,2
MAN,BGY,2
MIA,CAP,2
MLA,MAD,2
MUC,LPA,2
OSL,VNO,2
SFN,AEP,2
VNO,OSL,2
AMD,BHO,2
AYT,MRV,2
BLQ,STN,2
CAP,MIA,2
CRL,PSA,2
CUN,MAD,2
GRO,STN,2
GUA,SAP,2
HTA,OVB,2
INC,NGB,2
IST,KSY,2
KSY,IST,2
LHR,PMI,2
MAD,CUN,2
NGB,INC,2
OTP,SKG,2
OVB,HTA,2
PHX,EUG,2
PMI,LHR,2
PSA,CRL,2
PVD,FLL,2
SKG,OTP,2
STN,BLQ,2
STN,GRO,2
AKL,WHK,2
ALC,BIO,2
BEY,LHR,2
BHO,AMD,2
BIO,ALC,2
BRE,STN,2
COO,LBV,2
DXB,SVX,2
EUG,PHX,2
HUZ,XIY,2
LHR,BEY,2
MAD,MVD,2
MHD,SYZ,2
MTY,SFO,2
PUS,TAG,2
SFO,MTY,2
STN,BRE,2
TAG,PUS,2
WHK,AKL,2
XIY,HUZ,2
XMN,SYX,2
ACE,NCL,2
AQA,VCP,2
BCN,CRL,2
CGQ,XMN,2
CNX,PVG,2
CPH,STR,2
CRL,BCN,2
DMM,ELQ,2
ELQ,DMM,2
KHN,XUZ,2
MRS,LYS,2
MRV,AYT,2
NCL,ACE,2
PER,DOH,2
PNH,SZX,2
PVG,CNX,2
STR,CPH,2
SVX,DXB,2
SYX,XMN,2
SZX,PNH,2
VCP,AQA,2
XUZ,KHN,2
ALG,FRA,2
BGI,GEO,2
BJZ,MAD,2
CAN,CGD,2
CGD,CAN,2
DOH,PER,2
FCO,TFS,2
GEG,DFW,2
HDY,SIN,2
LYS,DJE,2
MAD,BJZ,2
MUC,RIX,2
POS,GND,2
RIX,MUC,2
SIN,HDY,2
XMN,CGQ,2
ADD,AMM,2
ADD,HRE,2
BOS,STI,2
DFW,GEG,2
FRA,ALG,2
IST,TPE,2
KGK,KEK,2
MCT,HKT,2
PKX,YNJ,2
SMF,AUS,2
TPE,IST,2
YNJ,PKX,2
AMS,SFO,2
AUS,SMF,2
BHQ,SYD,2
CBR,OOL,2
EZE,NQN,2
GMP,KHH,2
GYD,SHJ,2
HKT,MCT,2
HOU,LGB,2
IST,CAN,2
JNB,WVB,2
KHH,GMP,2
LGB,HOU,2
MCT,ISB,2
MUC,PRN,2
OOL,CBR,2
PIH,SLC,2
PMY,AEP,2
SFO,AMS,2
SHJ,GYD,2
STI,BOS,2
AMM,ADD,2
BEN,IST,2
BOI,BUR,2
BUR,BOI,2
CAN,IST,2
CGO,YNT,2
GOA,MUC,2
IAD,YTZ,2
IST,BEN,2
IST,KBL,2
LYS,MRS,2
MAD,MDE,2
MDE,MAD,2
MIA,ZRH,2
MUC,GOA,2
SDN,SOG,2
SLC,PIH,2
YNT,CGO,2
YTZ,IAD,2
ZRH,MIA,2
ZUH,JJN,2
ADD,LOS,2
BGR,ORD,2
DTW,FWA,2
ISB,MCT,2
JJN,ZUH,2
JNB,LAD,2
MSN,PHX,2
NRT,UBN,2
PHX,MSN,2
RUH,SHW,2
SHW,RUH,2
UBN,NRT,2
ABS,ASW,2
ALC,HEL,2
ATH,MAN,2
BCM,LTN,2
DFW,GUA,2
FAV,PPT,2
FWA,DTW,2
GUA,DFW,2
HEL,ALC,2
KBL,IST,2
LOS,ADD,2
LUX,MAD,2
MAD,LUX,2
MAN,ATH,2
MDW,BHM,2
PRN,MUC,2
TRD,TOS,2
ADD,CPT,1
ANC,SCC,1
ASE,IAH,1
BHM,MDW,1
BLQ,VLC,1
CPT,ADD,1
EEK,KWN,1
EWR,AVL,1
FOC,SIN,1
FSC,NCE,1
GEA,MEE,1
INV,SYY,1
KUL,MCT,1
LAD,JNB,1
LTN,BCM,1
LYG,CGQ,1
NCE,FSC,1
NGB,SJW,1
OGG,YVR,1
ORD,BGR,1
PKX,WEH,1
PZU,ADD,1
SCC,ANC,1
SIN,FOC,1
SJW,NGB,1
SSG,DLA,1
SYY,INV,1
VLC,BLQ,1
WEH,PKX,1
YVR,OGG,1
ADD,FBM,1
ADL,CNS,1
ALA,ICN,1
ASW,ABS,1
AVL,EWR,1
BCN,HEL,1
BCN,TIA,1
BHK,VKO,1
CCC,YUL,1
CPV,REC,1
DLA,BGF,1
DOH,MIA,1
GEO,BGI,1
GRR,LAS,1
HEL,BCN,1
ICN,ALA,1
JFK,STT,1
JMU,PKX,1
LAS,GRR,1
LJG,SJW,1
MCT,KUL,1
MIA,DOH,1
MIA,SAT,1
PKX,JMU,1
REC,CPV,1
SAT,MIA,1
SJW,LJG,1
STT,JFK,1
TIA,BCN,1
VKO,BHK,1
WVB,JNB,1
YDF,YHZ,1
YHZ,YDF,1
CNS,ADL,1
DFW,IDA,1
GOB,ADD,1
IAH,ASE,1
IDA,DFW,1
IND,SEA,1
SEA,IND,1
YUL,CCC,1
BAQ,PTY,1
BRS,LPA,1
CAI,MUC,1
CAN,JJN,1
DMK,XIY,1
FLL,ALB,1
JJN,CAN,1
KTM,CAN,1
KWL,TYN,1
LPA,BRS,1
PFO,STN,1
PHL,SRQ,1
PTY,BAQ,1
SRQ,PHL,1
STN,PFO,1
TYN,KWL,1
VKO,ALA,1
AEP,SFN,1
BOI,SNA,1
CAN,KTM,1
DAD,DLI,1
DLI,DAD,1
MUC,CAI,1
SIT,KAE,1
SNA,BOI,1
UIO,GPS,1
XIY,DMK,1
ALB,FLL,1
AMD,PAT,1
AMS,CMN,1
ARN,KEF,1
ATL,COS,1
BLQ,CRL,1
CAN,CNX,1
CHS,FLL,1
CJJ,DAD,1
CMN,AMS,1
CNX,CAN,1
COS,ATL,1
CRL,BLQ,1
CSX,ICN,1
HTN,XIY,1
ICN,CSX,1
INC,NNG,1
KRK,MXP,1
MSO,PDX,1
MXP,KRK,1
NCE,WAW,1
NNG,INC,1
PDX,MSO,1
PVD,RSW,1
RSW,PVD,1
SBA,SEA,1
SEA,SBA,1
SJD,YVR,1
SYD,YVR,1
TFS,FCO,1
WAW,NCE,1
XIY,HTN,1
YVR,SJD,1
YVR,SYD,1
ZAG,BRU,1
ANC,UNK,1
ARN,MHQ,1
CBQ,LOS,1
CCU,IDR,1
DAD,CJJ,1
DCM,ORY,1
GAU,IXB,1
HER,CDG,1
IDR,CCU,1
INC,SHE,1
KEF,ARN,1
KKN,VDS,1
KTM,PBH,1
MEM,MIA,1
MHQ,ARN,1
NGO,PUS,1
ORY,DCM,1
PUS,NGO,1
SFO,ZRH,1
SHE,INC,1
SID,RAI,1
SIN,CJB,1
UNK,ANC,1
ZRH,SFO,1
AGP,CGN,1
BCN,VGO,1
BPL,AKU,1
BRM,CCS,1
BRU,ZAG,1
CCS,BRM,1
CDG,HER,1
CDG,RIX,1
CGN,AGP,1
CJB,SIN,1
CKY,ABJ,1
CUN,SJO,1
DME,TJU,1
HET,NZH,1
JNB,SIN,1
LOS,CBQ,1
MIA,MEM,1
NZH,HET,1
PVR,TLC,1
RIX,CDG,1
SGN,KTI,1
SIN,JNB,1
SUF,TRN,1
TLC,PVR,1
TRN,SUF,1
VGO,BCN,1
ABZ,NWI,1
AKU,WUH,1
ATH,MLA,1
AUS,LHR,1
AVL,DCA,1
BER,RIX,1
DCA,AVL,1
DGO,TIJ,1
DXB,DAR,1
FLL,CHS,1
FUK,IBR,1
HET,RLK,1
IBR,FUK,1
JFK,LIM,1
LHR,AUS,1
LIM,JFK,1
MLA,ATH,1
MSY,MSP,1
NWI,ABZ,1
PIX,TER,1
RIX,BER,1
RLK,HET,1
SAW,BRU,1
SJO,CUN,1
TIJ,DGO,1
WUH,AKU,1
ABJ,CKY,1
ALA,VKO,1
BRU,SAW,1
BUF,DFW,1
BZN,PDX,1
DFW,BUF,1
DTM,OTP,1
GVA,JFK,1
IAH,ONT,1
JFK,GVA,1
LZY,XIY,1
MAD,UIO,1
MSP,MSY,1
MTY,MZT,1
MUC,YYZ,1
MZT,MTY,1
NGB,YNT,1
OTP,DTM,1
SGC,SVX,1
TER,PIX,1
XIY,LZY,1
YYZ,MUC,1
AKU,BPL,1
ATH,BEY,1
BEY,ATH,1
DAD,MNL,1
LGW,TRN,1
LYS,PMI,1
MDW,SJC,1
MNL,DAD,1
PDX,BZN,1
PMI,LYS,1
SVX,SGC,1
TRN,LGW,1
ADL,KGC,1
BCN,MIA,1
BEY,FRA,1
BSL,NCE,1
CAL,GLA,1
COS,SLC,1
DOH,BRU,1
FRA,ESB,1
GLA,CAL,1
IST,PRN,1
KGC,ADL,1
KRK,ZRH,1
KUL,MED,1
LEI,SVQ,1
LHR,SAN,1
LKO,DXB,1
MIA,BCN,1
NCE,BSL,1
ONT,IAH,1
PRN,IST,1
SAN,LHR,1
SLC,COS,1
SVQ,LEI,1
YNT,NGB,1
ZRH,KRK,1
AAT,BPL,1
AUS,LGB,1
BOS,ZRH,1
BRU,DOH,1
DUB,GVA,1
DXB,LKO,1
ESB,FRA,1
GVA,DUB,1
IAH,NRT,1
INV,LTN,1
KHG,TLQ,1
LGB,AUS,1
LTN,INV,1
LUN,ADD,1
LYI,TFU,1
MHD,RAS,1
NRT,IAH,1
ORD,GEG,1
PBH,KTM,1
RAS,MHD,1
SRG,HLP,1
TFU,LYI,1
TLQ,KHG,1
ZRH,BOS,1
ADD,TNR,1
AUS,CVG,1
AVL,SFB,1
BCN,EAS,1
CCU,HKT,1
CLJ,CRL,1
CRL,CLJ,1
CUN,HAV,1
CVG,AUS,1
DEN,PNS,1
EAS,BCN,1
EUG,PDX,1
GEG,ORD,1
HAV,CUN,1
KIX,XMN,1
PNS,DEN,1
SFB,AVL,1
SJW,ZQZ,1
STL,YYZ,1
TNA,LJG,1
XMN,KIX,1
YYZ,STL,1
CMB,HYD,1
ENE,LBJ,1
HKG,WUX,1
HKT,CCU,1
HLP,SRG,1
HYD,CMB,1
ITU,UUS,1
KEF,MUC,1
LBJ,ENE,1
LJG,TNA,1
MCO,VCP,1
MUC,KEF,1
OSL,VIE,1
PAT,AMD,1
PNH,PVG,1
PVG,PNH,1
TNR,ADD,1
UUS,ITU,1
VCP,MCO,1
VIE,OSL,1
WUX,HKG,1
BKI,SBW,1
BPL,AAT,1
DBV,VIE,1
DEL,DGH,1
DGH,DEL,1
ENY,PEK,1
HRG,AMS,1
KHH,MNL,1
KRR,SVX,1
MAN,NAP,1
MNL,KHH,1
NNG,JJN,1
NUE,STN,1
PDX,EUG,1
PEK,ENY,1
SBW,BKI,1
STN,NUE,1
VIE,DBV,1
YQB,YGR,1
ZQZ,SJW,1
BFI,ESD,1
BHX,KRK,1
CAI,ADE,1
CAN,MDC,1
CEB,ENI,1
CVG,YYZ,1
ENI,CEB,1
FCA,ORD,1
HYN,PEK,1
JJN,NNG,1
KRK,BHX,1
MDC,CAN,1
NAP,MAN,1
ORD,FCA,1
PEK,HYN,1
PVG,BAR,1
SHE,YNZ,1
SVX,KRR,1
UET,KHI,1
YNZ,SHE,1
YOW,MCO,1
YYZ,CVG,1
ACY,FLL,1
ADE,CAI,1
AMS,SVQ,1
AYQ,SYD,1
BVE,ORY,1
DEL,TAS,1
DXB,KZN,1
EYW,PHL,1
HAK,MIG,1
KZN,DXB,1
LIG,LYS,1
LIN,TRS,1
LYS,LIG,1
MCO,YOW,1
MIG,HAK,1
MLM,MTY,1
MTY,MLM,1
ORY,BVE,1
SVQ,AMS,1
SYD,AYQ,1
TPA,ISP,1
TRS,LIN,1
AGP,EDI,1
ALC,CGN,1
ATH,VCE,1
AYT,WAW,1
CGN,ALC,1
DVO,SIN,1
EDI,AGP,1
EIS,SXM,1
FLL,ACY,1
HLD,TSN,1
ISP,TPA,1
JLR,DEL,1
MXP,PVG,1
PHL,EYW,1
PVG,MXP,1
SIN,DVO,1
TSN,HLD,1
VCE,ATH,1
YOW,YYG,1
YYG,YOW,1
ADB,ASR,1
ASR,ADB,1
AUA,PTY,1
AUS,PDX,1
CCS,PTY,1
HEL,JOE,1
HMI,PEK,1
JOE,HEL,1
KBL,MZR,1
LUN,MFU,1
MLA,WAW,1
OVB,NQZ,1
PEK,HMI,1
PLQ,RIX,1
PTY,AUA,1
PTY,CCS,1
RIX,PLQ,1
SJC,OGG,1
WAW,AYT,1
WAW,MLA,1
YUL,YVO,1
ABQ,MDW,1
AER,SGC,1
AMS,BKK,1
AYT,OVB,1
BKK,AMS,1
CZL,MRS,1
DZH,TFU,1
HFE,XNN,1
LAX,SJO,1
MDW,ABQ,1
MEE,GEA,1
MRS,CZL,1
OGG,SJC,1
SGC,AER,1
SJO,LAX,1
TFU,DZH,1
XNN,HFE,1
ATL,AUA,1
AUA,ATL,1
BGO,SOG,1
BOH,PMI,1
CAC,CWB,1
CCU,SHL,1
CPH,JFK,1
CRL,WAW,1
CSX,BHY,1
CWB,CAC,1
ENH,HGH,1
ENH,XIY,1
HEL,KEM,1
HGH,ENH,1
IQQ,LSC,1
JFK,CPH,1
KEM,HEL,1
KMG,YIW,1
LKO,DMM,1
PDX,AUS,1
PMI,BOH,1
SHL,CCU,1
SOG,HOV,1
WAW,CRL,1
XIY,ENH,1
YIW,KMG,1
ADL,SIN,1
ALA,DOH,1
AMS,HRG,1
BCN,SAW,1
BHM,PHL,1
BHY,CSX,1
CRK,ENI,1
DMM,LKO,1
DOH,ALA,1
ENI,CRK,1
GDL,TLC,1
HEL,JYV,1
HOV,SOG,1
JYV,HEL,1
LPQ,HAN,1
MIA,GEO,1
MIA,UVF,1
NQZ,OVB,1
PHL,BHM,1
SAW,BCN,1
SIN,ADL,1
SOG,BGO,1
STN,TLS,1
TLC,GDL,1
TLS,STN,1
UVF,MIA,1
VIE,BRI,1
VIE,LIN,1
BAH,COK,1
BVA,MXP,1
CJS,TIJ,1
GEO,MIA,1
HAN,LPQ,1
KWL,SWA,1
LIN,VIE,1
MXP,BVA,1
MZR,KBL,1
SWA,KWL,1
TIJ,CJS,1
WAW,YYZ,1
YYZ,WAW,1
AHB,DXB,1
AMS,PBM,1
BER,BGY,1
BGY,BER,1
BRI,VIE,1
CAI,YNB,1
COK,BAH,1
DXB,AHB,1
HAN,PNH,1
ICN,KLO,1
ICT,MSP,1
IST,ERC,1
KLO,ICN,1
LGW,MRS,1
LYS,QSF,1
MAH,VLC,1
MIA,STI,1
MRS,LGW,1
MSP,ICT,1
NAN,TBU,1
NCL,AYT,1
NJF,KWI,1
OVB,AYT,1
PKC,VVO,1
PNH,HAN,1
QSF,LYS,1
STI,MIA,1
VIE,VLC,1
VLC,VIE,1
VVO,PKC,1
YFC,YOW,1
YOW,YFC,1
AUH,JAI,1
AYT,NCL,1
BOG,TCO,1
CCC,YYZ,1
CIK,FYU,1
CPH,KRP,1
ERC,IST,1
ESD,FRD,1
FAI,BTT,1
FKB,STN,1
FYU,CIK,1
GRU,PUJ,1
IDR,MAA,1
KRP,CPH,1
LAX,SIN,1
LTN,NOC,1
LZH,PEK,1
MAA,IDR,1
MSY,SFO,1
NKM,OKD,1
NOC,LTN,1
NQN,COR,1
OKD,NKM,1
ORD,YWG,1
PBM,AMS,1
PEK,LZH,1
PIE,TYS,1
PUQ,WPR,1
SFO,MSY,1
SIN,LAX,1
STN,AMS,1
STN,FKB,1
TBU,NAN,1
TCO,BOG,1
TSA,XMN,1
TYS,PIE,1
VLC,MAH,1
WPR,PUQ,1
WTK,OTZ,1
XMN,TSA,1
AGP,BUD,1
AGP,OTP,1
ATH,SAW,1
BUD,AGP,1
CNS,ABM,1
COR,NQN,1
DEL,SAG,1
HRE,ADD,1
JAI,AUH,1
KRF,ARN,1
LED,ROV,1
PUJ,GRU,1
PVG,SFO,1
REC,POA,1
ROV,LED,1
SAG,DEL,1
SAW,ATH,1
SFO,PVG,1
YWG,ORD,1
YYZ,CCC,1
ADD,FCO,1
AKY,RGN,1
BAL,ESB,1
BRI,SOF,1
CJJ,FUK,1
CWB,LDB,1
ESB,BAL,1
EZE,JFK,1
FCO,ADD,1
FUK,CJJ,1
ICN,WUX,1
JFK,EZE,1
LDB,CWB,1
MAN,HRG,1
PMI,ZAZ,1
POA,REC,1
PTY,IST,1
SDQ,MDE,1
TAS,DEL,1
WUX,ICN,1
YHR,ZTB,1
YVR,YZT,1
YZT,YVR,1
ZAZ,PMI,1
ZTB,ZLT,1
BER,DXB,1
CDG,OPO,1
CPH,POZ,1
CUR,SXM,1
DXB,BER,1
HRG,MAN,1
IND,SFO,1
LGW,LIN,1
LIN,LGW,1
OPO,CDG,1
OVB,TAS,1
PLJ,PND,1
POZ,CPH,1
PZU,RUH,1
SFO,IND,1
SJC,MDW,1
SOF,BRI,1
TAS,OVB,1
TJU,DME,1
TNR,TLE,1
YEG,YMM,1
YMM,YEG,1
YVO,YUL,1
YYZ,ZRH,1
ZRH,YYZ,1
AKL,SFO,1
ARN,DUB,1
ARN,KRF,1
AVL,PIE,1
BAQ,MIA,1
BGY,IBZ,1
BKK,HEL,1
CCU,DMK,1
CTA,OTP,1
DMK,CCU,1
DUB,ARN,1
EDI,KRK,1
GEG,OAK,1
HAN,DIN,1
HEL,BKK,1
IBZ,BGY,1
JFK,MDE,1
KRK,EDI,1
KTI,SGN,1
LZO,JHG,1
MCO,MDE,1
MDE,MCO,1
MEL,WGA,1
MIA,BAQ,1
OTP,CTA,1
PIE,AVL,1
SFO,AKL,1
SIN,DRW,1
WGA,MEL,1
YGR,YQB,1
YTZ,YHZ,1
YVR,MNL,1
CMN,DXB,1
DOH,TRV,1
DRW,SIN,1
DXB,CMN,1
JHG,LZO,1
MDE,JFK,1
MNL,YVR,1
OVB,UFA,1
TRV,DOH,1
VEE,FAI,1
YHZ,YTZ,1
AKR,ABV,1
ASM,DXB,1
BHX,OTP,1
DUB,EMA,1
DUS,FCO,1
DXB,ASM,1
ESB,NKT,1
FRA,LCA,1
GLA,AYT,1
ICN,UKB,1
KHI,UET,1
LCA,FRA,1
MFU,LUN,1
NKT,ESB,1
NNG,WUX,1
OTP,BHX,1
UFA,OVB,1
UKB,ICN,1
WUX,NNG,1
YKL,YZV,1
YYC,YKF,1
YZF,YCB,1
YZV,YKL,1
AMD,DIU,1
ATH,JIK,1
AYT,GLA,1
BZE,MIA,1
CJU,PKX,1
CNS,IRG,1
CUU,TIJ,1
DIU,AMD,1
DXB,TUU,1
EIS,SDQ,1
EMA,DUB,1
EZE,FTE,1
HYD,JLR,1
JIK,ATH,1
JLR,HYD,1
LCA,LTN,1
LHW,AKU,1
LTN,LCA,1
MIA,BZE,1
NAN,LBS,1
PKX,CJU,1
SAN,STL,1
SDF,TPA,1
SDQ,EIS,1
STL,SAN,1
TIJ,CUU,1
TPA,SDF,1
TUN,BRU,1
TUU,DXB,1
YCU,WUH,1
AKU,LHW,1
ALC,BUD,1
ATH,STN,1
ATL,LIR,1
BOG,SJU,1
BRU,TUN,1
BUD,ALC,1
DOH,DUS,1
DUB,MXP,1
DUS,DOH,1
FCO,DUS,1
GOH,JHS,1
HEL,KOK,1
KLL,AKN,1
KOK,HEL,1
KWI,NJF,1
LBS,NAN,1
LIR,ATL,1
MED,AMM,1
MHD,SRY,1
MTY,SJD,1
MXP,DUB,1
SJD,MTY,1
SJU,BOG,1
SRY,MHD,1
STN,ATH,1
YKF,YYC,1
AGP,BGY,1
ALG,BSK,1
ATL,BOI,1
BGY,AGP,1
BOI,ATL,1
BSK,ALG,1
FCO,OPO,1
KOE,LKA,1
LKA,KOE,1
OAK,GEG,1
OPO,FCO,1
PKX,YIH,1
UMB,LUN,1
WUH,YCU,1
YIH,PKX,1
AER,TLV,1
ARN,SDL,1
BFS,ACE,1
BLB,MDE,1
FRA,RUH,1
HIA,KMG,1
HLD,SHE,1
HRB,NTG,1
ICN,KOJ,1
KMG,HIA,1
KOJ,ICN,1
LVI,JNB,1
MAN,VIE,1
MDE,BLB,1
MIG,SJW,1
NTG,HRB,1
PTY,SAP,1
RUH,FRA,1
SAP,PTY,1
SDL,ARN,1
SHE,HLD,1
SJW,MIG,1
SOQ,DJJ,1
VIE,MAN,1
ACE,BFS,1
ATL,SJD,1
BER,LPA,1
BLQ,KRK,1
BOG,EWR,1
BOS,FCO,1
CAG,TRN,1
CAN,NAO,1
CAY,FDF,1
EWR,BOG,1
FCO,MIA,1
FDF,CAY,1
HRB,LYI,1
KCA,TFU,1
KRK,BLQ,1
LPA,BER,1
LYI,HRB,1
MAA,VNS,1
MDW,SRQ,1
MIA,FCO,1
NAO,CAN,1
NCE,TLS,1
ORY,TLM,1
RUH,PZU,1
SJD,ATL,1
SRQ,MDW,1
TFU,KCA,1
TLM,ORY,1
TLS,NCE,1
TLV,AER,1
TRN,CAG,1
VNS,MAA,1
ACE,LTN,1
BUD,LIS,1
DMK,MAA,1
DXB,JAI,1
EBL,DXB,1
FAO,LHR,1
FCO,BOS,1
HAM,STN,1
LHR,FAO,1
LIS,BUD,1
LTN,ACE,1
LYS,ORN,1
MIA,FRA,1
MXP,PSR,1
ORN,LYS,1
PSR,MXP,1
SEA,CDG,1
SLI,LUN,1
THR,GBT,1
AEP,FMA,1
BDJ,DPS,1
BER,KEF,1
BGI,YYZ,1
BGO,GDN,1
CDG,MIR,1
CRL,IAS,1
DPS,BDJ,1
DXB,TPE,1
FCA,MSP,1
FRA,MIA,1
FUE,HAM,1
GDN,BGO,1
HAM,FUE,1
IAS,CRL,1
JAI,DXB,1
KEF,BER,1
MIR,CDG,1
MJT,SKG,1
MSP,FCA,1
PDG,HLP,1
PVG,YBP,1
SKG,MJT,1
STN,HAM,1
TRD,AES,1
WAW,JFK,1
YBP,PVG,1
YYZ,BGI,1
CDG,SEA,1
CGK,SMQ,1
EWR,SAT,1
HLH,PKX,1
ISA,TSV,1
JFK,WAW,1
MDC,SOQ,1
MEH,HVG,1
MIA,LIS,1
PKX,HLH,1
SAT,EWR,1
SMQ,CGK,1
SOQ,MDC,1
TPE,DXB,1
YNB,CAI,1
ABV,AKR,1
ATL,GEG,1
BDS,ZRH,1
BEG,SOF,1
BOS,PTY,1
BPS,GIG,1
COK,DMK,1
CXR,TAE,1
DFW,MYR,1
EZE,IAH,1
FAO,FRA,1
FCO,MRS,1
FCO,OSL,1
GDL,PXM,1
GEG,ATL,1
GIG,BPS,1
GRU,PFB,1
IAH,EZE,1
JUJ,EZE,1
LIS,MIA,1
MAA,DMK,1
MAD,PTY,1
MIA,POP,1
MRS,FCO,1
OSL,FCO,1
PFB,GRU,1
POP,MIA,1
PTY,BOS,1
PTY,MAD,1
PXM,GDL,1
SOF,BEG,1
TAE,CXR,1
UDR,BLR,1
ZRH,BDS,1
AMS,STN,1
BLR,UDR,1
CXR,HPH,1
DMK,COK,1
DXB,EBL,1
HPH,CXR,1
IAH,IST,1
IST,IAH,1
KWL,SYX,1
MBJ,ORD,1
MKE,RSW,1
MSP,SJC,1
MYR,DFW,1
ORD,MBJ,1
RSW,MKE,1
SFO,SAT,1
SJC,MSP,1
SYX,KWL,1
ABM,CNS,1
CHQ,HEL,1
DUS,FAO,1
FOC,ICN,1
FRA,FAO,1
FYJ,HRB,1
HRB,FYJ,1
ICN,FOC,1
MAN,PSA,1
PLS,STI,1
PSA,MAN,1
SAT,SFO,1
SKG,ZRH,1
STI,PLS,1
TZX,ADB,1
ZRH,SKG,1
ADB,TZX,1
ADD,LUN,1
BUD,CTA,1
CTA,BUD,1
EKO,SLC,1
FAO,DUS,1
FRA,JNB,1
HND,IST,1
IKT,UUD,1
IST,HND,1
JFK,UVF,1
NOC,STN,1
OGG,SMF,1
PHL,GRR,1
PNS,MCO,1
SLC,EKO,1
STN,NOC,1
UFA,KZN,1
UUD,IKT,1
UVF,JFK,1
YXY,YDA,1
BRI,PSA,1
CEB,KIX,1
DUB,MLA,1
FRA,SJJ,1
HLP,PDG,1
HYD,CCJ,1
JNB,FRA,1
KIX,CEB,1
KMG,YCU,1
KZN,UFA,1
MCO,PNS,1
MLA,DUB,1
OAK,PSP,1
PSA,BRI,1
PSP,OAK,1
SJJ,FRA,1
SMF,OGG,1
YCU,KMG,1
CCJ,HYD,1
CMN,JFK,1
EVN,VIE,1
GDN,GOT,1
GOT,GDN,1
GRR,PHL,1
GVA,LUX,1
HEL,KAJ,1
JFK,CMN,1
KAJ,HEL,1
LGW,SZG,1
LHR,VLC,1
LUX,GVA,1
MDW,OKC,1
MUC,PAD,1
NNG,NGB,1
OKC,MDW,1
PBH,CCU,1
UUS,DEE,1
VIE,EVN,1
VLC,LHR,1
BDS,TRN,1
CJU,PEK,1
DAT,PVG,1
DEE,UUS,1
DEN,JMS,1
DVL,DEN,1
INC,TYN,1
IST,SVX,1
KHG,PEK,1
KIX,TFU,1
LBV,NSI,1
MGA,SJO,1
MKE,TPA,1
NGB,NNG,1
PEK,CJU,1
PEK,KHG,1
PVG,DAT,1
SJO,MGA,1
SVX,IST,1
SZG,LGW,1
TBT,MAO,1
TFU,KIX,1
TPA,MKE,1
TRN,BDS,1
TYN,INC,1
BHX,RHO,1
FUK,TAE,1
GVA,HEL,1
HEL,GVA,1
IST,MEX,1
LOS,QRW,1
MTY,MXL,1
MXL,MTY,1
PAD,MUC,1
PEK,SWA,1
QRW,LOS,1
RHO,BHX,1
SWA,PEK,1
TAE,FUK,1
TSN,TYN,1
TYN,TSN,1
YVR,YYD,1
YWK,YYR,1
YYD,YVR,1
AJF,JED,1
ARN,BUD,1
BUD,ARN,1
BVA,KRK,1
CUN,IST,1
GLA,BEB,1
GRX,MLN,1
HSV,DTW,1
JED,AJF,1
KRK,BVA,1
MDE,SDQ,1
MEX,SCL,1
MLN,GRX,1
PNP,POM,1
POM,PNP,1
SCL,MEX,1
SHE,HIA,1
TFS,VIE,1
UPG,BIK,1
VIE,TFS,1
AUH,VIE,1
BEB,GLA,1
BGY,EIN,1
BIK,UPG,1
BLR,DMK,1
BOM,AMS,1
BVA,MAN,1
CGN,HER,1
CSX,LUM,1
DMK,BLR,1
DTW,HSV,1
EIN,BGY,1
ESB,MLX,1
FMM,TIA,1
FOC,NTG,1
GHB,ELH,1
HEL,CHQ,1
LUM,CSX,1
MAN,BVA,1
NTG,FOC,1
OLB,MUC,1
TIA,FMM,1
VIE,AUH,1
YXU,YYC,1
YYC,YXU,1
AMS,BOM,1
APW,NAN,1
BIO,LIS,1
BKK,SVO,1
CEB,SUG,1
DUB,HEL,1
HEL,DUB,1
HER,CGN,1
HIA,SHE,1
LIS,BIO,1
MHH,SUA,1
MLX,ESB,1
MUC,OLB,1
NAN,APW,1
PNS,TPA,1
SHE,HAK,1
SUA,MHH,1
SUG,CEB,1
SVO,BKK,1
TPA,PNS,1
UBN,HET,1
ACE,SVQ,1
AES,TRD,1
ATH,LTN,1
BLR,SXV,1
DAL,PNS,1
EZE,JUJ,1
HET,UBN,1
LTN,ATH,1
OMA,SEA,1
PNS,DAL,1
SEA,OMA,1
SVQ,ACE,1
SXV,BLR,1
XNN,NGB,1
YGP,YGR,1
YGP,YQB,1
YGR,YGP,1
YQB,YGP,1
ZRH,HRG,1
AOI,LIN,1
BOM,HKG,1
DUB,NAP,1
FLR,VIE,1
HAM,LPA,1
HKG,BOM,1
HRG,ZRH,1
IAD,KEF,1
IND,HOU,1
KEF,IAD,1
KRK,TRF,1
LIN,AOI,1
LPA,HAM,1
MGA,RNI,1
MUC,PVG,1
NAP,DUB,1
NBO,LLW,1
NGB,XNN,1
QSZ,YIN,1
RNI,MGA,1
STN,ZAG,1
TRF,KRK,1
VIE,FLR,1
YIN,QSZ,1
ZAG,STN,1
AMS,MLA,1
ATL,GUA,1
BCN,BVA,1
BGY,OPO,1
BVA,BCN,1
DOH,OSL,1
FMA,AEP,1
GUA,ATL,1
KNO,PKU,1
MIA,SKB,1
MLA,AMS,1
NJC,SVO,1
NNG,SWA,1
OPO,BGY,1
OSL,DOH,1
SHJ,SLL,1
SKB,MIA,1
SLL,SHJ,1
SVO,NJC,1
SWA,NNG,1
AMS,ZTH,1
BAV,TFU,1
CDG,RUH,1
DTW,SAV,1
DZH,CTU,1
FLL,TYS,1
IOS,CNF,1
LKO,PNQ,1
MRS,OPO,1
OPO,MRS,1
PEK,PUS,1
PVG,MUC,1
RUH,CDG,1
SAV,DTW,1
SEA,MKE,1
SJW,CTU,1
SKD,LED,1
TFU,BAV,1
TYS,FLL,1
YUL,YYG,1
YYG,YUL,1
BKK,CPH,1
BLI,LAS,1
CDG,MSP,1
CNF,IOS,1
CPH,BKK,1
CTU,DZH,1
CTU,SJW,1
FOC,LHW,1
GUA,IAD,1
IAD,GUA,1
KJA,VVO,1
LAS,BLI,1
LED,SKD,1
LHW,FOC,1
MKE,SEA,1
PRG,TIA,1
PUS,PEK,1
TIA,PRG,1
VDS,VAW,1
XNN,SHA,1
ASB,DME,1
ATQ,BLR,1
BLR,ATQ,1
BTK,OVB,1
COR,SLA,1
EIN,IBZ,1
IBZ,EIN,1
JED,HMB,1
JUZ,TFU,1
LGW,MUC,1
MSP,CDG,1
MSP,VPS,1
MUC,LGW,1
OVB,BTK,1
PSP,MSP,1
PUS,PQC,1
RIX,BRU,1
SYD,PKE,1
TFU,JUZ,1
VPS,MSP,1
ZTH,AMS,1
BRU,RIX,1
CAN,CXR,1
CFU,DUS,1
CLT,LWB,1
CTU,DLC,1
CXR,CAN,1
DLC,CTU,1
DME,ASB,1
DYG,NKG,1
EDI,EWR,1
EWR,EDI,1
HOU,IND,1
LWB,CLT,1
MBA,ZNZ,1
NKG,DYG,1
NTL,OOL,1
OOL,NTL,1
PKE,SYD,1
PTY,VVI,1
RGA,AEP,1
SKT,SHJ,1
SYX,ZUH,1
TUN,GVA,1
ALC,TFN,1
DUS,CFU,1
GVA,TUN,1
IRI,DAR,1
MIA,SNU,1
MUC,PMO,1
MUN,PMV,1
OTP,BRU,1
PHX,PVU,1
PMO,MUC,1
PQC,PUS,1
PVU,PHX,1
SEU,JRO,1
SNU,MIA,1
TFN,ALC,1
ACX,TFU,1
BER,SCN,1
BNE,LST,1
COO,LFW,1
GAY,DEL,1
GHB,NAS,1
HAJ,HER,1
HER,HAJ,1
KRL,PEK,1
LST,BNE,1
MSP,PSP,1
PDP,AEP,1
PEK,KRL,1
PSP,YYC,1
SCN,BER,1
TFU,ACX,1
VVO,KJA,1
YYC,PSP,1
ADD,CAN,1
AMS,FNC,1
BEL,CKS,1
BOG,DFW,1
CBH,ALG,1
CUN,MDW,1
DEL,GAY,1
DFW,MLM,1
DUS,IBZ,1
FNC,AMS,1
HND,WKJ,1
HNL,ORD,1
HYD,RUH,1
IBZ,DUS,1
MLM,DFW,1
NAV,SAW,1
ORD,HNL,1
RUH,HYD,1
SAW,NAV,1
SVX,SHJ,1
WKJ,HND,1
AEP,PDP,1
ALG,CBH,1
AYT,EDI,1
BRI,VRN,1
CAI,PVG,1
CAN,ADD,1
CKS,BEL,1
DFW,BOG,1
DUB,REU,1
FNC,FRA,1
FRA,FNC,1
LAS,YUL,1
MDW,CUN,1
MQP,VFA,1
PVG,CAI,1
REU,DUB,1
SHJ,SKT,1
SHJ,SVX,1
TIJ,UPN,1
UPN,TIJ,1
VRN,BRI,1
YUL,DEN,1
YUL,LAS,1
CKG,YIC,1
DEN,YUL,1
DFW,IST,1
DXB,EVN,1
EDI,AYT,1
EVN,DXB,1
FCO,RMO,1
FLR,LHR,1
FUO,HGH,1
GDN,HAM,1
HAM,GDN,1
HGH,FUO,1
IST,DFW,1
JAU,LIM,1
LHR,FLR,1
LIM,JAU,1
LUX,STN,1
MDZ,COR,1
RMO,FCO,1
RMO,SAW,1
SAW,RMO,1
SSH,VKO,1
STN,LUX,1
YIC,CKG,1
ABJ,OUA,1
DAR,IRI,1
PIT,SEA,1
PVG,DMK,1
RHO,STN,1
STN,RHO,1
VFA,MQP,1
ACE,LBA,1
BQS,VVO,1
BRU,EWR,1
CAG,VRN,1
DAD,CXR,1
DMK,PVG,1
DXB,SPX,1
DXB,SYZ,1
EWR,BRU,1
GSO,MIA,1
HAK,HFE,1
HAN,KMG,1
HFE,HAK,1
INV,MAN,1
KMG,HAN,1
LBA,ACE,1
MAG,WWK,1
MAN,INV,1
RMO,MXP,1
SPX,DXB,1
SYZ,DXB,1
VRN,CAG,1
WWK,MAG,1
AJL,DEL,1
ALA,KSN,1
BSZ,OVB,1
CRL,PMI,1
CUN,SLC,1
DEL,AJL,1
ESB,VIE,1
KSN,ALA,1
MIA,GSO,1
MSP,TYS,1
MXP,RMO,1
OPO,VLC,1
OVB,BSZ,1
OVB,KYZ,1
PMI,CRL,1
SKK,UNK,1
SLC,CUN,1
TYS,MSP,1
URC,TAS,1
VIE,ESB,1
VLC,OPO,1
VVO,BQS,1
AYT,BRU,1
BOM,MRU,1
CTA,FLR,1
EUG,LAS,1
FLR,CTA,1
KGS,MAN,1
KYZ,OVB,1
LAS,EUG,1
LUM,CKG,1
NDG,PKX,1
OKD,RIS,1
ONT,TPE,1
OTP,AGP,1
PKX,NDG,1
RIS,OKD,1
TAS,URC,1
TPE,ONT,1
ACA,TIJ,1
BNE,TMW,1
BRU,AYT,1
FUE,BRS,1
LGW,JED,1
LGW,MPL,1
MNL,PEK,1
MPL,LGW,1
MRU,BOM,1
NKG,WEH,1
NOZ,SVO,1
PEK,MNL,1
PIT,YYZ,1
SIN,XIY,1
SJO,MAD,1
SVO,NOZ,1
TIJ,ACA,1
TMW,BNE,1
WEH,NKG,1
XIY,SIN,1
YYZ,PIT,1
AMD,DED,1
BDS,PSA,1
BKK,LPQ,1
BKK,LPT,1
BRS,FUE,1
CKG,LUM,1
DED,AMD,1
HAN,VDH,1
JED,LGW,1
LEI,MLN,1
LPT,BKK,1
MAD,SJO,1
MLN,LEI,1
PSA,BDS,1
TAS,SKD,1
VDH,HAN,1
AMS,YUL,1
AUA,YYZ,1
COR,LIM,1
DSN,NKG,1
JFK,BRU,1
LIM,COR,1
LPQ,BKK,1
MRS,PMI,1
MXP,RMF,1
NKG,DSN,1
PMI,MRS,1
VAR,VIE,1
VIE,VAR,1
VKO,SSH,1
YUL,AMS,1
AMM,AYT,1
ARN,GVA,1
ATL,SAL,1
AYT,AMM,1
BCN,SDR,1
BRI,OTP,1
BRU,JFK,1
EYW,ORD,1
ICN,CKG,1
MAH,ORY,1
MDW,MHT,1
MED,MCT,1
MIR,LYS,1
MUC,FUE,1
ORD,EYW,1
ORY,MAH,1
OTP,BRI,1
SAL,ATL,1
SDR,BCN,1
SKP,ZAG,1
SMF,YVR,1
YVR,SMF,1
YYZ,AUA,1
ZAG,SKP,1
BRU,OTP,1
CRL,SOF,1
DEN,DVL,1
FNC,MAN,1
GVA,ARN,1
HMB,JED,1
HYD,STV,1
ICT,LAS,1
JMS,DEN,1
KBL,HEA,1
LAS,ICT,1
LFW,COO,1
MAN,FNC,1
MAN,KGS,1
MHT,MDW,1
ORV,OTZ,1
OTZ,IAN,1
SOF,CRL,1
SWA,YTY,1
AEP,PMY,1
BCN,YUL,1
CCS,MUN,1
CCU,PBH,1
CKG,ICN,1
CLT,GCM,1
CMH,SEA,1
DUS,OSL,1
FOC,HSN,1
GCM,CLT,1
HSN,FOC,1
KIN,PLS,1
LSC,IQQ,1
MSO,MSP,1
MSP,MSO,1
MUN,CCS,1
OSL,DUS,1
PMV,BLA,1
PSP,SMF,1
RHO,DUS,1
SCQ,TFN,1
SMF,PSP,1
VNS,AMD,1
YIW,ZUH,1
ZNZ,JRO,1
ZUH,YIW,1
ALG,DOH,1
BZV,PNR,1
CJU,HKG,1
DAC,AUH,1
GOV,DRW,1
HKG,CJU,1
IAH,MDE,1
IAH,TQO,1
ICN,BCN,1
JPA,REC,1
MUC,TUN,1
PLS,KIN,1
PRG,RHO,1
REC,JPA,1
SEA,CMH,1
SGN,PKX,1
TQO,IAH,1
TUN,MUC,1
YTY,SWA,1
YUL,BCN,1
ARN,LIS,1
CMN,BKO,1
CNF,VDC,1
DRW,GOV,1
DUB,IOM,1
DUB,NTE,1
GYD,ADB,1
HHN,PMI,1
HRG,VIE,1
IOM,DUB,1
LIS,ARN,1
MAN,REU,1
MDE,IAH,1
NTE,DUB,1
OTP,SCV,1
PKX,SGN,1
PMI,HHN,1
RHO,PRG,1
SCV,OTP,1
STN,SVQ,1
STV,HYD,1
SVQ,STN,1
TFN,SCQ,1
YYC,YYF,1
YYF,YYC,1
ACE,ORK,1
ADB,GYD,1
ALG,MAD,1
BEG,MXP,1
BRU,LPA,1
CCJ,BOM,1
CLT,SMF,1
COR,MDZ,1
DSS,MAD,1
GPS,UIO,1
MAD,ALG,1
MAD,DSS,1
MXP,BEG,1
NUX,OVB,1
ORK,ACE,1
ORN,TLS,1
OVB,NUX,1
REU,MAN,1
TLS,ORN,1
VIE,HRG,1
BCN,CAI,1
BGI,DOM,1
BKO,CMN,1
BOM,CCJ,1
BOM,KTM,1
DBV,MUC,1
DUB,OTP,1
GOI,STV,1
KTM,BOM,1
LYS,MIR,1
MIA,ORF,1
ORF,MIA,1
PLX,ALA,1
PTY,TPA,1
SAL,YYZ,1
SEA,CLE,1
SHE,WUT,1
SMF,CLT,1
STV,GOI,1
TPA,PTY,1
VDC,CNF,1
WUT,SHE,1
YYC,YZF,1
YZF,YYC,1
ZUH,SYX,1
AGU,PVR,1
ALA,PLX,1
AMS,SLC,1
ATL,IST,1
BOM,MLE,1
CNS,KWM,1
CPT,DOH,1
CPT,VFA,1
DOH,CPT,1
DXB,OVB,1
FAI,VEE,1
FOC,TSA,1
GOI,IXC,1
IST,ATL,1
IXC,GOI,1
KHI,PEW,1
LCA,OTP,1
LED,DYU,1
MFM,TFU,1
MLE,BOM,1
MUC,DBV,1
OTP,DUB,1
OTP,LCA,1
OVB,DXB,1
PEK,SFO,1
PEW,KHI,1
PVR,AGU,1
RHO,VIE,1
SAW,DMM,1
SFO,PEK,1
SLC,AMS,1
TFU,MFM,1
TSA,FOC,1
VFA,CPT,1
VIE,RHO,1
YMX,YVO,1
YSG,YZF,1
YVO,YMX,1
YYZ,SAL,1
YZF,YSG,1
AEP,RGA,1
BAR,PVG,1
BCN,ICN,1
BEG,PRG,1
BRU,IAD,1
CAG,VCE,1
CGH,NAT,1
DBV,FRA,1
DOH,EBL,1
DUS,RHO,1
DYU,LED,1
EBL,DOH,1
EIN,LIS,1
GYD,RUH,1
IAD,BRU,1
IST,VAR,1
KMQ,TPE,1
LIS,EIN,1
NAT,CGH,1
OKJ,TPE,1
PRG,BEG,1
RUH,GYD,1
TPE,KMQ,1
VAR,IST,1
VCE,CAG,1
YDA,YXY,1
YHM,YYC,1
YYC,YHM,1
AER,NBC,1
AKU,TWC,1
CHQ,SKG,1
CTC,AEP,1
DIG,TFU,1
DMM,SAW,1
EUA,TBU,1
FRA,DBV,1
HEA,KBL,1
HTY,IST,1
IAD,SBN,1
IST,AJI,1
IST,HTY,1
JNB,FIH,1
PVR,YYZ,1
SAN,RDM,1
SKG,CHQ,1
SVX,DYU,1
TBU,EUA,1
TFU,DIG,1
TPE,OKJ,1
TWC,AKU,1
BER,VCE,1
BLQ,OLB,1
CMN,GVA,1
DTW,PBI,1
EDI,FAO,1
FAO,EDI,1
FIH,JNB,1
GVA,CMN,1
IAD,RSW,1
OLB,BLQ,1
PBI,DTW,1
RSW,IAD,1
SAN,YYZ,1
SBN,IAD,1
SKD,TAS,1
VCE,BER,1
WNZ,CGQ,1
XIY,DYG,1
YYZ,SAN,1
ADD,DLA,1
CGQ,WNZ,1
DXB,CGP,1
DYG,XIY,1
GRU,IMP,1
HBE,SHJ,1
IMP,GRU,1
LCA,MUC,1
LTN,NCE,1
MAD,PUJ,1
MUC,LCA,1
NCE,LTN,1
PUJ,MAD,1
PVG,WMT,1
RDM,SAN,1
WMT,PVG,1
YYZ,PVR,1
AEP,CTC,1
AJI,IST,1
BLR,SAG,1
CAI,ORY,1
CAI,TUN,1
CGK,JHB,1
DME,VOG,1
DTM,GDN,1
DYU,SVX,1
DYU,TAS,1
GDN,DTM,1
JHB,CGK,1
LAX,OMA,1
LED,TBS,1
LPA,BRU,1
MIA,MID,1
MID,MIA,1
NAP,OLB,1
OLB,NAP,1
ORD,PNS,1
ORY,CAI,1
PNS,ORD,1
POM,CNS,1
TBS,LED,1
ARN,STN,1
CGK,MED,1
CNS,POM,1
DEL,IXA,1
IXA,DEL,1
LUX,BER,1
MSY,SLC,1
OMA,LAX,1
PDG,KNO,1
RMF,MXP,1
SAG,BLR,1
SHJ,HBE,1
SLC,MSY,1
STN,ARN,1
TAS,DYU,1
TUC,EZE,1
VOG,DME,1
YCB,YZF,1
YFS,YZF,1
BAH,MED,1
BER,LUX,1
BPE,SJW,1
DMK,PNH,1
FCO,NTE,1
HAK,HET,1
HET,HAK,1
HYD,BAH,1
JAI,GAU,1
KAE,SIT,1
KHN,KWE,1
KHN,XNN,1
KWE,KHN,1
LHR,PSA,1
LHW,DLC,1
MED,BAH,1
MLA,ZAG,1
NTE,FCO,1
PKU,KNO,1
PNH,DMK,1
PSA,LHR,1
SJW,BPE,1
SRQ,JFK,1
TFU,YTY,1
TUN,CAI,1
WNZ,FUO,1
XNN,KHN,1
YKS,OVB,1
YTY,TFU,1
ZAG,MLA,1
ABJ,LOS,1
BAH,HYD,1
BBI,UKE,1
BEG,CPH,1
BEJ,SUB,1
BKZ,MWZ,1
CPH,BEG,1
DLC,LHW,1
DLM,BRS,1
EDI,OSL,1
EIN,PMI,1
FRA,SKP,1
FUO,WNZ,1
GAU,JAI,1
HAK,SHE,1
IKT,VVO,1
IQM,KRL,1
JFK,SRQ,1
KRL,IQM,1
LAS,STS,1
LOS,ABJ,1
OLA,OSL,1
OSL,EDI,1
OSL,OLA,1
OVB,YKS,1
PMI,EIN,1
SKP,FRA,1
STI,SJU,1
STS,LAS,1
SUB,BEJ,1
UKE,BBI,1
VIE,VNO,1
VNO,VIE,1
VVO,IKT,1
YPH,YPX,1
BHM,HOU,1
BOS,ORF,1
BRS,MAD,1
BRS,ORK,1
CIA,SOF,1
CRL,EDI,1
DXB,KBV,1
EDI,CRL,1
FAO,RTM,1
GRR,MCO,1
HKG,TNA,1
HOU,BHM,1
KBV,DXB,1
MAD,BRS,1
MCO,GRR,1
ORF,BOS,1
ORK,BRS,1
PEK,ZHA,1
PHX,SAD,1
PVR,QRO,1
QRO,PVR,1
RTM,FAO,1
SAD,PHX,1
SJU,STI,1
SOF,CIA,1
TNA,HKG,1
ZHA,PEK,1
AEP,IRJ,1
AMS,SKG,1
BER,SPU,1
FAO,GLA,1
FMM,PRN,1
FOR,SLZ,1
GLA,FAO,1
IAN,OTZ,1
JGN,PKX,1
KNO,PDG,1
NQY,ISC,1
OTZ,ORV,1
PKX,JGN,1
PRN,FMM,1
PUJ,FRA,1
SKG,AMS,1
SLZ,FOR,1
SPU,BER,1
TGO,XIL,1
TNA,XNN,1
TRZ,HYD,1
XIL,TGO,1
XNN,TNA,1
ADD,SEZ,1
AJU,GIG,1
BFN,DUR,1
BUD,DUS,1
DAL,MEM,1
DUS,BUD,1
FOR,THE,1
GIG,AJU,1
GYE,MIA,1
HYD,TRZ,1
ISC,NQY,1
MAN,OPO,1
MEM,DAL,1
OPO,MAN,1
PBI,PVD,1
PVD,PBI,1
SHJ,ALA,1
SJU,RDU,1
SMF,KOA,1
THE,FOR,1
VCE,WAW,1
WAW,VCE,1
ADQ,KOZ,1
ADQ,OLH,1
ALA,SHJ,1
ARN,OER,1
ATH,DUB,1
BDS,VCE,1
CKG,WHA,1
DOH,EBB,1
DUB,ATH,1
DUR,BFN,1
EBB,DOH,1
EDI,ORK,1
GBT,THR,1
GRU,JJG,1
JJG,GRU,1
KHH,PUS,1
KOA,SMF,1
MCT,LHE,1
MIA,GYE,1
NCE,LCY,1
OLH,ADQ,1
ORI,ADQ,1
ORK,EDI,1
PUS,KHH,1
RDU,SJU,1
SEZ,ADD,1
SIN,WUH,1
TSV,ISA,1
VCE,BDS,1
VVI,PTY,1
WHA,CKG,1
AYT,UFA,1
BRS,DLM,1
BVA,LIS,1
CPH,KUN,1
FNC,PDL,1
HET,XUZ,1
KUN,CPH,1
KZN,OVB,1
LCY,NCE,1
LIS,BVA,1
MAN,SSH,1
OER,ARN,1
OVB,KZN,1
SSH,MAN,1
WUH,SIN,1
XUZ,HET,1
BPL,KRL,1
BSB,MIA,1
DPS,MDC,1
FIE,LWK,1
FOA,LWK,1
HER,VIE,1
KRL,BPL,1
KTI,SIN,1
LAB,ROK,1
LWK,FIE,1
LWK,FOA,1
MEX,NRT,1
MIA,BSB,1
MNG,DRW,1
SIN,KTI,1
VIE,HER,1
BGY,CGN,1
BGY,RAK,1
BKI,BWN,1
BWN,BKI,1
CGN,BGY,1
CHQ,LGW,1
CNX,SIN,1
CXR,DAD,1
DLU,NKG,1
DUB,MSP,1
EWR,KEF,1
KEF,EWR,1
LHE,MCT,1
MLA,CDG,1
MSP,DUB,1
NKG,DLU,1
NMF,MLE,1
PDL,FNC,1
PFO,SKG,1
RAK,BGY,1
SIN,CNX,1
SKG,PFO,1
SWA,CTU,1
TNR,DIE,1
VCP,NAT,1
BGY,DXB,1
BOG,HAV,1
BZN,SFO,1
CJU,NKG,1
DAR,MBI,1
DXB,BGY,1
HAV,BOG,1
MBI,DAR,1
MHT,ORD,1
NAT,VCP,1
NKG,CJU,1
ORD,MHT,1
TUN,TLS,1
YVR,QBC,1
BOS,ILM,1
CCU,VTZ,1
CDG,MLA,1
CDG,SXM,1
CGN,LIS,1
CGQ,WUX,1
CTU,SWA,1
DLC,FUK,1
EMK,BET,1
ENI,USU,1
FUK,DLC,1
HAK,KOW,1
HKD,NGO,1
HKG,WNZ,1
IDR,LKO,1
ILM,BOS,1
KHN,CGQ,1
KOW,HAK,1
LAS,MFE,1
LGW,CHQ,1
LIS,CGN,1
LKO,IDR,1
MFE,LAS,1
MIA,TYS,1
NGO,HKD,1
NSK,OVB,1
OVB,NSK,1
POP,JFK,1
SFO,BZN,1
SXM,CDG,1
TYS,MIA,1
USU,ENI,1
VTZ,CCU,1
WNZ,HKG,1
WUX,CGQ,1
AMD,VNS,1
ATL,ASE,1
CCU,HDO,1
CGQ,KHN,1
CMN,LHR,1
DMM,IST,1
EWB,ACK,1
GAU,IXS,1
HRB,INC,1
INC,HRB,1
IST,DMM,1
IXS,GAU,1
JFK,POP,1
LCE,GJA,1
LHR,CMN,1
LJG,NNG,1
NNG,LJG,1
ROK,LAB,1
TLS,TUN,1
TSV,LAB,1
UFA,AYT,1
ALC,GVA,1
ASE,ATL,1
BBK,JNB,1
BDL,MIA,1
CZX,HAK,1
DAL,CMH,1
GVA,ALC,1
HAK,CZX,1
HBE,IST,1
IKA,SHJ,1
IST,HBE,1
JNB,BBK,1
JTC,VCP,1
LHW,YTY,1
SHJ,IKA,1
TZX,RUH,1
VCP,JTC,1
YIA,PKU,1
CKG,KHG,1
CMH,DAL,1
DEL,SFO,1
FLL,FPO,1
FPO,FLL,1
GVA,PRG,1
HUZ,KWE,1
IJK,LED,1
ILO,DVO,1
KHG,CKG,1
LED,IJK,1
MAD,SPC,1
MDC,DPS,1
MIA,BDL,1
MIR,NCE,1
PRG,GVA,1
RGI,FAV,1
RUH,TZX,1
SPC,MAD,1
TUN,DUS,1
VTE,LPQ,1
YTY,LHW,1
ADL,BHQ,1
BHQ,ADL,1
BNA,RIC,1
BOD,IST,1
CGO,KHG,1
DOH,ALG,1
DUB,LYS,1
DUS,TUN,1
IST,BOD,1
IST,CZL,1
IST,DAR,1
KHG,CGO,1
LYS,DUB,1
RIC,BNA,1
YAZ,YVR,1
YTW,URC,1
YVR,YAZ,1
ACH,VIE,1
BDJ,HMS,1
BEL,SLZ,1
BRI,LGW,1
BSL,LIS,1
BUR,DAL,1
CAI,AJF,1
CPT,AMS,1
CPT,WVB,1
CZL,IST,1
DAL,BUR,1
DLU,KMG,1
FEZ,MRS,1
HMS,BDJ,1
IST,TLL,1
KTM,DMM,1
KUL,AMD,1
LAB,TSV,1
LAS,YEG,1
LGW,BRI,1
LIS,BSL,1
MDW,SAV,1
MRS,FEZ,1
SAV,MDW,1
SLZ,BEL,1
SOQ,FKQ,1
TLL,IST,1
URC,YTW,1
VIE,ACH,1
WAW,TIA,1
YEG,LAS,1
ACX,WMT,1
AJF,CAI,1
AMD,KUL,1
AMS,CPT,1
BKK,SWA,1
BVA,IAS,1
CMN,CKY,1
CNS,DRW,1
DAR,IST,1
DRW,CNS,1
DVO,ILO,1
FKQ,SOQ,1
GJA,LCE,1
HTN,TFU,1
IAD,MAD,1
IAH,MLM,1
IAS,BVA,1
MAD,IAD,1
MED,CGK,1
MLM,IAH,1
NCE,MIR,1
SWA,BKK,1
TFU,HTN,1
TIA,WAW,1
WMT,ACX,1
BLR,HKT,1
CKY,CMN,1
DIE,TNR,1
DOH,TUN,1
EVN,FRA,1
FRA,EVN,1
FUK,HAN,1
GYD,SCO,1
HAN,FUK,1
HKG,BKI,1
HKT,BLR,1
JNB,VNX,1
OVB,NER,1
PHX,FSD,1
RAI,DSS,1
SCO,GYD,1
TBS,ZIA,1
TUN,DOH,1
AAP,BEJ,1
BEJ,AAP,1
BKI,HKG,1
CDE,SJW,1
DMK,UNN,1
FLL,VCP,1
FSD,PHX,1
FUE,MUC,1
NER,OVB,1
SEA,PIT,1
SIN,SZB,1
SJD,SLC,1
SJW,CDE,1
SLC,SJD,1
SZB,SIN,1
TBS,MUC,1
TLL,VNO,1
UIO,MAD,1
UNN,DMK,1
VNO,TLL,1
YXX,YYZ,1
YYZ,YXX,1
ZIA,TBS,1
ACE,GLA,1
AUH,SYD,1
CCP,PMC,1
CDG,GIG,1
CGK,SKJ,1
CTA,TIA,1
CVG,VPS,1
DLM,VKO,1
GIG,CDG,1
GLA,ACE,1
HVN,RDU,1
IDR,JLR,1
JLR,IDR,1
KMG,DLU,1
LPQ,VTE,1
MAD,OSL,1
MAD,SJU,1
MCT,SKT,1
MUC,TBS,1
MWZ,BKZ,1
NMA,TAS,1
NRT,NKG,1
OSL,BKK,1
OSL,MAD,1
PMC,CCP,1
RDU,HVN,1
SAT,TPA,1
SHJ,IST,1
SKJ,CGK,1
SYD,AUH,1
TIA,CTA,1
TPA,SAT,1
VCP,FLL,1
VKO,DLM,1
VPS,CVG,1
AUH,DUB,1
AYT,NQZ,1
BGA,MDE,1
BIO,BRU,1
CAI,GIZ,1
DMM,KTM,1
DUB,AUH,1
GVA,VLC,1
IST,SHJ,1
MDE,BGA,1
NQZ,AYT,1
OSL,PRG,1
PER,ONS,1
PRG,OSL,1
SJU,MAD,1
VLC,GVA,1
BKK,OSL,1
CXH,YTP,1
FCO,YUL,1
FLR,LIS,1
GCM,KIN,1
GIG,MIA,1
GIZ,CAI,1
GOI,IDR,1
GRU,MCO,1
IDR,GOI,1
IST,RAK,1
KIN,GCM,1
KUL,TRV,1
LIS,FLR,1
MCO,GRU,1
MGZ,RGN,1
MIA,GIG,1
NQZ,SSH,1
ONS,PER,1
PKX,SHE,1
RAK,IST,1
TLV,KRK,1
YTP,CXH,1
YUL,FCO,1
YXL,ZPB,1
ZRJ,YXL,1
BRU,BIO,1
BSL,CPH,1
BSL,HAM,1
CPH,BSL,1
DEN,SYR,1
DFW,AGS,1
DFW,LIR,1
HAM,BSL,1
HTN,TLQ,1
IST,HKG,1
IST,ORN,1
KWE,HUZ,1
LIR,DFW,1
MRU,LGW,1
ORN,IST,1
SHE,PKX,1
SSH,NQZ,1
SYR,DEN,1
TLQ,HTN,1
TRV,KUL,1
AGS,DFW,1
AMS,LPL,1
ARN,AYT,1
ATW,DEN,1
AYT,ARN,1
BHM,TPA,1
BIA,LYS,1
BOG,SJE,1
CKG,LYA,1
CPH,OTP,1
CPH,VCE,1
CSX,YCU,1
DEN,ATW,1
DRG,OTZ,1
GRU,MDZ,1
HER,HAM,1
HKG,IST,1
LGW,MRU,1
LPL,AMS,1
LYA,CKG,1
LYS,BIA,1
MDZ,GRU,1
MVD,MAD,1
NGB,TYN,1
NUE,SAW,1
OTP,CPH,1
PEW,AUH,1
PUF,LYS,1
RDU,DAL,1
SAW,NUE,1
SCQ,VLC,1
SJE,BOG,1
TAS,NMA,1
TPA,BHM,1
TYN,NGB,1
VCE,CPH,1
VLC,SCQ,1
WVB,CPT,1
ARH,NNM,1
CAN,YBP,1
CEN,TIJ,1
CUN,FRA,1
DAL,RDU,1
DOM,SLU,1
EIN,OTP,1
FRA,CUN,1
HAM,HER,1
JFK,MVY,1
LYS,PUF,1
MDW,MYR,1
MVY,JFK,1
NNM,ARH,1
OTP,EIN,1
PVG,HFE,1
TIJ,CEN,1
YBP,CAN,1
AVL,PHL,1
BHX,ZRH,1
BSB,MCO,1
CGH,PPB,1
FCO,SOF,1
HRG,IST,1
IST,HRG,1
KDM,GKK,1
KRK,TLV,1
MCO,BSB,1
MHD,SHJ,1
MIA,RIC,1
MYR,MDW,1
NNG,SJW,1
OVD,PMI,1
PHL,AVL,1
PMI,OVD,1
PPB,CGH,1
RIC,MIA,1
SHJ,MHD,1
SJW,NNG,1
SOF,FCO,1
YUL,BRU,1
ZRH,BHX,1
AKL,KUL,1
AKL,PER,1
AUH,PEW,1
BEW,JNB,1
BUD,VLC,1
FTE,EZE,1
HEL,TOS,1
JNB,BEW,1
KMG,MIG,1
LGW,YYZ,1
LHW,NNG,1
LIS,VXE,1
MAH,MAN,1
MAN,MAH,1
MIG,KMG,1
MLE,NMF,1
MLE,SHJ,1
NCE,DUS,1
NNG,LHW,1
PER,AKL,1
SHJ,MLE,1
STI,MCO,1
TOS,HEL,1
TUL,LAX,1
VLC,BUD,1
YYZ,LGW,1
AET,FAI,1
BER,SOF,1
BNE,DBO,1
CPH,HAJ,1
CPH,KRS,1
DMK,LPQ,1
DUS,NCE,1
FOR,LIS,1
HAJ,CPH,1
HFE,PVG,1
HRG,BRU,1
IRJ,AEP,1
KRS,CPH,1
KUL,AKL,1
LAX,TUL,1
LIS,FOR,1
LPQ,DMK,1
LTN,SPU,1
LUM,PVG,1
LXR,JED,1
MCO,STI,1
ORD,WAW,1
OUA,ABJ,1
PVG,LUM,1
SCL,SYD,1
SOF,BER,1
SPU,LTN,1
SYD,SCL,1
VXE,LIS,1
WAW,ORD,1
YCU,CSX,1
BKK,CKG,1
BRS,LIS,1
BRU,YUL,1
CKG,BKK,1
DME,KUF,1
HAM,TFS,1
HRB,HLD,1
HYN,KMG,1
KIJ,NKM,1
KMG,HYN,1
LHW,YZY,1
LIS,BRS,1
MUC,RHO,1
NKM,KIJ,1
RHO,MUC,1
TFS,HAM,1
YZY,LHW,1
AKL,CAN,1
ASU,VVI,1
BCN,ORD,1
CAN,AKL,1
CLJ,IST,1
COR,SCL,1
CTG,JFK,1
DFW,OAX,1
GRO,NRN,1
HAN,TBB,1
IST,CLJ,1
JFK,CTG,1
LLO,UPG,1
NLU,VER,1
NRN,GRO,1
OAX,DFW,1
ORD,BCN,1
SCL,COR,1
TBB,HAN,1
UPG,LLO,1
VVI,ASU,1
ALG,BLJ,1
BUR,RNO,1
CGD,SZX,1
CGO,KUL,1
CLE,SEA,1
DAR,EBB,1
DLC,XMN,1
FRA,PUJ,1
HER,NUE,1
HKG,KTM,1
HPN,VRB,1
IAH,PBI,1
KUL,CGO,1
NUE,HER,1
OPO,VIE,1
POS,PTY,1
PTY,POS,1
PVH,GRU,1
RDU,SLC,1
RNO,BUR,1
SLC,RDU,1
SZX,CGD,1
TYN,XNN,1
VER,NLU,1
VIE,OPO,1
VRB,HPN,1
XNN,TYN,1
BLJ,ALG,1
CAI,ZRH,1
CLE,YYZ,1
CNX,URT,1
CUC,MDE,1
EDI,PRG,1
GRU,PVH,1
KTM,HKG,1
MAN,NBE,1
MDE,CUC,1
MEL,DEL,1
OSL,LYR,1
PBI,IAH,1
PRG,EDI,1
URT,CNX,1
YYZ,CLE,1
ZRH,CAI,1
AKU,QSZ,1
AUH,CGP,1
BOM,DMK,1
CEB,CYP,1
CYP,CEB,1
DEL,MEL,1
DMK,LPT,1
EDI,JFK,1
EZE,FLN,1
GOX,MAA,1
HLD,HRB,1
JFK,EDI,1
LPT,DMK,1
MAA,GOX,1
NBE,MAN,1
NKG,SIN,1
PNZ,REC,1
QSZ,AKU,1
SIN,NKG,1
ANC,DLG,1
AUH,MED,1
CAN,RGN,1
CMN,LOS,1
DEN,PRC,1
DLG,ANC,1
DMK,BOM,1
DOM,SKB,1
EZE,MEX,1
HKG,SDJ,1
HSN,PKX,1
IKT,ODO,1
LAE,MAG,1
LOS,CMN,1
MAG,LAE,1
MED,AUH,1
MEX,EZE,1
NJF,BEY,1
PKX,HSN,1
PNH,TPE,1
PQC,SIN,1
PRC,DEN,1
REC,PNZ,1
RGN,CAN,1
SDJ,HKG,1
SIN,PQC,1
TPE,PNH,1
YEG,YQU,1
ALG,DJG,1
ALG,TEE,1
AMM,SAH,1
BIL,ORD,1
CID,CLT,1
CLT,CID,1
EDI,MUC,1
FLW,HOR,1
JED,AMD,1
KMG,LYG,1
LYG,KMG,1
MEL,MNL,1
MUC,EDI,1
ORD,BIL,1
SAH,AMM,1
TEE,ALG,1
YQU,YEG,1
ZRH,GOT,1
ADQ,ORI,1
CGQ,NTG,1
CKG,JNG,1
DAL,VPS,1
GOT,ZRH,1
HOR,FLW,1
JNG,CKG,1
KOZ,ADQ,1
KWI,BKK,1
LIN,LUX,1
LUX,LIN,1
ORD,PVR,1
PVR,ORD,1
VPS,DAL,1
YWH,ZNA,1
ZNA,YWH,1
AMD,DMK,1
ARN,MAD,1
BAV,HGH,1
BAX,SVO,1
BRU,DSS,1
DAL,OMA,1
DEL,GYD,1
DMK,MAQ,1
GZP,SAW,1
HGH,BAV,1
MAD,ARN,1
MAO,PVH,1
MAO,TBT,1
MAQ,DMK,1
MLE,SVO,1
MNL,MEL,1
NHV,PPT,1
OMA,DAL,1
ORY,PUF,1
OVB,BQS,1
PUF,ORY,1
PVH,MAO,1
SVO,BAX,1
TPA,YUL,1
VKO,KZN,1
AHO,BLQ,1
BEG,DUS,1
BKK,KWI,1
BLQ,AHO,1
BPE,PVG,1
BQS,OVB,1
CRA,LTN,1
CVG,MDW,1
DMK,AMD,1
DUS,BEG,1
DZH,SZX,1
GYD,DEL,1
KJA,SVX,1
KUF,DME,1
KZN,VKO,1
LHR,SOF,1
LTN,CRA,1
MDW,CVG,1
MHH,FLL,1
MYR,BDL,1
NBO,LUN,1
PVG,BPE,1
RFP,HUH,1
SOF,LHR,1
SVO,MLE,1
SZX,DZH,1
TLV,TIV,1
TPE,BNE,1
YKS,IKT,1
YUL,TPA,1
AKL,YVR,1
ALG,LIL,1
BDL,MYR,1
BEG,LHR,1
BHX,MLA,1
BNE,TPE,1
CGO,TAO,1
DFW,MSO,1
GDN,HEL,1
HEL,GDN,1
IKT,YKS,1
KRK,LBA,1
LBA,KRK,1
LFW,OUA,1
LHR,BEG,1
LIL,ALG,1
MCO,MYR,1
MLA,BHX,1
NKG,ZHA,1
NTG,CGQ,1
RHO,BER,1
SHJ,TAS,1
TAO,CGO,1
XMN,DLC,1
YVR,AKL,1
BEG,SAW,1
GRR,SFB,1
KGS,LGW,1
KUL,SAI,1
LZO,LXA,1
MSO,DFW,1
SAI,KUL,1
SAW,BEG,1
SFB,GRR,1
SKT,MCT,1
SVX,KJA,1
TAS,SHJ,1
ALC,BGY,1
AMS,LJU,1
AMS,RNS,1
ANC,VDZ,1
BCN,XRY,1
BGY,ALC,1
BWI,ABQ,1
GRU,MOC,1
HYN,XIY,1
KBV,USM,1
LHR,MLE,1
LJU,AMS,1
MLE,LHR,1
MOC,GRU,1
NGB,SYX,1
ODO,IKT,1
PMI,FCO,1
RNS,AMS,1
SYX,NGB,1
TYN,YIH,1
USM,KBV,1
VDZ,ANC,1
XIY,HYN,1
XRY,BCN,1
YIH,TYN,1
ZHA,NKG,1
ARN,BGY,1
BER,RHO,1
BGY,ARN,1
BRU,HRG,1
BWX,CGK,1
CGK,BWX,1
COK,JED,1
DOH,KGL,1
FCO,LAX,1
KGL,DOH,1
LGW,KGS,1
LXA,LZO,1
MYR,MCO,1
PRG,HER,1
STN,WMI,1
WMI,STN,1
ABQ,BWI,1
ALC,MRS,1
AMD,JED,1
AYT,BEY,1
BAH,ISB,1
BCN,BOG,1
BCN,EIN,1
BEY,AYT,1
BGI,OGL,1
BOG,BCN,1
BRE,AYT,1
DME,DWC,1
EIN,BCN,1
FMM,SOF,1
IAH,UIO,1
ISB,BAH,1
LAX,FCO,1
LOP,SWQ,1
MCO,STT,1
MRS,ALC,1
NNG,WNZ,1
OSL,STN,1
SOF,FMM,1
STN,OSL,1
STT,MCO,1
SWQ,LOP,1
WNZ,NNG,1
ACC,NBO,1
ACE,AGP,1
AGP,ACE,1
CCU,NAG,1
CGQ,SYX,1
CMB,IST,1
CSX,XUZ,1
CYA,PAP,1
DED,HYD,1
DUS,FNC,1
DWC,DME,1
FNC,DUS,1
GDL,SEA,1
HIA,DLC,1
HOV,BGO,1
HYD,DED,1
IAD,MCN,1
IST,CMB,1
IST,OUA,1
KHV,KJA,1
KRF,GEV,1
MCN,IAD,1
NBO,ACC,1
OGL,BGI,1
OUA,IST,1
SEA,GDL,1
UIO,IAH,1
BCN,VNO,1
BIO,ORY,1
BKK,NGO,1
DLA,ADD,1
DOH,LCA,1
GIG,LIM,1
JED,LXR,1
JFK,SNN,1
LCA,DOH,1
LJG,LZO,1
LZO,LJG,1
NGO,BKK,1
ORY,BIO,1
PAP,CYA,1
SNN,JFK,1
TIJ,TPQ,1
TPQ,TIJ,1
VNO,BCN,1
XUZ,CSX,1
YPX,AKV,1
YVP,YTQ,1
AER,TBS,1
AMS,AUA,1
AUS,MEX,1
AXA,STT,1
AYT,BRE,1
BEG,FMM,1
BEY,NJF,1
BGO,HOV,1
BUD,OSL,1
DLC,WEH,1
FMM,BEG,1
GEV,KRF,1
HKD,TPE,1
JED,PEW,1
LIM,GIG,1
MCT,MED,1
MEX,AUS,1
MEX,SEA,1
OOK,BET,1
OSL,BUD,1
OSL,LIS,1
SAN,TPA,1
SEA,MEX,1
SRQ,MSP,1
SZX,BKI,1
TBS,AER,1
TPA,SAN,1
TPE,HKD,1
WEH,DLC,1
ALA,OVB,1
AMD,COK,1
AMS,TPE,1
ATL,BZN,1
BKI,SZX,1
BWN,MNL,1
BZN,ATL,1
CEN,GDL,1
CGN,FCO,1
CGN,MAN,1
EIS,SKB,1
ENI,MPH,1
FCO,CGN,1
FOG,LIN,1
GDL,CEN,1
HKT,ALA,1
KHG,SHF,1
KJA,KHV,1
LIN,FOG,1
LIS,OSL,1
MAN,CGN,1
MLA,MXP,1
MNL,BWN,1
MPH,ENI,1
MSP,SRQ,1
MXP,MLA,1
NKG,TPE,1
NQZ,HSA,1
OKA,RNJ,1
ORY,TFS,1
OVB,ALA,1
SAW,GZP,1
SHF,KHG,1
STT,AXA,1
SWA,TNA,1
TFS,ORY,1
TNA,SWA,1
TPE,NKG,1
YVR,ZEL,1
ZEL,YVR,1
AKL,JFK,1
AKL,PPQ,1
AUH,TAS,1
BLQ,TPS,1
CGD,PKX,1
DFW,OGG,1
DOH,PEW,1
GYN,SSA,1
HPB,VAK,1
HSA,NQZ,1
HYD,KLH,1
INC,XIY,1
ISC,EXT,1
JFK,AKL,1
KLH,HYD,1
KWM,EDR,1
LGI,SML,1
OGG,DFW,1
PEW,DOH,1
PKX,CGD,1
PPQ,AKL,1
PRG,RIX,1
RIX,PRG,1
SML,NAS,1
SSA,GYN,1
TAS,AUH,1
TFU,TPE,1
THL,MDL,1
TPE,AMS,1
TPE,TFU,1
TPS,BLQ,1
XIY,INC,1
ATL,SDQ,1
BNA,ORF,1
CRL,FAO,1
CUN,TPA,1
DMK,KTM,1
DSN,HFE,1
FAO,CRL,1
FRA,PSA,1
HER,PRG,1
HFE,DSN,1
HIA,CSX,1
KTM,DMK,1
OLB,ORY,1
ORF,BNA,1
ORY,OLB,1
OUA,LFW,1
PSA,FRA,1
RHO,HEL,1
SDQ,ATL,1
SVO,DOH,1
TPA,CUN,1
ANC,BRW,1
BRW,ANC,1
COK,AMD,1
CUC,PTY,1
DFW,SRQ,1
DOH,ICN,1
DOH,SVO,1
DXB,GSM,1
GSM,DXB,1
HEL,RHO,1
ICN,DOH,1
KUF,SGC,1
KWE,WMT,1
KWI,TBS,1
LAX,XNA,1
LYG,SHE,1
MDW,RIC,1
MEX,SLC,1
PMI,BRU,1
POP,YYZ,1
PTY,CUC,1
RGN,MGZ,1
RIC,MDW,1
SHE,LYG,1
SLC,MEX,1
TBS,KWI,1
TIV,TLV,1
XNA,LAX,1
YNO,YVZ,1
YXL,YNO,1
ARN,EWR,1
ASJ,ITM,1
ATL,PLS,1
AUH,HBE,1
CHS,MSP,1
CMB,TRZ,1
CNF,JPA,1
CSX,HIA,1
DLC,HIA,1
EBB,IST,1
EBB,SHJ,1
GBE,MUB,1
HBE,AUH,1
IBZ,MUC,1
ITM,ASJ,1
JPA,CNF,1
JPA,VCP,1
KOW,PKX,1
KRK,SHJ,1
MUC,IBZ,1
PKX,KOW,1
PLS,ATL,1
SAF,PHX,1
SHJ,EBB,1
SHJ,KRK,1
TRZ,CMB,1
VCP,JPA,1
AER,DWC,1
AMS,KGS,1
BLR,KLH,1
CDG,RNS,1
CNS,OOL,1
DUB,RMO,1
DVO,IAO,1
EWR,ARN,1
HAK,XUZ,1
HDO,CCU,1
IAO,DVO,1
ILM,MIA,1
KLH,BLR,1
KZN,SVX,1
MIA,ILM,1
MSP,CHS,1
OOL,CNS,1
RMO,DUB,1
RNS,CDG,1
SGC,KUF,1
SRQ,DFW,1
WAW,BLL,1
WMT,KWE,1
YNJ,YNT,1
YNT,YNJ,1
YYZ,POP,1
ASR,DUS,1
BET,MYU,1
BLL,WAW,1
CGQ,INC,1
DUS,ASR,1
DWC,AER,1
EXT,ISC,1
FAO,NCL,1
FCO,PMI,1
GLA,KOI,1
GYD,KWI,1
INC,CGQ,1
IST,LTN,1
JMU,YNT,1
KTW,MLA,1
KWI,GYD,1
KWI,SPX,1
LAS,SCK,1
LBV,PNR,1
LTN,IST,1
MBJ,PHL,1
MLA,KTW,1
MSY,MCI,1
NCL,FAO,1
PEW,JED,1
PHL,MBJ,1
PHX,SAF,1
RUH,NUM,1
RUH,ULH,1
SCK,LAS,1
SPX,KWI,1
SVX,KZN,1
TRD,ARN,1
XUZ,HAK,1
YNT,JMU,1
ARN,TRD,1
AUH,SAW,1
BSB,PTY,1
CHA,LGA,1
CRL,RAK,1
DTW,SJU,1
GIG,MAO,1
HSN,WUH,1
LGA,CHA,1
LTN,NAP,1
MAO,GIG,1
MCI,MSY,1
NAP,LTN,1
NUM,RUH,1
PTY,BSB,1
PVR,YEG,1
RAK,CRL,1
SAW,AUH,1
SJU,DTW,1
WUH,HSN,1
WUH,YNZ,1
XUZ,ZUH,1
YNZ,WUH,1
ZUH,XUZ,1
AJA,NTE,1
ATH,EVN,1
ATL,EZE,1
AYT,GZT,1
AYT,TZX,1
BWI,GRR,1
BWN,CGK,1
CGK,BWN,1
CKG,UYN,1
DAL,MIA,1
DUS,SPU,1
EVN,ATH,1
EZE,ATL,1
FCO,KRK,1
GOI,CCU,1
HOU,SLC,1
IAD,PBG,1
IAH,OAX,1
JED,TZX,1
JNG,TFU,1
KHG,NGQ,1
KRK,FCO,1
KWL,NGB,1
LAX,PIT,1
LIS,PMI,1
MIA,DAL,1
NDG,TAO,1
NGB,KWL,1
NGQ,KHG,1
NTE,AJA,1
OAX,IAH,1
OSW,SVO,1
PBG,IAD,1
PIT,LAX,1
PMI,LIS,1
SDF,MIA,1
SHA,XNN,1
SLC,HOU,1
SPU,DUS,1
SVO,OSW,1
TAO,NDG,1
TFU,JNG,1
UYN,CKG,1
YEG,PVR,1
AER,KVX,1
ALG,MED,1
BSR,IST,1
CIA,WMI,1
CIF,SJW,1
CMB,LHR,1
CNN,DXB,1
CRL,VLC,1
DAY,LGA,1
DME,TLV,1
DXB,CNN,1
FLG,DFW,1
GRR,BWI,1
IRG,CNS,1
IST,BSR,1
KIX,NGB,1
KOI,GLA,1
KSQ,TAS,1
KVX,AER,1
LGA,DAY,1
LHR,CMB,1
LYR,OSL,1
MIA,SDF,1
NGB,KIX,1
NRT,OIT,1
OIT,NRT,1
SJW,CIF,1
SLZ,SSA,1
TAS,KSQ,1
VLC,CRL,1
WMI,CIA,1
ACK,LGA,1
BGY,KTW,1
CPH,LUX,1
DAL,MKE,1
DBV,DUB,1
DEL,ICN,1
DFW,FLG,1
DOH,PZU,1
DUB,DBV,1
DYG,TFU,1
FRA,RHO,1
ICN,DEL,1
JNB,MGH,1
KSH,MHD,1
KTW,BGY,1
KVK,LED,1
LED,KVK,1
LGA,ACK,1
LUX,CPH,1
MGH,JNB,1
MHD,KSH,1
NRT,AKL,1
OLB,VRN,1
RHO,FRA,1
SIN,CHC,1
TBS,DOH,1
TLV,DME,1
ABJ,ADD,1
ADD,ABJ,1
AKL,NRT,1
BCN,ATL,1
BFS,CDG,1
BKO,CKY,1
CDG,BFS,1
CHC,SIN,1
DOH,TBS,1
FCO,SFO,1
FEG,VKO,1
HYD,UDR,1
LPL,NOC,1
MCI,SAN,1
MDW,MLM,1
MKE,DAL,1
MLM,MDW,1
NOC,LPL,1
PMI,TLS,1
SAN,MCI,1
SFO,FCO,1
TFU,DYG,1
TLS,PMI,1
UDR,HYD,1
VKO,FEG,1
VRN,OLB,1
XMN,YNT,1
YNT,XMN,1
ACK,EWB,1
ATL,BCN,1
BAR,TFU,1
BHX,GVA,1
BOD,LIL,1
BUD,ORY,1
BUD,TFS,1
CGK,LLJ,1
CKY,BKO,1
CRL,TRN,1
DSS,NKC,1
DSS,RAI,1
GVA,BHX,1
IST,MNL,1
KCH,SZB,1
LIL,BOD,1
LLJ,CGK,1
MNL,IST,1
NKC,DSS,1
ORY,BUD,1
OVB,PEE,1
PEE,OVB,1
RHO,AMS,1
SKD,DME,1
SZB,KCH,1
TFS,BUD,1
TFU,BAR,1
TRN,CRL,1
TZX,JED,1
AGP,BSL,1
ALA,HKT,1
ATL,YVR,1
BAH,MAA,1
BOD,FCO,1
BSL,AGP,1
CDG,BOM,1
CGO,YIW,1
COR,BRC,1
DAL,ONT,1
FCO,BOD,1
HAJ,LPA,1
HKG,KTI,1
IOM,LCY,1
KGS,AMS,1
LCY,IOM,1
MAA,BAH,1
NLU,ZIH,1
ONT,DAL,1
TFS,KEF,1
TMC,KOE,1
ULH,RUH,1
YVR,ATL,1
ZIH,NLU,1
ALG,YUL,1
AMM,CDG,1
ATL,SCL,1
BGO,GOT,1
BHX,IBZ,1
BKK,CRK,1
BOM,CDG,1
CDG,AMM,1
CNX,RGN,1
CRK,BKK,1
CUN,MDE,1
DOH,PRG,1
FLL,SDF,1
GOT,BGO,1
HLD,SJW,1
IST,MHD,1
KEF,TFS,1
KOW,SYX,1
KTI,HKG,1
LAX,BNE,1
LPA,HAJ,1
LYA,SHE,1
MAN,NQY,1
MDE,CUN,1
MRZ,SYD,1
NGB,YBP,1
NQY,MAN,1
PDL,FLW,1
PRG,DOH,1
RGN,CNX,1
RHO,SKG,1
SCL,ATL,1
SDF,FLL,1
SHE,LYA,1
SHJ,VNS,1
SJW,HLD,1
SKG,RHO,1
SYD,MRZ,1
SYX,KOW,1
VNS,SHJ,1
WAW,KEF,1
YBP,NGB,1
YIW,CGO,1
YUL,ALG,1
AGP,KRK,1
BCN,MRS,1
BEG,SKG,1
BNE,LAX,1
CBT,NBJ,1
DEN,SAV,1
DOH,GYD,1
FLW,PDL,1
GYD,DOH,1
HRB,WNZ,1
HRB,YNZ,1
IBZ,BHX,1
IOS,VCP,1
KEF,WAW,1
KHV,PKC,1
KJA,TAS,1
KRK,AGP,1
LHR,MCT,1
MCT,LHR,1
MRS,BCN,1
PEN,TPE,1
PKC,KHV,1
SAV,DEN,1
SKG,BEG,1
TAS,KJA,1
TPE,PEN,1
VCP,IOS,1
WNZ,HRB,1
YUL,LYS,1
ARN,BLL,1
ATH,TBS,1
DOH,ZAG,1
EIN,FCO,1
FCO,EIN,1
FRA,CPT,1
GDL,TRC,1
LYS,YUL,1
MDW,OAK,1
MSY,SAT,1
NBJ,CBT,1
OPO,SVQ,1
SAT,MSY,1
SVQ,OPO,1
TRC,GDL,1
YNZ,HRB,1
YPX,YGL,1
ZAG,DOH,1
BDA,YYZ,1
BLL,ARN,1
CGA,KLW,1
CMH,YYZ,1
FCO,LUX,1
FOC,KWL,1
GOA,TIA,1
KWE,YNZ,1
KWL,FOC,1
LAS,MTY,1
LPA,ARN,1
LUX,FCO,1
MAA,SAG,1
MHD,IST,1
MTY,LAS,1
NAP,PRG,1
NME,WWT,1
PRG,NAP,1
SAG,MAA,1
SKX,SVO,1
SSA,SLZ,1
SVO,SKX,1
TBS,ATH,1
TIA,GOA,1
YNZ,KWE,1
YTQ,YPJ,1
YYZ,BDA,1
YYZ,CMH,1
AEP,SSA,1
ALG,GJL,1
AMS,RHO,1
ATL,SAP,1
BEG,OSL,1
BES,MRS,1
CDG,LIM,1
CJU,SIN,1
CLY,NCE,1
CRL,MAD,1
CTS,MMJ,1
DME,KZN,1
EDO,IST,1
GJL,ALG,1
IST,EDO,1
IST,SZG,1
JNZ,PVG,1
LAD,CPT,1
LIM,CDG,1
LOS,NBO,1
MAD,CRL,1
MMJ,CTS,1
MRS,BES,1
NBO,LOS,1
NCE,CLY,1
OSL,BEG,1
PVG,JNZ,1
SAP,ATL,1
SDF,LAS,1
SSA,AEP,1
SZG,IST,1
WAW,LJU,1
ATH,PFO,1
BAV,HLD,1
BBI,PAT,1
BGY,OLB,1
BLV,VPS,1
BZX,PKX,1
CPT,LAD,1
JED,COK,1
JJN,XUZ,1
KMG,ICN,1
LAS,SDF,1
LDS,PKX,1
LHW,LNL,1
LJU,WAW,1
LNL,LHW,1
MAN,RMU,1
MRS,SAW,1
OLB,BGY,1
PAT,BBI,1
PFO,ATH,1
PKX,BZX,1
PKX,LDS,1
RMU,MAN,1
SAW,MRS,1
SIN,CJU,1
SSA,VIX,1
SZX,WXN,1
VIX,SSA,1
VPS,BLV,1
WXN,SZX,1
XUZ,JJN,1
YQR,YWG,1
YWG,YQR,1
ABV,ACC,1
ARN,LPA,1
BOD,PMI,1
CJJ,CXR,1
CMN,FCO,1
CXH,YQQ,1
CXR,CJJ,1
FCO,CMN,1
HIR,BNE,1
HLD,BAV,1
HYN,PKX,1
ICN,KMG,1
JJN,TNA,1
KZN,DME,1
MUC,VLC,1
PKX,HYN,1
PMI,BOD,1
VLC,MUC,1
YQQ,CXH,1
ASV,WIL,1
BCN,EZE,1
CNX,USM,1
DBV,FCO,1
DEL,DPS,1
DEN,KEF,1
DPS,DEL,1
DUB,SVQ,1
EZE,BCN,1
FCO,DBV,1
FVM,MLE,1
GVA,ORY,1
GVA,TLS,1
HEL,SAW,1
IST,SEA,1
KEF,DEN,1
LIM,MVD,1
MLA,NAP,1
MLA,TSF,1
MVD,LIM,1
NAP,MLA,1
NRT,TAE,1
OAK,MDW,1
ORY,GVA,1
PHL,DAY,1
PSA,VLC,1
SAW,HEL,1
SEA,IST,1
SJZ,PDL,1
SVQ,DUB,1
TAE,NRT,1
TLS,GVA,1
TNA,JJN,1
TSF,MLA,1
VLC,PSA,1
AYT,KUF,1
BGY,CRV,1
BLL,LHR,1
CPH,YYZ,1
CRL,ZAG,1
CRV,BGY,1
DQA,PVG,1
DRW,GTE,1
FLL,ISP,1
FLN,EZE,1
FRA,RMO,1
GDL,VSA,1
GEA,UVE,1
GTE,DRW,1
KOI,LSI,1
KUF,AYT,1
LHR,BLL,1
LZO,SHA,1
MTY,TAM,1
OVB,TLK,1
PDL,SJZ,1
PVG,DQA,1
RMO,FRA,1
SHA,LZO,1
TAM,MTY,1
TIJ,ZCL,1
TLK,OVB,1
UVE,GEA,1
VSA,GDL,1
ZAG,CRL,1
ACY,PBI,1
ARN,BKK,1
BKK,ARN,1
CGN,LPA,1
CPT,FRA,1
CTG,PEI,1
DAY,PHL,1
DLC,HET,1
DME,YKS,1
DMM,YNB,1
FCO,STR,1
FOC,NRT,1
GDL,PDX,1
GMP,NGO,1
GZT,AYT,1
HAN,IST,1
HET,DLC,1
HGH,NRT,1
ISG,NGO,1
ISP,FLL,1
IST,HAN,1
IST,SGN,1
LPA,CGN,1
MMY,NGO,1
MSO,ORD,1
MWZ,JRO,1
NAO,PKX,1
NGO,GMP,1
NGO,ISG,1
NGO,MMY,1
NRT,FOC,1
NRT,HGH,1
ORD,MSO,1
PDX,GDL,1
PKX,NAO,1
SGN,IST,1
STR,FCO,1
YNB,DMM,1
YYZ,CPH,1
ZCL,TIJ,1
ABV,ADD,1
ABV,LHR,1
ADD,ABV,1
BCN,BRI,1
BRI,BCN,1
DAC,MED,1
DEN,GDL,1
DEN,OGG,1
DME,SKD,1
DUS,RMF,1
FLL,HVN,1
GDL,DEN,1
HFA,ETM,1
HVN,FLL,1
HYD,ISK,1
ISB,DMM,1
ISK,HYD,1
LHR,ABV,1
LKO,JAI,1
LLV,KMG,1
NGO,SGN,1
OGG,DEN,1
PBI,ACY,1
PGK,TJQ,1
PKU,YIA,1
PNQ,VNS,1
RMF,DUS,1
SGN,NGO,1
TJQ,PGK,1
VCP,AJU,1
VNS,PNQ,1
YKS,DME,1
ZTH,LGW,1
AJL,CCU,1
AJU,VCP,1
AKJ,NRT,1
AMS,CAI,1
BLR,TCR,1
CAI,AMS,1
CCU,AJL,1
CGN,FUE,1
CZM,DFW,1
DFW,CZM,1
EDR,CNS,1
FMM,STN,1
FUE,CGN,1
HOU,OMA,1
IBZ,LHR,1
JAI,LKO,1
KMG,LLV,1
KRK,VLC,1
KRL,QSZ,1
LHR,IBZ,1
LTN,POZ,1
MTY,VSA,1
NGB,XIC,1
NRT,AKJ,1
OMA,HOU,1
PEI,CTG,1
PLM,KNO,1
POZ,LTN,1
PVG,UYN,1
SEA,SUN,1
SFO,ASE,1
STN,FMM,1
SUN,SEA,1
TAO,YIH,1
TCR,BLR,1
UYN,PVG,1
VLC,KRK,1
VVI,MAD,1
XIC,NGB,1
YIH,TAO,1
BEL,GIG,1
BGF,DLA,1
BLR,JDH,1
BRS,PRG,1
BRU,PMI,1
CNX,KKC,1
DMM,HYD,1
ETM,HFA,1
FBM,ADD,1
HAN,MFM,1
HDO,MAA,1
HYD,DMM,1
IST,MSQ,1
JAX,MSP,1
JDH,BLR,1
KAD,LOS,1
KIR,LTN,1
KKC,CNX,1
KNO,PLM,1
LOS,KAD,1
LTN,KIR,1
MAA,HDO,1
MFM,HAN,1
MSP,JAX,1
MSQ,IST,1
NAP,NCE,1
NCE,NAP,1
PMI,OSL,1
PRG,BRS,1
SLU,POS,1
TSN,XNN,1
VSA,MTY,1
ADB,SKP,1
BEY,DUS,1
BHX,BUD,1
BUD,BHX,1
BVA,VIE,1
CAN,ENH,1
CCU,IXC,1
CIA,EDI,1
CLT,PDX,1
DCA,VPS,1
DLA,LFW,1
DLU,SHA,1
DTM,SOF,1
DUS,BEY,1
EDI,CIA,1
ENH,CAN,1
FLL,MHH,1
GIG,BEL,1
GND,JFK,1
HEL,STN,1
IXC,CCU,1
IXZ,DEL,1
JHB,SGN,1
LFW,DLA,1
LGW,ZTH,1
LHR,ZAG,1
LYA,SZX,1
MUC,ESB,1
OSL,PMI,1
PDX,CLT,1
SGN,JHB,1
SHA,DLU,1
SHA,KWL,1
SOF,DTM,1
STN,HEL,1
SXB,TLS,1
SZX,LYA,1
TLS,SXB,1
VIE,BVA,1
VPS,DCA,1
XNN,TSN,1
YCD,YLW,1
ZAG,LHR,1
ACE,BIO,1
ASE,SFO,1
BDD,HID,1
BDL,BNA,1
BIO,ACE,1
BNA,BDL,1
BTH,NTX,1
CKG,HIA,1
DEL,IXZ,1
DXB,NJF,1
ESB,MUC,1
FLN,XAP,1
FRA,YYC,1
GRR,PIE,1
HIA,CKG,1
HLD,XIL,1
HVN,PBI,1
JFK,GND,1
JIB,ADE,1
KUG,BDD,1
KWI,LXR,1
LHE,BAH,1
LXR,KWI,1
MCO,PDX,1
NJF,DXB,1
NTX,BTH,1
PBI,HVN,1
PDX,MCO,1
PIE,GRR,1
TBS,URC,1
URC,TBS,1
VTE,ZBY,1
XAP,FLN,1
XIL,HLD,1
YLW,YCD,1
YYC,FRA,1
AGP,MRS,1
AGP,NRN,1
ALC,KRK,1
ATH,LYS,1
AYT,LBA,1
BUD,BVA,1
BVA,BUD,1
CTU,CGQ,1
DMM,ISB,1
DUB,RIX,1
EWR,MEM,1
GDL,LMM,1
HAN,VII,1
IZA,VCP,1
KRK,ALC,1
LBA,AYT,1
LMM,GDL,1
LPA,STR,1
MEM,EWR,1
MRS,AGP,1
MUB,GBE,1
NRN,AGP,1
OKA,RMQ,1
QSZ,KRL,1
RIX,DUB,1
RMQ,OKA,1
SKP,ADB,1
STR,LPA,1
TFU,YIH,1
VCP,IZA,1
YIH,TFU,1
ALA,AUH,1
AMM,ORD,1
AUH,ALA,1
BAH,LHE,1
BER,BLQ,1
BER,VLC,1
BLQ,BER,1
BOB,HUH,1
CAN,SHS,1
CGO,CIF,1
CGQ,CTU,1
CIF,CGO,1
CRL,KRK,1
EWR,MCI,1
GDN,SVG,1
HGH,ZHA,1
HKG,URC,1
JNB,ZRH,1
KGK,KNW,1
KHG,CTU,1
KNW,KEK,1
KRK,CRL,1
KRK,MLA,1
MCI,EWR,1
MLA,KRK,1
NTG,XMN,1
ORD,AMM,1
SHS,CAN,1
SVG,GDN,1
URC,HKG,1
XMN,NTG,1
ZHA,HGH,1
ZRH,JNB,1
ADD,SHJ,1
ANC,HNL,1
ATH,BGY,1
AUH,MEL,1
BGY,ATH,1
BOD,LIS,1
BSL,RAK,1
CEC,OAK,1
CGK,SZB,1
DSN,TSN,1
GVA,OSL,1
HNL,ANC,1
HSN,SZX,1
KER,THR,1
KZN,SHJ,1
LIS,BOD,1
MEL,AUH,1
NAN,VLI,1
NCE,OTP,1
OAK,CEC,1
OBN,COL,1
OSL,GVA,1
RAK,BSL,1
RUH,SSH,1
SHJ,ADD,1
SHJ,KZN,1
SZB,CGK,1
SZX,HSN,1
TSN,DSN,1
VLC,BER,1
ABV,IBA,1
BLQ,MLA,1
BRO,MTY,1
CGQ,YNZ,1
DEN,PIA,1
FAO,GVA,1
GVA,FAO,1
HMI,KRL,1
KKH,KWK,1
KMI,NRT,1
KOA,PHX,1
LIH,PHX,1
MLA,BLQ,1
MTY,BRO,1
NQZ,PLX,1
NRT,KMI,1
OTP,NCE,1
PHX,KOA,1
PHX,LIH,1
PLX,NQZ,1
SFO,PPT,1
SPX,JED,1
SSH,RUH,1
VLI,NAN,1
YNZ,CGQ,1
ALC,SCQ,1
AMS,CTA,1
AMS,GRU,1
AYT,DTM,1
BUD,SKG,1
CPH,LPA,1
CTA,AMS,1
DNH,PEK,1
DTM,AYT,1
DUB,LUX,1
DUS,KGS,1
EVN,IKA,1
GRU,AMS,1
HIA,KWE,1
IKA,EVN,1
JED,NUM,1
JED,SPX,1
KGS,DUS,1
KWE,HIA,1
LPA,CPH,1
LUX,DUB,1
MNL,PUS,1
NBX,SOQ,1
NCE,RAK,1
NUM,JED,1
PEK,DNH,1
PEK,YVR,1
PIA,DEN,1
PPT,SFO,1
PUS,MNL,1
RAK,NCE,1
SCQ,ALC,1
SKG,BUD,1
SOQ,NBX,1
YVR,PEK,1
ALC,CWL,1
ALG,TLS,1
BLQ,RMO,1
BUF,LAS,1
CTA,FRA,1
CWL,ALC,1
DEN,GSP,1
DPS,IST,1
EMA,LPA,1
FCO,PHL,1
FOC,SJW,1
FRA,CTA,1
GSP,DEN,1
IST,DPS,1
KHG,YTW,1
KKN,VAW,1
KRL,HMI,1
KVK,SVO,1
LAS,BUF,1
LHR,NAS,1
MCO,YYC,1
MDW,JAX,1
NAS,LHR,1
PHL,FCO,1
RBY,FAI,1
RDU,RSW,1
RMO,BLQ,1
RSW,RDU,1
SHF,YIN,1
SJW,FOC,1
SVO,KVK,1
SZX,YBP,1
THR,KER,1
TLS,ALG,1
XIY,YTY,1
YBP,SZX,1
YIN,SHF,1
YQB,YTZ,1
YTY,XIY,1
YTZ,YQB,1
YYC,MCO,1
ALG,BOD,1
ANC,DFW,1
ATL,UVF,1
BND,MHD,1
BOD,ALG,1
CAN,JNG,1
CDG,CTA,1
CNN,MAA,1
CSX,LYI,1
CTA,CDG,1
DBR,HYD,1
DFW,ANC,1
DLM,GLA,1
DZH,PVG,1
ENH,SZX,1
FNA,BJL,1
GDL,MCO,1
HYD,DBR,1
IBA,ABV,1
JAX,MDW,1
JNG,CAN,1
LUX,WAW,1
LYI,CSX,1
MAN,TRF,1
MBA,UKA,1
MCO,GDL,1
MHD,BND,1
NAG,CCU,1
NSI,LBV,1
PNH,XMN,1
PNQ,GOI,1
PVG,DZH,1
SWA,TAO,1
SZX,ENH,1
TAO,SWA,1
TRF,MAN,1
TSF,VLC,1
UVF,ATL,1
VLC,TSF,1
WAW,LUX,1
XMN,PNH,1
YTQ,YVP,1
ZUH,SHE,1
AAT,SHF,1
ACE,FRA,1
AMD,BKK,1
ARN,MAN,1
ARN,VAA,1
ATL,GDL,1
BKK,AMD,1
BOB,RGI,1
BOS,YHZ,1
CDG,SCL,1
CIA,CRL,1
CRL,CIA,1
CRL,MLA,1
DAT,SHA,1
DXB,DYU,1
DYG,PEK,1
DYU,DXB,1
FUE,STR,1
GIB,LGW,1
HAM,SZG,1
HLH,PEK,1
LGW,GIB,1
LPA,EMA,1
LYS,VIE,1
MAA,CNN,1
MAN,ARN,1
MCT,ADD,1
MLA,CRL,1
OSS,OVB,1
PEK,DYG,1
PEK,HLH,1
PIT,STL,1
PRG,TSF,1
REC,VIX,1
SCL,CDG,1
SHA,DAT,1
SHF,AAT,1
STL,PIT,1
STR,FUE,1
STR,WAW,1
SZG,HAM,1
TNR,FTU,1
TSF,PRG,1
VAA,ARN,1
VIE,LYS,1
VIX,REC,1
WAW,STR,1
YHZ,BOS,1
YHZ,YQX,1
YQX,YHZ,1
YVP,YPX,1
ADB,HAJ,1
ALC,NRN,1
AMD,AYJ,1
ATL,BTV,1
AYT,LPL,1
AZA,FAR,1
BGY,EDI,1
BOS,PDL,1
BPS,BSB,1
BRS,CPH,1
BSB,BPS,1
BTV,ATL,1
CFU,BHX,1
CPH,BRS,1
CTU,KHG,1
CUN,MCI,1
DSS,BRU,1
EDI,BGY,1
FAR,AZA,1
FRA,ACE,1
GDL,ATL,1
KMG,RGN,1
LPL,AYT,1
MCI,CUN,1
MEL,AYQ,1
MXP,REG,1
MXP,SVQ,1
NAG,GOX,1
NRN,ALC,1
OPO,TER,1
OVB,OSS,1
PDL,BOS,1
PVG,YVR,1
REG,MXP,1
RGN,KMG,1
SFO,DEL,1
SPX,SAW,1
SVQ,MXP,1
SVX,TAS,1
TAS,SVX,1
TER,OPO,1
YVR,PVG,1
ADD,BJM,1
AJU,CNF,1
AUA,PHL,1
AYQ,MEL,1
BCN,RIX,1
BRS,IBZ,1
CNF,AJU,1
DAL,HRL,1
DEN,LIH,1
DYG,ICN,1
EFL,LGW,1
EVN,SVX,1
FAO,HAM,1
GLA,DLM,1
HAJ,ADB,1
HOU,PVR,1
HRL,DAL,1
IBZ,BRS,1
ICN,DYG,1
LGW,EFL,1
LIH,DEN,1
LYI,WUH,1
LYS,MXP,1
MAN,FCO,1
MXP,LYS,1
MZT,NLU,1
NLU,MZT,1
OKC,SEA,1
PHL,AUA,1
PVR,HOU,1
RIX,BCN,1
SEA,OKC,1
SVX,EVN,1
WUH,LYI,1
YPR,YVR,1
YTW,KHG,1
YVR,YPR,1
ADB,AMS,1
ALA,PEK,1
ALC,BGO,1
ALG,SAW,1
ATL,HNL,1
BHX,CFU,1
BIU,RKV,1
BOS,YOW,1
BSL,NAP,1
BTJ,KNO,1
CMB,DMK,1
CNX,HDY,1
CVG,PIE,1
CZM,IAH,1
DEL,HAN,1
DME,KWI,1
DMK,CMB,1
DMK,WUH,1
DXB,MRV,1
EWR,EYW,1
EYW,EWR,1
FCO,MAN,1
GND,MIA,1
HDY,CNX,1
HNL,ATL,1
HNL,IAH,1
IAH,CZM,1
IAH,HNL,1
KWI,DME,1
MIA,GND,1
MXP,PEK,1
NAP,BSL,1
NBO,MRU,1
NLU,TGZ,1
OKA,OKJ,1
OKJ,OKA,1
PEK,ALA,1
PEK,MXP,1
PIE,CVG,1
PPT,NHV,1
RKV,BIU,1
SAW,ALG,1
SHS,SZX,1
SZX,SHS,1
TGZ,NLU,1
TIJ,TLC,1
TZX,COV,1
WBB,UNK,1
WUH,DMK,1
YOW,BOS,1
YQB,CUN,1
ADL,CED,1
AZA,FSD,1
BGO,ALC,1
BJV,LGW,1
CED,ADL,1
CLT,DAL,1
CNS,GOV,1
DAL,CLT,1
DXB,SLL,1
FSD,AZA,1
GOV,CNS,1
HAN,DEL,1
HYD,IXG,1
IXG,HYD,1
MLA,BRU,1
NTG,PKX,1
PKX,NTG,1
PNK,YIA,1
RAK,VLC,1
SIN,CSX,1
TLC,TIJ,1
VLC,RAK,1
XIY,GOQ,1
YIA,PNK,1
ZBY,VTE,1
ALC,DUS,1
ARU,VCP,1
ATL,BZE,1
AZD,MHD,1
BAR,PEK,1
BER,CTA,1
BZE,ATL,1
COV,TZX,1
CPH,TOS,1
CPH,ZAG,1
CRL,TNG,1
CTA,BER,1
CUN,YQB,1
DEL,RDP,1
DOH,ARN,1
DUS,ALC,1
DXB,SZX,1
GOI,PNQ,1
HAM,FAO,1
HKG,UBN,1
LAH,TTE,1
MHD,AZD,1
MRV,DXB,1
MYR,FLL,1
NAT,SSA,1
OLB,LGW,1
PEK,BAR,1
PHX,VEL,1
PNR,BZV,1
RDP,DEL,1
SAW,SPX,1
SCL,PNT,1
SDG,THR,1
SLL,DXB,1
SSA,NAT,1
SZX,DXB,1
TGD,WAW,1
THR,SDG,1
TNG,CRL,1
TOS,CPH,1
TTE,LAH,1
UBN,HKG,1
VCP,ARU,1
WAW,TGD,1
ADD,MED,1
AKV,YPX,1
ARN,DOH,1
ATH,OSL,1
BAR,WUH,1
BER,NAP,1
BNA,LHR,1
BND,DXB,1
BOG,MAO,1
BRI,KRK,1
CAN,MIG,1
CJS,CUN,1
CSX,SIN,1
CUN,CJS,1
DXB,BND,1
EBA,FLR,1
FLL,MYR,1
FLR,EBA,1
HOG,YUL,1
HOU,OAK,1
HVN,RSW,1
HYD,JDH,1
JDH,HYD,1
KHV,SVX,1
KRK,BRI,1
LCA,PRG,1
LED,NBC,1
LGW,OLB,1
LHE,KUL,1
LHR,BNA,1
MIG,CAN,1
MRU,NBO,1
NAP,BER,1
OSL,ATH,1
PRG,LCA,1
PZU,DOH,1
RSW,HVN,1
SVX,KHV,1
VEL,PHX,1
VII,HAN,1
WUH,BAR,1
YTW,KRL,1
YUL,HOG,1
ZAG,CPH,1
AUS,CMH,1
BQJ,YKS,1
BSD,TFU,1
CMH,AUS,1
CUR,SDQ,1
DXB,NAP,1
ICN,LAS,1
IXR,MAA,1
KMG,SGN,1
LGW,BJV,1
MAA,IXR,1
MAO,BOG,1
MIG,WUH,1
NAP,DXB,1
NBC,LED,1
NLD,NLU,1
NLU,NLD,1
OAK,HOU,1
ORD,YQB,1
PNT,SCL,1
RGL,AEP,1
SAI,KOS,1
SGN,KMG,1
TFU,BSD,1
TFU,FUO,1
WUH,MIG,1
YQB,ORD,1
ALA,LED,1
ALC,BOH,1
AMS,INN,1
ATA,LIM,1
BOH,ALC,1
BRS,OPO,1
BRU,MLA,1
BRU,PVG,1
CCU,SGN,1
CTG,FLL,1
DMM,TRV,1
EBL,SHJ,1
FCO,PEK,1
FLL,CTG,1
GDL,TQO,1
GYD,JED,1
INN,AMS,1
JED,GYD,1
KUL,LHE,1
LED,ALA,1
LIM,ATA,1
NEV,STT,1
OMA,SFO,1
OPO,BRS,1
PEK,FCO,1
PVG,BRU,1
RSW,ACY,1
SFO,OMA,1
SHJ,EBL,1
TQO,GDL,1
TRV,DMM,1
WDS,CAN,1
ACC,ABV,1
ACY,RSW,1
ADD,LFW,1
ALA,TBS,1
BGC,VRL,1
BNA,PDX,1
BVA,RAK,1
CAN,WDS,1
CAT,PRM,1
CAT,VSE,1
CCS,IST,1
CPH,PSA,1
CUZ,SCL,1
DUB,PSA,1
EVN,SHJ,1
FLL,STT,1
HMA,SVO,1
HRE,NBO,1
IAH,NAS,1
IND,SRQ,1
LAS,ICN,1
LFW,ADD,1
LPA,LTN,1
LTN,LPA,1
NAS,IAH,1
NBO,LAU,1
PDX,BNA,1
PRM,CAT,1
PSA,CPH,1
PSA,DUB,1
RAK,BVA,1
SCL,CUZ,1
SDF,PHX,1
SHJ,EVN,1
SRQ,IND,1
STN,SZZ,1
STT,FLL,1
STT,NEV,1
SVO,HMA,1
SZZ,STN,1
TBS,ALA,1
TPA,ACY,1
TPE,VIE,1
VRL,BGC,1
VRL,VSE,1
VSE,CAT,1
VSE,VRL,1
WIL,ARK,1
XSC,GDT,1
YEG,YQQ,1
YQQ,YEG,1
AJU,BSB,1
AMD,SGN,1
ATL,ATW,1
ATW,ATL,1
BHD,LPL,1
BLR,IXD,1
BNA,CVG,1
BNA,LGB,1
BOG,NLU,1
CVG,BNA,1
DFW,DGO,1
DFW,GRU,1
DGO,DFW,1
DOM,MIA,1
DUB,VLC,1
EIN,RAK,1
FUO,TFU,1
HAK,LZH,1
IXD,BLR,1
IXR,AMD,1
JFK,SNA,1
KHN,YNT,1
KRL,YTW,1
LED,UCT,1
LGB,BNA,1
LIL,TLS,1
LPL,BHD,1
LYS,ATH,1
LZH,HAK,1
MCI,SFO,1
MIA,DOM,1
MSP,SBN,1
NLU,BOG,1
PHX,SDF,1
RAK,EIN,1
SFO,MCI,1
SGN,AMD,1
SNA,JFK,1
TLS,LIL,1
UCT,LED,1
VLC,DUB,1
AJI,ESB,1
ATL,GCM,1
ATL,GRB,1
AYJ,AMD,1
BLR,MLE,1
BNA,GSP,1
BRI,STN,1
BSB,AJU,1
BSZ,DXB,1
BUD,PRG,1
CDG,SOF,1
CSX,MIG,1
DXB,BSZ,1
ESB,AJI,1
EVN,TBS,1
FCO,TPS,1
GCM,ATL,1
GDT,XSC,1
GRB,ATL,1
GRU,DFW,1
GSP,BNA,1
HOU,SJO,1
KIX,CKG,1
LGB,OGG,1
MIG,CSX,1
MLE,BLR,1
NOZ,OVB,1
OGG,LGB,1
OVB,NOZ,1
PRG,BUD,1
SDD,NBJ,1
SJO,HOU,1
SOF,CDG,1
STN,BRI,1
TPS,FCO,1
UFA,MRV,1
VIE,TPE,1
ABJ,ORY,1
ACY,TPA,1
ADD,LLI,1
AJA,LYS,1
AMS,NRT,1
ATW,DFW,1
BGY,PMI,1
BHX,PFO,1
CCU,GOI,1
CKG,KIX,1
CUN,VSA,1
DFW,ATW,1
ESB,IGD,1
ESB,MSR,1
FRA,NRT,1
IAS,VIE,1
IGD,ESB,1
IST,TJK,1
KHI,BAH,1
LED,ULV,1
LLI,ADD,1
LYS,AJA,1
MRV,UFA,1
MSP,SAV,1
MSR,ESB,1
NBJ,SDD,1
NRT,AMS,1
OSL,SAW,1
PIT,SRQ,1
PLM,YIA,1
PMI,BGY,1
PVG,HEL,1
SAV,MSP,1
SRQ,PIT,1
TAH,VLI,1
TBS,EVN,1
TPA,SLC,1
ULV,LED,1
VIE,IAS,1
VLI,TAH,1
VSA,CUN,1
YIA,PLM,1
YNT,KHN,1
ATH,KIT,1
ATL,TQO,1
ATW,CLT,1
BOM,HDO,1
CLT,ATW,1
CNN,HYD,1
CTU,PZI,1
DTM,SKP,1
ERH,CMN,1
HEL,PVG,1
HKN,LAE,1
HYD,CNN,1
JFK,SJO,1
KIT,ATH,1
LKO,IXC,1
MED,DAC,1
MRS,MXP,1
MXP,MRS,1
ORY,ABJ,1
PHL,LEX,1
PZI,CTU,1
RAB,HKN,1
SJO,JFK,1
SJW,YIW,1
SKP,DTM,1
SLC,TPA,1
TJK,IST,1
TQO,ATL,1
YIW,SJW,1
YQT,YWG,1
YWG,YQT,1
ZNZ,IST,1
ACV,LAX,1
ALC,MUC,1
ATL,CID,1
BAH,MLE,1
BAX,OVB,1
BHM,BNA,1
BNA,BHM,1
CAI,DUS,1
CID,ATL,1
CIH,PVG,1
CMN,ERH,1
DEN,MLI,1
DUS,CAI,1
ESB,MQM,1
FRA,NQZ,1
GNV,MIA,1
GUM,SPN,1
GVA,NAP,1
HAM,MAN,1
HAN,CGK,1
HLP,SOC,1
HPN,TPA,1
HUX,NLU,1
HYD,GOP,1
IST,DAC,1
ISU,BGW,1
IXC,LKO,1
JDZ,PEK,1
KBR,PEN,1
KWE,LXA,1
LAX,ACV,1
LEX,PHL,1
LXA,KWE,1
MAN,HAM,1
MCO,OKC,1
MIA,GNV,1
MIA,RTB,1
MLE,BAH,1
MLI,DEN,1
MQM,ESB,1
MUC,ALC,1
NAP,GVA,1
NLU,HUX,1
NQZ,OMS,1
NRT,FRA,1
OKC,MCO,1
PEN,KBR,1
PFO,BHX,1
PMO,STN,1
POS,SLU,1
PVG,CIH,1
RTB,MIA,1
SAW,OSL,1
SPN,GUM,1
SRQ,DCA,1
STN,PMO,1
SWA,XUZ,1
TPA,HPN,1
TRF,WAW,1
UUS,OHH,1
VKO,SVX,1
WAW,TRF,1
XUZ,SWA,1
AKL,DOH,1
AMD,GAU,1
AMM,ATH,1
ARH,DME,1
ASU,LIM,1
BER,EWR,1
BJX,CJS,1
BOM,SGN,1
BUU,CGK,1
BVB,MAO,1
CGK,BUU,1
CGK,HAN,1
CJS,BJX,1
CKG,DIG,1
CKZ,ESB,1
CLO,PUU,1
CMB,RUH,1
CNF,MAO,1
CNF,PTY,1
CPT,MUB,1
CTA,KTW,1
DAC,IST,1
DAL,PIT,1
DCA,SRQ,1
DIG,CKG,1
DME,ARH,1
DME,PEZ,1
DMK,PQC,1
DOH,AKL,1
DOH,HEL,1
DXB,TRZ,1
ECP,HOU,1
EIN,PSA,1
EUG,OAK,1
EWR,BER,1
FLL,SLC,1
GAU,AMD,1
GOP,HYD,1
GRR,IAH,1
HAN,CCU,1
HEL,DOH,1
HMO,PHX,1
HND,HAN,1
IAH,GRR,1
IKT,VKO,1
JED,BHH,1
JED,MNL,1
KEJ,OVB,1
KGL,LHR,1
KHG,TWC,1
KRL,SHF,1
KTW,CTA,1
LAS,LBB,1
LAX,PSC,1
LED,OGZ,1
LFW,BKO,1
LIM,ASU,1
MAF,PHX,1
MAO,BVB,1
MAO,CNF,1
MEL,MIM,1
MIA,DXB,1
MIM,MEL,1
MUB,CPT,1
MZT,PHX,1
NQZ,FRA,1
OAK,EUG,1
OGZ,LED,1
OHH,UUS,1
OKC,MSP,1
OMS,NQZ,1
ONT,HNL,1
OVB,BAX,1
OVB,KEJ,1
OVB,MRV,1
OVB,TOF,1
OVB,UUS,1
PEK,JDZ,1
PHX,HMO,1
PHX,MZT,1
PKU,HLP,1
PQC,DMK,1
PSA,EIN,1
PTY,CNF,1
PUU,CLO,1
RUH,CMB,1
SBN,MSP,1
SHF,KRL,1
SYX,CGQ,1
TOF,OVB,1
TWC,KHG,1
UIO,ETR,1
UUS,OVB,1
VKO,IKT,1
YQB,PUJ,1
YQL,YYC,1
YXH,YYC,1
AAQ,LED,1
ABJ,HGO,1
ABL,OTZ,1
ABL,SHG,1
ACC,DXB,1
ACC,JFK,1
ACC,LHR,1
ACX,PKX,1
ACX,PVG,1
ADD,BKO,1
ADD,BZV,1
ADD,CDG,1
ADD,FRA,1
ADD,GGR,1
ADD,GRU,1
ADD,HAH,1
ADD,KAN,1
ADD,LAD,1
ADD,LHR,1
ADD,NDJ,1
ADD,VIE,1
ADD,WDH,1
ADF,ESB,1
ADL,DXB,1
AER,GSV,1
AGX,GOX,1
AHB,SHJ,1
AKL,DXB,1
AMD,DOH,1
AMD,ISK,1
AMD,SHJ,1
AMS,AUH,1
AMS,EWR,1
AMS,JNB,1
AMS,PTY,1
ARK,NBO,1
ASB,KEA,1
ASF,LED,1
ASJ,FUK,1
ASJ,HND,1
ASV,MRE,1
ATH,AMM,1
ATH,BAH,1
ATL,DOH,1
ATL,FSD,1
ATL,HND,1
ATL,QRO,1
ATL,UIO,1
ATM,BEL,1
ATQ,DOH,1
ATQ,PNQ,1
AUA,MCO,1
AUH,AMS,1
AUH,BOS,1
AUH,IAD,1
AUH,NRT,1
AUH,ORD,1
AUH,SIN,1
AUH,YYZ,1
AUS,DCA,1
AVV,BNE,1
AVV,OOL,1
AZR,BMW,1
BAH,ATH,1
BAH,BKK,1
BAH,CDG,1
BAH,DAC,1
BAH,FRA,1
BAH,KHI,1
BAR,CAN,1
BAV,SHE,1
BAX,VKO,1
BBI,IXR,1
BBI,IXW,1
BBI,RDP,1
BBN,MUR,1
BCN,CTA,1
BCN,EWR,1
BCN,MEX,1
BEF,MGA,1
BEF,RNI,1
BEG,SJJ,1
BEL,ATM,1
BHH,JED,1
BHM,LAS,1
BHO,PNQ,1
BHR,PKR,1
BHX,DOH,1
BHY,CAN,1
BIL,MSP,1
BJM,ADD,1
BJX,NLU,1
BKC,DRG,1
BKC,OTZ,1
BKI,MZV,1
BKI,TPE,1
BKK,BAH,1
BKK,BRU,1
BKK,CTS,1
BKK,MXP,1
BKO,ADD,1
BLQ,DXB,1
BLQ,SAW,1
BLR,IXA,1
BLR,LGK,1
BLR,NDC,1
BLR,PNY,1
BLR,SHJ,1
BNE,AVV,1
BOG,CUZ,1
BOG,LHR,1
BOG,LPB,1
BOG,PCR,1
BOG,VVI,1
BOM,IXG,1
BOM,KLH,1
BOM,MUC,1
BOM,RKT,1
BOS,AUH,1
BOS,DOH,1
BOS,DXB,1
BOS,ICN,1
BOS,MEX,1
BOS,NRT,1
BOS,PQI,1
BQN,EWR,1
BRU,BKK,1
BRU,ORD,1
BSB,LIM,1
BTT,AET,1
BTU,MYY,1
BTU,SBW,1
BUD,DOH,1
BWA,PKR,1
BZE,CUN,1
BZN,EWR,1
CAN,BHY,1
CAN,CDG,1
CAN,DOY,1
CAN,JUZ,1
CAN,NRT,1
CAN,WEH,1
CBB,ORU,1
CBR,HBA,1
CCU,COH,1
CCU,DMU,1
CCU,DOH,1
CCU,GAY,1
CCU,HAN,1
CCU,IXW,1
CCU,JRH,1
CDG,ADD,1
CDG,BAH,1
CDG,CAN,1
CDG,EZE,1
CDG,JNB,1
CDG,MXN,1
CDG,TPE,1
CDP,HYD,1
CGD,KMG,1
CGD,SHA,1
CGK,IST,1
CGO,KOW,1
CGO,LXA,1
CGQ,XFN,1
CHS,DAL,1
CIH,PEK,1
CIH,PKX,1
CIH,SZX,1
CIU,MSP,1
CJB,GOI,1
CJB,PNQ,1
CJU,KIX,1
CKG,IQN,1
CKG,JUZ,1
CKG,LYI,1
CLT,LFT,1
CMB,COK,1
CMB,MEL,1
CNM,PHX,1
COH,CCU,1
COK,CMB,1
CPH,DXB,1
CPH,SIN,1
CPT,IST,1
CPT,SZK,1
CRK,DXB,1
CRV,FCO,1
CSX,YTY,1
CSY,SVO,1
CTA,BCN,1
CTA,IST,1
CTS,BKK,1
CTS,FKS,1
CTS,GAJ,1
CTS,KMQ,1
CTS,OKA,1
CTS,OKJ,1
CTU,CZX,1
CTU,YIH,1
CUN,BZE,1
CUN,OAX,1
CUU,NLU,1
CUZ,BOG,1
CXJ,VCP,1
CXR,MFM,1
CYI,MZG,1
CZX,CTU,1
CZX,PKX,1
DAC,BAH,1
DAD,NRT,1
DAL,CHS,1
DAR,TGT,1
DAT,HRB,1
DAT,TFU,1
DAY,DEN,1
DCA,AUS,1
DCA,SJU,1
DCA,SLC,1
DCA,TLH,1
DCA,XNA,1
DED,LKO,1
DEL,ISK,1
DEL,MLE,1
DEL,MUC,1
DEN,DAY,1
DEN,GSO,1
DEN,HOB,1
DEN,KOA,1
DEN,LEX,1
DEN,NRT,1
DEN,SLN,1
DEN,YWG,1
DFW,DXB,1
DFW,MDT,1
DFW,PVG,1
DFW,TBN,1
DFW,TUP,1
DFW,YUM,1
DIU,STV,1
DLC,DOY,1
DLC,HND,1
DLC,HZA,1
DLG,TOG,1
DLM,TBZ,1
DLU,KHN,1
DMU,CCU,1
DOH,AMD,1
DOH,ATL,1
DOH,ATQ,1
DOH,BHX,1
DOH,BOS,1
DOH,BUD,1
DOH,CCU,1
DOH,GOX,1
DOH,IAH,1
DOH,LAX,1
DOH,ORD,1
DOH,PHL,1
DOH,PVG,1
DOH,SEA,1
DOH,SEZ,1
DOH,SFO,1
DOH,ZNZ,1
DOY,CAN,1
DOY,CGQ,1
DOY,DLC,1
DOY,PKX,1
DOY,PVG,1
DOY,SHA,1
DOY,WUH,1
DOY,XIY,1
DRG,BKC,1
DSN,FUO,1
DTW,ESC,1
DTW,HND,1
DTW,ICN,1
DTW,IMT,1
DTW,LHR,1
DTW,PVG,1
DUR,DXB,1
DUR,HRE,1
DXB,ACC,1
DXB,ADL,1
DXB,AKL,1
DXB,BLQ,1
DXB,BOS,1
DXB,CEB,1
DXB,CPH,1
DXB,DFW,1
DXB,DUR,1
DXB,EDI,1
DXB,ELQ,1
DXB,EWR,1
DXB,GLA,1
DXB,GRU,1
DXB,HAN,1
DXB,IAD,1
DXB,IAH,1
DXB,KIX,1
DXB,LAX,1
DXB,LOS,1
DXB,LUN,1
DXB,LYS,1
DXB,MIA,1
DXB,NCE,1
DXB,NRT,1
DXB,ORD,1
DXB,SEA,1
DXB,SFO,1
DXB,STV,1
DXB,VCE,1
DXB,YUL,1
DXB,ZAG,1
EBB,JNB,1
EDI,DXB,1
EIN,WAW,1
ELI,GLV,1
ELI,OME,1
ELQ,DXB,1
ENH,LHW,1
ERL,PKX,1
ESB,ADF,1
ESB,CKZ,1
ESB,STN,1
ESC,DTW,1
EUG,SMF,1
EVN,SAW,1
EWR,AMS,1
EWR,BCN,1
EWR,BQN,1
EWR,BZN,1
EWR,CPH,1
EWR,DXB,1
EWR,GRU,1
EWR,GVA,1
EWR,HND,1
EWR,MAD,1
EWR,MSN,1
EWR,NRT,1
EWR,SIN,1
EWR,VIE,1
EZE,CDG,1
EZE,FRA,1
FCO,CRV,1
FKS,CTS,1
FOC,TPE,1
FOR,NAT,1
FRA,ADD,1
FRA,BAH,1
FRA,EZE,1
FSD,ATL,1
FSZ,IZO,1
FSZ,KOJ,1
FSZ,OKA,1
FUK,ASJ,1
FUK,HNA,1
FUK,KOJ,1
FUK,SIN,1
FUO,DSN,1
FUO,HSN,1
FUO,SHA,1
FWA,MSP,1
GAJ,CTS,1
GAM,SVA,1
GAU,LKO,1
GAY,CCU,1
GGM,KTL,1
GGM,WIL,1
GIG,LHR,1
GLA,DXB,1
GLV,ELI,1
GLV,WMO,1
GMP,PKX,1
GOI,CJB,1
GOI,COK,1
GOX,AGX,1
GOX,DOH,1
GOX,JLG,1
GRU,ADD,1
GRU,DXB,1
GRU,EWR,1
GRU,IAD,1
GRU,IAH,1
GRU,ORD,1
GRU,YYZ,1
GRU,ZRH,1
GSI,LDX,1
GSI,MPY,1
GSO,DEN,1
GSV,AER,1
GTZ,JRO,1
GUM,HND,1
GUM,HNL,1
GVA,EWR,1
GZG,TFU,1
HAH,ADD,1
HAK,JUZ,1
HAK,YBP,1
HAN,BOM,1
HAN,DXB,1
HAN,HND,1
HAV,MEX,1
HBA,CBR,1
HDO,AIP,1
HDY,HKT,1
HEL,ICN,1
HEL,MAD,1
HEL,SIN,1
HGA,DXB,1
HGH,HZA,1
HGH,LZH,1
HGH,SHS,1
HGH,WDS,1
HGH,WEF,1
HGH,XFN,1
HGH,ZAT,1
HGH,ZYI,1
HIA,HRB,1
HIJ,OKA,1
HJJ,PKX,1
HKG,ORD,1
HKG,SUB,1
HKG,USM,1
HKT,HDY,1
HKT,SGN,1
HKT,UTP,1
HNA,FUK,1
HND,ASJ,1
HND,ATL,1
HND,DLC,1
HND,DTW,1
HND,EWR,1
HND,GUM,1
HND,IAH,1
HND,MBE,1
HND,MSP,1
HND,SHB,1
HND,SHI,1
HND,SZX,1
HND,TAO,1
HND,YVR,1
HND,YYZ,1
HNL,GUM,1
HNL,JHM,1
HNL,MSP,1
HNL,ONT,1
HNY,PEK,1
HNY,SHA,1
HOB,DEN,1
HOB,IAH,1
HOG,MIA,1
HOU,ECP,1
HPN,SJU,1
HRB,DAT,1
HRB,HIA,1
HRB,HZA,1
HRE,DUR,1
HSN,FUO,1
HSN,SHE,1
HTA,SVX,1
HTN,IQM,1
HYD,CDP,1
HYD,JLG,1
HYD,MYQ,1
HYD,PNY,1
HYD,RKT,1
HYN,YIH,1
HZA,DLC,1
HZA,HGH,1
HZA,HRB,1
HZA,TFU,1
HZG,PKX,1
IAD,ADD,1
IAD,AUH,1
IAD,DXB,1
IAD,GRU,1
IAD,ICN,1
IAD,JST,1
IAD,SMF,1
IAH,DOH,1
IAH,DXB,1
IAH,GRU,1
IAH,HND,1
IAH,HOB,1
IAH,LIM,1
IAH,MID,1
IAH,ORF,1
IAH,PBC,1
IAH,POS,1
IAH,TPE,1
IAH,VER,1
IBR,OKA,1
ICN,BNE,1
ICN,BOS,1
ICN,DTW,1
ICN,HEL,1
ICN,IAD,1
ICN,ORD,1
IMT,DTW,1
IPL,PHX,1
IQM,HTN,1
IQN,CKG,1
IQN,PKX,1
IQT,PCL,1
IQT,TPP,1
ISK,AMD,1
ISK,DEL,1
IST,CGK,1
IST,CPT,1
IST,CTA,1
IST,JNB,1
IST,LOS,1
IST,NBO,1
IST,TLS,1
ITM,KUM,1
ITM,OKI,1
IWK,OKA,1
IXA,BLR,1
IXG,BOM,1
IXR,BBI,1
IXR,PNQ,1
IXW,BBI,1
IXW,CCU,1
IZO,FSZ,1
IZO,NGO,1
IZO,OKI,1
JAF,MAA,1
JAI,GOX,1
JAI,SHJ,1
JFK,ACC,1
JFK,MCI,1
JFK,MKE,1
JFK,SCL,1
JFK,SIN,1
JFK,SLK,1
JFK,YUL,1
JFK,YVR,1
JLG,GOX,1
JLG,HYD,1
JLG,PNQ,1
JLN,ORD,1
JNB,AMS,1
JNB,CDG,1
JNB,EBB,1
JNB,IST,1
JNB,NLA,1
JNZ,WUH,1
JRH,CCU,1
JRO,MWZ,1
JST,IAD,1
JUH,PKX,1
JUZ,CAN,1
JUZ,CKG,1
JUZ,SZX,1
JXA,TAO,1
KAN,ADD,1
KCH,LMN,1
KCH,MZV,1
KCH,TGC,1
KCZ,NKM,1
KCZ,NRT,1
KEA,ASB,1
KEJ,VKO,1
KHN,XMN,1
KIX,CJU,1
KIX,DXB,1
KIX,KMI,1
KIX,NGS,1
KKA,OME,1
KKA,SKK,1
KLH,BOM,1
KMG,CGD,1
KMG,LYI,1
KMI,KIX,1
KMI,OKA,1
KMJ,OKA,1
KMQ,CTS,1
KMQ,OKA,1
KOA,DEN,1
KOA,LAS,1
KOA,LIH,1
KOJ,FSZ,1
KOJ,FUK,1
KOJ,MYJ,1
KOJ,NRT,1
KOW,CGO,1
KOW,NKG,1
KOW,PEK,1
KOW,SHA,1
KOW,TNA,1
KTD,OKA,1
KTL,WIL,1
KTM,RJB,1
KTM,SIN,1
KTM,TMI,1
KTN,SIT,1
KTS,OME,1
KTS,TLA,1
KUL,PEK,1
KUL,SHJ,1
KUM,ITM,1
KVX,LED,1
KVX,VKO,1
KWE,LNL,1
KWE,ZHA,1
KWL,LYI,1
KYU,GAL,1
LAD,ADD,1
LAS,BHM,1
LAS,KOA,1
LAS,LIH,1
LAS,MAF,1
LAU,MBA,1
LAX,DOH,1
LAX,DXB,1
LAX,NAN,1
LAX,PAE,1
LBB,LAS,1
LBB,PHX,1
LCA,MLA,1
LCE,SAP,1
LDU,SDK,1
LDX,GSI,1
LED,AAQ,1
LED,ASF,1
LED,KVX,1
LED,SIP,1
LED,VOZ,1
LEX,DEN,1
LFQ,PEK,1
LFQ,PVG,1
LFQ,WUH,1
LFT,CLT,1
LGK,BLR,1
LGW,LOS,1
LHR,ACC,1
LHR,ADD,1
LHR,BOG,1
LHR,DTW,1
LHR,GIG,1
LHR,PER,1
LHW,ENH,1
LIH,KOA,1
LIH,LAS,1
LIM,IAH,1
LIM,SJO,1
LJG,ZYI,1
LKO,DED,1
LKO,GAU,1
LKO,MAA,1
LKO,PAT,1
LKO,SHJ,1
LLF,PKX,1
LMN,KCH,1
LNL,KWE,1
LNL,PKX,1
LOK,WIL,1
LOS,DXB,1
LOS,IST,1
LOS,LGW,1
LPB,BOG,1
LRE,BNE,1
LUN,DXB,1
LWS,SLC,1
LXA,CGO,1
LYG,SZX,1
LYI,CKG,1
LYI,KMG,1
LYI,SHA,1
LYS,DXB,1
LZH,HGH,1
MAA,JAF,1
MAA,LKO,1
MAA,PEN,1
MAA,RPR,1
MAA,SXV,1
MAD,EWR,1
MAD,HEL,1
MAF,LAS,1
MBA,LAU,1
MBE,HND,1
MCI,JFK,1
MCO,AUA,1
MCO,OMA,1
MDT,DFW,1
MEL,CMB,1
MEL,SFO,1
MEM,SLC,1
MEX,BCN,1
MEX,BOS,1
MEX,HAV,1
MFM,CXR,1
MGA,BEF,1
MIA,HOG,1
MID,IAH,1
MID,TLC,1
MKE,JFK,1
MKM,MYY,1
MLA,LCA,1
MLE,DEL,1
MMK,VKO,1
MNL,POM,1
MNL,VRC,1
MPY,GSI,1
MRE,ASV,1
MRV,OVB,1
MSP,BIL,1
MSP,CIU,1
MSP,FWA,1
MSP,HND,1
MSP,HNL,1
MSP,LHR,1
MSP,OKC,1
MSP,PSC,1
MSP,YQR,1
MSQ,TBS,1
MUC,BOM,1
MUC,CFU,1
MUC,DEL,1
MUR,BBN,1
MXN,CDG,1
MXP,BKK,1
MXP,SIN,1
MYD,ASV,1
MYJ,KOJ,1
MYJ,OKA,1
MYQ,HYD,1
MYY,BTU,1
MYY,MKM,1
MZG,CYI,1
MZV,BKI,1
MZV,KCH,1
NAL,VKO,1
NAN,LAX,1
NAT,FOR,1
NBC,VKO,1
NBO,IST,1
NBO,SHJ,1
NCE,DXB,1
NDC,BLR,1
NDC,HDO,1
NDJ,ADD,1
NGB,TPE,1
NGB,YIH,1
NGO,IZO,1
NGO,SIN,1
NGS,KIX,1
NGS,NRT,1
NJC,TJM,1
NKG,KOW,1
NKM,KCZ,1
NLA,JNB,1
NLU,BJX,1
NLU,CUU,1
NNG,YTY,1
NQZ,PPK,1
NRT,AUH,1
NRT,BOS,1
NRT,CAN,1
NRT,DAD,1
NRT,DEN,1
NRT,DXB,1
NRT,EWR,1
NRT,KCZ,1
NRT,KOJ,1
NRT,NGS,1
NRT,SHE,1
NTG,SYX,1
NUL,KYU,1
NZL,PKX,1
OAX,CUN,1
OBU,OTZ,1
OBU,SHG,1
OKA,CTS,1
OKA,FSZ,1
OKA,HIJ,1
OKA,IBR,1
OKA,IWK,1
OKA,KMI,1
OKA,KMJ,1
OKA,KMQ,1
OKA,KTD,1
OKA,MYJ,1
OKA,SDJ,1
OKA,TAK,1
OKI,ITM,1
OKI,IZO,1
OKJ,CTS,1
OMA,MCO,1
OME,ELI,1
OME,GAM,1
OME,KKA,1
OME,KTS,1
OME,TLA,1
OME,WMO,1
OMN,TAS,1
OMS,VKO,1
OOL,AVV,1
OQN,TAS,1
ORD,AUH,1
ORD,BRU,1
ORD,DOH,1
ORD,DXB,1
ORD,GRU,1
ORD,HKG,1
ORD,ICN,1
ORD,JLN,1
ORD,SUX,1
ORD,TPE,1
ORF,IAH,1
ORU,CBB,1
OTZ,ABL,1
OTZ,BKC,1
OTZ,OBU,1
PAE,LAX,1
PAT,LKO,1
PAT,PNQ,1
PBC,IAH,1
PCL,IQT,1
PCR,BOG,1
PDX,SBA,1
PEK,CIH,1
PEK,HNY,1
PEK,KOW,1
PEK,KUL,1
PEK,LFQ,1
PEK,TGO,1
PEK,YIC,1
PEK,YIW,1
PEN,MAA,1
PEN,XMN,1
PER,LHR,1
PES,VKO,1
PEZ,DME,1
PHL,DOH,1
PHO,KVL,1
PHX,CNM,1
PHX,IPL,1
PHX,LBB,1
PHX,MAF,1
PHX,SVC,1
PKR,BHR,1
PKR,BWA,1
PKX,ACX,1
PKX,CIH,1
PKX,ERL,1
PKX,GMP,1
PKX,HJJ,1
PKX,HZG,1
PKX,IQN,1
PKX,JUH,1
PKX,LLF,1
PKX,LNL,1
PKX,NZL,1
PKX,SHS,1
PKX,WDS,1
PKX,WUA,1
PLS,SDQ,1
PNQ,ATQ,1
PNQ,BHO,1
PNQ,CJB,1
PNQ,IXR,1
PNQ,JLG,1
PNQ,PAT,1
PNQ,RPR,1
PNR,ADD,1
PNY,BLR,1
PNY,HYD,1
POM,MNL,1
POS,IAH,1
PPK,NQZ,1
PQI,BOS,1
PSC,LAX,1
PSC,MSP,1
PTY,AMS,1
PUJ,YQB,1
PVG,ACX,1
PVG,DFW,1
PVG,DOH,1
PVG,DOY,1
PVG,DTW,1
PVG,LFQ,1
PVG,SEA,1
PVG,SHS,1
PVG,TAE,1
PVG,TVS,1
PVG,WDS,1
PYB,VTZ,1
QRO,ATL,1
RDP,BBI,1
RJB,KTM,1
RKT,HYD,1
RNI,BEF,1
ROV,SVO,1
RPR,AMD,1
RPR,GOI,1
RPR,MAA,1
RPR,PNQ,1
SAP,LCE,1
SAW,BLQ,1
SAW,EVN,1
SBW,BTU,1
SCL,JFK,1
SDJ,OKA,1
SDK,LDU,1
SDK,TWU,1
SDQ,PLS,1
SEA,DOH,1
SEA,DXB,1
SEA,PVG,1
SEZ,DOH,1
SFO,DOH,1
SFO,DXB,1
SFO,MEL,1
SGN,BOM,1
SGN,CCU,1
SGN,HKT,1
SHA,CGD,1
SHA,DOY,1
SHA,FUO,1
SHA,HNY,1
SHA,KOW,1
SHA,LYI,1
SHA,XFN,1
SHB,HND,1
SHE,BAV,1
SHE,HSN,1
SHE,NRT,1
SHG,ABL,1
SHG,OBU,1
SHI,HND,1
SHI,UKB,1
SHJ,AHB,1
SHJ,AMD,1
SHJ,BLR,1
SHJ,JAI,1
SHJ,KUL,1
SHJ,LKO,1
SHJ,NBO,1
SHJ,TRZ,1
SHS,HGH,1
SHS,PKX,1
SHS,PVG,1
SHS,TFU,1
SHS,XIY,1
SIN,AUH,1
SIN,CPH,1
SIN,EWR,1
SIN,FUK,1
SIN,HEL,1
SIN,JFK,1
SIN,KTM,1
SIN,MXP,1
SIN,NGO,1
SIP,LED,1
SIP,SVO,1
SIT,KTN,1
SJD,SNA,1
SJJ,BEG,1
SJO,LIM,1
SJU,DCA,1
SJU,HPN,1
SLC,DCA,1
SLC,FLL,1
SLC,LWS,1
SLC,MEM,1
SLK,JFK,1
SLN,DEN,1
SLZ,VCP,1
SMF,EUG,1
SMF,IAD,1
SMQ,SRG,1
SNA,SJD,1
SQD,SZX,1
SRG,SMQ,1
SSH,DME,1
STN,ESB,1
STV,DIU,1
STV,DXB,1
STW,VKO,1
SUB,HKG,1
SUX,ORD,1
SVA,OME,1
SVC,PHX,1
SVO,CSY,1
SVO,ROV,1
SVO,SIP,1
SVX,HTA,1
SXV,MAA,1
SYX,NTG,1
SZK,CPT,1
SZX,CIH,1
SZX,DOY,1
SZX,HND,1
SZX,JUZ,1
SZX,LYG,1
SZX,SQD,1
SZX,WDS,1
SZX,WHA,1
SZX,WMT,1
SZX,YIC,1
TAE,PVG,1
TAK,OKA,1
TAO,HND,1
TAO,JXA,1
TAS,OMN,1
TAS,OQN,1
TBN,DFW,1
TBS,MSQ,1
TBZ,DLM,1
TBZ,VKO,1
TDD,VVI,1
TFU,DAT,1
TFU,GZG,1
TFU,HZA,1
TFU,SHS,1
TFU,XFN,1
TGC,KCH,1
TGO,PEK,1
TGT,DAR,1
TIR,VGA,1
TJM,NJC,1
TLA,KTS,1
TLA,OME,1
TLC,MID,1
TLH,DCA,1
TLS,IST,1
TMI,KTM,1
TNA,KOW,1
TNA,UYN,1
TOG,TWA,1
TPE,BKI,1
TPE,CDG,1
TPE,FOC,1
TPE,IAH,1
TPE,NGB,1
TPE,ORD,1
TPE,YYZ,1
TPP,IQT,1
TRZ,DXB,1
TRZ,SHJ,1
TUP,DFW,1
TVS,PVG,1
TWA,DLG,1
TWU,SDK,1
UIO,ATL,1
UKA,MBA,1
UKB,SHI,1
USM,CNX,1
USM,HKG,1
USM,UTP,1
UTP,HKT,1
UTP,USM,1
UYN,TNA,1
VCE,DXB,1
VCP,CXJ,1
VCP,SLZ,1
VEE,ARC,1
VER,IAH,1
VGA,TIR,1
VHC,NBJ,1
VIE,ADD,1
VIE,EWR,1
VIE,YYZ,1
VKO,BAX,1
VKO,KEJ,1
VKO,KVX,1
VKO,MMK,1
VKO,NAL,1
VKO,NBC,1
VKO,OMS,1
VKO,PES,1
VKO,STW,1
VKO,TBZ,1
VOZ,LED,1
VRC,MNL,1
VTZ,PYB,1
VVI,BOG,1
VVI,TDD,1
WAW,EIN,1
WDH,ADD,1
WDS,HGH,1
WDS,PKX,1
WDS,PVG,1
WDS,SZX,1
WEF,HGH,1
WEH,CAN,1
WHA,PKX,1
WHA,SZX,1
WIL,GGM,1
WIL,LOK,1
WIL,WJR,1
WJR,WIL,1
WMO,GLV,1
WMO,OME,1
WMT,SZX,1
WNZ,DOY,1
WUA,PKX,1
WUA,WUH,1
WUH,DOY,1
WUH,JNZ,1
WUH,LFQ,1
WUH,WUA,1
XFN,CGQ,1
XFN,HGH,1
XFN,SHA,1
XFN,TFU,1
XFN,XIY,1
XIY,DOY,1
XIY,SHS,1
XIY,XFN,1
XIY,ZYI,1
XMN,PEN,1
XNA,DCA,1
YBP,HAK,1
YIC,PEK,1
YIC,SZX,1
YIH,CTU,1
YIH,HGH,1
YIH,HYN,1
YIH,NGB,1
YIW,PEK,1
YQR,MSP,1
YTY,CSX,1
YTY,NNG,1
YTY,ZUH,1
YUL,DXB,1
YUL,JFK,1
YUL,YDF,1
YUL,YVP,1
YUL,ZRH,1
YUM,DFW,1
YVP,YUL,1
YVR,HND,1
YVR,JFK,1
YVR,YQZ,1
YWG,DEN,1
YYC,YQL,1
YYC,YXH,1
YYZ,ADD,1
YYZ,AUH,1
YYZ,GRU,1
YYZ,HND,1
YYZ,TPE,1
ZAG,DXB,1
ZAT,HGH,1
ZHA,KWE,1
ZNZ,DOH,1
ZRH,GRU,1
ZRH,YUL,1
ZUH,YTY,1
ZYI,HGH,1
ZYI,LJG,1
ZYI,XIY,1
ACC,AMS,1
AKU,INC,1
AMA,LAS,1
AMD,BBI,1
AMS,ACC,1
AMS,ADB,1
AMS,BOG,1
AMS,EZE,1
AMS,MPL,1
ATL,LOS,1
AUH,BRU,1
BBI,AMD,1
BBI,PNQ,1
BHD,CWL,1
BIL,PDX,1
BIO,IST,1
BLR,DPS,1
BNE,ICN,1
BOM,HAN,1
BOM,HBX,1
BOM,IXM,1
BOM,JGA,1
BOM,JLR,1
BOM,KNU,1
BOM,TIR,1
BQS,SVX,1
BRU,AUH,1
BSB,MCP,1
BZE,DFW,1
CFU,MUC,1
CID,DCA,1
CLT,MAD,1
CLT,SNA,1
CNN,COK,1
CPH,EWR,1
CTG,AMS,1
CTU,HDG,1
CVG,SRQ,1
CWL,BHD,1
DAL,SNA,1
DAR,HRE,1
DBC,PKX,1
DCA,CID,1
DCA,LIT,1
DCA,PDX,1
DEL,HEL,1
DEL,SVO,1
DEN,SHV,1
DEN,SUX,1
DFW,BZE,1
DFW,VER,1
DLC,UYN,1
DMB,NQZ,1
DMK,KMG,1
DOH,GVA,1
DOY,WNZ,1
DPS,BLR,1
DPS,XMN,1
DTW,MEX,1
DTW,MQT,1
DUB,LIN,1
DXB,HGA,1
DXB,NCL,1
DYU,VKO,1
EDL,KIS,1
ENH,PKX,1
ESB,KSY,1
EZE,AMS,1
EZE,MDE,1
FCO,GIG,1
FCO,HND,1
FMM,SKP,1
FRA,MEX,1
GDE,JIJ,1
GDX,KHV,1
GEG,SAN,1
GIG,FCO,1
GRR,PGD,1
GTF,SEA,1
GVA,DOH,1
HAN,DPS,1
HBX,BOM,1
HCZ,PKX,1
HDG,CTU,1
HEL,DEL,1
HEL,LIS,1
HEL,NCE,1
HGH,YIH,1
HLN,SEA,1
HMO,NLU,1
HND,FCO,1
HOU,SJC,1
HOU,SMF,1
HTN,KCA,1
INC,AKU,1
IND,SLC,1
IST,BIO,1
IST,BOG,1
IXM,BOM,1
JFK,SAT,1
JGA,BOM,1
JIB,MGQ,1
JIJ,GDE,1
JLR,BOM,1
JUZ,HAK,1
JUZ,PEK,1
JUZ,PKX,1
KCA,HTN,1
KHN,DLU,1
KHV,GDX,1
KIS,MBA,1
KMG,DMK,1
KMG,UYN,1
KNO,BTJ,1
KNU,BOM,1
KSY,ESB,1
LAS,AMA,1
LAX,PRC,1
LAX,ZRH,1
LGA,YHZ,1
LGW,ORK,1
LHR,MSP,1
LHW,UYN,1
LIN,DUB,1
LIS,HEL,1
LIS,NAP,1
LLW,ADD,1
LOS,ATL,1
LUM,NKG,1
LWS,SEA,1
LYI,KWL,1
MAD,CLT,1
MBA,EDL,1
MCP,BSB,1
MDE,EZE,1
MEX,DTW,1
MEX,FRA,1
MEX,MLM,1
MEX,MSP,1
MEX,SDQ,1
MGQ,EBB,1
MGQ,JIB,1
MGW,ORD,1
MLM,MEX,1
MPL,AMS,1
MPM,POL,1
MPM,UEL,1
MPM,VPY,1
MQT,DTW,1
MSN,EWR,1
MSP,MEX,1
MSP,MQT,1
NAP,LIS,1
NCE,HEL,1
NCL,DXB,1
NDG,PEK,1
NGB,XMN,1
NKG,LUM,1
NKG,PVG,1
NLU,HMO,1
NQZ,DMB,1
ORD,MGW,1
ORD,RNO,1
ORD,SLN,1
ORF,TPA,1
ORK,LGW,1
OTP,STR,1
PAE,SAN,1
PAE,SNA,1
PDX,BIL,1
PDX,DCA,1
PEK,JUZ,1
PEK,NDG,1
PEK,RLK,1
PEK,TYN,1
PEK,XFN,1
PFB,VCP,1
PGD,GRR,1
PHX,ANC,1
PIT,DAL,1
PKX,CZX,1
PKX,DBC,1
PKX,DOY,1
PKX,ENH,1
PKX,HCZ,1
PKX,JUZ,1
PKX,WHA,1
POL,MPM,1
POS,ANU,1
PRC,LAX,1
PVG,NKG,1
RIZ,SHE,1
RKT,BOM,1
RLK,PEK,1
RNO,ORD,1
RTM,SAW,1
SAN,PAE,1
SAT,JFK,1
SAW,RTM,1
SBA,ATL,1
SBA,PDX,1
SDQ,MEX,1
SEA,GTF,1
SEA,HLN,1
SEA,LWS,1
SHE,RIZ,1
SHV,DEN,1
SIN,YIA,1
SJC,HOU,1
SJW,TGO,1
SJW,ZUH,1
SKP,FMM,1
SLC,IND,1
SMF,HOU,1
SNA,CLT,1
SNA,DAL,1
SNA,PAE,1
SPU,CPH,1
SRQ,CVG,1
SRQ,STL,1
STL,SRQ,1
STR,OTP,1
SUX,DEN,1
SVO,DEL,1
SVX,BQS,1
SVX,VVO,1
SZX,NNG,1
TIR,BOM,1
TPA,ORF,1
TSN,UYN,1
TYN,PEK,1
UYN,DLC,1
UYN,KMG,1
UYN,LHW,1
VCP,PFB,1
VER,DFW,1
VKO,DYU,1
VPY,MPM,1
VVO,SVX,1
XFN,PEK,1
XMN,DPS,1
XMN,NGB,1
YBG,YUL,1
YDF,YUL,1
YHZ,LGA,1
YIA,SIN,1
YSJ,YUL,1
YUL,YBG,1
YUL,YQY,1
YUL,YSJ,1
YXS,YYJ,1
YYJ,YXS,1
YZF,YWJ,1
ZRH,LAX,1
ZUH,SJW,1
ADD,PVG,1
AER,GOJ,1
AKU,KRL,1
AKV,YIK,1
AMS,SOF,1
AMS,YYC,1
ANC,PHX,1
ATL,SBA,1
BET,KOT,1
BGM,DTW,1
BKO,LFW,1
BLQ,BVA,1
BLR,FRA,1
BOG,YUL,1
BOM,GWL,1
BOM,ZRH,1
BOS,SNN,1
BPN,GHS,1
BVA,BLQ,1
CAI,NBO,1
CAN,JHB,1
CBR,PER,1
CDG,HAN,1
CGN,TFS,1
CGQ,DOY,1
CIJ,LPB,1
CLE,SLC,1
CMH,SLC,1
CPH,LAX,1
CSX,YBP,1
CTA,BRI,1
CXJ,GRU,1
DAD,SAI,1
DEL,FCO,1
DEN,BTM,1
DFW,PUJ,1
DIB,IXB,1
DOY,SZX,1
DPS,SWQ,1
DTW,BGM,1
EBL,DUS,1
FCO,DEL,1
FKB,GRO,1
FRA,BLR,1
FRA,HAN,1
FRA,IBZ,1
GHS,BPN,1
GIG,IAH,1
GOJ,AER,1
GRO,FKB,1
GRU,CXJ,1
GWL,BOM,1
GZO,HIR,1
HAN,CDG,1
HAN,FRA,1
HDG,PVG,1
HND,DOH,1
HOU,PNS,1
IAD,MGW,1
IAH,GIG,1
IBZ,FRA,1
INC,XUZ,1
IOM,LHR,1
IST,KGL,1
IST,MZH,1
IXB,DIB,1
JBK,KHG,1
JHB,CAN,1
JHM,HNL,1
JIU,SZX,1
JIU,XIY,1
KEF,MSP,1
KHG,JBK,1
KHN,LYI,1
KNS,MEL,1
KOA,MUE,1
KOT,AUK,1
KRL,AKU,1
KUF,VKO,1
LAX,CPH,1
LAX,SGU,1
LFW,FIH,1
LGW,SNN,1
LHR,IOM,1
LHR,KGL,1
LHR,RDU,1
LIM,BSB,1
LIT,DCA,1
LPB,CIJ,1
LYI,KHN,1
MCO,ORH,1
MEL,KNS,1
MGW,IAD,1
MJK,CVQ,1
MKE,SLC,1
MLA,OTP,1
MQT,MSP,1
MSP,KEF,1
MUE,KOA,1
MZH,IST,1
NBJ,VHC,1
NBX,UPG,1
NMA,VKO,1
ORH,MCO,1
OTP,MLA,1
PEK,WDS,1
PER,CBR,1
PER,MJK,1
PIT,SLC,1
PKX,RLK,1
PNS,HOU,1
PUJ,DFW,1
PVG,ADD,1
PVG,HDG,1
RDU,LHR,1
RLK,PKX,1
RUH,WAE,1
SAI,DAD,1
SAN,GEG,1
SAW,AMM,1
SBP,SEA,1
SEA,SBP,1
SGU,LAX,1
SLC,CLE,1
SLC,CMH,1
SLC,MKE,1
SLC,PIT,1
SLN,ORD,1
SNN,BOS,1
SNN,LGW,1
SOF,AMS,1
SWQ,DPS,1
SZX,JIU,1
TFS,CGN,1
TGO,SJW,1
UYN,TSN,1
VIE,IAD,1
VKO,KUF,1
VKO,NMA,1
VVI,TJA,1
WAE,RUH,1
WDS,PEK,1
XIY,JIU,1
XMN,KHN,1
XUZ,INC,1
YBP,CSX,1
YGW,YUD,1
YHZ,YYR,1
YIK,YZG,1
YKG,YQC,1
YPJ,YTQ,1
YQC,YKG,1
YQC,YWB,1
YQY,YUL,1
YRT,YUT,1
YUD,YPH,1
YUL,BOG,1
YUL,YGW,1
YWB,YQC,1
YWB,YZG,1
YYC,AMS,1
YYR,YHZ,1
YZG,YWB,1
YZS,YRT,1
ZFN,YVQ,1
ZRH,BOM,1
ADD,PEK,1
ADE,JIB,1
AIP,HDO,1
ANC,CDV,1
ARN,DXB,1
ATL,KIN,1
BGW,ISU,1
BJL,FNA,1
BLR,CDG,1
BRI,CTA,1
BSB,IMP,1
BSL,KRK,1
BTM,DEN,1
CDG,BLR,1
CDG,SGN,1
CDV,ANC,1
CDV,YAK,1
CHS,TPA,1
CIU,DTW,1
CKG,KOW,1
COS,MDW,1
CPH,SPU,1
CXR,DMK,1
DFW,TQO,1
DME,SSH,1
DMK,CXR,1
DOH,HND,1
DOH,LIS,1
DTW,CIU,1
DUS,EBL,1
DXB,ARN,1
DXB,OSL,1
EWR,YYC,1
FCO,PVG,1
FLL,PNS,1
HAN,VCL,1
HDO,NDC,1
HEL,HKG,1
HKG,HEL,1
HOU,ONT,1
HRB,ZUH,1
HSN,TSN,1
IMP,BSB,1
IMT,MSP,1
JNU,KTN,1
JNU,PSG,1
JNU,YAK,1
JST,ORD,1
KIN,ATL,1
KOW,CKG,1
KRK,BSL,1
KTN,JNU,1
KTN,WRG,1
LCA,MAN,1
LIS,DOH,1
LLV,PEK,1
MAD,PVG,1
MDW,COS,1
MEX,OAK,1
MSP,IMT,1
NBO,CAI,1
OAK,MEX,1
ONT,HOU,1
ORD,JST,1
OSL,DXB,1
PEK,ADD,1
PEK,LLV,1
PKX,TGO,1
PKX,YNZ,1
PNS,FLL,1
PSG,JNU,1
PSG,WRG,1
PVG,FCO,1
PVG,MAD,1
PVG,YKH,1
REC,THE,1
SGN,CDG,1
SHE,YCU,1
SHE,ZUH,1
SHF,TCG,1
SLY,SVO,1
SOC,HLP,1
SVO,SLY,1
TCG,SHF,1
TGO,PKX,1
THE,REC,1
TJA,VVI,1
TNA,WEH,1
TPA,CHS,1
TQO,DFW,1
TSN,HSN,1
UEL,MPM,1
VCL,HAN,1
WEH,TNA,1
WRG,KTN,1
WRG,PSG,1
XIY,HJJ,1
YAK,CDV,1
YAK,JNU,1
YCU,SHE,1
YGL,YUL,1
YKH,PVG,1
YNZ,PKX,1
YYC,EWR,1
ZUH,HRB,1
ACV,DEN,1
ACX,CAN,1
AER,CSY,1
AMM,SAW,1
AUH,GVA,1
BRC,COR,1
CAI,MAN,1
CAN,ACX,1
CDG,YYC,1
CGB,OPS,1
CGK,SZX,1
CGO,TPE,1
CIF,PVG,1
CRL,TLS,1
CSY,AER,1
DEN,ACV,1
DEN,JLN,1
DOH,EVN,1
EVN,DOH,1
EWR,NAP,1
FIH,LFW,1
FUO,PVG,1
GDX,OVB,1
GVA,AUH,1
HIR,MUA,1
HND,DXB,1
HRB,LYG,1
IST,MRU,1
IST,TRN,1
IXC,PNQ,1
JHG,ZYI,1
JLN,DEN,1
KIX,WUH,1
KNG,SOQ,1
LHR,TPA,1
LIN,MLA,1
LOS,LFW,1
MAD,PHL,1
MAN,CAI,1
MAO,REC,1
MCT,MNL,1
MED,ADD,1
MLA,LIN,1
MNL,BAH,1
MNL,MCT,1
MOH,PLW,1
MRU,IST,1
MSP,ICN,1
MTY,SLW,1
NAP,EWR,1
OPS,CGB,1
OVB,GDX,1
PEN,SGN,1
PHL,MAD,1
PKX,SQJ,1
PKX,YCU,1
PLW,MOH,1
PTY,GEO,1
PVG,CIF,1
PVG,FUO,1
REC,MAO,1
RMO,BVA,1
SBA,SMF,1
SGN,PEN,1
SLW,MTY,1
SMF,SBA,1
SOQ,KNG,1
SQJ,PKX,1
STN,VRN,1
SYD,DFW,1
SZX,CGK,1
TIA,TRN,1
TLS,CRL,1
TPA,LHR,1
TPE,CGO,1
TPE,FRA,1
TRN,IST,1
TRN,TIA,1
VRN,STN,1
WUH,KIX,1
YCU,PKX,1
YRT,YZS,1
YUL,YZV,1
YUT,YRT,1
YYC,CDG,1
YZV,YUL,1
ZIA,OSS,1
ZYI,JHG,1
ADD,BKK,1
ADD,BRU,1
AKL,TBU,1
ALA,PKX,1
ALC,GDN,1
ALP,AMM,1
AMM,ALP,1
ARC,VEE,1
ATL,PVR,1
AUS,YYZ,1
BAH,MNL,1
BKK,ADD,1
BOH,TFS,1
BOS,MUC,1
BRU,ADD,1
BTS,STN,1
CGK,MCT,1
CGO,JUZ,1
CKG,ACX,1
CKG,SHS,1
CLJ,WAW,1
CLQ,NLU,1
CNF,UBA,1
CVG,SFB,1
DBQ,ORD,1
DFW,HEL,1
DFW,SYD,1
DXB,HND,1
EBB,KHX,1
EBB,KSE,1
FRA,TPE,1
GDN,ALC,1
GEO,PTY,1
GYE,SCL,1
HAM,TIA,1
HEL,DFW,1
HET,HUO,1
HJJ,XIY,1
HNY,HAK,1
HUO,SHE,1
HYD,LHR,1
ICN,MSP,1
IMP,SLZ,1
IST,KHI,1
JUZ,CGO,1
KHI,IST,1
KHX,EBB,1
LAS,LIT,1
LAX,MUC,1
LBD,SVX,1
LHR,HYD,1
LHR,ORY,1
LIT,LAS,1
LJG,SHA,1
LTN,TSR,1
MAN,LCA,1
MCT,CGK,1
MDW,ONT,1
MIG,NGB,1
MII,VCP,1
MNL,JED,1
MUC,BOS,1
NGB,MIG,1
NLU,CLQ,1
NNG,SZX,1
ONT,MDW,1
ORD,DBQ,1
ORY,LHR,1
PEK,XIC,1
PIK,TFS,1
PKX,ALA,1
PVR,ATL,1
SCL,GYE,1
SFB,CVG,1
SHA,LJG,1
SHS,CKG,1
SLZ,IMP,1
SQD,TFU,1
STN,BTS,1
SVX,LBD,1
TBU,AKL,1
TFS,BOH,1
TFS,PIK,1
TFU,SQD,1
TIA,HAM,1
TSR,LTN,1
UBA,CNF,1
VCP,MII,1
WAW,CLJ,1
XIC,PEK,1
YGW,YUL,1
YPH,YUD,1
YQM,YTZ,1
YTZ,YQM,1
YUD,YGW,1
YYZ,AUS,1
YZG,YIK,1
ACF,YIN,1
ACX,CKG,1
ADB,HAM,1
ADD,MXP,1
AEP,LUQ,1
AGA,RBA,1
AMS,GIG,1
ARN,LIN,1
ASB,DXB,1
AUS,OAK,1
AYT,DXB,1
BAH,DME,1
BCN,LPL,1
BNA,TUP,1
BNE,CAN,1
BOD,SXB,1
BOG,ORD,1
BSL,FCO,1
CAI,LOS,1
CAN,BNE,1
CDG,LOS,1
CGK,TRK,1
CKG,HDG,1
COK,GOI,1
DGO,NLU,1
DTM,SAW,1
DTW,PDX,1
DXB,ASB,1
DXB,AYT,1
EDI,YYZ,1
EUG,SAN,1
FCO,BSL,1
FLL,ORF,1
GIG,AMS,1
GOI,RPR,1
HAK,HNY,1
HAM,ADB,1
HDG,CKG,1
HKN,RAB,1
HUO,HET,1
JIU,PEK,1
JNB,POL,1
KMJ,PUS,1
KRY,PEK,1
KWI,TRV,1
LAP,NLU,1
LIN,ARN,1
LOS,CAI,1
LOS,CDG,1
LPL,BCN,1
LSI,GLA,1
MOZ,HUH,1
MRS,VIE,1
MUC,LAX,1
MXP,ADD,1
NLU,DGO,1
NLU,LAP,1
OAK,AUS,1
ORD,BOG,1
PDX,DTW,1
PEK,JIU,1
PEK,KRY,1
PEK,YNZ,1
PKX,YTY,1
POL,JNB,1
PUS,KMJ,1
RBA,AGA,1
SAN,EUG,1
SAW,DTM,1
SHE,HUO,1
SNA,YVR,1
SXB,BOD,1
TRK,CGK,1
TUP,BNA,1
VIE,MRS,1
WNZ,YIH,1
XIY,YIH,1
YIH,WNZ,1
YIH,XIY,1
YIN,ACF,1
YNZ,PEK,1
YTY,PKX,1
YTZ,YTS,1
YVR,SNA,1
YYZ,EDI,1
AMS,FUE,1
AQG,PEK,1
ARN,SPU,1
ATH,KTW,1
ATL,SXM,1
AYT,BTS,1
BLR,DGH,1
BLR,ISK,1
BUF,PHX,1
CNN,MCT,1
DCA,TUL,1
DFW,NRT,1
DGH,BLR,1
DME,BAH,1
DSN,TYN,1
DTW,IST,1
EIN,KTW,1
HMI,YIN,1
HVG,MEH,1
ICN,KKJ,1
ISK,BLR,1
IST,DTW,1
JNB,LVI,1
KKJ,ICN,1
KOW,PVG,1
KTW,ATH,1
KTW,EIN,1
LHR,MAA,1
LHR,NOC,1
LHW,HMI,1
MAA,LHR,1
MCT,CNN,1
MFM,NRT,1
MSP,PVR,1
NOC,LHR,1
NRT,DFW,1
NRT,MFM,1
ORF,FLL,1
PEK,AQG,1
PEK,WMT,1
PHX,BUF,1
PTY,YUL,1
PTY,YYZ,1
PVG,KOW,1
SXM,ATL,1
TFU,YCU,1
THE,VCP,1
TMM,TNR,1
TRV,KWI,1
TUL,DCA,1
TYN,DSN,1
UHS,UUS,1
UUS,UHS,1
VCP,THE,1
VER,VSA,1
WMT,PEK,1
WRO,LTN,1
YCG,YVR,1
YCU,TFU,1
YTS,YTZ,1
YUL,PTY,1
YVR,YCG,1
YYZ,ATH,1
YYZ,PTY,1
AGP,TNG,1
AKX,GUW,1
ALA,HGH,1
ATH,YYZ,1
AUS,BUR,1
BTS,AYT,1
BUR,AUS,1
CAN,LFQ,1
CIF,TSN,1
CKG,DOY,1
CMW,MIA,1
CPH,FLR,1
CTU,FUG,1
CVG,PGD,1
DLM,LTN,1
DOY,CKG,1
ENH,PVG,1
ESB,HTY,1
FLR,CPH,1
FUG,CTU,1
GOQ,XIY,1
GUW,AKX,1
GYS,PVG,1
HGH,ALA,1
HTY,ESB,1
HUN,TSA,1
JFK,MUC,1
KHN,WMT,1
KLW,JNU,1
KWL,WNZ,1
LFQ,CAN,1
LGW,TUN,1
LHR,PKX,1
LIS,PHL,1
LTN,DLM,1
LTN,WRO,1
MCT,AMM,1
MEX,TPA,1
MIA,CMW,1
MQL,SYD,1
MUC,JFK,1
NKG,SJW,1
OTP,PRG,1
PEK,XIL,1
PGD,CVG,1
PHL,LIS,1
PKX,LHR,1
PRG,OTP,1
PVG,ENH,1
PVG,GYS,1
PVR,MSP,1
RHO,BRS,1
SJW,NKG,1
SSH,ALA,1
TFS,STR,1
TIR,VTZ,1
TNA,YNT,1
TNG,AGP,1
TSA,HUN,1
TSN,CIF,1
TUN,LGW,1
UPG,NBX,1
VSA,VER,1
VTZ,TIR,1
WMT,KHN,1
WNZ,KWL,1
ABQ,OAK,1
ACF,KRL,1
ADD,DMM,1
AJR,ARN,1
AKN,WSN,1
AMM,MCT,1
ARN,AJR,1
AYT,GOJ,1
BCN,PHL,1
BER,MXP,1
BGY,POZ,1
BRS,JER,1
BSR,EBL,1
BUD,PVG,1
BVA,RMO,1
CAN,BAR,1
CAY,CDG,1
CDG,CAY,1
CDG,TNG,1
CKG,ENY,1
CPH,GOH,1
DAC,KMG,1
DLM,SVO,1
DMM,ADD,1
ENY,CKG,1
GCM,JFK,1
GLA,LSI,1
GMP,KPO,1
HNY,TFU,1
HRB,NRT,1
IAH,YUL,1
IST,NOP,1
JER,BRS,1
KMG,DAC,1
KOS,SAI,1
KPO,GMP,1
KRL,ACF,1
LED,OSS,1
LFW,CDG,1
LOP,YIA,1
MXP,BER,1
NKG,NRT,1
NKG,UYN,1
NOP,IST,1
NRT,HRB,1
NUX,SVO,1
OAK,ABQ,1
PDX,MIA,1
PHL,BCN,1
PNQ,BKK,1
POZ,BGY,1
PVG,BUD,1
SIN,TRV,1
SMQ,SUB,1
SPU,ARN,1
SVO,DLM,1
SVO,NUX,1
SYD,MQL,1
TFU,HNY,1
TNG,CDG,1
TPA,MEX,1
TRV,SIN,1
UYN,NKG,1
XIL,PEK,1
YIA,LOP,1
YIN,HMI,1
YNT,TNA,1
YUL,IAH,1
ACF,AKU,1
ACF,HTN,1
ACF,TFU,1
AKU,ACF,1
ALA,SSH,1
ATL,BJX,1
AVL,DEN,1
BER,CAI,1
BJX,ATL,1
BKK,PNQ,1
BLA,PMV,1
BLR,GWL,1
BOS,HKG,1
BSR,DOH,1
CAI,BER,1
CAN,HZA,1
CMN,NTE,1
COK,CNN,1
DEN,AVL,1
DOH,BSR,1
DSS,LIS,1
DXB,IXM,1
EWR,JNB,1
FUK,ISG,1
GFF,NRA,1
GOJ,AYT,1
GWL,BLR,1
HAK,JIU,1
HDG,HGH,1
HGH,HDG,1
HKG,BOS,1
HMI,LHW,1
HOU,CMH,1
HTN,ACF,1
HZA,CAN,1
ISG,FUK,1
IXM,DXB,1
JED,URY,1
JFK,GCM,1
JIU,HAK,1
JNB,EWR,1
LHR,YHZ,1
LIS,DSS,1
LPA,NCL,1
LTN,MXP,1
MCI,OAK,1
MIA,PDX,1
MXP,LTN,1
NCL,LPA,1
NRA,SYD,1
NTE,CMN,1
OAK,MCI,1
RIX,FCO,1
RMO,STN,1
STR,TFS,1
TFU,ACF,1
URY,JED,1
WAW,TBS,1
WHA,XIY,1
XIY,WHA,1
YHZ,LHR,1
ZIA,TAS,1
ADZ,BAQ,1
AGP,OPO,1
AKU,HTN,1
AMM,SSH,1
BAQ,ADZ,1
BER,TIA,1
BUD,EDI,1
CGO,NRT,1
CHS,MDW,1
CIF,HLH,1
CLT,MEX,1
CMH,HOU,1
DEL,SLV,1
DYG,PKX,1
EDI,BUD,1
FDF,YUL,1
GOH,CPH,1
HAN,XMN,1
HET,XMN,1
HLH,CIF,1
HLP,PKU,1
HTN,AKU,1
HYN,TFU,1
IST,KZN,1
JGS,SHA,1
JNG,NNG,1
KZN,IST,1
LAE,HKN,1
LUQ,AEP,1
MDW,CHS,1
MEX,CLT,1
MSR,SAW,1
MYR,ORD,1
NME,TNK,1
NNG,JNG,1
NRT,CGO,1
OPO,AGP,1
ORD,MYR,1
OSS,LED,1
PKX,DYG,1
PKX,LLV,1
PMW,VCP,1
SAW,EDO,1
SAW,MSR,1
SCQ,TFS,1
SHA,JGS,1
SLV,DEL,1
TAS,ZIA,1
TBS,WAW,1
TFS,SCQ,1
TFU,HYN,1
TIA,BER,1
TNK,WWT,1
VCP,PMW,1
XMN,HAN,1
XMN,HET,1
YUL,FDF,1
ALA,DMB,1
ALC,BSL,1
AMD,SIN,1
ARN,BEG,1
BCN,GDN,1
BEG,ARN,1
BGY,SHJ,1
BLR,KTM,1
BRS,FCO,1
BRS,RHO,1
BSL,ALC,1
CGH,IOS,1
CIF,TAO,1
CNF,SLZ,1
CNS,NRT,1
DAL,SDF,1
DEL,PBH,1
DEN,TEX,1
DLC,YNZ,1
DMB,ALA,1
DUB,OSL,1
DXB,IXC,1
ELP,SEA,1
EOH,IBE,1
FCO,BRS,1
FNT,SFB,1
GDN,BCN,1
GLH,DFW,1
GYN,PMW,1
HDO,BOM,1
HEL,JFK,1
IBE,EOH,1
IOS,CGH,1
IXC,DXB,1
JFK,HEL,1
JJN,CZX,1
KIX,SFO,1
KTM,BLR,1
LLV,PKX,1
MBJ,YUL,1
MDW,TUS,1
MXP,ALC,1
NKG,CIF,1
NRT,CNS,1
OSL,DUB,1
OSS,ZIA,1
OUA,BKO,1
OVD,SVQ,1
PMW,GYN,1
PNQ,IXC,1
SDF,DAL,1
SEA,ELP,1
SFB,FNT,1
SFO,KIX,1
SIN,AMD,1
SLZ,CNF,1
SVQ,OVD,1
TEX,DEN,1
TUS,MDW,1
WMT,XIY,1
XIY,WMT,1
XKH,VTE,1
YQY,YYZ,1
YUL,MBJ,1
ABX,BNE,1
ALC,MXP,1
AMS,LIM,1
ATL,BUR,1
BAH,SIN,1
BJL,CMN,1
BMW,AZR,1
BNE,ABX,1
BTH,YIA,1
BUR,ATL,1
CAN,LHR,1
CCU,HGI,1
CIF,NKG,1
CMB,PVG,1
CMN,BJL,1
CTA,MAD,1
CZX,JJN,1
CZX,PEK,1
DFW,GLH,1
DHM,IXC,1
DYG,TNA,1
FCO,KTW,1
FCO,RIX,1
GOX,JAI,1
HGI,CCU,1
HOU,RDU,1
IXC,DHM,1
JMU,PVG,1
JUB,NBO,1
KTW,FCO,1
LAX,PSP,1
LHR,CAN,1
LIM,AMS,1
LIS,SSA,1
MAD,CTA,1
MXP,FUE,1
NAO,PVG,1
PBH,DEL,1
PEK,CZX,1
PKX,YSQ,1
PSP,LAX,1
PVG,CMB,1
PVG,JMU,1
PVG,NAO,1
RDU,HOU,1
RZE,STN,1
SHJ,BGY,1
SLC,CDG,1
SSA,LIS,1
STN,RZE,1
SUB,TRK,1
TAO,CIF,1
TLS,CMN,1
TNA,DYG,1
VTE,XKH,1
YIA,BTH,1
YSQ,PKX,1
YYZ,YQY,1
ALC,FKB,1
AUS,ONT,1
BDJ,BTW,1
BEY,BER,1
BIK,ZRI,1
BNA,SMF,1
BSL,MAD,1
BTW,BDJ,1
CDG,IAH,1
CDG,LJU,1
CDG,SLC,1
CJS,NLU,1
CKG,DSN,1
CMN,LGW,1
CMN,TLS,1
COL,OBN,1
COO,ADD,1
DEX,DJJ,1
DJJ,DEX,1
DJJ,TMH,1
DJJ,ZRI,1
DSN,CKG,1
DXB,LRR,1
DYG,KWE,1
EDO,SAW,1
EWR,PLS,1
FKB,ALC,1
GYU,XIY,1
HNY,KMG,1
HNY,PVG,1
HSN,KHN,1
IAH,CDG,1
INC,GYU,1
JGD,OHE,1
JUZ,XIY,1
KEI,MKQ,1
KHN,HSN,1
KMG,HNY,1
KWE,DYG,1
LGB,MDW,1
LGW,CMN,1
LRR,DXB,1
MDW,LGB,1
MKQ,KEI,1
MKQ,TMH,1
NLU,CJS,1
OHE,JGD,1
ONT,AUS,1
PLS,EWR,1
PNQ,BBI,1
PVG,HNY,1
RGN,AKY,1
SIN,BAH,1
SMF,BNA,1
SWA,YIH,1
TFU,WDS,1
TMH,DJJ,1
TMH,MKQ,1
TRK,SUB,1
WDS,TFU,1
XIY,GYU,1
XIY,JUZ,1
YIH,SWA,1
YNZ,DLC,1
YTZ,YQG,1
ZRI,BIK,1
ZRI,DJJ,1
ADB,ZRH,1
BEJ,CGK,1
BGR,JFK,1
BRU,KGL,1
CAK,DCA,1
CGK,BEJ,1
CGO,UYN,1
CKG,LYG,1
CUN,PUJ,1
DAL,JAX,1
DCA,CAK,1
DUR,MQP,1
EBL,BSR,1
EDI,HEL,1
GDX,KPW,1
GLA,LPA,1
GYU,INC,1
HEL,EDI,1
HET,NZL,1
HLD,NZL,1
JAX,DAL,1
JFK,BGR,1
JXA,YNT,1
KOS,SGN,1
KPW,GDX,1
LHW,LJG,1
LJU,CDG,1
LPA,GLA,1
LUM,JHG,1
LYG,CKG,1
MAD,BSL,1
MKW,UPG,1
MQP,DUR,1
NZL,HET,1
NZL,HLD,1
PVD,SJU,1
RIX,ZRH,1
SJU,PVD,1
TSN,XIL,1
UPG,MKW,1
UYN,CGO,1
WDH,FRA,1
WNZ,XMN,1
XIL,TSN,1
XMN,WNZ,1
YNT,JXA,1
YQG,YTZ,1
ZRH,ADB,1
ZRH,RIX,1
ACF,TWC,1
ADD,VFA,1
AGS,DCA,1
AMM,VIE,1
ANC,LAX,1
AUC,BGA,1
AYT,TBS,1
BEG,DOH,1
BGA,AUC,1
BGG,IST,1
CAN,CAI,1
CNF,LIS,1
CRL,PSR,1
DEN,LIR,1
DOH,BEG,1
EXT,JER,1
FOC,INC,1
FRA,WDH,1
GBE,ADD,1
HAK,HCZ,1
HET,PEK,1
HGH,LUM,1
HKG,TSN,1
IST,BGG,1
IST,KIX,1
IST,NRT,1
JER,EXT,1
KIX,IST,1
LAX,TLV,1
LDS,SHE,1
LED,SSH,1
LIR,DEN,1
LIS,CNF,1
LJG,LHW,1
LUM,HGH,1
LYG,PEK,1
MAD,GUA,1
MSP,PUJ,1
MSY,SAN,1
MVY,TEB,1
PEK,HET,1
PEK,LYG,1
PEN,SZX,1
PSR,CRL,1
SAL,MAD,1
SAN,MSY,1
SHE,LDS,1
SSH,LED,1
TBS,AYT,1
TLV,LAX,1
TSN,HKG,1
TWC,ACF,1
UVF,LGW,1
VFA,GBE,1
VIE,AMM,1
YSB,YTZ,1
YTZ,YSB,1
ABQ,BUR,1
AHO,BGY,1
AUH,TBS,1
BER,BEY,1
BFL,DFW,1
BGY,AHO,1
BHX,GCI,1
BKK,TAO,1
BLR,HKG,1
BRI,CRL,1
BRU,PEK,1
BUR,ABQ,1
CAG,NAP,1
CAI,CAN,1
CPT,HRE,1
CRL,BRI,1
DAD,TAE,1
DCA,AGS,1
DFW,BFL,1
EVN,CDG,1
GCI,BHX,1
GOH,SFJ,1
HCZ,HAK,1
HKG,BLR,1
HSN,TNA,1
IBZ,NAP,1
IND,MCI,1
IQN,TSN,1
LAX,ANC,1
LGW,UVF,1
LSI,KOI,1
LYP,SHJ,1
MAA,SHJ,1
MCI,IND,1
MDW,TUL,1
MEX,RDU,1
NAP,IBZ,1
NRT,IST,1
PUJ,MSP,1
RDU,MEX,1
SLA,COR,1
SVX,NQZ,1
SZX,PEN,1
TAE,DAD,1
TBS,AUH,1
TNA,HSN,1
TSN,IQN,1
TUL,MDW,1
TUS,PDX,1
ZGS,YZV,1
ABQ,MCI,1
ADL,DOH,1
ALC,PIK,1
BNA,OKC,1
BNK,MEL,1
BRA,CNF,1
CAN,PZI,1
CDG,EVN,1
CNF,BRA,1
DFW,SBA,1
DOH,ADL,1
DPS,OOL,1
HGH,HUZ,1
HLD,SHA,1
HMA,SGC,1
HRE,CPT,1
HUZ,HGH,1
HYD,JRG,1
JED,SUB,1
JRG,HYD,1
KEF,GLA,1
KUL,NKG,1
LGW,RMU,1
LUM,MDL,1
MCI,ABQ,1
MCI,MKE,1
MEL,BNK,1
MKE,MCI,1
MSY,RDU,1
NGO,PEK,1
NKG,KUL,1
OKC,BNA,1
OOL,DPS,1
PDX,TUS,1
PEK,NGO,1
PHL,AMS,1
PHL,XNA,1
PIK,ALC,1
PZI,CAN,1
RDU,MSY,1
RMU,LGW,1
SBA,DFW,1
SGC,HMA,1
SHA,HLD,1
SHJ,LYP,1
SHJ,MAA,1
SLI,UMB,1
STN,RMO,1
TAO,BKK,1
YPM,YXL,1
ABQ,LRU,1
AMD,RPR,1
AMS,PHL,1
AMS,PSA,1
AUH,LKO,1
AUS,SNA,1
BNE,HIR,1
BOS,CPH,1
BTM,SLC,1
CAI,DME,1
CHS,SEA,1
CNF,THE,1
CPH,BOS,1
CUL,NLU,1
CUN,SLP,1
DEL,JSA,1
DOH,HAM,1
DPS,NRT,1
GAU,PAT,1
GLA,KEF,1
HAM,DOH,1
HGH,WMT,1
HRB,VVO,1
HUN,KHH,1
IXR,PAT,1
JHG,LUM,1
JJU,JNN,1
JNB,ATL,1
KHH,HUN,1
LKO,AUH,1
LRU,ABQ,1
MSP,ORF,1
NAP,CAG,1
NLU,CUL,1
ORD,ILM,1
ORF,MSP,1
ORY,TLV,1
PAT,GAU,1
PAT,IXR,1
PSA,AMS,1
PSA,SUF,1
SEA,CHS,1
SKD,ZIA,1
SLC,BTM,1
SLP,CUN,1
SNA,AUS,1
SUF,PSA,1
THE,CNF,1
TLV,ORY,1
URC,SYX,1
VVO,HRB,1
ZIA,SKD,1
AER,TAS,1
ALA,GYD,1
ALG,LGW,1
ATH,LRS,1
ATL,JNB,1
AYQ,CNS,1
BAV,CKG,1
BCN,PEK,1
BEG,LED,1
BJW,KOE,1
BJW,LBJ,1
BOD,OPO,1
CCU,STV,1
CKG,BAV,1
CNS,AYQ,1
FRA,MCO,1
FUG,PEK,1
GDL,SLC,1
GYD,ALA,1
HMO,LAP,1
ILM,ORD,1
INC,FOC,1
JSA,DEL,1
KMV,RGN,1
KOE,BJW,1
KOW,NNG,1
LAP,HMO,1
LBJ,BJW,1
LED,BEG,1
LGW,ALG,1
LIM,VVI,1
LRS,ATH,1
MBA,FRA,1
MCO,FRA,1
NNG,KOW,1
NQZ,SVX,1
NRT,DPS,1
OPO,BOD,1
OPS,VCP,1
ORD,SJC,1
PEK,BCN,1
PEK,FUG,1
PND,PLJ,1
RUH,SPX,1
SJC,ORD,1
SLC,GDL,1
SPX,RUH,1
STV,CCU,1
SUF,VCE,1
TAS,AER,1
VCE,SUF,1
VCP,OPS,1
WMT,HGH,1
WUX,YCU,1
XNA,PHL,1
YCU,WUX,1
ADD,COO,1
AMS,CAN,1
ARN,EDI,1
BDS,GVA,1
BNA,OMA,1
BZE,GUA,1
CAN,AMS,1
CRL,VIE,1
CTU,JJN,1
DTW,XNA,1
EDI,ARN,1
EDI,LPA,1
FTU,TNR,1
GVA,BDS,1
HAN,VCS,1
HDO,GOI,1
JAC,SFO,1
JER,LTN,1
JJN,CTU,1
KIJ,NGO,1
KIX,MFM,1
KWM,CNS,1
LIS,HOR,1
LPA,EDI,1
LTN,JER,1
MCZ,SSA,1
MDL,LUM,1
NGO,KIJ,1
OMA,BNA,1
PUJ,CUN,1
SFO,JAC,1
SJD,YYC,1
SSA,MCZ,1
TNR,TMM,1
VCS,HAN,1
VIE,CRL,1
XNA,DTW,1
YXL,ZSJ,1
BOM,JFK,1
BOS,MDT,1
CLT,SXM,1
DAC,HYD,1
DFW,MBJ,1
DME,CAI,1
EVE,TRD,1
FUE,MXP,1
GOX,NAG,1
GUA,BZE,1
GVA,IAD,1
HIA,TFU,1
HKG,TAK,1
HYD,DAC,1
IAD,GVA,1
JED,MAN,1
JFK,BOM,1
JFK,SJD,1
KOA,PDX,1
MAA,RQY,1
MAN,JED,1
MBJ,DFW,1
MEX,TPQ,1
PDX,KOA,1
PEK,BRU,1
RQY,MAA,1
SAL,LIM,1
SHJ,TUU,1
SJD,JFK,1
SXM,CLT,1
TAK,HKG,1
TFU,HIA,1
TPQ,MEX,1
TRD,EVE,1
TUU,SHJ,1
YYC,SJD,1
ZTH,MAN,1
ATL,MUC,1
BAV,TGO,1
BEG,LTN,1
BGY,VNO,1
BHM,BWI,1
BLR,JRG,1
BPN,PNK,1
BTH,PNK,1
BUD,TIA,1
BWI,BHM,1
CAI,HAS,1
CHC,OOL,1
CIF,XIL,1
CUN,CUU,1
CUU,CUN,1
DSS,BJL,1
DUB,NQY,1
GRU,MXP,1
HAK,KUL,1
HAS,CAI,1
HLD,HLH,1
HLH,HLD,1
HOR,LIS,1
HUZ,YIH,1
JRG,BLR,1
KUL,HAK,1
KWL,SJW,1
LTN,BEG,1
LTN,SBZ,1
LZO,ZUH,1
MAD,VVI,1
MDT,BOS,1
MIA,SVD,1
MUC,ATL,1
MXP,GRU,1
NQY,DUB,1
NYO,WAW,1
OOL,CHC,1
PEK,YTY,1
PNK,BPN,1
PNK,BTH,1
PVG,YNJ,1
RSD,NAS,1
SBZ,LTN,1
SJW,KWL,1
SVD,MIA,1
TGO,BAV,1
VNO,BGY,1
WAW,EVN,1
WAW,NYO,1
WNZ,YNT,1
XIL,CIF,1
XMN,ZUH,1
YFC,YTZ,1
YIH,HUZ,1
YNJ,PVG,1
YNT,WNZ,1
YTY,PEK,1
YTZ,YFC,1
ZUH,LZO,1
ZUH,XMN,1
AGP,OVD,1
AGR,AMD,1
AMD,AGR,1
AMD,IXR,1
ATH,SHJ,1
BGO,HEL,1
BJM,KGL,1
CLT,FRA,1
CTS,TOY,1
DME,SLY,1
EIN,OPO,1
EVN,WAW,1
FRA,CLT,1
HEL,BGO,1
IKT,KHV,1
KCA,QSZ,1
KGL,BJM,1
KHV,IKT,1
KWI,OSS,1
LIM,SAL,1
MAN,ZTH,1
MCI,PDX,1
MLM,ORD,1
MRA,TUN,1
OPO,EIN,1
ORK,TFS,1
OSS,KWI,1
OVD,AGP,1
PDX,MCI,1
PHL,ZRH,1
QSZ,KCA,1
SHJ,ATH,1
SHJ,SYZ,1
SYZ,SHJ,1
TFS,ORK,1
TIA,BUD,1
TOY,CTS,1
TUN,MRA,1
VCP,PNZ,1
VVI,LIM,1
WDS,XMN,1
WUH,ZYI,1
XMN,WDS,1
YVR,YZP,1
YZP,YVR,1
YZV,ZGS,1
ZRH,PHL,1
ZYI,WUH,1
ACC,CMN,1
ACX,LLB,1
AKA,CAN,1
AMS,PKX,1
ASU,MAD,1
BAV,HLH,1
BOM,CGK,1
BWI,LHR,1
CAI,JFK,1
CAN,AKA,1
CGH,CXJ,1
CGK,BOM,1
CMB,DMM,1
CMN,ACC,1
CNF,MAB,1
CTM,NLU,1
CXJ,CGH,1
DGO,MTY,1
DMM,CMB,1
DTU,HRB,1
DUB,SFO,1
DZA,MJN,1
EBB,BRU,1
GYE,MAD,1
HAN,PKX,1
HFE,WEH,1
HLH,BAV,1
HRB,DTU,1
HYD,JGB,1
IAD,VIE,1
IBZ,SVQ,1
ICT,SEA,1
INV,KOI,1
IST,MLE,1
JFK,CAI,1
JGB,HYD,1
JHG,YBP,1
JPA,SSA,1
KMG,XFN,1
KOI,INV,1
LFW,LOS,1
LHR,BWI,1
LHW,SHF,1
LLB,ACX,1
LRM,MIA,1
MAB,CNF,1
MAD,ASU,1
MFM,KIX,1
MFM,KWE,1
MIA,LRM,1
MLE,IST,1
MTY,DGO,1
MTY,PHX,1
NLU,CTM,1
ORD,MLM,1
PEK,TIJ,1
PKX,AMS,1
PNZ,VCP,1
SEA,ICT,1
SFO,DUB,1
SHF,LHW,1
SLY,DME,1
SSA,JPA,1
SVQ,IBZ,1
TBF,TRW,1
TRW,TBF,1
WEH,HFE,1
XFN,KMG,1
YBP,JHG,1
ACA,GDL,1
AEP,EQS,1
BKK,MDL,1
CRW,DCA,1
DUS,XRY,1
DXB,SOF,1
EDI,SYY,1
FOC,KUL,1
FOC,WUX,1
FUE,LTN,1
GDL,ACA,1
HOU,TUS,1
HRB,WUT,1
IST,EWR,1
KGD,SVX,1
KUL,FOC,1
KWE,MFM,1
LGW,PUJ,1
LTN,FUE,1
LUN,NBO,1
LUZ,WAW,1
LYG,HRB,1
MDL,BKK,1
MUC,TIA,1
NSI,BRU,1
OLB,FRA,1
ORK,PMI,1
ORY,WAW,1
PEK,TXN,1
PHX,MTY,1
PMI,ORK,1
PPP,SYD,1
PTY,ROS,1
PUJ,LGW,1
ROS,PTY,1
RUH,TUI,1
SAW,SVQ,1
SIN,LGW,1
SKB,EIS,1
SOF,DXB,1
SVQ,SAW,1
SWA,WNZ,1
SYD,PPP,1
SYY,EDI,1
TIA,MUC,1
TUI,RUH,1
TUS,HOU,1
TXN,PEK,1
WAW,LUZ,1
WAW,ORY,1
WNZ,SWA,1
WUX,FOC,1
AGP,GDN,1
ALC,KTW,1
ASP,SYD,1
AYT,SCN,1
BDA,CLT,1
BDQ,HYD,1
BER,FAO,1
BLZ,DAR,1
BOS,MEM,1
CAN,WMT,1
CDG,PMI,1
CGH,IZA,1
CIA,RAK,1
CLT,BDA,1
CPH,FAO,1
CTG,SJO,1
DCA,CRW,1
DLM,EDI,1
EWR,IST,1
FAO,BER,1
FAO,CPH,1
GDN,AGP,1
HAK,YIH,1
HRB,LDS,1
HYD,BDQ,1
ICN,MEX,1
IZA,CGH,1
KMG,PNH,1
KTW,ALC,1
LDS,HRB,1
LGW,SIN,1
LZY,PEK,1
MCO,PWM,1
MDC,SUB,1
MEL,CGK,1
MEM,BOS,1
MHD,ZAH,1
NLT,URC,1
NQZ,VKO,1
NTG,TSN,1
OTP,PSA,1
OVD,VLC,1
PEK,LZY,1
PKX,HAN,1
PKX,TAS,1
PMI,CDG,1
PNH,KMG,1
PSA,OTP,1
PWM,MCO,1
RAK,CIA,1
SJO,CTG,1
SUB,MDC,1
SVX,KGD,1
SXK,AMQ,1
SYD,ASP,1
SYD,DEL,1
TAS,PKX,1
TIJ,PEK,1
TSN,NTG,1
UBN,PUS,1
URC,NLT,1
VKO,NQZ,1
VLC,OVD,1
WMT,CAN,1
XRY,DUS,1
YIH,HAK,1
ZAH,MHD,1
ACE,DUS,1
AMQ,SXK,1
AUS,SJD,1
BAV,CSX,1
BKB,DEL,1
BKI,PKX,1
BKK,TAE,1
BOS,SAT,1
CAN,FUG,1
CCU,DBR,1
CGK,MEL,1
CSX,BAV,1
CZL,ORY,1
DAL,SAV,1
DBR,CCU,1
DEL,SYD,1
DLG,KLL,1
DYG,PUS,1
DZN,NQZ,1
EQS,AEP,1
ERC,ESB,1
ESB,ERC,1
FOC,YTY,1
FUG,CAN,1
IQN,SZX,1
JED,SSH,1
JHG,XIC,1
KGL,KME,1
KME,KGL,1
KWI,TZX,1
LLV,TFU,1
MDW,SFO,1
MJN,DZA,1
MMK,ARH,1
MTY,ICN,1
MXP,SCV,1
NAO,HUZ,1
NQZ,DZN,1
ORY,CZL,1
PKX,BKI,1
PKX,XIC,1
PUS,DYG,1
PUS,UBN,1
SAT,BOS,1
SAV,DAL,1
SCV,MXP,1
SFO,MDW,1
SJD,AUS,1
SSH,AMM,1
SSH,JED,1
SZX,IQN,1
TAE,BKK,1
TCG,XIY,1
TFU,LLV,1
XIC,JHG,1
XIC,PKX,1
XIY,TCG,1
YTY,FOC,1
AAT,YIN,1
ADD,ARN,1
AKN,KLL,1
AMD,HAN,1
AMQ,TTE,1
ARH,MMK,1
ARN,ADD,1
ATH,NCE,1
BCN,CLJ,1
CGQ,HZA,1
CLE,CUN,1
CLJ,BCN,1
CMN,SVO,1
CUN,CLE,1
DAU,POM,1
DEL,BKB,1
DIG,CAN,1
DLA,CDG,1
DME,TOF,1
DMK,ICN,1
DUB,OPO,1
DUB,WMI,1
DUS,ACE,1
FRA,OLB,1
GEA,ILP,1
HUZ,NAO,1
HZA,CGQ,1
ICN,DMK,1
IKT,PKX,1
KLL,DLG,1
LJG,MIG,1
MIG,LJG,1
NCE,ATH,1
NRT,BLR,1
OPO,DUB,1
PKX,IKT,1
PSR,STN,1
SHE,XFN,1
STN,PSR,1
TAK,TPE,1
TOF,DME,1
TPE,TAK,1
TTE,AMQ,1
TZX,KWI,1
WMI,DUB,1
XFN,SHE,1
XFN,ZUH,1
YIN,AAT,1
YWP,YLH,1
ZUH,XFN,1
ABA,SVO,1
ARD,KOE,1
AUH,DAC,1
BAV,SJW,1
BDA,EWR,1
BHJ,DEL,1
BLR,NRT,1
BNA,BUR,1
BOS,IST,1
BRU,DLA,1
BUR,BNA,1
BUR,MDW,1
CAN,TAS,1
CFU,LHR,1
DEL,BHJ,1
DOH,SLL,1
EWR,BDA,1
FIH,BRU,1
GYD,MXP,1
HAN,AMD,1
HLD,TAO,1
HSN,YNT,1
IST,BOS,1
JNG,SZX,1
KOE,ARD,1
LHR,CFU,1
LPA,OVD,1
MDW,BUR,1
MXP,GYD,1
NBO,TNR,1
OVD,LPA,1
PKY,SRG,1
SJW,BAV,1
SLL,DOH,1
SRG,PKY,1
SVO,ABA,1
SVO,CMN,1
SVO,YKS,1
SZX,JNG,1
TAO,HLD,1
TAS,CAN,1
TNR,NBO,1
YKS,SVO,1
YYB,YYZ,1
YYZ,YYB,1
AKU,KHG,1
AOI,CTA,1
AQG,CAN,1
BNA,BUF,1
BOJ,PRG,1
BRI,MLA,1
BSB,STM,1
BUF,BNA,1
CAN,AQG,1
CCJ,BAH,1
CGK,FOC,1
CLO,FLL,1
CNY,PHX,1
CTA,AOI,1
CVG,LAX,1
DFW,ZCL,1
DME,RGK,1
DMK,MLE,1
EDI,DLM,1
ESB,STR,1
FLL,CLO,1
FOC,CGK,1
HKG,MXP,1
ICN,MUC,1
IST,DYU,1
JFK,LIR,1
KHG,AKU,1
LAX,CVG,1
LIR,JFK,1
LYI,SHE,1
LYI,XIY,1
MLA,BRI,1
MLE,DMK,1
MXP,HKG,1
NBO,JED,1
NTG,SWA,1
OVB,PKX,1
PHX,CNY,1
PVR,SLC,1
SCN,AYT,1
SHE,LYI,1
SLC,PVR,1
STM,BSB,1
STR,ESB,1
SWA,NTG,1
XIY,LYI,1
YNT,HSN,1
ZCL,DFW,1
ADD,MCT,1
AOI,MUC,1
ATH,HAM,1
ATY,DEN,1
BAH,CCJ,1
BBU,NAP,1
BLQ,EIN,1
CTA,DUS,1
DAR,DOH,1
DEN,ATY,1
DEN,SJU,1
DOH,JRO,1
DUS,CTA,1
DYU,IST,1
EIN,BLQ,1
FNT,PGD,1
HAM,ATH,1
HER,RMO,1
JED,NBO,1
KOA,SAN,1
LCJ,STN,1
LIS,PXO,1
LXA,DIG,1
MUC,AOI,1
MUC,ICN,1
NAP,BBU,1
PGD,FNT,1
PKX,OVB,1
PRG,BOJ,1
PXO,LIS,1
RGK,DME,1
RMO,HER,1
SAN,KOA,1
SJU,DEN,1
STN,LCJ,1
TEB,MVY,1
TXN,XIY,1
TXN,XMN,1
XIY,TXN,1
XMN,LZH,1
XMN,TXN,1
YUL,MAD,1
ABQ,PDX,1
AGP,WRO,1
ALB,BNA,1
AMS,BRI,1
ARN,PEK,1
BNA,ALB,1
BOD,BSL,1
BRI,AMS,1
BSL,BOD,1
DAM,JED,1
DAR,BLZ,1
DFW,MRY,1
ETR,UIO,1
FLL,TLH,1
GYS,PEK,1
HME,ALG,1
JED,DAM,1
LAX,MZT,1
LAX,PEK,1
LAX,RDD,1
LIS,NAT,1
MAD,YUL,1
MRY,DFW,1
MUC,TLL,1
MZT,LAX,1
NAT,LIS,1
NKG,ZYI,1
NNY,SWA,1
PDX,ABQ,1
PEK,ARN,1
PEK,GYS,1
PHL,PNS,1
PMI,SZG,1
PPT,MAU,1
RDD,LAX,1
RMU,STN,1
STN,RMU,1
SXR,HYD,1
SZG,PMI,1
TAO,XNN,1
TLH,FLL,1
TLL,MUC,1
VVO,YKS,1
WRO,AGP,1
XNN,TAO,1
YBP,LXA,1
YKS,VVO,1
ZYI,NKG,1
ALC,OVD,1
ANU,POS,1
ATH,YUL,1
BIO,MXP,1
BNS,CCS,1
CCS,BNS,1
CMN,BOD,1
DBV,STN,1
ELP,SAN,1
ESB,KCM,1
FAO,MUC,1
GRU,FEN,1
HXD,XNN,1
IST,SYZ,1
JFK,YYC,1
KCM,ESB,1
LZH,XMN,1
MEL,XMN,1
MRS,ZRH,1
MUC,FAO,1
MXP,BIO,1
NRT,XMN,1
OVD,ALC,1
PEK,VIE,1
PNS,PHL,1
SAN,ELP,1
SGN,KOS,1
SMF,STL,1
STL,SMF,1
STN,DBV,1
STN,VNO,1
TNA,YIH,1
VIE,PEK,1
VNO,STN,1
XMN,MEL,1
XMN,NRT,1
XNN,HXD,1
YIH,TNA,1
YYC,JFK,1
ZRH,MRS,1
ALG,DSS,1
BDQ,BLR,1
BEY,EBL,1
BGY,HEL,1
BLR,BDQ,1
BNX,FMM,1
BOD,CMN,1
CAN,DIG,1
CAN,WHA,1
CCU,GOP,1
CCU,JRG,1
CDG,LBV,1
CKG,JGN,1
CYI,KNH,1
DEL,YVR,1
DME,GRV,1
DMK,MDL,1
DSS,ALG,1
FLR,BRU,1
FMM,BNX,1
FOC,YBP,1
FRA,NTE,1
GOP,CCU,1
GRV,DME,1
GRX,LPA,1
HEL,BGY,1
HFE,JHG,1
HID,KUG,1
HYD,RDP,1
JHG,HFE,1
JRG,CCU,1
KNH,CYI,1
LBV,CDG,1
LED,PVG,1
LPA,GRX,1
LXA,YBP,1
LYC,VHM,1
LZO,NGB,1
MAA,MYQ,1
MDL,DMK,1
MYQ,MAA,1
NGB,LZO,1
NTE,FRA,1
PVG,LED,1
RDP,HYD,1
RUH,TBS,1
SHJ,WAW,1
SWA,NNY,1
SYD,XMN,1
TBS,RUH,1
TUN,BLQ,1
VHM,LYC,1
WAW,SHJ,1
WHA,CAN,1
XMN,SYD,1
YBP,FOC,1
YUL,ATH,1
ALG,HME,1
ATH,JED,1
BBI,RPR,1
BHX,HER,1
BJX,OAK,1
BLR,HSR,1
BLR,JLR,1
BNA,ONT,1
BRU,FLR,1
BUR,HOU,1
BVA,MAD,1
CGK,CMB,1
CMB,CGK,1
CSX,JNG,1
CUR,JFK,1
DPS,DRW,1
DRW,DPS,1
FCO,SKG,1
FUE,SVQ,1
HOU,BUR,1
HOU,LIR,1
HSR,BLR,1
ISB,KBL,1
IXC,MAA,1
JED,ATH,1
JFK,CUR,1
JLR,BLR,1
JNG,CSX,1
KOE,WGP,1
KUL,NNG,1
LAX,MLM,1
LED,UGC,1
LIR,HOU,1
LKO,RPR,1
MAA,RJA,1
MAD,BVA,1
MAU,PPT,1
MLM,LAX,1
NNG,KUL,1
OAK,BJX,1
OMS,SGC,1
ONT,BNA,1
RJA,MAA,1
RPR,BBI,1
RPR,LKO,1
SCL,LAX,1
SKG,FCO,1
SMS,TNR,1
SVQ,FUE,1
TFS,EIN,1
TSN,JJN,1
YIK,AKV,1
YYT,YQX,1
AER,BUS,1
ATL,MAD,1
BAH,GOI,1
BEG,MLA,1
BGY,CMN,1
BHX,RAK,1
BHY,HFE,1
BRI,PMO,1
BUS,AER,1
CGQ,KMG,1
CIF,HGH,1
CMN,BGY,1
EIN,TFS,1
FCA,PDX,1
FLL,PHX,1
HER,BHX,1
HFE,BHY,1
HGH,CIF,1
HKG,MAN,1
IBZ,BRU,1
JGN,CKG,1
JJN,TSN,1
JMK,NAP,1
KWI,BLR,1
LAX,SCL,1
MAD,ATL,1
MAN,HKG,1
MLA,BEG,1
NAP,JMK,1
OSS,KJA,1
OTP,VLC,1
PDX,FCA,1
PHX,FLL,1
PHX,YEG,1
PMO,BRI,1
PTP,YUL,1
RAB,KVG,1
SAW,SOF,1
SOF,SAW,1
SYZ,IST,1
TIZ,POM,1
UGC,LED,1
VLC,OTP,1
YEG,PHX,1
YKA,YYJ,1
YUL,PTP,1
YYJ,YKA,1
ZRH,SKP,1
AUH,DPS,1
AUS,PIT,1
BLQ,CLJ,1
BLR,KWI,1
BOS,EDI,1
BSB,OPS,1
CCJ,DEL,1
CGP,AUH,1
CLJ,BLQ,1
COV,DUS,1
CRL,PRG,1
DFW,EYW,1
DIG,LXA,1
DMK,FUK,1
DOY,HGH,1
DPS,AUH,1
DUS,COV,1
ELP,MDW,1
FUK,DMK,1
GAU,PNQ,1
GOI,BAH,1
HGH,DOY,1
HIA,JJN,1
JED,SIN,1
JJN,HIA,1
JRG,DEL,1
KMG,CGQ,1
KUT,LCA,1
LCA,KUT,1
MDW,ELP,1
NRT,SAN,1
OPS,BSB,1
PEK,SQD,1
PEK,VVO,1
PIT,AUS,1
PNQ,GAU,1
PRG,CRL,1
RAK,BHX,1
SAN,NRT,1
SAW,KHI,1
SOF,ZRH,1
SQD,PEK,1
SZX,KHN,1
TAO,UYN,1
TNR,SMS,1
UYN,TAO,1
UYN,WUH,1
VVO,PEK,1
WUH,UYN,1
WUH,YBP,1
YBP,WUH,1
YZV,YNA,1
ZRH,SOF,1
AKA,PKX,1
ALC,OPO,1
AUS,OKC,1
AYT,OTP,1
BHY,HGH,1
BJM,NBO,1
BJV,COV,1
BSO,CRK,1
BTS,LTN,1
CCU,DGH,1
CGO,RLK,1
CHS,PVD,1
CKG,TVS,1
COV,BJV,1
CPH,SFO,1
CRK,BSO,1
CWL,DUB,1
CZX,ZUH,1
DEL,CCJ,1
DEL,DMU,1
DEL,IXM,1
DEL,JRG,1
DEL,TBS,1
DFW,SYR,1
DGH,CCU,1
DMU,DEL,1
DUB,CWL,1
EBL,BEY,1
EDI,BOS,1
ERL,XIL,1
EYW,DFW,1
FRA,TPA,1
HGH,BHY,1
IXM,DEL,1
JDO,VCP,1
JDZ,PKX,1
KHI,SAW,1
LTN,BTS,1
NBO,BJM,1
NDJ,NSI,1
NNG,XFN,1
OKC,AUS,1
OPO,ALC,1
ORY,QSF,1
OTP,AYT,1
PIT,MYR,1
PKX,AKA,1
PKX,JDZ,1
PVD,CHS,1
QSF,ORY,1
RLK,CGO,1
SFO,CPH,1
SIN,JED,1
SPU,OSL,1
SYR,DFW,1
TBS,DEL,1
TPA,FRA,1
TVS,CKG,1
TVS,HRB,1
VCP,JDO,1
XFN,NNG,1
XIL,ERL,1
YKG,YPJ,1
YPJ,YKG,1
YQX,YYT,1
ADQ,KLN,1
ALC,SVQ,1
AUS,JAX,1
BCN,CAG,1
BSL,OTP,1
CAG,BCN,1
CGO,JGN,1
CRK,NRT,1
DLU,LZO,1
DOH,VCE,1
DUB,LAX,1
EGX,AKN,1
FNC,PRG,1
FUE,AMS,1
FUG,SZX,1
GDN,LBA,1
HRB,TVS,1
JAX,AUS,1
JGN,CGO,1
KHN,SZX,1
KLN,ADQ,1
LAX,DUB,1
LBA,GDN,1
MYR,PIT,1
NRT,CRK,1
NUE,SKG,1
OAK,SBA,1
OSL,SPU,1
OTP,BSL,1
PEK,TNH,1
PMI,LCY,1
PRG,FNC,1
SBA,OAK,1
SBP,DFW,1
SKG,NUE,1
SKP,ZRH,1
SVQ,ALC,1
SZX,FUG,1
TNH,PEK,1
VCE,DOH,1
ZUH,CZX,1
ACE,AMS,1
ADB,EZS,1
AGP,BOH,1
BER,OPO,1
BLQ,TUN,1
BOH,AGP,1
CDG,PTP,1
CLT,ONT,1
DCA,YOW,1
DFW,SBP,1
EZS,ADB,1
GUA,MCO,1
JED,LKO,1
JTR,LGW,1
KMG,YNZ,1
KOW,TSN,1
LAS,ROC,1
LZO,DLU,1
MCO,GUA,1
OLB,DUS,1
ONT,CLT,1
OPO,BER,1
PKX,WUS,1
PTP,CDG,1
RMO,VCE,1
ROC,LAS,1
SAL,UIO,1
TNR,SVB,1
UIO,SAL,1
VCE,RMO,1
WUS,PKX,1
YNZ,KMG,1
YOW,DCA,1
ACX,TEN,1
ADB,SZF,1
ADD,MPM,1
AGP,RBA,1
ALB,LAS,1
AMS,LOS,1
BER,TLL,1
DTW,SNA,1
ESB,TAS,1
FLL,BQN,1
GSM,MHD,1
HGH,LYI,1
ILP,GEA,1
IST,UBN,1
KIX,NTG,1
KUL,BTH,1
KUL,TAO,1
KUT,WAW,1
LAS,ALB,1
LAX,CMH,1
LGW,JTR,1
LOS,AMS,1
LYI,HGH,1
MHD,GSM,1
MPM,ADD,1
NTG,KIX,1
PFO,BRS,1
RBA,AGP,1
SNA,DTW,1
SZF,ADB,1
TAO,KUL,1
TEN,ACX,1
TIJ,VER,1
TLL,BER,1
TNA,SIN,1
TSN,KOW,1
VER,TIJ,1
WAW,KUT,1
YHM,YVR,1
YOW,YQB,1
YOW,YYT,1
YVR,YHM,1
YYT,YOW,1
AUS,LBB,1
AUS,TUL,1
BCN,RTM,1
BHX,BVA,1
BJV,SVO,1
BKO,OUA,1
BQN,FLL,1
BRS,PFO,1
BVA,BHX,1
CPH,IAD,1
CPH,PEK,1
DAM,IST,1
DAT,NKG,1
DUS,VLC,1
EVN,RMO,1
FSC,NTE,1
GLA,SOU,1
HPH,ICN,1
HYD,SXR,1
IAD,CPH,1
ICN,HPH,1
LBB,AUS,1
LCY,PMI,1
NKG,DAT,1
NTE,FSC,1
PEK,CPH,1
RMO,EVN,1
RTM,BCN,1
SIN,TNA,1
SOU,GLA,1
TAS,ESB,1
TLV,TIA,1
TUL,AUS,1
UBN,IST,1
VLC,DUS,1
YQB,YOW,1
AMQ,NAM,1
ATH,ORD,1
BLR,RDP,1
BOM,DIU,1
BRI,IST,1
BRU,FIH,1
BUR,STL,1
CGH,MOC,1
CLO,SMR,1
CNF,GNM,1
CRL,PMO,1
CRL,TFS,1
DIU,BOM,1
DLC,HKG,1
DTW,MTY,1
EIN,VNO,1
EYW,LGA,1
GNM,CNF,1
HEK,OHE,1
HEL,TFS,1
HER,NTE,1
HIA,SJW,1
HKG,DLC,1
HOG,YYZ,1
HRB,LHW,1
HRE,KGL,1
IAD,STT,1
INZ,ALG,1
IST,BRI,1
IST,YKO,1
JER,LPL,1
LGA,EYW,1
LHW,HRB,1
LJG,LUM,1
LPL,JER,1
MOC,CGH,1
MTY,DTW,1
NAM,AMQ,1
OHE,HEK,1
ORD,ATH,1
PMO,CRL,1
RDP,BLR,1
SJW,HIA,1
SMR,CLO,1
STL,BUR,1
STT,IAD,1
SVO,BJV,1
TFS,CRL,1
VNO,EIN,1
WGP,KOE,1
YKO,IST,1
AGA,NTE,1
ATH,CRL,1
BCN,BOS,1
BDA,LHR,1
BDJ,UPG,1
BER,BHX,1
BHO,RPR,1
BHX,BER,1
BOS,BCN,1
BSB,LIS,1
BTH,KUL,1
CGP,DXB,1
CMH,LAX,1
CRL,ATH,1
CZM,MIA,1
DAR,TKQ,1
DUS,OLB,1
EIN,SVQ,1
HER,ZRH,1
IST,DAM,1
JFK,UIO,1
LHR,BDA,1
LIS,BSB,1
MIA,CZM,1
MIG,TSN,1
NAS,ELH,1
NTE,AGA,1
NTE,HER,1
PMO,TRS,1
RPR,BHO,1
SCQ,STN,1
SID,ORY,1
SJJ,ZRH,1
STN,SCQ,1
SVQ,EIN,1
SYX,WNZ,1
TKQ,DAR,1
TRS,PMO,1
TSN,MIG,1
UIO,JFK,1
UPG,BDJ,1
WNZ,SYX,1
WUT,HRB,1
ZRH,HER,1
ZRH,SJJ,1
AGA,CRL,1
BBI,GAU,1
BLR,RQY,1
CDG,PHL,1
CGQ,HIA,1
CRL,AGA,1
DEL,TIR,1
DME,PES,1
ESB,SZF,1
FRA,MBA,1
GAU,BBI,1
GDB,HYD,1
HIA,CGQ,1
HKG,JJN,1
HYD,GDB,1
JNG,KHN,1
JOS,LOS,1
KHN,JNG,1
KOW,XIY,1
KOW,ZUH,1
LOS,JOS,1
LUM,LJG,1
PES,DME,1
PHL,CDG,1
RQY,BLR,1
SLC,XNA,1
SZF,ESB,1
TIR,DEL,1
TSN,YIH,1
VVO,PVG,1
XIY,KOW,1
YYZ,HOG,1
ZUH,KOW,1
ADD,KWI,1
ATH,JTY,1
BER,RMO,1
BZE,HOU,1
CVG,RDU,1
DEL,HBX,1
DME,KRO,1
DUS,GOT,1
EWR,GUA,1
GOT,DUS,1
GUA,EWR,1
HBX,DEL,1
HBX,HYD,1
HGH,NNY,1
HLH,XIL,1
HOU,BZE,1
HYD,HBX,1
IST,YYZ,1
JJN,HKG,1
JTY,ATH,1
KRO,DME,1
KWI,ADD,1
LAX,SUN,1
LXG,VTE,1
MCT,OMM,1
NNY,HGH,1
PVD,RDU,1
PVG,VVO,1
RDU,CVG,1
RDU,PVD,1
RIB,TDD,1
RMO,BER,1
SPU,STR,1
STR,SPU,1
SUN,LAX,1
SVX,GYD,1
TDD,RIB,1
TFS,HEL,1
TIA,TLV,1
VTE,LXG,1
XIL,HLH,1
XNA,SLC,1
YIH,TSN,1
YYZ,IST,1
ABV,LFW,1
AGU,MTY,1
CAI,LCA,1
CMN,GLN,1
DAT,WUH,1
DPS,WGP,1
DWC,JED,1
EIN,GDN,1
ENH,KWE,1
EWR,LIM,1
FEZ,TLS,1
FLL,STI,1
GDN,EIN,1
GDX,SVO,1
GYD,SVX,1
HAK,HRB,1
HDO,PAT,1
HRB,HAK,1
HYD,IXZ,1
IXZ,HYD,1
KBL,ISB,1
KHS,MCT,1
KWE,ENH,1
LCA,CAI,1
LIM,EWR,1
MAA,IXC,1
MCT,KHS,1
MKW,NBX,1
MTY,AGU,1
MXP,JMK,1
NBX,MKW,1
NRT,XIY,1
PAT,HDO,1
SGC,OMS,1
SKG,STN,1
STI,FLL,1
STN,SKG,1
SVO,GDX,1
TLS,FEZ,1
WGP,DPS,1
XIY,NRT,1
AGA,STN,1
BCN,FEZ,1
CGO,KHN,1
COK,TRV,1
CSX,HYN,1
DFW,MDW,1
FEZ,BCN,1
FRA,KGS,1
HAK,JGS,1
HBE,AMM,1
HOU,PIT,1
HYN,CSX,1
IQM,RQA,1
ITO,OGG,1
JAV,JEG,1
JED,DWC,1
JGS,HAK,1
KBL,JED,1
KEF,ZRH,1
KGS,FRA,1
KHN,CGO,1
KRK,SKG,1
LFW,ABV,1
LGA,MVY,1
LHR,TIA,1
MAN,SNN,1
MDW,DFW,1
MKQ,UPG,1
MVY,LGA,1
OTH,SFO,1
PIT,HOU,1
RIC,TPA,1
ROB,FNA,1
RQA,IQM,1
SAP,FLL,1
SBZ,VIE,1
SFO,OTH,1
SKG,KRK,1
SNN,MAN,1
STN,AGA,1
TIA,LHR,1
TPA,RIC,1
TZX,AYT,1
UPG,MKQ,1
VIE,SBZ,1
WUH,DAT,1
YYZ,SJO,1
ZRH,KEF,1
AMM,HBE,1
ATH,ATL,1
ATL,ATH,1
BAV,XIL,1
BBI,COK,1
BRI,TRS,1
CNF,IMP,1
COK,BBI,1
CRD,NQN,1
CTG,MEX,1
FLL,SAP,1
FUE,LBA,1
GRV,IST,1
GYD,RMO,1
HAM,RIX,1
HGH,BKI,1
HGH,LFQ,1
IMP,CNF,1
IST,GRV,1
JEG,JAV,1
LBA,FUE,1
LCA,BHX,1
LFQ,HGH,1
MAA,RDP,1
MCO,YHZ,1
MDZ,NQN,1
MEX,CTG,1
NQN,CRD,1
NQN,MDZ,1
RDP,MAA,1
RIX,HAM,1
RMO,GYD,1
SJO,YYZ,1
TRS,BRI,1
TRV,COK,1
XIL,BAV,1
YHZ,MCO,1
YYC,NRT,1
ABT,DMM,1
ADF,SAW,1
ADL,HBA,1
AKU,ZFL,1
ALG,BRU,1
BHX,LCA,1
BKI,HGH,1
BRU,IBZ,1
BVA,GDN,1
CMN,OZZ,1
CRL,NAP,1
DAR,KGL,1
DMM,ABT,1
DMM,HAS,1
DOH,ADD,1
DRW,MCV,1
DUB,SAW,1
GDN,BVA,1
GOA,STN,1
HAA,TOS,1
HAS,DMM,1
HBA,ADL,1
IEG,WAW,1
JEG,GOH,1
LBJ,LOP,1
LOP,LBJ,1
MAH,STN,1
MCV,DRW,1
NAP,CRL,1
NJC,UFA,1
NRT,YYC,1
OGG,ITO,1
OSI,ZAG,1
PBM,GEO,1
PEK,JGS,1
PVG,WUT,1
PVR,SNA,1
QSZ,TLQ,1
RAH,RUH,1
RIZ,WUH,1
RUH,RAH,1
SAW,ADF,1
SAW,DUB,1
SNA,PVR,1
STN,GOA,1
STN,MAH,1
TLQ,QSZ,1
UAK,GOH,1
WUH,RIZ,1
WUT,PVG,1
YKS,BQJ,1
YLW,YQQ,1
YQQ,YLW,1
YUL,RDU,1
ZAG,OSI,1
ZFL,AKU,1
AAT,KRY,1
ALG,BJA,1
ATL,MKL,1
ATL,RNO,1
BEG,MLH,1
BOG,CZU,1
BOG,PDA,1
BOG,VGZ,1
BTI,SCC,1
CDG,SJO,1
CPH,LIN,1
CPT,UTN,1
CUL,CUU,1
CUU,CUL,1
CUU,HMO,1
CVN,DEN,1
CVN,DFW,1
CZU,BOG,1
DCA,HHH,1
DED,PNQ,1
DEN,CVN,1
DFW,CVN,1
DQM,MCT,1
DXB,TUN,1
ESB,JED,1
EYW,PIE,1
FAI,RBY,1
FYU,VEE,1
GAL,KAL,1
GUM,ROR,1
GYN,CGB,1
HAK,XFN,1
HAN,RMQ,1
HHH,DCA,1
HRB,XFN,1
HTA,KHV,1
IAA,UFA,1
IWD,MSP,1
IWD,ORD,1
JDH,PNQ,1
JGS,PEK,1
KAL,GAL,1
KRY,AAT,1
KWE,YCU,1
LCA,MXP,1
LGA,PNS,1
LIN,CPH,1
MCT,DQM,1
MKL,ATL,1
MKL,ORD,1
MLH,BEG,1
MSP,IWD,1
MXP,LCA,1
ORD,IWD,1
ORD,MKL,1
PDA,BOG,1
PIE,EYW,1
PNQ,DED,1
PNQ,JDH,1
PNS,LGA,1
PTH,AKN,1
RDU,YUL,1
RNO,ATL,1
ROR,GUM,1
SCC,BTI,1
SCM,HPB,1
SJO,CDG,1
SRG,UPG,1
SVX,HMA,1
TUN,DXB,1
TYN,LHW,1
UFA,IAA,1
UPG,SRG,1
UTN,CPT,1
VEE,FYU,1
VGZ,BOG,1
WAW,BZG,1
WAW,IEG,1
XFN,HAK,1
XFN,HRB,1
YCU,KWE,1
YGR,YVB,1
YHU,YVB,1
YVB,YGR,1
YVB,YHU,1
YWJ,YZF,1
ADD,DOH,1
AER,IJK,1
BDL,RDU,1
BHX,VRN,1
BJA,ALG,1
BKK,LHE,1
BNA,JBR,1
BZG,WAW,1
CCU,SXR,1
CDG,SPU,1
CGO,HKG,1
CIT,GUW,1
CKG,LLV,1
CKG,LZH,1
CNN,DEL,1
CPT,GBE,1
CZX,TYN,1
DEL,CNN,1
DEL,KNU,1
DEL,VIE,1
ELH,FLL,1
FLL,ELH,1
GBE,CPT,1
GOH,JEG,1
GUW,CIT,1
HAJ,FUE,1
HEL,LPA,1
HKG,CGO,1
HMA,SVX,1
IAD,OGS,1
IJK,AER,1
JBR,BNA,1
JGS,TFU,1
KHV,HTA,1
KNU,DEL,1
KWE,LUM,1
LHE,BKK,1
LHW,TYN,1
LLV,CKG,1
LPA,HEL,1
LTN,SPX,1
LZH,CKG,1
MAA,STV,1
MAO,PTY,1
NRA,GFF,1
OGS,IAD,1
OPO,TLS,1
PEG,TIA,1
PEK,LAX,1
PPT,AUQ,1
PPT,RAR,1
RDU,BDL,1
RMQ,HAN,1
SPU,CDG,1
SPX,LTN,1
STV,MAA,1
SXR,CCU,1
SYD,NRA,1
TFU,JGS,1
TIA,PEG,1
TLM,ALG,1
TLS,OPO,1
TLV,LIS,1
TYN,CZX,1
VRN,BHX,1
YBC,YQB,1
YBC,YZV,1
YBR,YYC,1
YNA,YZV,1
YNA,ZGS,1
YPN,YZV,1
YQB,YBC,1
YWJ,ZFN,1
YYC,YBR,1
YZV,YBC,1
YZV,YPN,1
ZGS,YNA,1
AEP,POA,1
ATH,MRS,1
ATH,RUH,1
AUK,KOT,1
BAH,SAW,1
BGY,MLA,1
BNE,YVR,1
BUD,LCA,1
CGB,GYN,1
CSX,LXA,1
CSX,NAO,1
CZL,LYS,1
DBV,MAD,1
DCA,ECP,1
DEL,RJA,1
ECP,DCA,1
ECP,STL,1
EDI,LIS,1
FLL,ORH,1
FNC,STN,1
FUE,HAJ,1
GRU,JNB,1
GUA,PBR,1
GVA,IBZ,1
HRG,LTN,1
IBZ,GVA,1
JAX,PHX,1
JED,KBL,1
KOT,BET,1
LCA,BUD,1
LGW,TPA,1
LIS,EDI,1
LIS,TLV,1
LTN,HRG,1
LUM,KWE,1
LUX,AGP,1
LXA,CSX,1
LYS,CZL,1
LYS,WAW,1
MAD,DBV,1
MIA,TQO,1
MLA,BGY,1
NAO,CSX,1
ORH,FLL,1
PHX,JAX,1
POS,SVD,1
PTY,MAO,1
RJA,DEL,1
RUH,ATH,1
STL,ECP,1
STN,FNC,1
SZX,FOC,1
TPA,LGW,1
TQO,MIA,1
TSN,HYN,1
TSN,YCU,1
WAW,LYS,1
YCU,TSN,1
YDP,YNP,1
YVR,BNE,1
ADD,ICN,1
ALG,TLM,1
AMM,FCO,1
AOJ,UKB,1
AUQ,NHV,1
BER,PSA,1
BGI,SKB,1
BJF,BVG,1
BOM,RJA,1
CDG,FDF,1
CNN,BOM,1
FCO,AMM,1
FDF,CDG,1
FOC,SZX,1
HYN,TSN,1
IAH,NLU,1
IBZ,NCL,1
IST,ZNZ,1
JNB,GRU,1
KVG,RAB,1
MFE,NLU,1
MUC,VNO,1
NCL,IBZ,1
ORY,VRN,1
PBR,GUA,1
POA,AEP,1
PSA,BER,1
RAR,PPT,1
RJA,BOM,1
SAW,BAH,1
SKB,BGI,1
SVB,TNR,1
UKB,AOJ,1
VAW,BJF,1
VIE,ORD,1
VNO,MUC,1
VRN,ORY,1
XIY,LZO,1
YHO,YSO,1
YMN,YRG,1
YNP,YHO,1
YRG,YYR,1
YSO,YMN,1
YWK,YYY,1
YYY,YWK,1
AUH,SPX,1
BOM,CNN,1
BOO,RET,1
CPH,TRF,1
CTS,PEK,1
DOH,ISU,1
DOH,YUL,1
DXB,SJJ,1
EYK,HMA,1
HFE,ZHA,1
HKT,KMG,1
HMA,EYK,1
HSC,SWA,1
ICN,ADD,1
IKT,HKT,1
IST,ASM,1
IST,MGQ,1
ISU,DOH,1
JFK,ACK,1
JGN,TFU,1
KGL,LOS,1
KIX,LAX,1
KMG,HKT,1
KUN,STN,1
LAX,KIX,1
LOS,KGL,1
LZO,NKG,1
LZO,XIY,1
MGQ,IST,1
MIA,VRA,1
MLH,TIA,1
NAP,SOF,1
NKG,LZO,1
NLU,IAH,1
NLU,MFE,1
PEK,CTS,1
RET,LKN,1
SJJ,DXB,1
SOF,NAP,1
SPX,AUH,1
STN,KUN,1
SWA,HSC,1
TFU,JGN,1
TIA,MLH,1
TRF,CPH,1
UFA,NJC,1
URC,YIH,1
VDS,HFT,1
VRA,MIA,1
YIH,URC,1
YNP,YDP,1
YUL,DOH,1
YZF,YHK,1
ACK,JFK,1
ALC,RAK,1
BCN,KEF,1
BEL,LIS,1
BVA,FEZ,1
CGH,XAP,1
CMB,IXM,1
DAD,KHH,1
DAR,HAH,1
DCA,ICT,1
FEZ,BVA,1
HAH,DAR,1
HFT,HAA,1
HFT,VDS,1
HIA,WNZ,1
IBZ,RTM,1
ICN,EWR,1
IXM,CMB,1
KEF,BCN,1
KHH,DAD,1
LBA,OTP,1
LKN,RET,1
MIA,OCJ,1
MYA,MIM,1
MYR,PVD,1
NSI,CDG,1
OCJ,MIA,1
OTP,LBA,1
PVD,MYR,1
RAK,ALC,1
RET,BOO,1
REU,STN,1
RTM,IBZ,1
SGN,PER,1
STN,REU,1
SYD,MYA,1
VAW,VDS,1
WNZ,HIA,1
XAP,CGH,1
YHO,YNP,1
YMN,YSO,1
YRG,YMN,1
YSO,YHO,1
YYR,YRG,1
ZHA,HFE,1
AEP,AFA,1
AEP,RGL,1
ALB,DEN,1
ARM,BNE,1
BND,IFN,1
BRU,RBA,1
BVA,TSF,1
CGN,OPO,1
CKG,FUG,1
CNS,NTN,1
CUL,MXL,1
DEN,ALB,1
DLC,YCU,1
DXB,HGH,1
EGE,ORD,1
EUN,LPA,1
FOC,KIX,1
FUG,CKG,1
FUG,HSN,1
HGH,DXB,1
HRL,MSP,1
HSN,FUG,1
IFN,BND,1
IKA,SVO,1
KIX,FOC,1
LBV,TMS,1
LPA,EUN,1
LTN,PRN,1
LTN,SSH,1
MRS,RBA,1
MXL,CUL,1
OPO,CGN,1
ORD,EGE,1
PBI,YYZ,1
PCQ,VTE,1
PER,KNX,1
PRN,LTN,1
RBA,BRU,1
RBA,MRS,1
SSH,LTN,1
TFS,WAW,1
TSF,BVA,1
WAW,KSC,1
WAW,TFS,1
YYZ,PBI,1
AFA,AEP,1
AGP,CWL,1
BER,OTP,1
CAI,TFU,1
EWR,ICN,1
EWR,SXM,1
GES,ILO,1
GOI,HDO,1
HFT,HVG,1
HYL,KTN,1
ILO,GES,1
IST,JRO,1
KIH,TBZ,1
KSC,WAW,1
LHW,NNY,1
LUX,VCE,1
MED,HBE,1
MEH,VDS,1
MSP,HRL,1
MUC,SVQ,1
MVY,EWB,1
NNY,LHW,1
OTP,BER,1
PER,SGN,1
POM,DAU,1
RUN,TNR,1
SCW,VKO,1
SVQ,MUC,1
SXM,EWR,1
TBZ,KIH,1
TFU,CAI,1
TNR,RUN,1
URC,YCU,1
VCE,LUX,1
VDS,BJF,1
VDS,BVG,1
VKO,SCW,1
YCU,DLC,1
YCU,URC,1
AGP,HAM,1
AIN,ATK,1
AIN,BRW,1
ATH,STR,1
ATK,AIN,1
ATK,BRW,1
BAH,ELQ,1
BAQ,FLL,1
BNE,SFO,1
BOG,BLB,1
BOM,JRG,1
BRW,AIN,1
BRW,ATK,1
BRW,NUI,1
BRW,PIZ,1
BSZ,SVX,1
BVA,PSA,1
CLT,TVC,1
CSX,LYG,1
DCA,NAS,1
DEN,PVD,1
DLC,YIH,1
ELQ,BAH,1
ESB,CGN,1
FLL,BAQ,1
FNA,ROB,1
GYS,KMG,1
GYS,TNA,1
HAM,AGP,1
HER,LYS,1
HKT,IKT,1
ICN,PRG,1
ICN,WUH,1
JAX,ORF,1
KAW,TVY,1
KMG,GYS,1
KNS,MEB,1
KNX,PER,1
LBJ,SUB,1
LYG,CSX,1
LYS,HER,1
MAN,NCE,1
MLM,OAK,1
MRS,SXB,1
NAS,DCA,1
NCE,MAN,1
NJF,DMM,1
NTE,PRG,1
NUI,BRW,1
OAK,MLM,1
ORF,JAX,1
PIZ,BRW,1
PRG,ICN,1
PRG,NTE,1
PSA,BVA,1
PVD,DEN,1
SFO,BNE,1
STN,SZG,1
STR,ATH,1
SUB,LBJ,1
SVO,TFU,1
SVX,BSZ,1
SXB,MRS,1
SZG,STN,1
TFU,SVO,1
TMS,LBV,1
TNA,GYS,1
TVC,CLT,1
VIE,ZAD,1
WUH,ICN,1
YIH,DLC,1
ZAD,VIE,1
ZFD,YSF,1
AGP,LUX,1
ATL,MAN,1
AYT,VAN,1
BLB,BOG,1
CGN,ESB,1
CGO,YBP,1
CLT,SJO,1
CTA,STR,1
CWL,AGP,1
DAC,DMM,1
DEL,GWL,1
DLC,WEF,1
GWL,DEL,1
HAK,YCU,1
HSR,HYD,1
HYD,HSR,1
IWA,LED,1
JDH,AMD,1
JRG,BOM,1
KRL,TWC,1
LED,IWA,1
LLV,SHE,1
LTN,NBE,1
MAN,ATL,1
NBE,LTN,1
NLU,SLP,1
NNG,TYN,1
NTN,CNS,1
PTY,POA,1
SHE,LLV,1
SJO,CLT,1
SLP,NLU,1
STR,CTA,1
SYX,ZHA,1
TLL,ZRH,1
TWC,KRL,1
TYN,NNG,1
UNG,POM,1
VAN,AYT,1
YBP,CGO,1
YCU,HAK,1
YUL,POP,1
ZRH,TLL,1
ABV,CAI,1
AMD,JDH,1
ANC,SWD,1
ASJ,NRT,1
BIQ,STN,1
BKK,JED,1
BNA,IND,1
BUD,NCE,1
BWI,JAN,1
CAI,ABV,1
CAI,YYZ,1
CNF,DIQ,1
CPH,OPO,1
CUN,YWG,1
DCA,LEX,1
DEL,MXP,1
DUS,EDI,1
EBB,DAR,1
EDI,DUS,1
EDI,EXT,1
EXT,EDI,1
HER,LEJ,1
HER,MXP,1
HZA,SZX,1
IND,BNA,1
JAN,BWI,1
KMG,LZO,1
KWE,TFU,1
LEX,DCA,1
LKO,JED,1
LZO,KMG,1
MLE,RUL,1
MXP,DEL,1
MXP,HER,1
NCE,BUD,1
NGB,XFN,1
NRT,ASJ,1
OPO,CPH,1
PMO,VIE,1
POA,PTY,1
PVG,RIZ,1
PVG,VTE,1
RIZ,PVG,1
STN,BIQ,1
SWD,ANC,1
SXM,YYZ,1
SZX,HZA,1
TFU,KWE,1
VIE,PMO,1
XFN,NGB,1
YYZ,CAI,1
ZAG,ZAD,1
ALB,DFW,1
AZR,ORN,1
BER,VNO,1
BRS,INV,1
BSL,ZAG,1
COK,SXV,1
DBV,MAN,1
DFW,ALB,1
DMM,NJF,1
DOH,MPM,1
DUB,FUE,1
DYG,TAE,1
EDI,FUE,1
FEN,GRU,1
FNA,OUA,1
FRA,NCL,1
FUE,DUB,1
FUE,EDI,1
HBE,MED,1
HFT,ALF,1
INV,BRS,1
JED,BKK,1
KHN,LYG,1
KOW,KWE,1
KOW,NGB,1
KWE,KOW,1
LYG,KHN,1
MAN,DBV,1
MPM,DOH,1
MSP,SJU,1
NCL,FRA,1
NGB,KOW,1
POP,YUL,1
PRG,TFS,1
RBR,CNF,1
SJU,MSP,1
SXV,COK,1
TAE,DYG,1
TFS,PRG,1
TMX,ALG,1
UAK,JNS,1
VNO,BER,1
YYZ,SXM,1
ZAD,PUY,1
ZAG,BSL,1
ACX,HGH,1
ACX,JHG,1
ALG,TMX,1
ATQ,HYD,1
BNA,PBI,1
CAZ,SYD,1
CMH,SRQ,1
CNF,RBR,1
CTA,SOF,1
DEL,IXG,1
HGH,ACX,1
HYD,ATQ,1
ICT,DCA,1
IXG,DEL,1
JHG,ACX,1
KHH,KUL,1
KUL,KHH,1
LPY,ORY,1
NKG,XFN,1
ORY,LPY,1
PAT,IXC,1
PBI,BNA,1
SRQ,CMH,1
SYM,TFU,1
TFU,SYM,1
VTE,PVG,1
XFN,NKG,1
YVZ,YXL,1
AGP,LCY,1
BEG,DTM,1
BWI,SMF,1
CHA,DCA,1
DFW,TAM,1
DTM,BEG,1
EWR,OSL,1
FNT,PIE,1
GOJ,SVX,1
GOT,PMI,1
HKG,JNB,1
IXC,PAT,1
JAN,DCA,1
JMK,MXP,1
JNB,HKG,1
KYP,RGN,1
LFQ,TFU,1
LIS,BEL,1
NAP,WAW,1
ORN,AZR,1
OSL,EWR,1
OUA,FNA,1
PIE,FNT,1
PMI,GOT,1
SAT,FLL,1
SMF,BWI,1
SNR,TLS,1
SOF,CTA,1
STN,CFU,1
SYD,CAZ,1
TAM,DFW,1
TFU,LFQ,1
WAW,NAP,1
XMN,HIA,1
YUL,BNA,1
ZAD,ZAG,1
AAE,MRS,1
BCN,IAD,1
BNA,YUL,1
BOH,FAO,1
CFU,STN,1
CPT,MPM,1
DCA,CHA,1
DCA,JAN,1
DCA,LAN,1
DIQ,CNF,1
DLC,JNG,1
EDI,MLA,1
EMA,RHO,1
FAO,BOH,1
FLL,SAT,1
GCI,BRS,1
GDL,MDW,1
GXH,TFU,1
IAD,BCN,1
JNG,DLC,1
JUZ,KWE,1
KWE,JUZ,1
LAN,DCA,1
LUX,FAO,1
MDW,GDL,1
MEB,KNS,1
MLA,EDI,1
MPM,CPT,1
MRS,AAE,1
MSP,SYR,1
NTN,ONG,1
ORY,SFA,1
PLQ,STN,1
PUY,ZAD,1
RHO,EMA,1
SAN,YYC,1
SFA,ORY,1
STN,PLQ,1
SVX,GOJ,1
SYR,MSP,1
TFU,GXH,1
UYN,KWE,1
YKS,VKO,1
YUL,NRT,1
YWG,CUN,1
YYC,SAN,1
ANU,LGW,1
BHY,PKX,1
BRS,NCE,1
CAN,KHG,1
CJJ,NGO,1
DAR,AMS,1
EWR,JAC,1
GVA,OLB,1
HNA,UKB,1
HUZ,WHA,1
IND,MDW,1
JAC,EWR,1
KCA,SHF,1
KHG,CAN,1
KHI,SKZ,1
KMG,WXN,1
KMG,ZHY,1
KWE,UYN,1
LCY,AGP,1
LGA,ORH,1
LGW,ANU,1
LTN,LYS,1
LYS,LTN,1
MDT,SFB,1
MDW,IND,1
MRY,SEA,1
NBO,JFK,1
NCE,BRS,1
NGO,CJJ,1
NRT,YUL,1
OLB,GVA,1
OMA,PHL,1
ORH,LGA,1
PEK,ZHY,1
PHL,OMA,1
PKX,BHY,1
PKX,YBP,1
SAN,MUC,1
SEA,MRY,1
SFB,MDT,1
SUB,JED,1
UKB,HNA,1
WHA,HUZ,1
YBP,PKX,1
ZHY,KMG,1
ZHY,PEK,1
ADB,MQM,1
AKA,HGH,1
BLQ,IAS,1
BOD,ZRH,1
BRS,GCI,1
CGQ,LHW,1
CIH,TSN,1
CKG,WDS,1
CTU,HNY,1
CZR,IKT,1
DSM,PHL,1
DSN,TNA,1
DSN,XNN,1
FAU,MCT,1
FUE,ORY,1
GDZ,SVO,1
HGH,AKA,1
HNY,CTU,1
HOU,MIA,1
IAS,BLQ,1
IKA,KWI,1
IKT,CZR,1
IND,SAN,1
JED,ESB,1
JFK,NBO,1
KWI,IKA,1
LHW,CGQ,1
MAN,PEK,1
MIA,HOU,1
MID,VER,1
MQM,ADB,1
MUC,SAN,1
ORY,FUE,1
PEK,MAN,1
PHL,DSM,1
PMI,WAW,1
QBC,YVR,1
SAN,IND,1
SHF,KCA,1
SKZ,KHI,1
SVO,GDZ,1
TNA,DSN,1
TSN,CIH,1
VER,MID,1
WAW,PMI,1
WDS,CKG,1
WXN,KMG,1
XNN,DSN,1
YVR,ZMT,1
ZMT,YVR,1
ZRH,BOD,1
ADB,DUB,1
AMD,KQH,1
AMM,LCA,1
ATH,HFA,1
BEJ,UPG,1
BGI,MAN,1
BRA,SSA,1
BTR,DCA,1
DCA,BTR,1
DCA,SAT,1
DUB,ADB,1
EWR,LIR,1
HFA,ATH,1
IAR,LED,1
JJN,YBP,1
KQH,AMD,1
KRK,LPL,1
KRL,YIN,1
LEJ,HER,1
LGB,STL,1
LHE,KWI,1
LIL,MRS,1
LIR,EWR,1
LPL,KRK,1
MCI,SMF,1
MDL,THL,1
MRS,LIL,1
MTY,TQO,1
NUX,SVX,1
ONG,NTN,1
SAT,DCA,1
SFJ,GOH,1
SLC,YYZ,1
SMF,MCI,1
SSA,BRA,1
STL,LGB,1
SVX,NUX,1
TFU,YUS,1
TQO,MTY,1
TVY,KAW,1
UPG,BEJ,1
XMN,XUZ,1
XUZ,XMN,1
YBP,JJN,1
YIN,KRL,1
YUS,TFU,1
YYZ,SLC,1
AKL,ICN,1
AMQ,LUV,1
BGO,CDG,1
CDG,BGO,1
CEE,DME,1
CLT,UVF,1
DME,CEE,1
DMM,AMS,1
DOH,KIX,1
EDI,NRN,1
FCO,BIO,1
HFE,YCU,1
IBZ,LBA,1
ICN,AKL,1
KIX,DOH,1
KWE,ZUH,1
LBA,IBZ,1
LCA,AMM,1
LED,IAR,1
LHR,PIT,1
LZO,CGO,1
MJI,SEB,1
NRN,EDI,1
OPO,PMI,1
PIT,LHR,1
PMI,OPO,1
STN,TRS,1
TLK,IKT,1
TRS,STN,1
UVF,CLT,1
VKO,YKS,1
YCU,HFE,1
YEG,YHZ,1
ZUH,KWE,1
AMS,RUH,1
BIO,FCO,1
BMU,DPS,1
BSZ,DEL,1
BUD,SOF,1
CAN,LYA,1
CDB,KFP,1
CGN,VLC,1
CGO,LZO,1
CTA,KRK,1
DCA,MGM,1
DEL,BSZ,1
DLC,KMG,1
DPS,BMU,1
FAO,CGN,1
FAO,LUX,1
FAO,STR,1
HMA,VKO,1
HSN,XUZ,1
JHG,PEK,1
KFP,CDB,1
KMG,DLC,1
KOS,KUL,1
KRK,CTA,1
KUL,KOS,1
KWI,LHE,1
LAX,LTO,1
LHW,LXA,1
LTO,LAX,1
LXA,LHW,1
LYA,CAN,1
MAN,BGI,1
MDL,KMV,1
MGM,DCA,1
MYU,BET,1
PEK,JHG,1
STR,FAO,1
VKO,HMA,1
VLC,CGN,1
XUZ,HSN,1
YYZ,VIE,1
ABJ,IST,1
ADB,CDG,1
BCN,RMO,1
BOD,DUB,1
CAK,MCO,1
CDG,ADB,1
CGN,FAO,1
DLC,LYI,1
DTM,TZL,1
DUB,BOD,1
GDL,PTY,1
GRJ,HLA,1
HER,STN,1
HET,YCU,1
HIA,XMN,1
HLA,GRJ,1
HOU,JAX,1
JAX,HOU,1
JDZ,SHA,1
JDZ,SZX,1
JUZ,KMG,1
KMG,JUZ,1
LCA,TBS,1
LJU,BRU,1
LYI,DLC,1
MAD,PSA,1
MAM,NLU,1
MAO,PIN,1
MCO,CAK,1
MCO,PLS,1
NLU,MAM,1
OMM,FAU,1
ORY,RHO,1
PIN,MAO,1
PLS,MCO,1
PMW,CNF,1
PSA,MAD,1
PTY,GDL,1
RHO,ORY,1
RMO,BCN,1
RSI,RUH,1
RUH,RSI,1
SHA,JDZ,1
STN,HER,1
SZX,JDZ,1
TAO,JJN,1
TBS,LCA,1
TIH,PPT,1
TZL,DTM,1
XMN,YCU,1
YCU,HET,1
YCU,XMN,1
YHZ,YEG,1
ZHA,SYX,1
ABE,PIE,1
BIO,DUS,1
BOM,TRZ,1
BOS,HNL,1
BRU,LJU,1
CNF,PMW,1
CNY,DEN,1
COK,DMM,1
DEN,CNY,1
DMM,COK,1
DUS,BIO,1
EBB,FIH,1
EIN,TIA,1
FIH,EBB,1
FRA,CFU,1
HKT,HYD,1
HNL,BOS,1
IKT,TLK,1
IST,MRA,1
LGW,LJU,1
LGW,OVD,1
LJU,LGW,1
LZH,WUH,1
MRA,IST,1
MUC,YUL,1
NLU,TAM,1
OVD,LGW,1
PDX,IAD,1
PIE,ABE,1
RHO,BRU,1
SOF,BUD,1
SVD,POS,1
SVO,IKA,1
TAM,NLU,1
TIA,EIN,1
WUH,LZH,1
YUL,MUC,1
ZSJ,YPM,1
BGY,LUX,1
BHY,YIH,1
BIO,IBZ,1
BIO,MAH,1
BKK,XIY,1
BNA,CUN,1
BSO,MNL,1
CFU,FRA,1
CGQ,CZX,1
CMN,VLC,1
COK,RKT,1
CTA,PRG,1
CZX,CGQ,1
EKS,UUS,1
FVM,KDM,1
HET,YIE,1
HYD,HKT,1
IAD,PDX,1
JHG,MIG,1
JJN,TAO,1
JMK,LHR,1
KGL,LUN,1
KHG,PKX,1
LHR,JMK,1
LHR,PDX,1
LIG,STN,1
LST,BWT,1
LUX,BGY,1
LYI,PVG,1
MAH,BIO,1
MEL,PPP,1
MIA,VVI,1
MIG,JHG,1
MNL,BSO,1
MSP,YEG,1
MSY,SAP,1
ORY,VCP,1
PDX,LHR,1
PDX,SBP,1
PKX,KHG,1
PPP,MEL,1
PRG,CTA,1
PTY,MDZ,1
PVG,LYI,1
RGN,NYT,1
RKT,COK,1
SAP,MSY,1
SBP,PDX,1
STN,LIG,1
TNR,MJN,1
TRZ,BOM,1
UUS,EKS,1
VLC,CMN,1
XIY,BKK,1
YEG,MSP,1
YIE,HET,1
YIH,BHY,1
AMS,DBV,1
ATH,DBV,1
BDL,CHS,1
CAN,MXZ,1
CHS,BDL,1
CUN,BNA,1
DBV,AMS,1
DBV,ATH,1
DLM,NCL,1
DNH,PVG,1
DVO,ZAM,1
EDR,KWM,1
FCO,MEX,1
HNL,DTW,1
IAH,MUC,1
IBZ,BIO,1
ICN,KTI,1
JGS,KMG,1
JGS,PVG,1
KEF,RDU,1
KMG,JGS,1
LTN,RHO,1
MDZ,PTY,1
MEX,FCO,1
MRS,ATH,1
MXZ,CAN,1
NCL,DLM,1
NTG,YNT,1
PLS,YYZ,1
PVG,JGS,1
RDU,KEF,1
RHO,LTN,1
SYX,URC,1
TLV,CFU,1
VAI,WWK,1
VCP,ORY,1
YNT,NTG,1
YYZ,PLS,1
ZAM,DVO,1
AER,IKT,1
AYT,SOF,1
BFS,KRK,1
BOM,GYD,1
BSL,OLB,1
CDG,YOW,1
CIF,TGO,1
CPH,NAP,1
DFW,FCA,1
DSS,IST,1
DTW,HNL,1
DTW,KEF,1
FCA,DFW,1
FCO,TLS,1
GRO,PSA,1
GYD,BOM,1
HDO,VNS,1
HEL,VCE,1
HOR,CVU,1
IST,DSS,1
KEF,DTW,1
KRK,BFS,1
KTI,ICN,1
KWE,LYG,1
LYG,KWE,1
MUC,IAH,1
NAP,CPH,1
NKC,IST,1
OLB,BSL,1
ORD,ADD,1
PSA,GRO,1
RMO,VRN,1
SAL,EWR,1
SAN,DCA,1
TGO,CIF,1
TLS,FCO,1
TNG,AMS,1
VCE,HEL,1
VNS,HDO,1
VRN,RMO,1
VTE,PCQ,1
YOW,CDG,1
YQB,YUY,1
ZRH,PVG,1
ACC,IAD,1
ANU,SBH,1
BND,KIH,1
BUD,TGM,1
BWI,MEM,1
CAI,WAW,1
CVU,HOR,1
DCA,SAN,1
DJG,ALG,1
DLU,KWE,1
DMK,HYD,1
EWB,MVY,1
EWR,SAL,1
FLL,PTY,1
GCM,MCO,1
HFE,KIX,1
HKG,MAA,1
HYD,DMK,1
IAD,ACC,1
IKT,AER,1
KIH,BND,1
KIX,HFE,1
KWE,DLU,1
LAX,YEG,1
LBE,MCO,1
LFQ,TSN,1
MAA,HKG,1
MCI,SAT,1
MCO,GCM,1
MCO,LBE,1
PEG,PMO,1
PMO,PEG,1
PTY,FLL,1
PVG,DNH,1
PVG,ZRH,1
RGI,TIH,1
SAT,MCI,1
TAS,MRV,1
TGM,BUD,1
TSN,LFQ,1
WAW,CAI,1
YEG,LAX,1
AMS,ACE,1
AOI,FCO,1
AOI,STN,1
ATL,BGI,1
AUH,KTM,1
BAH,MXP,1
BDS,VRN,1
BGI,ATL,1
BIO,LHR,1
CAN,DYG,1
CDG,TNR,1
CDG,YVR,1
CMB,HKG,1
CNS,DPS,1
CUN,MAN,1
DEN,PTY,1
DLC,JSJ,1
DMM,NUM,1
DPS,CNS,1
DUB,VRN,1
EGC,STN,1
ESB,AMM,1
EVN,MXP,1
FCO,AOI,1
FNC,ORY,1
FUG,HAK,1
GDL,DGO,1
GYD,FRA,1
HAK,FUG,1
HKG,CMB,1
ILO,SIN,1
IST,KFS,1
IST,LEJ,1
JSJ,DLC,1
KEF,ALC,1
KFS,IST,1
KTM,AUH,1
LEJ,IST,1
LHR,BIO,1
LMM,MTY,1
MAN,CUN,1
MCI,RDU,1
MCO,RSW,1
MCO,SRQ,1
MEM,BWI,1
MRV,TAS,1
MTY,LMM,1
MXP,BAH,1
MXP,EVN,1
NTE,TFS,1
NUM,DMM,1
ORY,FNC,1
PTY,DEN,1
RDU,MCI,1
RSW,MCO,1
SRE,LPB,1
SRQ,MCO,1
STN,AOI,1
STN,EGC,1
SVX,OSS,1
VRN,BDS,1
VRN,DUB,1
WEF,DLC,1
YUL,TLS,1
YVR,CDG,1
AMD,ATQ,1
ANC,SFO,1
ATQ,AMD,1
BDA,MIA,1
BGW,NJF,1
BHD,LTN,1
BOM,IXY,1
BVC,RAI,1
CAN,SQJ,1
CHH,LIM,1
CIA,WRO,1
CLO,SCL,1
CRL,SVQ,1
DAR,MYW,1
DUB,ATL,1
FRA,GYD,1
GDL,MIA,1
HMI,TFU,1
HOU,SDF,1
IXY,BOM,1
JJN,ZHA,1
KWI,MNL,1
LIM,CHH,1
LJG,TYN,1
LPB,SRE,1
LTN,BHD,1
LYA,SHA,1
MCO,PBI,1
MIA,BDA,1
MIA,GDL,1
MLA,WRO,1
MNL,KWI,1
MYW,DAR,1
NTG,ZUH,1
OSS,SVX,1
PBI,MCO,1
RUL,MLE,1
SCL,CLO,1
SDF,HOU,1
SFO,ANC,1
SHA,LYA,1
SIN,ILO,1
SJW,XNN,1
SQJ,CAN,1
SVQ,CRL,1
TFU,HMI,1
TLS,YUL,1
TNR,CDG,1
TYN,LJG,1
WRO,CIA,1
WRO,MLA,1
XNN,SJW,1
ZHA,JJN,1
ZUH,NTG,1
ADB,GNY,1
ALC,TRF,1
AMM,ESB,1
AMS,PEK,1
BGR,SFB,1
BGY,GDN,1
BOH,ACE,1
BSZ,SHJ,1
BVA,CTA,1
CFU,TLV,1
CTA,BVA,1
DIQ,VCP,1
DME,KJA,1
DXB,TFU,1
ENH,INC,1
ENH,KHN,1
GDN,BGY,1
GNY,ADB,1
HVN,TPA,1
INC,ENH,1
JHG,TNA,1
KHN,ENH,1
KMG,NAO,1
LYR,TOS,1
MJN,TNR,1
NAO,KMG,1
PUQ,WPU,1
SBH,ANU,1
SBH,AXA,1
SFB,BGR,1
SJC,SJD,1
SJD,SJC,1
TFU,DXB,1
TNA,JHG,1
TPA,HVN,1
TRF,ALC,1
URC,HMI,1
WPU,PUQ,1
XIY,ZHA,1
ZHA,XIY,1
ACE,BOH,1
ACE,ORY,1
ADL,NTL,1
AGP,STR,1
ATL,DUB,1
AUA,IAD,1
AXA,SBH,1
BHY,NKG,1
BRS,VCE,1
BRU,KEF,1
CAI,MRA,1
CDG,RDU,1
DBC,SJW,1
DUS,RIX,1
FUE,BER,1
IAD,AUA,1
JED,CZL,1
KEF,BRU,1
MRA,CAI,1
MRS,OUD,1
NKG,BHY,1
NTL,ADL,1
OAG,BNE,1
ORY,ACE,1
OUD,MRS,1
PEK,AMS,1
RDU,CDG,1
RIX,DUS,1
ROO,VCP,1
SHJ,BSZ,1
SJW,DBC,1
SOF,AYT,1
STR,AGP,1
TFS,NTE,1
TGO,XIY,1
URC,LZO,1
VCE,BRS,1
VCP,ROO,1
VVI,MIA,1
XIY,TGO,1
ACE,SCQ,1
AGP,NTE,1
AOI,TIA,1
ATH,JSH,1
AYT,OSL,1
BGY,TSR,1
BHQ,DBO,1
BLR,DMM,1
BOM,KBV,1
CDG,LBA,1
CFU,PRG,1
CGQ,UYN,1
CKG,LFQ,1
CPH,ORD,1
CSA,OBN,1
DFW,FCO,1
DLC,TVS,1
DMM,BLR,1
DRS,ZRH,1
DYG,CAN,1
EWR,SMF,1
ICN,WAW,1
ILO,PPS,1
JSH,ATH,1
JTR,ORY,1
KBV,BOM,1
KDH,KBL,1
KJA,BSZ,1
KTI,SAI,1
LBA,CDG,1
LFQ,CKG,1
LZO,URC,1
NTE,AGP,1
OAK,SJD,1
OKR,HID,1
ORD,CPH,1
ORY,JTR,1
OTP,SOF,1
PPS,ILO,1
PRG,CFU,1
PSR,TIA,1
PVG,XIC,1
RDD,SEA,1
SCQ,ACE,1
SEA,RDD,1
SJD,OAK,1
SKB,DOM,1
SMF,EWR,1
TIA,AOI,1
TIA,PSR,1
TIR,RQY,1
TSR,BGY,1
TVS,DLC,1
UYN,CGQ,1
WUA,XIL,1
XIC,PVG,1
XIL,WUA,1
XMN,INC,1
ZRH,DRS,1
ABX,MEL,1
ACK,DCA,1
ALC,LPA,1
AMS,TNG,1
BEG,BGY,1
BGY,BEG,1
BSZ,KJA,1
CHQ,MAN,1
CRK,TAG,1
CUL,LAP,1
CZX,TAO,1
DAT,KMG,1
DCA,ACK,1
ENI,TAG,1
FCO,DFW,1
HMI,URC,1
HNY,JHG,1
KMG,DAT,1
LAP,CUL,1
LPA,ALC,1
MAD,PMO,1
MBJ,PTY,1
MCT,SAW,1
MEL,ABX,1
NAS,PHL,1
PHL,NAS,1
PMO,MAD,1
PTY,MBJ,1
SAW,MCT,1
SOF,OTP,1
TAG,CRK,1
TAG,ENI,1
TAO,CZX,1
WAW,ICN,1
ALC,ORK,1
AMQ,SUB,1
AMS,BLR,1
AMS,KUL,1
AMS,YVR,1
ANU,SLU,1
AYT,SSH,1
BGO,KRK,1
BJL,DSS,1
BNE,ARM,1
DXB,MBA,1
ESB,YKO,1
GDL,MAD,1
KRK,BGO,1
KUL,AMS,1
MAD,GDL,1
MAN,CHQ,1
MSP,SJD,1
MTT,VER,1
ORK,ALC,1
ORY,PSA,1
OSL,AYT,1
PSA,ORY,1
SEZ,TNR,1
SJD,MSP,1
SUB,AMQ,1
TNR,SEZ,1
UCT,VKO,1
VCP,DIQ,1
VER,MTT,1
VKO,UCT,1
YKO,ESB,1
YUY,YQB,1
YVQ,YGH,1
YVR,AMS,1
ABA,KJA,1
AKN,KCG,1
AMD,SXR,1
BCN,SFO,1
BLR,AMS,1
BLR,MUC,1
CAG,CTA,1
CGD,TFU,1
CHS,CAK,1
CTA,CAG,1
DOH,LUN,1
DXB,GIG,1
GEG,SJC,1
GEO,PBM,1
HAM,LGW,1
HNL,NGO,1
IAH,RTB,1
IBZ,VIE,1
JKH,SKG,1
KCG,KCL,1
KCL,KCQ,1
KCQ,KPV,1
KDU,LHE,1
KPV,PTH,1
LGW,HAM,1
LUN,DOH,1
MBA,DXB,1
MUC,BLR,1
NCE,PRG,1
NGO,HNL,1
NNG,NTG,1
NOU,SYD,1
NTG,NNG,1
OSL,TLL,1
PEG,STN,1
PRG,NCE,1
RTB,IAH,1
SCL,AKL,1
SFO,BCN,1
SJC,GEG,1
SKG,JKH,1
STN,PEG,1
SYD,NOU,1
TFU,CGD,1
TLL,OSL,1
TUN,NTE,1
VIE,IBZ,1
YUL,PHX,1
ABZ,WIC,1
ADD,GVA,1
AKL,SCL,1
AKR,LOS,1
BLR,SYD,1
CAK,CHS,1
CTA,GOA,1
DAM,RUH,1
DLM,EMA,1
DXB,PZU,1
EMA,DLM,1
FRA,NBO,1
GIG,DXB,1
GOA,CTA,1
GOH,JSU,1
GVA,ADD,1
INC,XMN,1
IXB,GAU,1
LHE,KDU,1
LOS,AKR,1
MAD,MTY,1
MTY,MAD,1
MXP,MAH,1
NBO,FRA,1
NRT,WAW,1
NTE,TUN,1
OST,ALC,1
PHX,YUL,1
PMI,SEN,1
RUH,DAM,1
SEN,PMI,1
SYD,BLR,1
WIC,ABZ,1
ALC,OST,1
ALG,NCE,1
APL,NBO,1
AUH,SLL,1
BGY,SVQ,1
BNE,CFS,1
BRU,ACC,1
BSL,HRG,1
CCS,LSP,1
CEN,MTY,1
CPH,SOF,1
DFW,MID,1
DMK,JAI,1
EBL,ESB,1
ESB,EBL,1
EVN,SSH,1
GCM,IAH,1
GOH,UAK,1
GVA,YUL,1
HRG,BSL,1
IAH,GCM,1
JAI,DMK,1
LFQ,NKG,1
LLW,APL,1
LSP,CCS,1
MAH,MXP,1
MID,DFW,1
MTY,CEN,1
NCE,ALG,1
NKG,LFQ,1
NLU,VSA,1
OLZ,YKS,1
PKX,UBN,1
RGN,KYP,1
SDQ,CUR,1
SLL,AUH,1
SOF,CPH,1
SSH,EVN,1
SVQ,BGY,1
UBN,PKX,1
UVF,YYZ,1
VSA,NLU,1
WAW,NRT,1
YKS,OLZ,1
YYZ,UVF,1
AKU,JBK,1
ALC,LIS,1
AMS,EXT,1
BHY,SJW,1
BRU,RHO,1
CFU,BRS,1
CMB,TFU,1
CNF,PVH,1
DUS,DLM,1
DXB,GOI,1
EXT,AMS,1
GOI,DXB,1
GOT,WAW,1
HMI,KCA,1
HVN,MYR,1
IXB,AMD,1
JBK,AKU,1
LAD,CAB,1
LIS,ALC,1
LTN,MLA,1
MLA,LTN,1
MYR,HVN,1
NJC,SVX,1
NRT,YYZ,1
NTG,TYN,1
PVH,CNF,1
REN,AER,1
SJO,YUL,1
SJW,BHY,1
SVX,NJC,1
TFU,CMB,1
TNR,MOQ,1
TYN,NTG,1
USK,VKO,1
VKO,USK,1
WAW,GOT,1
WNZ,YIC,1
YCU,CGQ,1
YHP,YXL,1
YIC,WNZ,1
YUL,GVA,1
ADL,AKL,1
AER,REN,1
AGP,FEZ,1
AKL,ADL,1
AMD,IXB,1
AUH,NBO,1
BHX,IOM,1
BHX,SAW,1
BLQ,IBZ,1
BND,TBZ,1
BRS,CFU,1
BRU,DJE,1
BUP,DEL,1
BWT,LST,1
CZL,MED,1
DEL,BUP,1
DLM,DUS,1
EDI,LIN,1
FEZ,AGP,1
GDN,TKU,1
HRB,WEF,1
IBZ,BLQ,1
IOM,BHX,1
IST,NKC,1
JBK,HMI,1
JNB,SYD,1
KCA,HMI,1
KJA,OSS,1
KJA,UUD,1
KMV,MDL,1
LIN,EDI,1
LIN,MAN,1
LJG,WUX,1
LJG,ZUH,1
MAD,RBA,1
MAN,LIN,1
MCT,MUC,1
MUC,MCT,1
NAP,STR,1
NBO,AUH,1
ORD,DEL,1
RAB,BUA,1
RBA,MAD,1
SAW,BHX,1
SHF,HMI,1
SMF,MCO,1
STR,NAP,1
SYD,JNB,1
TBZ,BND,1
TKU,GDN,1
UUD,KJA,1
WEF,HRB,1
WUX,LJG,1
YUL,SJO,1
YYZ,NRT,1
ZUH,LJG,1
ACC,BRU,1
ACX,WUH,1
ALC,KEF,1
ASM,JED,1
BLB,HAV,1
BRU,KGS,1
BTH,SRG,1
CAN,WUS,1
CKG,RIZ,1
CKG,YYA,1
CLJ,MAD,1
CNX,HAN,1
CNX,LPQ,1
DCA,MVY,1
DSN,SHE,1
DUB,SEA,1
ECP,ORD,1
FMM,OTP,1
FUG,FUO,1
FUO,FUG,1
GOX,HSR,1
HAN,CNX,1
HAV,BLB,1
HMI,JBK,1
HMI,SHF,1
HSR,GOX,1
HZA,PVG,1
JED,ASM,1
JED,BGW,1
JED,RAE,1
JJN,YYA,1
KGS,BRU,1
LPQ,CNX,1
LUN,UMB,1
MAD,CLJ,1
MCO,SMF,1
MVY,DCA,1
NLU,PUJ,1
NRT,HEL,1
OMM,MCT,1
ORD,ECP,1
ORN,TUN,1
OUA,CMN,1
PRG,VLC,1
PUJ,NLU,1
PVG,HZA,1
PVG,RUH,1
RAE,JED,1
RGN,KMV,1
RIX,TKU,1
RIZ,CKG,1
RUH,PVG,1
SEA,DUB,1
SHE,DSN,1
SHE,UYN,1
SKP,WAW,1
SRG,BTH,1
TAO,WUS,1
UYN,SHE,1
VLC,PRG,1
WAW,SKP,1
WUH,ACX,1
WUS,CAN,1
WUS,TAO,1
YDF,YQM,1
YHZ,YVR,1
YQM,YDF,1
YYA,CKG,1
YYA,JJN,1
ACF,TLQ,1
AMS,LAS,1
AMS,OLB,1
BAH,TRV,1
BEG,ESB,1
BGY,FEZ,1
BKK,PBH,1
BLQ,CGN,1
BRQ,STN,1
CAG,STN,1
CAI,SVO,1
CDG,LPA,1
CGK,PER,1
CGN,BLQ,1
CGQ,WHA,1
DME,NMA,1
DXB,PEN,1
DYG,WUH,1
ESB,BEG,1
FEZ,BGY,1
FNC,MUC,1
FRA,SVQ,1
GRO,MAN,1
HEL,NRT,1
HMA,UFA,1
JER,EMA,1
JGN,JIC,1
JIC,JGN,1
KMG,WHA,1
KRK,ORY,1
KRK,PSA,1
KUL,CDG,1
LAS,AMS,1
LAX,MEM,1
LAX,ZLO,1
LGW,SVG,1
LPA,CDG,1
MAN,GRO,1
MEM,LAX,1
MUC,FNC,1
NAS,ZSA,1
NMA,DME,1
OLB,AMS,1
ORY,KRK,1
OTP,FMM,1
OVB,HKT,1
PEN,DXB,1
POA,SCL,1
PSA,KRK,1
SCL,POA,1
SID,AMS,1
STN,BRQ,1
STN,CAG,1
STV,JAI,1
SVG,LGW,1
SVO,CAI,1
SVQ,FRA,1
TKU,RIX,1
TLQ,ACF,1
TRV,BAH,1
WHA,CGQ,1
WHA,KMG,1
WUH,DYG,1
YUL,MXP,1
YVR,YHZ,1
ZLO,LAX,1
ADB,VIE,1
ARK,WIL,1
AUK,BET,1
BLR,GBI,1
BUD,PSA,1
BVA,CPH,1
BXG,SYD,1
CDG,KUL,1
CMN,OUA,1
CPH,BVA,1
CPT,LVI,1
DOB,LUV,1
DUB,EXT,1
DUB,MRS,1
DYU,KZN,1
EMA,JER,1
EXT,DUB,1
FCO,RMF,1
FRA,HYD,1
HYD,FRA,1
JAI,STV,1
KJA,DME,1
KZN,DYU,1
LCA,AMS,1
LKO,RUH,1
LVI,CPT,1
MRS,DUB,1
MTY,NRT,1
MVR,NSI,1
MXP,YUL,1
NSI,MVR,1
PSA,BUD,1
SEB,MJI,1
SIN,TAO,1
TAO,SIN,1
TPA,TTN,1
TTN,TPA,1
VIE,ADB,1
VRN,SUF,1
AMQ,DOB,1
AMS,LCA,1
AYJ,HYD,1
BGW,ESB,1
BHX,FCO,1
BOD,MXP,1
BPL,TFU,1
CDG,DBV,1
CGQ,YCU,1
CIH,DLC,1
CRK,PUS,1
CSX,LFQ,1
DBV,CDG,1
DBV,HEL,1
DLC,CIH,1
DUB,RAK,1
EDI,VIE,1
ESB,BGW,1
FCO,BHX,1
GOA,NAP,1
GUM,NGO,1
HAM,SKG,1
HEL,DBV,1
HFE,WMT,1
HYD,AYJ,1
IND,PGD,1
JHB,MYY,1
LFQ,CSX,1
LXA,NAO,1
MIA,SCU,1
MXP,BOD,1
MYY,JHB,1
NAO,LXA,1
NAP,GOA,1
NGO,GUM,1
NLU,REX,1
PER,CGK,1
PGD,IND,1
PHL,YQB,1
PUS,CRK,1
RAK,DUB,1
REX,NLU,1
RHO,STR,1
SCU,MIA,1
SKG,HAM,1
SOF,MLA,1
SUF,VRN,1
SYD,BXG,1
TFU,BPL,1
VIE,EDI,1
WMT,HFE,1
YEG,YXS,1
YQB,PHL,1
YXS,YEG,1
AGR,BLR,1
AKU,KRY,1
ALA,BKK,1
ALG,INZ,1
ATL,CPH,1
BGY,TFS,1
BIA,NTE,1
BKK,ALA,1
BLR,AGR,1
CJU,SHE,1
CKG,WMT,1
CLJ,DTM,1
CPH,ATL,1
DTM,CLJ,1
EMA,FUE,1
FAE,KEF,1
FCO,CIY,1
FUE,EMA,1
HAM,OSL,1
HEL,KIX,1
HKT,OVB,1
KEF,FAE,1
KGS,BHX,1
KIX,HEL,1
KRY,AKU,1
KWI,ISB,1
LGA,PHL,1
LUN,DAR,1
MLA,SOF,1
NAP,TIA,1
NCE,PMI,1
NRN,TNG,1
NTE,BIA,1
ORN,CBH,1
OSL,HAM,1
PBH,BKK,1
PMI,NCE,1
RUH,LKO,1
SHE,CJU,1
STR,RHO,1
TFS,BGY,1
TIA,NAP,1
TJM,UFA,1
TNG,NRN,1
UFA,TJM,1
VRN,RMF,1
WMT,CKG,1
AGP,TSF,1
AMS,PVK,1
BER,FUE,1
BGW,JED,1
BGY,WRO,1
BNA,MEM,1
BPL,KHG,1
CBH,ORN,1
CGQ,YNJ,1
CIY,FCO,1
CXH,LKE,1
DFW,NAS,1
DJE,MRS,1
DME,KSQ,1
DPS,HKT,1
EDI,POZ,1
EMA,KRK,1
FMM,PMO,1
GRU,RAO,1
GYS,LXA,1
HHN,SOF,1
HKT,DPS,1
HSN,LYG,1
HTI,MEL,1
ISB,KWI,1
JED,ULH,1
JER,MAN,1
KHG,BPL,1
KRK,EMA,1
KWI,TIF,1
LCA,RMO,1
LKE,CXH,1
LLB,TEN,1
LTN,VAR,1
LXA,GYS,1
LYG,HSN,1
MAN,JER,1
MEL,HTI,1
MEM,BNA,1
MRS,DJE,1
MXP,ATL,1
MXP,CFU,1
NAS,DFW,1
PHL,LGA,1
PMO,FMM,1
POZ,EDI,1
RAO,GRU,1
RMO,LCA,1
RYL,LUN,1
SIN,NNG,1
SOF,HHN,1
TEN,LLB,1
TSF,AGP,1
ULH,JED,1
VAR,LTN,1
VKO,ESB,1
WRO,BGY,1
YPH,YVP,1
ABQ,LGB,1
ATL,MXP,1
AUH,LIS,1
BER,BRS,1
BNA,JAN,1
BRI,CDG,1
BRS,BER,1
CDG,BRI,1
CDG,TBS,1
CLT,LIR,1
DUB,RMU,1
ESB,VKO,1
FMM,SBZ,1
FMM,TZL,1
HIR,GZO,1
HKD,OIR,1
HRB,HSN,1
HSN,HRB,1
IDR,JDH,1
IST,KIK,1
IST,KTM,1
JAN,BNA,1
JDH,IDR,1
KHN,RIZ,1
KTM,IST,1
KUL,ADL,1
KWL,XUZ,1
LGB,ABQ,1
LIR,CLT,1
LIS,AUH,1
LIS,STR,1
LPA,VGO,1
MAH,NTE,1
NNG,SIN,1
NTE,MAH,1
OIR,HKD,1
RIZ,KHN,1
RMU,DUB,1
SBZ,FMM,1
STR,LIS,1
TFU,WUT,1
THR,XBJ,1
TIF,KWI,1
TZL,FMM,1
VGO,LPA,1
WUA,XIY,1
WUT,TFU,1
XBJ,THR,1
XIY,WUA,1
XUZ,KWL,1
ABQ,BNA,1
ADL,KUL,1
ASM,IST,1
AUS,MKE,1
BGY,FUE,1
BNA,ABQ,1
BNA,TUL,1
BPL,KRY,1
BWI,COS,1
CDG,BZV,1
CMN,NAP,1
COS,BWI,1
EIN,PRG,1
FUE,BGY,1
HIJ,PVG,1
IAD,PBI,1
IST,COO,1
IST,PMO,1
JFK,SAP,1
KRY,BPL,1
LDE,STN,1
LED,PEZ,1
LGW,RNS,1
LPA,PMI,1
LYS,VCE,1
MKE,AUS,1
MLE,TRV,1
MOQ,TNR,1
MUA,HIR,1
MUC,YVR,1
NAP,CMN,1
NJF,BGW,1
NQN,EZE,1
ORD,VIE,1
PBI,IAD,1
PEZ,LED,1
PFO,VIE,1
PMO,IST,1
PPT,TIH,1
PRG,EIN,1
PVG,HIJ,1
RNS,LGW,1
RQY,TIR,1
SAP,JFK,1
SCL,ASU,1
SHJ,VIE,1
SID,LGW,1
STN,LDE,1
TBS,CDG,1
TRV,MLE,1
TUL,BNA,1
TUN,ORN,1
VCE,LYS,1
VIE,PFO,1
VIE,SHJ,1
VIE,YUL,1
YUL,VIE,1
YVR,MUC,1
AGP,RIX,1
AJI,SAW,1
AMS,KGL,1
BAV,NKG,1
BBU,BUD,1
BUD,BBU,1
CDG,COO,1
CNX,PEK,1
DUB,SPU,1
DYU,ALA,1
EDI,SAW,1
GSP,HOU,1
HGH,HLD,1
HLD,HGH,1
HMI,TNA,1
HOU,GSP,1
JFK,KWI,1
KDI,SUB,1
KGD,MSQ,1
KGS,MUC,1
KHN,LJG,1
KWI,JFK,1
LHW,WDS,1
LJG,KHN,1
LTN,ZRH,1
MNL,BKI,1
MSQ,KGD,1
NBO,JUB,1
NGB,WDS,1
NKG,BAV,1
NTE,DJE,1
OVD,TFN,1
PEK,CNX,1
PMI,LPA,1
RIX,AGP,1
SAW,AJI,1
SAW,EDI,1
SPU,DUB,1
TFN,OVD,1
TNA,HMI,1
WDS,LHW,1
WDS,NGB,1
WWK,VAI,1
ZRH,LTN,1
ABA,DME,1
AJA,BOD,1
ALG,TGR,1
ASU,SCL,1
ATW,AZA,1
AUH,PKX,1
AYT,SKP,1
AZA,ATW,1
BKI,MNL,1
BOD,AJA,1
BUD,PMI,1
CAB,LAD,1
CKG,NRT,1
COO,CDG,1
CPH,LYS,1
CRL,FNI,1
DJE,NTE,1
DLC,NDG,1
DME,ABA,1
DUS,LCA,1
EBB,AMS,1
FNI,CRL,1
FUG,KMG,1
GIG,SLZ,1
HAJ,TFS,1
INC,JGN,1
INC,KHN,1
JGN,INC,1
KHN,INC,1
KMG,FUG,1
LCA,DUS,1
LGW,SID,1
LYS,CPH,1
MHH,PBI,1
MUC,KGS,1
NDG,DLC,1
NRT,CKG,1
ORF,PVD,1
OTP,PSR,1
OUA,CKY,1
OVB,PKC,1
PBI,MHH,1
PKC,OVB,1
PSR,OTP,1
PVD,ORF,1
PVD,VRB,1
PZU,DXB,1
SKP,AYT,1
SLZ,GIG,1
SUB,KDI,1
SYD,TFU,1
TFS,HAJ,1
TFU,SYD,1
TGR,ALG,1
TVC,DEN,1
VRB,PVD,1
WMT,JJN,1
XMN,LYG,1
YNJ,CGQ,1
YQX,YYR,1
BER,ESB,1
BJX,ORD,1
BLQ,BRU,1
BRS,BUD,1
BUD,BRS,1
BVA,SOF,1
CTA,TRS,1
DEN,TVC,1
DXB,KGL,1
ESB,BER,1
FAO,LYS,1
GDL,RNO,1
GOA,PMO,1
JFK,VIE,1
KGL,DXB,1
KHI,KUL,1
KIK,IST,1
KRK,MAD,1
KSQ,DME,1
KUL,KHI,1
LHR,SCQ,1
LYI,WNZ,1
LYS,FAO,1
MAD,KRK,1
MLA,MRS,1
MRS,MLA,1
OPO,RAK,1
ORD,BJX,1
OZZ,CMN,1
PKX,AUH,1
PLW,SUB,1
PMI,BUD,1
PMO,GOA,1
RAK,OPO,1
RNO,GDL,1
SAI,KTI,1
SCQ,LHR,1
SFO,SUN,1
SOF,BVA,1
SUB,PLW,1
SUN,SFO,1
TRS,CTA,1
VIE,JFK,1
WNZ,LYI,1
YYR,YQX,1
AIR,CGB,1
AKL,IAH,1
ALC,SVG,1
AMM,MAD,1
BER,CFU,1
BNA,SJC,1
CFU,BER,1
CGB,AIR,1
CKY,OUA,1
DAC,MLE,1
EWR,VCE,1
GYS,HGH,1
HGH,GYS,1
IAH,AKL,1
JFK,BER,1
KBL,KDH,1
KWI,SJJ,1
LTO,TIJ,1
MED,ESB,1
ORD,VPS,1
RIX,TRF,1
SJC,BNA,1
SJJ,KWI,1
SVG,ALC,1
TIH,RGI,1
TIJ,LTO,1
TRF,RIX,1
UFA,HMA,1
VCE,EWR,1
VPS,ORD,1
YZF,YSM,1
AUQ,PPT,1
BCM,FCO,1
BER,JFK,1
BLQ,SOF,1
BPN,KUL,1
BRU,ALG,1
BRU,BLQ,1
BUD,PFO,1
CHS,HVN,1
CLO,MAD,1
CMN,VCE,1
DSS,OXB,1
ESC,MSP,1
FCO,BCM,1
GIC,SBR,1
HID,GIC,1
HVN,CHS,1
JED,IKA,1
JHG,SJW,1
JNB,PER,1
KHH,NGO,1
KRK,TIA,1
KUL,BPN,1
KZN,MRV,1
LAP,MZT,1
LJG,XMN,1
LYG,XMN,1
MAD,CLO,1
MRU,FRA,1
MRV,KZN,1
MSP,ESC,1
MZT,LAP,1
NGO,KHH,1
NKG,SGN,1
OUD,BRU,1
PEK,SYD,1
PER,JNB,1
PFO,BUD,1
REG,TRN,1
SBR,HID,1
SGN,NKG,1
SJW,JHG,1
SOF,BLQ,1
STN,TLL,1
SWA,TSN,1
SYD,PEK,1
SZX,ZHA,1
TIA,KRK,1
TLL,STN,1
TNG,VLC,1
TRN,REG,1
VAO,HIR,1
VCE,CMN,1
VCE,JFK,1
VLC,TNG,1
XMN,LJG,1
ABJ,SPY,1
ADB,VAN,1
AGP,FKB,1
AMS,JRO,1
BCN,BJZ,1
BCN,RBA,1
BJZ,BCN,1
BRI,ORY,1
CAN,LZG,1
CJU,NGB,1
CLJ,DUB,1
DEM,ADD,1
DLM,LPL,1
DOH,TAS,1
DUB,CLJ,1
FKB,AGP,1
FRA,MRU,1
GRU,YUL,1
HMI,INC,1
JFK,VCE,1
KMG,KTM,1
KTM,KMG,1
KUL,XIY,1
LHR,SPU,1
LZG,CAN,1
MAN,SIN,1
NGB,CJU,1
NQZ,SAW,1
ORY,BRI,1
OXB,DSS,1
PEK,UYN,1
RBA,BCN,1
SAW,NQZ,1
SCL,PUJ,1
SPU,LHR,1
SPY,ABJ,1
TSN,SWA,1
UYN,PEK,1
VAN,ADB,1
YQT,YWP,1
YUL,GRU,1
ZHA,SZX,1
ABZ,BHD,1
ABZ,MME,1
ADD,BGF,1
ADD,BLZ,1
AGP,PIK,1
APO,BOG,1
ARN,LCA,1
BCN,LEN,1
BDL,DUB,1
BEW,ADD,1
BGF,ADD,1
BHD,ABZ,1
BLD,GCW,1
BOG,APO,1
BWN,HKG,1
BWN,MEL,1
BWN,SUB,1
CAI,RKT,1
CAN,LAX,1
CAQ,EOH,1
CCF,STN,1
CDG,LPL,1
CEM,IRC,1
CFS,MEL,1
CJS,DGO,1
CJS,TRC,1
CNS,CUQ,1
CNS,EDR,1
CSY,LED,1
CTD,PAC,1
CUL,HMO,1
CUQ,CNS,1
DGO,CJS,1
DOH,NAG,1
DOH,NCE,1
DOH,SKT,1
DRG,OME,1
DUB,BDL,1
DUR,ELS,1
DXB,MCO,1
EAA,FAI,1
EBG,EOH,1
ELS,DUR,1
EOH,CAQ,1
EOH,EBG,1
EOH,MTB,1
FAI,ARC,1
FAI,CEM,1
FAI,EAA,1
FAI,HSL,1
FAI,KBC,1
FAI,MLY,1
FCO,DSS,1
FYU,KBC,1
GCN,PGA,1
GCW,BLD,1
GOX,SHJ,1
HGA,JIB,1
HIJ,TPE,1
HKG,BWN,1
HMO,CUL,1
HMO,CUU,1
HRG,ORY,1
HUS,FAI,1
ICN,SHI,1
IKA,DLM,1
IRC,FAI,1
ISU,DXB,1
JHG,TSN,1
JIB,HGA,1
JJN,WMT,1
JMK,ORY,1
JNS,JJU,1
KBC,FAI,1
KBC,FYU,1
KCA,XIY,1
KKA,UNK,1
KQH,PNQ,1
KRK,SNN,1
LAX,BZE,1
LAX,CAN,1
LBV,OYE,1
LED,CSY,1
LEN,BCN,1
LHR,SLC,1
LPL,CDG,1
MAD,LXR,1
MCO,DXB,1
MDE,SAL,1
MEL,CFS,1
MLY,RMP,1
MME,ABZ,1
MNT,FAI,1
MTB,EOH,1
NAG,DOH,1
NCE,DOH,1
NDC,PNQ,1
NHV,AUQ,1
NKG,YBP,1
NUL,GAL,1
OME,WAA,1
ORD,TBN,1
ORY,HRG,1
ORY,JMK,1
OSR,WAW,1
OTP,SAW,1
OYE,LBV,1
PAC,CTD,1
PEK,JFK,1
PGA,GCN,1
PIK,AGP,1
PMV,VLN,1
PNQ,KQH,1
PNQ,NDC,1
PPT,AKL,1
PUJ,SCL,1
PVR,SLP,1
QRO,TRC,1
RKT,CAI,1
RMP,MNT,1
RSA,AEP,1
SAL,MDE,1
SAW,OTP,1
SDQ,SXM,1
SHI,ICN,1
SHJ,CJB,1
SHJ,GOX,1
SIN,MAN,1
SKT,DOH,1
SLP,PVR,1
SNN,KRK,1
SNU,YYZ,1
STN,CCF,1
SXM,SDQ,1
TAS,DOH,1
TBN,ORD,1
TCG,TFU,1
TFU,TCG,1
TFU,TVS,1
TOS,HAA,1
TOS,LYR,1
TRC,CJS,1
TSN,JHG,1
TVS,TFU,1
UNK,OME,1
VLN,PMV,1
WAW,OSR,1
WBQ,FAI,1
XIY,KCA,1
XIY,KUL,1
YBP,NKG,1
YRT,YCS,1
YRT,YXN,1
YVQ,ZFN,1
YYQ,YVO,1
ZFN,YWJ,1
ZRH,NRT,1
ZSA,NAS,1
ADD,BCO,1
AEY,VPN,1
AKL,IVC,1
AKL,PPT,1
ALA,DYU,1
AUA,LIM,1
AVL,BOS,1
BCO,ADD,1
BNA,PVD,1
BOS,AVL,1
BOS,NAS,1
BRU,OUD,1
BZE,LAX,1
CJB,SHJ,1
CKG,TPE,1
CMN,MED,1
COK,RUH,1
CUE,GYE,1
DEL,DMK,1
DLM,IKA,1
DME,NYM,1
DMK,DEL,1
DRW,MGT,1
DRW,MNG,1
DXB,HAS,1
DXB,ISU,1
EBB,MGQ,1
FAO,MAD,1
GCM,TPA,1
GYE,CUE,1
HAS,DXB,1
HNL,MNL,1
HRB,XMN,1
ICN,SDJ,1
IGD,SAW,1
IGT,VKO,1
INC,HMI,1
ISA,CNS,1
IVC,AKL,1
JFK,PEK,1
KET,HEH,1
KHH,WUH,1
LIM,AUA,1
LIM,SLA,1
LPA,NKC,1
LPL,DLM,1
LZO,SWA,1
MAD,FAO,1
MEL,BWN,1
MEX,NLD,1
MGT,MNG,1
MLE,DAC,1
MNL,HNL,1
MSP,YXE,1
NAS,BOS,1
NKC,LPA,1
NLD,MEX,1
NRT,ZRH,1
NYM,DME,1
NYM,TJM,1
PVD,BNA,1
SAW,IGD,1
SDJ,ICN,1
SGN,VDO,1
SLA,LIM,1
SLC,LHR,1
SUB,BWN,1
SWA,LZO,1
SXR,AMD,1
SZA,NBJ,1
TAS,NVI,1
THO,AEY,1
TJM,NYM,1
TLV,JMK,1
TPA,GCM,1
TPE,CKG,1
TPE,HIJ,1
VDO,SGN,1
VKO,IGT,1
VKO,TBW,1
VPN,THO,1
WUH,KHH,1
XBE,YXL,1
YBX,YZV,1
YFB,YTE,1
YGV,YPN,1
YHU,YZV,1
YPN,YGV,1
YTE,YFB,1
YXE,MSP,1
YXL,XBE,1
YZV,YHR,1
YZV,YIF,1
AAL,OSL,1
ABE,PGD,1
ACX,ZUH,1
AEP,PRA,1
AEP,RSA,1
AGP,SNN,1
AUH,CMN,1
BAH,MAN,1
BCN,SXB,1
BNE,NOU,1
BNE,ZBL,1
BOG,FRA,1
BRL,STL,1
CAH,SGN,1
CHS,MSY,1
CMN,AUH,1
CSX,UYN,1
DMD,ISA,1
DMM,KWI,1
DVO,PPS,1
DXB,UET,1
FLZ,KNO,1
FOC,DLC,1
FRA,BOG,1
FUO,HYN,1
GCM,NAS,1
HEH,KET,1
HFE,YBP,1
HYN,FUO,1
ISE,IST,1
IST,ISE,1
JMK,TLV,1
KNO,FLZ,1
KWI,DMM,1
LCY,VNO,1
LIM,MDZ,1
LTN,ORK,1
MAA,FRA,1
MAD,RJL,1
MAN,BAH,1
MCO,DUB,1
MDZ,LIM,1
MSY,CHS,1
NAS,GCM,1
NBJ,SZA,1
NOU,BNE,1
NVI,TAS,1
ORK,LTN,1
OSL,AAL,1
PGD,ABE,1
PHX,TIJ,1
PPS,DVO,1
PRA,AEP,1
RJL,MAD,1
RUH,COK,1
SGN,CAH,1
SJJ,JED,1
SNN,AGP,1
STL,BRL,1
SVO,URC,1
SXB,BCN,1
TBW,VKO,1
TIJ,PHX,1
UET,DXB,1
UGC,VKO,1
URC,SVO,1
UYN,CSX,1
VKO,UGC,1
VNO,LCY,1
YAT,YTS,1
YBP,HFE,1
YCS,YRT,1
YEV,YZF,1
YFB,YAB,1
YFB,YCY,1
YIO,YFB,1
YXN,YRT,1
YYZ,SNU,1
ZBL,BNE,1
ZUH,ACX,1
AGP,LYS,1
AGP,SOF,1
AHO,MXP,1
AKU,TLQ,1
ALB,TPA,1
ATW,SFB,1
BEG,GVA,1
BLQ,CRV,1
BLQ,REG,1
BNE,WLE,1
BPX,XIY,1
BRU,CAI,1
CAI,BRU,1
CNS,ISA,1
CRV,BLQ,1
DSN,XIL,1
DUB,MCO,1
DWC,MRV,1
DXB,LJU,1
EDI,IAD,1
EYK,TJM,1
EYW,MCO,1
FAO,NTE,1
FRA,MAA,1
GDN,KRK,1
GVA,BEG,1
HAK,WMT,1
HFT,MEH,1
HGI,GAU,1
HVG,TOS,1
IAD,EDI,1
KGS,PRG,1
KRK,GDN,1
LJU,DXB,1
LYS,AGP,1
MCO,EYW,1
MNC,MPM,1
MRV,DWC,1
MXP,AHO,1
NTE,FAO,1
PDL,YYZ,1
PRG,KGS,1
PVG,WXN,1
REG,BLQ,1
RMQ,UKB,1
SBN,SFB,1
SFB,ATW,1
SFB,SBN,1
SOF,AGP,1
SUB,TTE,1
TAS,MSQ,1
TJM,EYK,1
TLQ,AKU,1
TPA,ALB,1
TTE,SUB,1
UKB,RMQ,1
WLE,BNE,1
WMT,HAK,1
WXN,PVG,1
XIL,DSN,1
XIY,BPX,1
XMN,HRB,1
YAB,YRB,1
YCY,YFB,1
YHK,YBB,1
YLC,YFB,1
YYZ,PDL,1
YZF,YEV,1
AAT,PKX,1
AGP,FUE,1
AZA,BIS,1
BIS,AZA,1
BJA,CDG,1
BKK,KHI,1
BNE,PQQ,1
BUD,GVA,1
CDG,BJA,1
CHS,CVG,1
CNF,CPV,1
CPV,CNF,1
CVG,CHS,1
DLC,FOC,1
FUE,AGP,1
GVA,BUD,1
IAH,JFK,1
INC,YTY,1
ISA,DMD,1
JFK,IAH,1
JHG,HNY,1
KEF,LTN,1
KHI,BKK,1
LCA,ARN,1
LTN,KEF,1
MAD,SXB,1
MCT,SYZ,1
MEL,TFU,1
NUE,TFS,1
PKX,AAT,1
PQQ,BNE,1
RKZ,XIY,1
SXB,MAD,1
SYZ,MCT,1
TFS,NUE,1
TFU,MEL,1
VAW,KKN,1
WNZ,YCU,1
XIY,RKZ,1
YCO,YZF,1
YCU,WNZ,1
YNZ,XMN,1
YSF,ZFD,1
YSM,YZF,1
YTY,INC,1
YZF,YCO,1
AAR,OSL,1
AMM,BSR,1
AMS,YEG,1
ATW,PGD,1
AUH,CPH,1
BHX,CPH,1
BSR,AMM,1
BTH,DJB,1
CAI,CPH,1
CGK,KCH,1
CJU,SZX,1
CPH,AUH,1
CPH,BHX,1
CPH,CAI,1
DJB,BTH,1
EBL,CAI,1
FRA,SGN,1
GOU,NSI,1
HKT,IST,1
IST,HKT,1
JHG,XMN,1
JTR,LHR,1
KCH,CGK,1
LCA,SOF,1
LHR,JTR,1
LPA,VIE,1
LRR,SHJ,1
MLA,POZ,1
MPM,MNC,1
MRV,TBS,1
NCA,PLS,1
NCL,PFO,1
NSI,GOU,1
OSL,AAR,1
PFO,NCL,1
PGD,ATW,1
PLS,NCA,1
PNI,TKK,1
POZ,MLA,1
RAI,BVC,1
SGN,FRA,1
SHJ,LRR,1
SJJ,WAW,1
SOF,LCA,1
SZX,CJU,1
TBS,MRV,1
TGO,TSN,1
TKK,GUM,1
TSN,TGO,1
VCA,VCS,1
VCS,VCA,1
VIE,LPA,1
WAW,SJJ,1
XMN,JHG,1
XMN,YNZ,1
YEG,AMS,1
YFB,YIO,1
YHZ,YKF,1
YKF,YHZ,1
YXS,YXT,1
AAT,TFU,1
ABV,DOH,1
ACF,KHG,1
ADD,AUH,1
AKX,SCO,1
ALC,SNN,1
AMS,TBS,1
BIO,DUB,1
BKI,BTU,1
BNE,INU,1
BSL,EDI,1
BTU,BKI,1
CAI,EBL,1
CDG,PTY,1
CGN,SKG,1
CMH,SFO,1
DJJ,MKW,1
DOH,ABV,1
DUB,BIO,1
EBB,CAI,1
EDI,BSL,1
FRA,LOS,1
GCM,YYZ,1
GHV,LTN,1
GOT,KRK,1
HAA,HFT,1
HHN,NDR,1
IAD,PLS,1
KHG,ACF,1
KRK,GOT,1
KUL,KWL,1
KUT,AUH,1
KWL,KUL,1
LOS,FRA,1
LTN,GHV,1
LYS,PRG,1
MCT,FAU,1
MKW,DJJ,1
NBO,KMU,1
NDR,HHN,1
NTE,VCE,1
PLS,IAD,1
PRG,LYS,1
PTY,CDG,1
PVG,AUH,1
SCO,AKX,1
SFO,CMH,1
SKG,CGN,1
SNN,ALC,1
SYD,TPE,1
TBS,AMS,1
TFU,AAT,1
VCE,NTE,1
VLI,NUS,1
YYZ,GCM,1
AUH,ADD,1
AUH,KUT,1
AUH,PVG,1
BDS,STN,1
BER,PEK,1
BIO,OPO,1
BPL,TCG,1
BVA,WRO,1
CCJ,COK,1
CCP,IQQ,1
COK,CCJ,1
DEL,HGI,1
HGI,DEL,1
HRG,LED,1
MFR,SAN,1
NBO,BRU,1
NCE,OPO,1
NRT,WUH,1
NUS,VLI,1
OPO,BIO,1
OPO,NCE,1
PEK,BER,1
RMF,VRN,1
RSW,MCI,1
SAN,MFR,1
STN,BDS,1
TCG,BPL,1
TCZ,XIY,1
TPE,SYD,1
WAW,DEL,1
WRO,BVA,1
WUH,NRT,1
XIY,TCZ,1
YGH,YVQ,1
ABV,FRA,1
AMS,UIO,1
APW,BNE,1
BNE,APW,1
BQS,KHV,1
BSL,FAO,1
BUD,HRG,1
CDG,ORK,1
CPH,CHQ,1
DME,HRG,1
EIN,LPA,1
FAO,BSL,1
FRA,ABV,1
GIG,JFK,1
GYE,AMS,1
HRG,BUD,1
HRG,DME,1
HVB,SYD,1
IQQ,CCP,1
IRG,AUU,1
JFK,GIG,1
KGS,VIE,1
KHV,BQS,1
LLW,NBO,1
LPA,EIN,1
MAU,RFP,1
MCI,RSW,1
MPL,FEZ,1
NCE,RNS,1
ORD,PLN,1
ORK,CDG,1
PGD,PSM,1
PLN,ORD,1
PSM,PGD,1
RFP,MAU,1
RNS,NCE,1
SSH,BLQ,1
SYD,HVB,1
SYU,HID,1
VIE,KGS,1
YHR,YZV,1
YXT,YXS,1
AHO,PSA,1
ANR,ALC,1
AUH,JNB,1
BHX,REU,1
CFS,BNE,1
CGY,ILO,1
CHQ,CPH,1
CNF,SCL,1
DEL,WAW,1
DFW,DUB,1
ESB,IKA,1
EWE,TIM,1
EZE,CUN,1
FEZ,MPL,1
GBI,BLR,1
HET,YNT,1
HID,XMY,1
ILO,CGY,1
JNB,AUH,1
LED,HRG,1
NJF,SHJ,1
NSI,NDJ,1
PEW,RUH,1
PSA,AHO,1
PVG,UKB,1
REU,BHX,1
SHJ,NJF,1
SJD,SMF,1
SMF,SJD,1
SUB,SMQ,1
TFU,WEH,1
TIM,EWE,1
TJM,MRV,1
UKB,PVG,1
URC,ZFL,1
WEH,TFU,1
WEH,XIY,1
XIY,WEH,1
YNP,YYR,1
YNT,HET,1
YYR,YNP,1
ZFL,URC,1
ATH,CTA,1
AUU,CNS,1
BDL,ORF,1
BEG,MAD,1
BGR,PIE,1
BHX,KGS,1
BJM,EBB,1
BNE,WGA,1
CDG,VNO,1
CRL,VRN,1
CTA,ATH,1
CTA,ORY,1
DBO,BNE,1
DUB,DFW,1
EBB,BJM,1
EDI,NAP,1
ESB,MED,1
GAU,HGI,1
HFE,KOW,1
HIA,LHW,1
KHH,CJU,1
KNO,YIA,1
KOW,HFE,1
LHW,HIA,1
LYG,TFU,1
MAD,BEG,1
MRV,TJM,1
NAP,EDI,1
ORF,BDL,1
ORY,CTA,1
PIE,BGR,1
PMI,DRS,1
PNH,VTE,1
RNO,SJC,1
SCL,CNF,1
SHA,BHY,1
SHA,SQJ,1
SIN,VTE,1
SJC,RNO,1
SNA,YYC,1
SQJ,SHA,1
SSH,BHX,1
STN,KEF,1
SVX,MCX,1
TFU,LYG,1
VNO,CDG,1
VNO,ZRH,1
VRN,CRL,1
VTE,PNH,1
VTE,SIN,1
WGA,BNE,1
YKS,MJZ,1
YYC,SNA,1
ZRH,VNO,1
AMQ,JIO,1
ATL,HVN,1
AYT,TIA,1
BGY,ZAG,1
BHX,SSH,1
BJF,VDS,1
BLL,OTP,1
BUD,DTM,1
CDG,DZA,1
CGN,RHO,1
CJU,KHH,1
DEN,VEL,1
DRS,PMI,1
DTM,BUD,1
DYU,OVB,1
EIN,SAW,1
FAU,OMM,1
GTF,MSP,1
HVG,HFT,1
IKA,ESB,1
JIO,AMQ,1
JMK,LGW,1
KEF,STN,1
LED,NNM,1
LTO,PHX,1
MCX,SVX,1
NBS,PKX,1
NNM,LED,1
NQZ,URC,1
OBN,CSA,1
OTP,BLL,1
PEK,CGK,1
PHX,LTO,1
PKX,NBS,1
PMI,BLQ,1
RHO,CGN,1
SAW,EIN,1
TIA,AYT,1
TUU,MED,1
URC,NQZ,1
VDS,MEH,1
VEL,DEN,1
WAA,OME,1
YPA,YXE,1
ZAG,BGY,1
ALC,ANR,1
ALC,BVA,1
ALC,FMM,1
ALC,FRA,1
ALF,HFT,1
ATL,VCE,1
BCN,PVG,1
BEY,GVA,1
BGY,RIX,1
BHM,PHX,1
BLQ,PMI,1
BVA,ALC,1
CGK,PEK,1
CJJ,DYG,1
DYG,CJJ,1
FAO,VIE,1
FCO,KEF,1
FMM,ALC,1
FOC,YIH,1
FRA,ALC,1
GNJ,VKO,1
GVA,BEY,1
HAM,LUX,1
HOU,VPS,1
HPH,PQC,1
HVN,ATL,1
IBA,LOS,1
KCA,KRL,1
KCA,KRY,1
KEF,FCO,1
KRL,KCA,1
KRY,KCA,1
LOS,IBA,1
MIM,SYD,1
MSP,GTF,1
OVB,DYU,1
PHX,BHM,1
PQC,HPH,1
PVG,BCN,1
RIX,BGY,1
SHJ,TIF,1
TIF,SHJ,1
VCE,ATL,1
VIE,FAO,1
VKO,GNJ,1
VPS,HOU,1
YIH,FOC,1
AGP,BLQ,1
BAR,HFE,1
BBI,IXZ,1
BER,LTN,1
BGO,MUC,1
BKK,BWN,1
BLQ,AGP,1
BSD,NKG,1
BSL,CTA,1
BSZ,URC,1
BTS,MAN,1
BUD,AYT,1
BWN,BKK,1
CAY,ORY,1
CGO,DMK,1
CGQ,YIW,1
CTA,BSL,1
DMK,CGO,1
EWR,STT,1
FLL,MGA,1
FRA,DJE,1
FRA,LAS,1
HFE,BAR,1
IKS,YKS,1
IKT,TAS,1
IND,PIE,1
IQN,HGH,1
IXZ,BBI,1
LAS,FRA,1
LAS,PTY,1
LTN,BER,1
LUX,HAM,1
MAN,BTS,1
MCO,MTY,1
MOZ,RFP,1
MTY,MCO,1
MUC,BGO,1
NDG,TSN,1
NKG,BSD,1
ORY,CAY,1
ORY,VIE,1
OSL,JFK,1
PIE,IND,1
PQC,VCA,1
PTY,LAS,1
STT,EWR,1
TAS,IKT,1
TSN,NDG,1
URC,BSZ,1
VCA,PQC,1
VIE,ORY,1
YFJ,YZF,1
YIW,CGQ,1
YKS,IKS,1
YRA,YZF,1
YZF,YFJ,1
YZF,YRA,1
ADB,BSL,1
AJA,TLS,1
AMM,TUN,1
ARN,ORY,1
ARN,SKG,1
AUH,DME,1
BHX,PRG,1
BND,SRY,1
BSL,ADB,1
CDG,KWI,1
CDG,LCA,1
DIY,ECN,1
DME,AUH,1
DUB,KUN,1
DUS,VCE,1
ECN,DIY,1
GOQ,CGO,1
HGH,IQN,1
HZG,KWE,1
IAN,ORV,1
INC,LYI,1
ISP,RSW,1
IST,IFN,1
JED,SJJ,1
JFK,OSL,1
JNS,UAK,1
KRY,URC,1
KUN,DUB,1
KWE,HZG,1
LCA,CDG,1
LXA,GOQ,1
LYI,INC,1
LZG,PVG,1
LZO,NNG,1
LZO,XIC,1
MAD,GYE,1
MGA,FLL,1
MSQ,TAS,1
NTE,SVQ,1
ORY,ARN,1
PRG,BHX,1
PVG,LZG,1
RSW,ISP,1
SKG,ARN,1
SRY,BND,1
SVQ,NTE,1
SYD,WTB,1
TFU,XIY,1
TUN,AMM,1
URC,KRY,1
VCE,DUS,1
WTB,SYD,1
XIC,LZO,1
XIY,TFU,1
YIA,KNO,1
ABZ,BRS,1
AMS,TPA,1
AYT,BUD,1
AYT,SZF,1
BHX,ORK,1
BKK,FOC,1
BRS,ABZ,1
BZV,LBV,1
CFU,MXP,1
CFU,ORY,1
CGQ,NRT,1
CUN,EZE,1
CUN,MSY,1
DJE,FRA,1
DLC,SYX,1
DLC,WDS,1
DNH,HMI,1
DOH,SOF,1
DTW,QRO,1
FOC,BKK,1
GYD,TZX,1
IST,LBV,1
JFK,BDL,1
JFK,PVD,1
JRO,IST,1
KEF,MCO,1
KMG,WDS,1
KQH,NAG,1
KZN,TAS,1
LGW,JMK,1
LHR,SZX,1
MEM,FLL,1
MSY,CUN,1
NAG,KQH,1
NBO,HRE,1
NNG,LZO,1
NNY,URC,1
NRT,CGQ,1
ORK,BHX,1
ORY,CFU,1
OST,AGP,1
QRO,DTW,1
SOF,DOH,1
STR,VLC,1
SYX,DLC,1
SZF,AYT,1
SZX,LHR,1
TBS,TAS,1
TLS,AJA,1
TPA,AMS,1
TZX,GYD,1
VKO,ADB,1
VLC,STR,1
WDS,DLC,1
WDS,KMG,1
WUH,CIF,1
YQB,YVO,1
YVO,YUY,1
ADB,VKO,1
AGU,LAX,1
AMS,SEN,1
BDL,JFK,1
BGI,CLT,1
BLQ,SVQ,1
BLR,IXX,1
CIA,POZ,1
CIF,WUH,1
CLT,BGI,1
CMN,FEZ,1
CZX,MIG,1
CZX,NNG,1
DAL,PHL,1
DUS,ONQ,1
DXB,TIF,1
FEZ,CMN,1
FLL,MEM,1
IBZ,LIS,1
ICN,OIT,1
IXJ,IXL,1
IXL,IXJ,1
IXX,BLR,1
KHN,NTG,1
KIN,PTY,1
KRK,TSF,1
LAX,AGU,1
LIR,YUL,1
LIS,IBZ,1
LPL,MLA,1
MIG,CZX,1
MLA,LPL,1
MRV,AER,1
MXP,NTE,1
NNG,CZX,1
NNY,PVG,1
NTE,MXP,1
NTG,KHN,1
OIT,ICN,1
ONQ,DUS,1
PHL,DAL,1
POZ,CIA,1
PTY,KIN,1
PVD,JFK,1
PVG,KTI,1
PVG,NNY,1
SAW,ALA,1
SEN,AMS,1
SEZ,AUH,1
SVQ,BLQ,1
SVQ,TLS,1
TBS,VIE,1
TIA,ZRH,1
TIF,DXB,1
TLS,SVQ,1
TSF,KRK,1
VIE,TBS,1
XRY,FRA,1
YUL,LIR,1
YUY,YVO,1
YVO,YQB,1
ZRH,TIA,1
ADD,NOS,1
AER,MRV,1
AGP,OST,1
ATH,KRK,1
AUH,SEZ,1
AYT,PRN,1
BJV,MAN,1
CGO,GOQ,1
CPH,ORY,1
EDI,MXP,1
FIH,NBO,1
GOQ,LXA,1
HMI,DNH,1
JNB,TET,1
KGS,STR,1
KRK,ATH,1
KRK,NCL,1
KTI,PVG,1
LFW,LBV,1
LYS,NAP,1
MXP,EDI,1
MXP,MCT,1
MYJ,PUS,1
NAP,LYS,1
NBO,FIH,1
NCL,KRK,1
NOS,ADD,1
ORY,CPH,1
PRN,AYT,1
PUS,MYJ,1
RUH,PEW,1
SLU,SVD,1
TET,JNB,1
TOS,LKN,1
URC,NNY,1
XIC,XIY,1
XIY,XIC,1
AGA,BVA,1
AGP,ZAG,1
AMS,JED,1
AQG,HAK,1
ARN,KUN,1
ATL,GIG,1
AYT,GVA,1
BGY,TRF,1
BHK,SVO,1
BLQ,WRO,1
BVA,AGA,1
CJJ,CRK,1
CUN,YOW,1
DFW,GTR,1
DME,LBD,1
DTW,PUJ,1
DUB,POZ,1
DUB,WRO,1
GIG,ATL,1
GRU,PET,1
GTR,DFW,1
GYD,NQZ,1
HAK,AQG,1
HDO,KQH,1
HER,EIN,1
HRB,YCU,1
ICN,RGN,1
IXD,HYD,1
JED,AMS,1
KIJ,OKA,1
KQH,HDO,1
KUN,ARN,1
LKN,TOS,1
MCO,KEF,1
MTY,PTY,1
MXP,PRN,1
NQZ,GYD,1
OKA,KIJ,1
OLB,TRN,1
PET,GRU,1
POZ,DUB,1
PRN,MXP,1
PTY,MTY,1
PUJ,DTW,1
RGN,ICN,1
SKG,SMI,1
SMI,SKG,1
STR,KGS,1
SVO,BHK,1
TAS,KZN,1
TRF,BGY,1
TRN,OLB,1
WRO,BLQ,1
WRO,DUB,1
YCU,SYX,1
YOC,YEV,1
YOW,CUN,1
YYC,YYT,1
ZAG,AGP,1
AAT,LHW,1
ADB,BRU,1
AJF,SHJ,1
ALC,VIE,1
AMS,SXM,1
AMS,VRN,1
BEG,NCE,1
BGY,SKG,1
BGY,WMI,1
BOM,ALA,1
BOS,MBJ,1
BPG,CGB,1
BPL,HMI,1
BRU,FNA,1
BRU,NAP,1
BSL,MAN,1
CGB,BPG,1
CHS,HPN,1
CRK,CJJ,1
DBO,BHQ,1
DUB,TLS,1
EIN,HER,1
ENY,NKG,1
EOH,VVC,1
FKB,VLC,1
HMI,BPL,1
HPN,CHS,1
HYD,IXD,1
IAH,SLN,1
IFN,IST,1
IKA,DNZ,1
JGN,DNH,1
JNB,LOS,1
JSU,GOH,1
KHG,KRL,1
KRL,KHG,1
KSC,LTN,1
LHR,TPE,1
LHW,AAT,1
LTN,ABZ,1
LTN,KSC,1
LZO,CSX,1
MAN,BJV,1
MAN,BSL,1
MBJ,BOS,1
NBO,SEZ,1
NCE,BEG,1
NKG,ENY,1
PEK,SGN,1
PKX,LUM,1
PSA,REG,1
PVG,MLE,1
REG,PSA,1
SAW,MHD,1
SGN,PEK,1
SHJ,AJF,1
SKG,BGY,1
SYX,YCU,1
TAS,TBS,1
TLS,DUB,1
TPE,LHR,1
VIE,ALC,1
VLC,FKB,1
VRN,AMS,1
VVC,EOH,1
WMI,BGY,1
YCU,HRB,1
YYT,YYC,1
ABZ,LTN,1
ADD,NEK,1
AGP,SEN,1
AKL,DPS,1
ALA,BOM,1
AYT,EMA,1
BRU,ADB,1
BSZ,AYT,1
CHG,PVG,1
CSX,LZO,1
CWL,EDI,1
DBV,ORY,1
DEN,SRQ,1
DNZ,IKA,1
DPS,AKL,1
DSN,HET,1
EDI,CWL,1
EDI,VCE,1
ELH,SUA,1
EMA,AYT,1
FRA,XRY,1
GVA,AYT,1
HET,DSN,1
HND,TSN,1
KHG,KRY,1
KRK,LHR,1
KRY,KHG,1
LHR,KRK,1
LUM,PKX,1
MAD,AMM,1
MAN,VRN,1
MSP,TUS,1
OKU,WDH,1
ORY,DBV,1
PGD,SBN,1
POZ,ZAD,1
PVG,CHG,1
SBN,PGD,1
SEN,AGP,1
SLN,IAH,1
SRQ,DEN,1
SUA,ELH,1
SVD,SLU,1
VCE,EDI,1
VRN,MAN,1
ZAD,POZ,1
ALC,OTP,1
BEG,HAM,1
BER,KGS,1
BRS,TLS,1
BTS,MXP,1
CAK,SRQ,1
CHS,PIT,1
DAL,TUS,1
DLC,YNJ,1
DNH,JGN,1
DUS,DRS,1
GRV,LED,1
GYE,FLL,1
HAM,BEG,1
HAS,KWI,1
IAH,PUJ,1
KGS,BER,1
KHN,KWL,1
KUT,MSQ,1
KWI,HAS,1
KWL,KHN,1
LAX,MAD,1
LED,GRV,1
LGW,BVC,1
MAD,LAX,1
MAH,BHX,1
MCT,SVO,1
MHD,SAW,1
MSQ,KUT,1
NDR,AMS,1
NKC,TUN,1
OTP,ALC,1
PIT,CHS,1
PUJ,IAH,1
SDR,STN,1
SOF,VLC,1
SRQ,CAK,1
STN,SDR,1
SVO,MCT,1
TLS,BRS,1
TSN,HND,1
TUN,NKC,1
TUS,DAL,1
TUS,MSP,1
VLC,SOF,1
WMT,CGO,1
YNJ,DLC,1
ACA,NLU,1
ALC,TLS,1
ASP,BNE,1
ATH,ADD,1
AUS,MEM,1
AYT,BSZ,1
AYT,TLL,1
BAV,SZX,1
BCN,GRU,1
BCN,LEI,1
BDA,HPN,1
BEG,LIS,1
BLR,KBV,1
BNE,ASP,1
BOJ,MAN,1
BOM,CAI,1
BVC,LGW,1
CAI,BOM,1
CDG,TLL,1
CIF,ERL,1
CLE,DUB,1
CLJ,FMM,1
CMN,NCE,1
CVG,LHR,1
DLC,MDG,1
DOM,SXM,1
DRS,DUS,1
DUB,CLE,1
DUB,IBZ,1
EDI,ATH,1
EDI,GDN,1
ERL,CIF,1
FCO,GDN,1
FLL,GYE,1
FMM,CLJ,1
GDN,EDI,1
GDN,FCO,1
GRZ,ZRH,1
HLH,TGO,1
HPN,BDA,1
HYN,YBP,1
IBZ,DUB,1
KBV,BLR,1
LBV,LFW,1
LCA,BRS,1
LED,LBD,1
LEI,BCN,1
LHR,CVG,1
LHR,RIX,1
LIS,BEG,1
MDG,DLC,1
MEM,AUS,1
MLE,PVG,1
MNL,SJI,1
MXP,ORD,1
NLU,ACA,1
NRN,SKG,1
ORD,MXP,1
PKU,SIN,1
RIX,LHR,1
SEA,SIN,1
SEA,SIT,1
SIN,PKU,1
SIN,SEA,1
SIT,SEA,1
SJI,MNL,1
SKG,NRN,1
SZX,BAV,1
TGO,HLH,1
TLL,CDG,1
TLS,ALC,1
YBP,HYN,1
ZRH,GRZ,1
ADD,ATH,1
ADE,RIY,1
ALC,KUN,1
ALG,LHR,1
AMS,NDR,1
ATH,EDI,1
BCN,KTW,1
BHX,MAH,1
BJX,LAX,1
BNE,PVG,1
BRS,LCA,1
BRU,ACE,1
BUQ,ADD,1
CAI,PEK,1
CGO,WMT,1
DBV,ZRH,1
DEN,FMN,1
DME,KEJ,1
EDI,SNN,1
FRA,RMF,1
GRU,BCN,1
GVA,LPL,1
HAK,LZO,1
HTN,SHF,1
IST,OVB,1
KEJ,DME,1
KSC,PRG,1
KTW,BCN,1
KUF,NUX,1
KUN,ALC,1
KWI,CDG,1
LHR,ALG,1
LPL,GVA,1
MAN,BOJ,1
MLA,WMI,1
MRS,PMO,1
NUX,KUF,1
OVB,IST,1
PMO,MRS,1
PNQ,SDW,1
PRG,KSC,1
PSA,SVQ,1
PVG,BNE,1
RMF,FRA,1
SDW,PNQ,1
SHF,HTN,1
SNN,EDI,1
SVQ,PSA,1
TAS,TLV,1
TLL,AYT,1
TUN,MAD,1
TUN,SXB,1
WMI,MLA,1
ZRH,DBV,1
ALA,HSA,1
BER,IBZ,1
BLR,KNU,1
BLR,MRU,1
BOM,RDP,1
BRI,SSH,1
BRU,VNO,1
CDG,YQB,1
CIH,CKG,1
CKG,CIH,1
CRL,NDR,1
CTA,LTN,1
DLC,HDG,1
DSN,HGH,1
DUB,ZAG,1
DUS,OPO,1
FMN,DEN,1
GRU,MCP,1
HDG,DLC,1
HGH,DSN,1
HSA,ALA,1
IBZ,BER,1
IST,UGC,1
KDV,NAN,1
KNU,BLR,1
KUL,TAS,1
LAX,BJX,1
LAX,WAW,1
LIN,LIS,1
LIS,LIN,1
LTN,CTA,1
MCP,GRU,1
MCT,BGW,1
MRU,BLR,1
NDJ,DLA,1
NDR,CRL,1
NYT,RGN,1
OPO,DUS,1
PEK,CAI,1
PEK,TAS,1
POM,SIN,1
RAS,THR,1
RDP,BOM,1
SIN,POM,1
SVO,UCT,1
SXB,TUN,1
TAS,KUL,1
TAS,PEK,1
THR,RAS,1
UCT,SVO,1
UGC,IST,1
UUS,BQS,1
VAR,BER,1
VNO,BRU,1
VNX,INH,1
WAW,LAX,1
WNZ,WXN,1
WXN,WNZ,1
YQB,CDG,1
ZAG,DUB,1
ADB,NUE,1
AMQ,SOQ,1
BGA,PTY,1
BNN,OSL,1
BQS,UUS,1
BSD,CSX,1
CJU,HIN,1
CKG,JGS,1
CSX,BSD,1
DSN,WUH,1
EDI,ATL,1
HFE,MIG,1
HIN,CJU,1
IBZ,LTN,1
IKT,KCK,1
JGS,CKG,1
JNG,KMG,1
KCK,IKT,1
KMG,JNG,1
KRK,SVG,1
LTN,IBZ,1
MIG,HFE,1
MPL,CMN,1
NAN,KDV,1
NCE,CMN,1
NUE,ADB,1
ORN,LIL,1
PSP,IAH,1
PTY,BGA,1
RMQ,TAK,1
SCV,FCO,1
SEZ,NBO,1
SPU,MAN,1
SVG,KRK,1
TAK,RMQ,1
TVS,XIY,1
WUH,DSN,1
WUH,YIN,1
XIY,TVS,1
YIN,WUH,1
YPA,ZWL,1
ZYL,LHR,1
ADB,MAN,1
ALG,NTE,1
ASM,CAI,1
ATH,EIN,1
ATL,EDI,1
BCN,TUN,1
BER,VAR,1
BLL,RIX,1
BOM,FJR,1
CAI,ASM,1
CGN,PMO,1
CRL,SKP,1
CSX,TLQ,1
DSM,PIE,1
DTM,IAS,1
DVO,CRK,1
EIN,ATH,1
FCO,SCV,1
FJR,BOM,1
FRA,PHL,1
HSN,JUZ,1
HYN,TAO,1
IAH,PSP,1
IAS,DTM,1
IKT,SVX,1
JJN,KWL,1
JUZ,HSN,1
LCA,FCO,1
MAD,TUN,1
MAN,ADB,1
MCT,CMB,1
MXP,BTS,1
NTE,ALG,1
OSL,BNN,1
OSL,PLQ,1
PHL,FRA,1
PIE,DSM,1
PLM,SUB,1
PLQ,OSL,1
PMO,CGN,1
PVK,LGW,1
RIX,BLL,1
SKP,CRL,1
SOQ,AMQ,1
SUB,PLM,1
SVX,IKT,1
TAO,HYN,1
TFU,TLQ,1
TLQ,CSX,1
TLQ,TFU,1
VPS,XNA,1
XNA,VPS,1
YKU,YGW,1
ALC,POZ,1
ANI,BET,1
ATH,PHL,1
AUA,BON,1
BCN,OLB,1
BET,ANI,1
BEY,COV,1
BHD,INV,1
BSL,SPU,1
BTS,MLA,1
COV,BEY,1
DSN,YNT,1
EEK,WTL,1
FCO,LCA,1
FRA,MCT,1
GLA,KRK,1
HKT,SVX,1
INV,BHD,1
JSI,MAN,1
JXA,PKX,1
KRK,GLA,1
LHR,ZYL,1
LZO,HAK,1
MAN,JSI,1
MAN,SPU,1
MCT,FRA,1
MCT,MXP,1
MLA,BTS,1
OLB,BCN,1
PHL,ATH,1
PKX,JXA,1
POZ,ALC,1
SPU,BSL,1
SPX,SHJ,1
SSH,AYT,1
YNT,DSN,1
ADD,DME,1
AGA,TNG,1
ALA,KUL,1
ALG,ETZ,1
AVL,PGD,1
AYT,HEL,1
BAH,FCO,1
BER,SKP,1
BHX,BRU,1
BRI,BVA,1
BRU,BHX,1
BVA,BRI,1
CGN,VCE,1
CHQ,VIE,1
CMB,MCT,1
CMN,DLA,1
CMN,MPL,1
CRK,DVO,1
DOH,YYZ,1
DUB,GRO,1
EDI,BRU,1
ETZ,ALG,1
EZE,UIO,1
FCO,BAH,1
GRO,DUB,1
HEL,AYT,1
ICN,YGJ,1
ILO,CRK,1
JGN,CAN,1
JZH,TFU,1
KJA,UUS,1
KTI,SZX,1
KUL,ALA,1
LBD,DME,1
LTN,CFU,1
OSY,RVK,1
PGD,AVL,1
POM,TIZ,1
SIN,ADD,1
SIN,TSN,1
SKP,BER,1
SVQ,VIE,1
SWA,KHN,1
TCG,TLQ,1
TFU,JZH,1
TLQ,TCG,1
TNG,AGA,1
TSN,SIN,1
UIO,EZE,1
UUS,KJA,1
VCE,CGN,1
VIE,CHQ,1
VIE,SVQ,1
WNZ,YBP,1
YBP,WNZ,1
YGJ,ICN,1
YQM,YYC,1
YVR,SIN,1
YYC,YQM,1
YYZ,DOH,1
AAR,STN,1
ADD,SIN,1
AGA,LTN,1
BDQ,GOX,1
BER,FNC,1
BGY,FAO,1
BHX,ZTH,1
BJX,MDW,1
BRU,EDI,1
BSL,WAW,1
CFU,LTN,1
CMN,IAD,1
CRK,ILO,1
DLC,SQD,1
DME,ADD,1
DSN,KMG,1
DWC,LED,1
DWC,VKO,1
DXJ,PKX,1
FAO,BGY,1
FNC,BER,1
GOX,BDQ,1
GVA,PEK,1
IAD,CMN,1
INC,YNT,1
KMG,DSN,1
LED,DWC,1
LGW,PVK,1
LGW,SCQ,1
LTN,AGA,1
LYS,TIA,1
MDW,BJX,1
MEX,MGA,1
MGA,MEX,1
MSK,VVC,1
MSP,TVC,1
NTE,SXB,1
ORY,SPU,1
PEK,GVA,1
PKX,DXJ,1
RMQ,PQC,1
SHJ,SPX,1
SPU,ORY,1
STN,AAR,1
SXB,NTE,1
SZX,KTI,1
TIA,LYS,1
TLL,BRU,1
TSN,LLV,1
TVC,MSP,1
URC,JGN,1
VKO,DWC,1
WAW,BSL,1
YGW,YKU,1
YNT,INC,1
ACC,JNB,1
ADD,DAC,1
ALF,KKN,1
AYT,BLL,1
BEG,EIN,1
BEY,ORY,1
BGY,CRA,1
BJF,HFT,1
BOM,JLG,1
BRU,TLL,1
BUD,BLQ,1
BVG,ALF,1
CAG,KRK,1
CFR,MRS,1
CRA,BGY,1
CTA,GVA,1
DBV,IST,1
DEN,YQR,1
DXJ,NGB,1
EIN,BEG,1
ELQ,KWI,1
GOI,LKO,1
GVA,CTA,1
HAH,NBO,1
HEL,SPU,1
HLH,YIE,1
IDR,SHJ,1
IND,SFB,1
IST,DBV,1
JIC,XIY,1
JLG,BOM,1
JNB,ACC,1
KEF,YVR,1
KHN,SWA,1
KHV,YKS,1
KJI,URC,1
KRK,CAG,1
KSC,STN,1
KWI,ELQ,1
KWL,JHG,1
LAX,ZCL,1
LIN,STR,1
LLV,TSN,1
MNS,NLA,1
MRS,CFR,1
NBO,HAH,1
NCE,STN,1
NGB,DXJ,1
NLA,MNS,1
ORV,IAN,1
ORY,BEY,1
PQC,RMQ,1
PUJ,ORY,1
SFB,IND,1
SHE,YIW,1
SHJ,IDR,1
SKD,AER,1
SPU,HEL,1
STN,KSC,1
STN,NCE,1
STR,LIN,1
TUN,BCN,1
URC,KJI,1
XIY,JIC,1
YIE,HLH,1
YIW,SHE,1
YVR,KEF,1
ZCL,LAX,1
ZTH,BHX,1
AER,SKD,1
AGP,FMM,1
ALC,TTU,1
AMS,BFS,1
AMS,XMN,1
BFS,AMS,1
BFS,REU,1
BGW,MCT,1
BJA,MRS,1
BLQ,BUD,1
BLV,PGD,1
BOD,VCE,1
CGD,HGH,1
CNN,FJR,1
DAT,SJW,1
DNH,YZY,1
DXB,KUF,1
EDI,NCE,1
FJR,CNN,1
FMM,AGP,1
FMM,TSR,1
FWA,PGD,1
GRX,TFN,1
HAM,VAR,1
HGH,CGD,1
IAD,LOS,1
IFU,MLE,1
KUT,SKG,1
LOS,IAD,1
LTN,RMU,1
MRS,BJA,1
MUX,MCT,1
NCE,EDI,1
NMA,JED,1
NTG,SJW,1
PGD,BLV,1
PGD,FWA,1
REU,BFS,1
RMF,FCO,1
RMU,LTN,1
SCQ,LGW,1
SJW,DAT,1
SJW,NTG,1
SKG,KUT,1
SVX,HKT,1
TFN,GRX,1
TFU,DNH,1
TSR,FMM,1
TTU,ALC,1
VAR,HAM,1
VCE,BOD,1
XMN,AMS,1
YQR,DEN,1
YZY,DNH,1
ABE,MYR,1
ALC,BER,1
ALG,GVA,1
ATQ,SIN,1
BAV,PEK,1
BER,ALC,1
BLL,AYT,1
BOD,FRA,1
BVA,POZ,1
CDG,MCT,1
CGQ,URC,1
CRL,CTA,1
CRL,RBA,1
CTA,CRL,1
DAL,SEA,1
DNH,TFU,1
DOH,DAR,1
DOY,HRB,1
FMM,KRK,1
FRA,BOD,1
GVA,ALG,1
HFA,PFO,1
HRB,DOY,1
ILM,MCO,1
JRO,DOH,1
KRK,FMM,1
KUF,DXB,1
KWE,WHA,1
LJG,XFN,1
LOS,JNB,1
LRD,MTY,1
MAO,TFF,1
MAR,PMV,1
MCO,ILM,1
MCT,CDG,1
MCT,MHD,1
MCT,MUX,1
MEL,HAN,1
MHD,MCT,1
MRU,TNR,1
MTY,LRD,1
MYR,ABE,1
PEK,BAV,1
PMV,MAR,1
PMV,PZO,1
POZ,BVA,1
RAK,SVQ,1
RBA,CRL,1
SEA,DAL,1
SEK,YKS,1
SIN,ATQ,1
STR,TIA,1
SVO,CXR,1
SVQ,RAK,1
SVX,SSH,1
SYD,HAN,1
TAS,XIY,1
TFF,MAO,1
TIA,STR,1
TNR,MRU,1
URC,CGQ,1
WHA,KWE,1
WUX,XFN,1
XFN,LJG,1
XFN,WUX,1
XIY,TAS,1
YGL,YPX,1
YKS,SEK,1
AES,GDN,1
ARN,VHM,1
BCN,HAJ,1
BZO,HAM,1
DEL,YUL,1
EVN,KUF,1
FAI,AET,1
GDN,AES,1
GIG,MAD,1
HAJ,BCN,1
HAM,BZO,1
HAM,NCE,1
HAN,MEL,1
HAN,SYD,1
HEL,LGW,1
HVN,USA,1
KQH,LKO,1
KUF,EVN,1
LGW,HEL,1
LIS,TFS,1
LKO,KQH,1
LPA,MXP,1
MAD,GIG,1
MAN,SID,1
MAN,YYZ,1
MXP,SPX,1
NCE,HAM,1
PFO,HFA,1
PHL,PLS,1
PLS,PHL,1
PNK,SRG,1
PRG,SOF,1
SID,MAN,1
SIN,YVR,1
SOF,PRG,1
SPX,MXP,1
SRG,PNK,1
TFS,LIS,1
TFU,XIC,1
USA,HVN,1
VHM,AJR,1
XIC,TFU,1
YUL,DEL,1
YYZ,MAN,1
ABU,KOE,1
AGA,LYS,1
ATH,KUT,1
AUH,LCA,1
BCN,LAX,1
BCN,ORN,1
BUF,RSW,1
CGN,MXP,1
CGQ,LFQ,1
CHS,HOU,1
CMN,NDR,1
DWC,SVX,1
DXB,MCX,1
FRA,UBN,1
GAL,HSL,1
GOX,RQY,1
HAV,SDQ,1
HLD,NKG,1
HMV,LYC,1
HOU,CHS,1
JFK,SVD,1
KGS,STN,1
KMG,LFQ,1
KOE,ABU,1
KUT,ATH,1
KZS,RHO,1
LAX,BCN,1
LCA,AUH,1
LFQ,CGQ,1
LFQ,KMG,1
LTN,RAK,1
LYC,HMV,1
LYS,AGA,1
MCX,DXB,1
MXP,CGN,1
NDR,CMN,1
OAK,RNO,1
ORK,REU,1
ORN,BCN,1
PMI,TFN,1
RAK,LTN,1
REU,ORK,1
RHO,KZS,1
RNO,OAK,1
RQY,GOX,1
RSW,BUF,1
SID,BRU,1
SQD,CAN,1
STN,KGS,1
SVD,JFK,1
SVX,DWC,1
TFN,PMI,1
TNA,YBP,1
UBN,FRA,1
YBP,TNA,1
YHZ,YSJ,1
YSJ,YHU,1
YVQ,YZF,1
AGU,MDW,1
AKN,UGS,1
AMS,PDX,1
BON,MIA,1
CAG,BRI,1
CPH,DEL,1
CXR,SVO,1
DEL,CPH,1
FMM,OPO,1
GDN,MAN,1
HAN,RGN,1
HSV,MCO,1
INI,VIE,1
IXE,DMM,1
JFK,TAS,1
JJN,YTY,1
JTR,MXP,1
LHR,MSY,1
LHW,NGB,1
MAN,GDN,1
MCO,HSV,1
MDW,AGU,1
MIA,BON,1
MSY,LHR,1
MUB,BBK,1
MXP,JTR,1
NGB,LHW,1
OPO,FMM,1
PDX,AMS,1
PIP,AKN,1
RAR,SYD,1
RGN,HAN,1
RVK,OSY,1
SHJ,UFA,1
SJW,SWA,1
SSH,SVX,1
SWA,SJW,1
SYD,RAR,1
TAS,JFK,1
TBS,JED,1
UGS,PIP,1
VIE,INI,1
VVI,SCL,1
WUS,XMN,1
XMN,WUS,1
YHU,YSJ,1
YSJ,YHZ,1
YTY,JJN,1
ALC,RIX,1
ATH,JSY,1
BHX,NBE,1
BNX,MLH,1
BRI,CAG,1
BTS,DUB,1
BVA,TNG,1
CIH,HET,1
CKG,XAI,1
DAR,BOM,1
DMM,IXE,1
DUB,BTS,1
FCO,TFU,1
FIH,IST,1
GDL,REX,1
HAV,LIM,1
HET,CIH,1
HKG,RUH,1
HRG,BRS,1
HUZ,SHA,1
JED,VIE,1
JJN,WUX,1
JSY,ATH,1
KGS,BRS,1
LBD,LED,1
LIM,HAV,1
MAN,VLC,1
MEC,PTY,1
MEL,TPE,1
MLH,BNX,1
MSY,YYZ,1
MXP,STR,1
NBE,BHX,1
NKG,HLD,1
PER,CVQ,1
PTY,MEC,1
PVG,XAI,1
REX,GDL,1
RIX,ALC,1
RUH,HKG,1
SDQ,HAV,1
SQD,TSN,1
STR,MXP,1
TFU,FCO,1
TNG,BVA,1
TSN,SQD,1
UFA,SHJ,1
UUA,VKO,1
VIE,JED,1
VKO,UUA,1
VLC,MAN,1
WUX,JJN,1
XAI,CKG,1
XAI,PVG,1
YKS,KHV,1
YLH,YQT,1
YVZ,YHP,1
YYZ,MSY,1
ABZ,HUY,1
AGA,EDI,1
ALC,SEN,1
AYT,CDG,1
BJR,DSE,1
BOM,DAR,1
CDG,AYT,1
CRD,EZE,1
CSX,PNH,1
CTA,STN,1
CTA,WAW,1
CZL,ORN,1
DSE,BJR,1
EDI,AGA,1
FMM,SKG,1
GAY,BKK,1
HAV,IAH,1
HRB,DSN,1
HUY,ABZ,1
IAH,HAV,1
JNB,LLW,1
KUL,PLM,1
LEX,SFB,1
LLW,JNB,1
MAM,MEX,1
MEX,MAM,1
MIR,DUS,1
NQZ,HKT,1
PNH,CSX,1
PVK,AMS,1
SCN,PMI,1
SEN,ALC,1
SFB,LEX,1
SKG,FMM,1
STN,CTA,1
SVX,TBS,1
TPE,MEL,1
WAW,CTA,1
AAT,PEK,1
ALA,PPK,1
ARN,CRL,1
ATH,JKL,1
AZA,GRR,1
AZA,IDA,1
AZA,SGF,1
BBI,JRG,1
BCN,VLC,1
BDD,KUG,1
BKK,GAY,1
BRS,HRG,1
BRS,KGS,1
BTS,SKP,1
BZX,NGB,1
CMB,TRV,1
CRK,DOH,1
CRL,ARN,1
CVM,NLU,1
DLA,NDJ,1
DOH,CRK,1
DSN,HRB,1
DTW,SMF,1
DUS,MIR,1
ELH,GHB,1
FCO,LPA,1
FCO,ZAG,1
GRR,AZA,1
HAK,YTY,1
HID,BDD,1
HNL,AKL,1
HYA,JFK,1
IDA,AZA,1
IST,KZR,1
JKL,ATH,1
JRG,BBI,1
KUL,WUH,1
KWE,TEN,1
KWL,TAO,1
LED,NJC,1
LPA,FCO,1
LYI,NGB,1
MAN,PVG,1
NAS,ORD,1
NBO,GGR,1
NGB,BZX,1
NGB,LYI,1
NJC,LED,1
NLU,CVM,1
OKC,SAT,1
ORD,NAS,1
PEK,AAT,1
PGD,PIA,1
PIA,PGD,1
PKC,KRV,1
PLM,KUL,1
PMI,SCN,1
PNS,STL,1
PPK,ALA,1
PVG,MAN,1
PZO,PMV,1
SAT,OKC,1
SFO,SJO,1
SGF,AZA,1
SJO,SFO,1
SKP,BTS,1
SMF,DTW,1
STL,PNS,1
TAO,KWL,1
TAP,TIJ,1
TAS,HKT,1
TBS,SVX,1
TEN,KWE,1
TRV,CMB,1
VLC,BCN,1
WNZ,ACX,1
YTY,HAK,1
ZAG,FCO,1
ZSJ,YXL,1
AKL,HNL,1
ALG,MPL,1
AMD,IXG,1
AUH,DUS,1
BEY,CPH,1
BHX,OPO,1
CAG,PMO,1
CPH,BEY,1
DJE,BRU,1
DUS,AUH,1
DUS,GWT,1
DXB,AER,1
EBA,PSA,1
FKI,FIH,1
FOC,JNG,1
FUE,LPL,1
GWT,DUS,1
GYS,SZX,1
HAV,CCS,1
HEL,MHQ,1
HKT,TAS,1
HPN,MYR,1
IXG,AMD,1
JAI,MCT,1
JBK,YIN,1
JED,TBS,1
JFK,HYA,1
JIK,LXS,1
JNG,FOC,1
KMG,CMB,1
KRV,PKC,1
KZR,IST,1
LIH,SAN,1
LPL,FUE,1
LXS,JIK,1
LXS,SKG,1
MCT,JAI,1
MHQ,HEL,1
MPL,ALG,1
MYR,HPN,1
NCE,EWR,1
OPO,BHX,1
OSS,SVO,1
PMO,CAG,1
PSA,EBA,1
PUS,YNJ,1
SAN,LIH,1
SHA,HUZ,1
SJD,YYZ,1
SKG,LXS,1
SVO,OSS,1
SVQ,TSF,1
SXR,BLR,1
SZX,GYS,1
TIJ,TAP,1
TSF,SVQ,1
VVC,MSK,1
WUH,KUL,1
YIN,JBK,1
YNJ,PUS,1
YOW,PUJ,1
YYZ,SJD,1
ABV,IST,1
ACX,WNZ,1
AMM,MJI,1
AOG,PVG,1
AOK,RHO,1
AYT,PEE,1
BEG,JFK,1
BGO,BOO,1
BLQ,DUS,1
BNE,SGN,1
BRI,WAW,1
BZO,DUS,1
CCU,DED,1
CGQ,DSN,1
DED,CCU,1
DSM,PGD,1
DSN,CGQ,1
DUS,BLQ,1
DUS,BZO,1
DUS,RMO,1
EWR,NCE,1
HKT,MEL,1
HMB,RUH,1
IAS,TSF,1
IST,ABV,1
IST,HAV,1
JED,NMA,1
JFK,BEG,1
JSH,KSJ,1
KIR,STN,1
KSJ,AOK,1
LIS,LPA,1
LPA,LIS,1
LYA,URC,1
MAD,TIA,1
MCT,UKH,1
MEL,HKT,1
MIG,SYX,1
MMX,SKP,1
NLA,FBM,1
PGD,DSM,1
PVG,AOG,1
PVR,YUL,1
RMO,DUS,1
SGN,BNE,1
SKP,MMX,1
STN,KIR,1
SVO,VRA,1
SYX,MIG,1
TIA,MAD,1
TIJ,SLP,1
TSF,IAS,1
UKH,MCT,1
WAW,BRI,1
YUL,PVR,1
ALC,PRG,1
AMM,JFK,1
AOK,KSJ,1
ARN,FAO,1
ATH,SKU,1
ATL,ELH,1
AYT,GRZ,1
BHO,REW,1
CMB,KMG,1
DLC,TNH,1
DSN,TAO,1
DXB,RIX,1
ELH,ATL,1
EVN,OVB,1
FAO,ARN,1
FUE,NCL,1
GDN,HAU,1
GRZ,AYT,1
HAU,GDN,1
HLD,JGD,1
HTN,YIN,1
JFK,AMM,1
JGD,HLD,1
JIC,PKX,1
KSJ,JSH,1
LAX,ZIH,1
LED,NOZ,1
MAH,MRS,1
MIA,AVL,1
MNU,RGN,1
MRS,MAH,1
NCL,FUE,1
NOZ,LED,1
OVB,EVN,1
PGD,RFD,1
PRG,ALC,1
PUJ,YOW,1
RFD,PGD,1
RGN,MNU,1
RHO,AOK,1
SKU,ATH,1
SLP,TIJ,1
SLU,ANU,1
STN,TRF,1
TAO,DSN,1
TNH,DLC,1
TQO,YUL,1
TRF,STN,1
URC,LYA,1
VRA,SVO,1
YIN,HTN,1
ZIH,LAX,1
AER,DXB,1
AVL,MIA,1
BEG,BVA,1
BGY,BHX,1
BHX,BGY,1
BJV,STN,1
BKK,CSX,1
BNA,YYC,1
BSZ,LED,1
BVA,BEG,1
CGO,LFQ,1
CIF,TNA,1
CSX,BKK,1
EZE,CRD,1
FAT,MLM,1
FEZ,LYS,1
JJN,MFM,1
KGS,SKG,1
KZN,KGD,1
LED,BSZ,1
LFQ,CGO,1
LYS,FEZ,1
MAH,BRS,1
MAN,RIX,1
MDL,HOX,1
MFM,JJN,1
MHQ,TKU,1
MLM,FAT,1
OLB,VCE,1
PKX,JIC,1
REW,BHO,1
RIX,DXB,1
RIX,MAN,1
SKG,KGS,1
STN,BJV,1
TKU,MHQ,1
TNA,CIF,1
VCE,OLB,1
WAW,GYD,1
XAU,CAY,1
YUL,YWK,1
YWK,YUL,1
YYC,BNA,1
ACE,MUC,1
AKA,PVG,1
ASJ,KIX,1
ATL,FAT,1
AYT,BGW,1
BGW,AYT,1
BGY,TLS,1
BRS,MAH,1
BTS,HRG,1
BUS,SAW,1
CFU,AMS,1
CHQ,FRA,1
CTA,PSR,1
DMK,KTI,1
EOH,BAQ,1
ESU,ORY,1
FAT,ATL,1
FSC,LYS,1
GYD,WAW,1
HIR,POM,1
IKT,PEK,1
KGD,KZN,1
KIX,ASJ,1
KTI,DMK,1
LAX,OAX,1
LGW,PEK,1
LIL,ORN,1
LYS,FSC,1
NAP,RAK,1
OAX,LAX,1
ORY,ESU,1
PEK,IKT,1
PEK,LGW,1
PGD,TYS,1
PSR,CTA,1
PVG,AKA,1
RAK,NAP,1
RHO,NUE,1
SAW,BUS,1
SKB,STT,1
STR,ZAG,1
STT,SKB,1
TAO,WDS,1
TFN,VGO,1
TLS,BGY,1
TNG,CMN,1
TYS,PGD,1
VGO,TFN,1
VIE,EBL,1
WDS,TAO,1
WRO,ZAD,1
YUL,TQO,1
ZAD,WRO,1
ZAG,STR,1
AHO,BTS,1
ALC,WRO,1
ASP,MEL,1
AUS,FRA,1
AZA,RAP,1
BAQ,EOH,1
BCN,EMA,1
BDL,RIC,1
BFN,GRJ,1
BHX,MAD,1
BTS,AHO,1
BZG,STN,1
CCU,GOX,1
CGN,NDR,1
CMN,TNG,1
CRM,MNL,1
DEB,MUC,1
EBL,VIE,1
EMA,BCN,1
FAO,SNN,1
FRA,AUS,1
GOX,CCU,1
GRJ,BFN,1
HRG,BTS,1
KHN,LYA,1
KWE,BKK,1
LUD,ERS,1
LYA,HRB,1
MAD,BHX,1
MEL,ASP,1
MNL,CRM,1
MUC,DEB,1
NDR,CGN,1
NUE,RHO,1
POM,HIR,1
PPQ,BHE,1
RAP,AZA,1
RDU,ROC,1
RIC,BDL,1
ROC,RDU,1
RPR,VTZ,1
SKD,SVO,1
SNN,FAO,1
STN,BZG,1
SVO,SKD,1
TGZ,TIJ,1
TIJ,TGZ,1
TLS,BSL,1
VTZ,RPR,1
WRO,ALC,1
ZPB,ZRJ,1
ACX,NGB,1
ADB,ERZ,1
ALA,CAN,1
ALA,SAW,1
ASR,ECN,1
BAH,BGW,1
BHE,PPQ,1
BSL,TLS,1
BZR,CRL,1
CAN,ALA,1
CAN,SUB,1
CFU,VIE,1
CGN,SPU,1
CID,PGD,1
CRL,BZR,1
ECN,ASR,1
EGM,HIR,1
ERZ,ADB,1
EUG,SJC,1
FCA,SFO,1
FRA,RDU,1
HSR,PNQ,1
HTN,KHG,1
KIX,AUH,1
LHW,ZUH,1
LYA,NNG,1
MID,QRO,1
MRS,VLC,1
MUC,ACE,1
MYY,SIN,1
NGB,ACX,1
NNG,LYA,1
PGD,CID,1
RDU,FRA,1
REU,GLA,1
RHO,HAJ,1
RMO,TBS,1
SFO,FCA,1
SJC,EUG,1
SJC,IAH,1
SPU,CGN,1
SYZ,KWI,1
TBS,RMO,1
VIE,CFU,1
VLC,MRS,1
WUX,HNY,1
YYC,YXY,1
ZUH,LHW,1
AGP,ANR,1
ANR,AGP,1
ANU,YYZ,1
AUH,KIX,1
AVP,MCO,1
BCN,HHN,1
BJA,LYS,1
BKK,STV,1
BLR,SXR,1
BNX,VIE,1
BRU,SOF,1
BVA,ORK,1
CAK,RSW,1
CCP,LSC,1
CKG,WUA,1
CMN,RUH,1
CNX,PUS,1
DJE,LUX,1
DUB,GDN,1
EMA,IBZ,1
ERS,LUD,1
FOC,HIA,1
FRA,CHQ,1
GDN,DUB,1
GDN,KEF,1
GLA,REU,1
HAJ,RHO,1
HHN,BCN,1
HIA,FOC,1
HIA,KWL,1
HIJ,HKG,1
HKG,HIJ,1
HRB,LYA,1
IAH,SJC,1
JED,SKT,1
JFK,NCE,1
JHB,TWU,1
JNB,ZNZ,1
KEF,GDN,1
KLF,LED,1
KWI,SYZ,1
KWL,HIA,1
LED,KLF,1
LYA,KHN,1
LYS,BJA,1
MCO,AVP,1
MJZ,YKS,1
MLA,PSA,1
NCE,JFK,1
NDC,HYD,1
NOS,RUN,1
OKJ,PVG,1
ORK,BVA,1
ORN,CZL,1
PEE,AYT,1
PSA,MLA,1
PUS,CNX,1
PVG,OKJ,1
QRO,MID,1
RSW,CAK,1
RTM,LPA,1
RUN,NOS,1
SIN,MYY,1
SKG,BRU,1
SKT,JED,1
SOF,BRU,1
STV,BKK,1
SUB,CAN,1
TTA,CMN,1
TWU,JHB,1
VIE,BNX,1
WUA,CKG,1
AQI,JED,1
ARC,FAI,1
ARN,MXP,1
BCN,GOA,1
BER,OLB,1
BGI,PTY,1
BGW,BAH,1
BGY,DUS,1
BHX,AGA,1
CAI,DUB,1
CDG,LFW,1
CKG,PNH,1
CLJ,EIN,1
CRL,FEZ,1
CWB,SCL,1
DUB,CAI,1
DUR,GRJ,1
DUS,BGY,1
DUS,GRZ,1
EIN,CLJ,1
EMA,PFO,1
EWR,HHH,1
EZE,GYE,1
FEZ,CRL,1
GOA,BCN,1
GRJ,DUR,1
GRZ,DUS,1
GYE,EZE,1
HHH,EWR,1
HKG,HUN,1
HOX,MDL,1
HSG,ICN,1
HUN,HKG,1
IBZ,EMA,1
ICN,HSG,1
IST,FIH,1
JED,AQI,1
KHG,HTN,1
KRK,RIX,1
LCA,BAH,1
LGA,HSV,1
LPA,RTM,1
MDC,SIN,1
MPL,ORN,1
MRS,RNS,1
MXP,ARN,1
OLB,BER,1
ORN,MPL,1
PFO,EMA,1
PNH,CKG,1
PTY,BGI,1
RIX,KRK,1
RKZ,CTU,1
RNS,MRS,1
SCL,CWB,1
SIN,MDC,1
SSG,LFW,1
TLQ,TWC,1
TLV,BOJ,1
TSV,CNJ,1
TWC,TLQ,1
YYZ,ANU,1
AAL,AGP,1
AGA,BHX,1
AGP,AAL,1
AKL,PEK,1
AMM,ISU,1
AUS,PTY,1
BDS,TRS,1
BGY,CFU,1
BLQ,SSH,1
BRI,POZ,1
BRU,SKG,1
BUD,MRS,1
CFU,BGY,1
CTU,RKZ,1
EBJ,SVG,1
HAM,LIN,1
HAS,SHJ,1
HSV,LGA,1
HYD,KNU,1
HYD,NDC,1
IAG,PGD,1
INH,VNX,1
ISP,MIA,1
ISU,AMM,1
JJN,SIN,1
KNU,HYD,1
KRK,ZAD,1
LFW,SSG,1
LIN,HAM,1
LIS,SFO,1
LSC,CCP,1
MAD,TTU,1
MIA,ISP,1
MKZ,SIN,1
MRS,BUD,1
NUE,TIA,1
PEK,AKL,1
PGD,IAG,1
POZ,BRI,1
PTY,AUS,1
SFO,LIS,1
SHJ,HAS,1
SIN,JJN,1
SIN,MKZ,1
SVG,EBJ,1
TIA,NUE,1
TRS,BDS,1
TTU,MAD,1
ZAD,KRK,1
ACE,MXP,1
ADB,ATH,1
AMS,ESB,1
ATH,ADB,1
AZA,PIA,1
BDS,BSL,1
BSL,BDS,1
CCS,HAV,1
CEB,SGN,1
CFU,EMA,1
CNF,MCO,1
CTL,BNE,1
DUB,IAS,1
DYU,URC,1
EGE,LAX,1
EMA,CFU,1
ESB,AMS,1
FLN,POA,1
HAN,KTI,1
HQL,KHG,1
IAS,DUB,1
IKT,OSS,1
JHG,KWL,1
KCA,TLQ,1
KHG,HQL,1
KTI,HAN,1
KWL,JJN,1
LAX,EGE,1
LED,STW,1
LPA,RAK,1
LPL,ORK,1
LUX,DJE,1
MRS,YUL,1
NDR,NRN,1
NRN,NDR,1
ORK,LPL,1
OSS,IKT,1
PIA,AZA,1
POA,FLN,1
RAK,LPA,1
SSH,BRI,1
STX,VQS,1
TBG,UNG,1
TLQ,KCA,1
TLV,NAP,1
TSF,VIE,1
UFA,KGP,1
VIE,TSF,1
VNO,TLV,1
VQS,STX,1
XMN,WMT,1
YCU,ZUH,1
YHZ,YHM,1
YUL,MRS,1
ZUH,YCU,1
AYT,BRQ,1
BAH,LCA,1
BCN,IAS,1
BJX,SJD,1
BRQ,AYT,1
BSL,DXB,1
BUD,ICN,1
CAI,KAN,1
CGK,TFU,1
CJJ,TAO,1
CWL,TFS,1
DIE,DZA,1
DLC,JUZ,1
DLM,LBA,1
DUS,SZF,1
DXB,BSL,1
DYG,LHW,1
EFL,MAN,1
FCO,SIN,1
FEG,IST,1
FEZ,RAK,1
FRL,PMO,1
HAM,OTP,1
IAS,BCN,1
ICN,BUD,1
IST,FEG,1
JUZ,DLC,1
LBA,DLM,1
LCG,LGW,1
LGW,LCG,1
LHW,DYG,1
LTN,PFO,1
MAN,EFL,1
MCO,CNF,1
MDW,ZCL,1
MJI,AMM,1
MRS,TNG,1
OTP,HAM,1
PFO,LTN,1
PMO,FRL,1
RAK,BRS,1
RAK,FEZ,1
RMO,SSH,1
SGN,CEB,1
SHF,TNA,1
SIN,FCO,1
SJD,BJX,1
SSH,RMO,1
SZF,DUS,1
TAO,CJJ,1
TFU,CGK,1
TNA,SHF,1
TNG,MRS,1
YAB,YFB,1
YHM,YHZ,1
YRB,YAB,1
ZCL,MDW,1
AAT,HMI,1
ACX,HUZ,1
ADD,LBV,1
ADD,LLW,1
AMS,SZG,1
ATH,IAD,1
ATL,SLP,1
BCN,YYZ,1
BER,SZG,1
BGA,CTG,1
BIS,ORD,1
BRS,RAK,1
BVA,ZAG,1
BYK,ABJ,1
CDG,FSC,1
CTG,BGA,1
DEN,IST,1
DEN,MTY,1
DFW,BCN,1
DSS,DXB,1
DXB,CKY,1
DXB,LAD,1
ENH,XNN,1
ESB,GZP,1
FIH,MJM,1
FLL,BHM,1
FLN,PTY,1
FSC,CDG,1
FSZ,OKD,1
GLA,IBZ,1
GZP,ESB,1
HGH,DOH,1
HMI,AAT,1
HUZ,ACX,1
IAD,ATH,1
IBZ,GLA,1
INI,BEG,1
IST,DEN,1
IST,SXZ,1
JHB,SUB,1
KHV,NER,1
LAD,DXB,1
LBA,LPA,1
LBA,RIX,1
LHR,RAK,1
LHR,TFS,1
LPA,LBA,1
MEX,PHL,1
MIA,TLV,1
MJM,FIH,1
MMJ,OKD,1
MRS,MIR,1
MTY,DEN,1
NAP,TLV,1
NER,KHV,1
NKT,SAW,1
NRN,ZAD,1
NRT,BWN,1
OKD,FSZ,1
OKD,MMJ,1
ORD,BIS,1
POS,DOM,1
PVG,SZH,1
RAK,LHR,1
RIX,LBA,1
SAW,NKT,1
SLP,ATL,1
STW,LED,1
SUB,JHB,1
SXZ,IST,1
SZG,AMS,1
SZG,BER,1
SZH,PVG,1
TFS,CWL,1
TFS,LHR,1
TLV,MIA,1
TLV,VNO,1
TOF,VKO,1
TRE,OBN,1
URC,DYU,1
WTL,EEK,1
XNN,ENH,1
YYZ,BCN,1
ZAD,NRN,1
ZAG,BVA,1
AAN,CCJ,1
ACX,XIY,1
ADD,KHI,1
ADD,MAA,1
AGP,DOH,1
AMD,NDC,1
ATL,JAC,1
AZA,CID,1
BAH,MUC,1
BCN,DFW,1
BEG,CAN,1
BEK,BOM,1
BGG,ESB,1
BHM,FLL,1
BKK,ISB,1
BKK,TAS,1
BNE,CTL,1
BNE,KIX,1
BOM,BEK,1
BOS,SAL,1
BPN,SIN,1
BRS,FNC,1
BTJ,PEN,1
BVA,FAO,1
BWI,PTY,1
BWN,NRT,1
BZE,RTB,1
BZX,SZX,1
CAN,BEG,1
CAN,HQQ,1
CAN,JGN,1
CAN,NGO,1
CAN,SQD,1
CAN,XIC,1
CCJ,AAN,1
CDP,MAA,1
CGO,LZH,1
CGO,TCG,1
CID,AZA,1
CIF,WUA,1
CIH,TFU,1
CKG,TSA,1
CLT,DUB,1
CLT,FCO,1
CMB,NRT,1
CNS,KIX,1
CNS,PPP,1
CNS,SIN,1
CNX,HHQ,1
CPV,SSA,1
DLC,DQA,1
DOH,AGP,1
DOH,HGH,1
DOY,PEK,1
DQA,DLC,1
DSS,FCO,1
DUB,CLT,1
ENH,KMG,1
ENH,NKG,1
ENH,TFU,1
ENH,TNA,1
ESB,BGG,1
FAO,BVA,1
FBM,DAR,1
FCO,CLT,1
FIH,BZV,1
FNC,BRS,1
FNC,WAW,1
FOC,XFN,1
GAL,RBY,1
GEO,IAH,1
GLA,LDY,1
GOI,ISK,1
GUM,TKK,1
HAK,ENH,1
HAK,VTE,1
HCZ,XIY,1
HDG,HRB,1
HDG,XMN,1
HER,OTP,1
HGH,HJJ,1
HGH,UYN,1
HHN,TIA,1
HHQ,CNX,1
HJJ,HGH,1
HJJ,LJG,1
HJJ,SYX,1
HKG,MAD,1
HMO,QRO,1
HNL,MAJ,1
HQQ,CAN,1
HRB,HDG,1
HRB,JNG,1
HRB,JSJ,1
HRE,LLW,1
HVN,SRQ,1
HYD,IXA,1
HZG,NTG,1
HZG,UYN,1
IAD,JED,1
ICN,MXP,1
IKT,NER,1
INU,BNE,1
ISB,BKK,1
ISK,GOI,1
IXA,HYD,1
IXB,RDP,1
JAC,ATL,1
JBK,LHW,1
JED,FRA,1
JED,JFK,1
JFK,JED,1
JGN,PVG,1
JGS,XIY,1
JNB,TNR,1
JNG,HRB,1
JNG,KWE,1
JNG,KWL,1
JSJ,HRB,1
JUH,SZX,1
JXA,TNA,1
KCA,ZFL,1
KHI,ADD,1
KHN,NNY,1
KIX,BNE,1
KIX,XIY,1
KMG,ENH,1
KMG,SHS,1
KWE,JNG,1
KWL,JNG,1
LDY,GLA,1
LGW,PMO,1
LHR,SKG,1
LHW,JBK,1
LJG,HJJ,1
LLW,LUN,1
LOP,SIN,1
LPA,ZAZ,1
LZG,PEK,1
LZH,CGO,1
MAA,CDP,1
MAD,HKG,1
MAJ,HNL,1
MED,AHB,1
MFM,WUH,1
MHD,PGU,1
MTY,AUS,1
MUC,BAH,1
MVP,BOG,1
MXP,ICN,1
MXP,TPE,1
NCE,SAW,1
NER,IKT,1
NGO,CAN,1
NKC,ALG,1
NKG,NNY,1
NNY,KHN,1
NNY,NKG,1
NQU,UIB,1
NSI,ADD,1
NTG,HZG,1
OMR,WAW,1
ORK,VLC,1
PEK,DOY,1
PEK,LZG,1
PEN,BTJ,1
PGU,MHD,1
PHL,MEX,1
PHL,VCE,1
PKX,WUZ,1
PMO,LGW,1
PNH,TFU,1
PPP,CNS,1
PRG,PSA,1
PSA,PRG,1
PTY,BWI,1
PTY,FLN,1
PTY,RDU,1
PUS,DPS,1
PVG,BAH,1
PVG,JGN,1
PVG,YYZ,1
QRO,HMO,1
RBY,GAL,1
RDP,IXB,1
RDU,PTY,1
RTB,BZE,1
SAL,BOS,1
SAW,NCE,1
SCU,HAV,1
SHE,HDG,1
SHJ,TZX,1
SHS,KMG,1
SHS,TNA,1
SIN,BPN,1
SIN,CNS,1
SIN,LOP,1
SKG,LHR,1
SQD,DLC,1
SRQ,HVN,1
SSA,CPV,1
SVO,SYX,1
SYM,ZAT,1
SYX,HJJ,1
SYX,ZYI,1
SZX,BZX,1
SZX,JUH,1
SZX,UYN,1
TAS,BKK,1
TCG,CGO,1
TFU,CIH,1
TFU,ENH,1
TFU,TSA,1
TIA,HHN,1
TKK,PNI,1
TNA,ENH,1
TNA,JXA,1
TNA,SHS,1
TNR,JNB,1
TPE,MUC,1
TRV,PNQ,1
TSA,CKG,1
TSA,TFU,1
TZX,SHJ,1
UIB,NQU,1
UYN,HGH,1
UYN,HZG,1
UYN,SZX,1
VCE,PHL,1
VLC,ORK,1
WAW,FNC,1
WAW,OMR,1
WGN,HAK,1
WUA,CIF,1
WUH,MFM,1
WUZ,PKX,1
XFN,FOC,1
XIC,CAN,1
XIY,ACX,1
XIY,JGS,1
XIY,KIX,1
XIY,TLQ,1
XIY,WGN,1
XIY,ZAT,1
YRT,YVO,1
YUL,YGL,1
YVO,YRT,1
YYZ,PVG,1
ZAT,SYM,1
ZAT,XIY,1
ZAZ,LPA,1
ZFL,KCA,1
ZYI,SYX,1
ACC,CAI,1
ADD,NLA,1
ADZ,PTY,1
AGA,FEZ,1
AHB,TUU,1
ALG,NKC,1
AMM,MXP,1
ANU,KIN,1
APL,VXC,1
AUH,BUD,1
BAH,PVG,1
BBI,VNS,1
BEG,INI,1
BNE,WTB,1
BOG,MVP,1
BOG,VLN,1
BQT,SVO,1
BRM,PMV,1
BVC,MAN,1
BWN,KCH,1
BZV,FIH,1
CAI,ACC,1
CAI,NDJ,1
CAN,RUH,1
CAN,YYZ,1
CDT,MAD,1
CGO,DAT,1
CJB,CMB,1
CKY,CDG,1
CLO,IPI,1
CMB,CJB,1
CMB,KTM,1
CMB,LHE,1
CMB,SYD,1
CRL,IBZ,1
CUZ,LPB,1
DAC,HKG,1
DAT,CGO,1
DMK,OKA,1
DPS,PUS,1
DTW,FCO,1
DUS,KRK,1
DUS,MLA,1
EHU,SZX,1
EHU,TSN,1
ELD,MEM,1
ENH,HAK,1
ENH,TSN,1
FEZ,AGA,1
FIH,FKI,1
FKB,OPO,1
FRA,JED,1
GDN,TRD,1
GGR,ADD,1
GRU,LAX,1
GUW,URA,1
HAK,WGN,1
HBE,SAW,1
HGH,NAO,1
HKG,DAC,1
HKT,PER,1
HRO,MEM,1
HSL,HUS,1
HYD,SXV,1
IAH,GEO,1
IBZ,CRL,1
INH,MPM,1
IPI,CLO,1
JED,IAD,1
JED,MAD,1
JED,YYZ,1
KCH,BWN,1
KIF,YXL,1
KIX,CNS,1
KMQ,PVG,1
KRK,DUS,1
KTM,CMB,1
LAX,GRU,1
LBD,SGC,1
LHE,CMB,1
LIH,SMF,1
LIS,RTM,1
LPB,CUZ,1
LZO,TNA,1
MAA,ADD,1
MAD,CDT,1
MAD,JED,1
MAN,BVC,1
MEL,PEK,1
MEL,WOL,1
MEM,ELD,1
MEM,HRO,1
MID,TGZ,1
MLA,DUS,1
MLA,TUN,1
MPM,VNX,1
MRX,THR,1
MSA,YXL,1
MUC,TPE,1
MXP,AMM,1
MZT,QRO,1
NAO,HGH,1
NDJ,CAI,1
NGB,YIC,1
NKG,ENH,1
NRT,CMB,1
OBN,TRE,1
OKA,DMK,1
ONT,ORD,1
OPO,FKB,1
OTP,HER,1
PDA,VVC,1
PEK,MEL,1
PER,HKT,1
PMV,BRM,1
PTY,ADZ,1
PVG,KMQ,1
QRO,MZT,1
RMA,CTL,1
RTM,LIS,1
SAW,HBE,1
SAW,VCE,1
SGC,LBD,1
SIN,BRU,1
SIN,UPG,1
SMF,LIH,1
SQD,TNA,1
SUR,WNN,1
SVO,BQT,1
SVQ,BRU,1
SXV,HYD,1
SYD,CMB,1
SYX,SVO,1
SZX,EHU,1
TAL,HSL,1
TAO,TPE,1
TFU,PNH,1
TGZ,MID,1
THR,MRX,1
TLQ,XIY,1
TNA,LZO,1
TNA,SQD,1
TPE,MXP,1
TPE,TAO,1
TRD,GDN,1
TSN,EHU,1
TSN,ENH,1
TUC,COR,1
TUN,MLA,1
UPG,SIN,1
URA,GUW,1
VCE,SAW,1
VDM,AEP,1
VKO,TOF,1
VLN,BOG,1
VNS,BBI,1
VVC,PDA,1
VXC,APL,1
WGN,XIY,1
WMT,XMN,1
WNN,KIF,1
WNZ,XFN,1
WOL,BNE,1
WTB,BNE,1
WTK,KVL,1
XFN,WNZ,1
XIY,HCZ,1
YIC,NGB,1
YQY,YHZ,1
YQZ,YWL,1
YUL,SNU,1
YXL,MSA,1
YXL,SUR,1
YYZ,CAN,1
YYZ,JED,1
ADD,LGW,1
AEP,VDM,1
AKL,MCY,1
ALG,ELG,1
AOR,JHB,1
AUS,MTY,1
BNE,WOL,1
BOD,ORN,1
BOS,EYW,1
BRU,SVQ,1
BSL,IBZ,1
BWI,VPS,1
CDG,IBZ,1
COR,TUC,1
CSX,SZH,1
DFW,MEL,1
DOH,NJF,1
DUB,SOF,1
DZH,ZUH,1
ENY,KMG,1
ENY,TSN,1
EWR,WAW,1
EXT,NCL,1
EYW,BOS,1
FCO,BKK,1
FKB,ZAG,1
FUG,PVG,1
GIB,MAN,1
GLA,ORK,1
HAK,YLX,1
HDG,SHE,1
HET,HIA,1
HFE,HKG,1
HIA,HET,1
HKG,HFE,1
IBZ,BSL,1
IBZ,CDG,1
ICN,KMI,1
IST,DLA,1
JAF,TRZ,1
JHB,AOR,1
KAN,CAI,1
KMG,ENY,1
KMI,ICN,1
LBD,OVB,1
LGW,ADD,1
LHW,YIH,1
LIS,OXB,1
LLV,PVG,1
MAH,EMA,1
MAN,GIB,1
MCY,AKL,1
MEL,DFW,1
MVD,BOG,1
NBC,AER,1
NCL,EXT,1
NDC,AMD,1
NJF,DOH,1
NRN,ZAG,1
NTE,VLC,1
ORD,ONT,1
ORK,GLA,1
ORN,BOD,1
ORY,PUJ,1
OTP,TFS,1
OVB,LBD,1
OXB,LIS,1
PDX,SJD,1
PNQ,TRV,1
PVG,FUG,1
PVG,LLV,1
RUH,CAN,1
SIN,VTZ,1
SJD,PDX,1
SJW,UCB,1
SPU,PRG,1
SZH,CSX,1
SZH,TSN,1
SZX,XIC,1
TFS,OTP,1
TFU,LNJ,1
TLV,TAS,1
TLV,VCE,1
TRZ,JAF,1
TSN,ENY,1
TSN,SZH,1
UCB,SJW,1
VCE,TLV,1
VLC,NTE,1
VPS,BWI,1
VTZ,SIN,1
WAW,EWR,1
WOL,MEL,1
XIC,SZX,1
XMN,HDG,1
YIH,LHW,1
YIH,ZUH,1
YLX,XIY,1
YUL,ZBF,1
ZAG,FKB,1
ZAG,NRN,1
ZBF,YUL,1
ZUH,DZH,1
ZUH,YIH,1
ADD,NIM,1
AMS,CFU,1
BKK,FCO,1
BOG,MVD,1
BPN,PKY,1
BRE,SAW,1
BRI,NRN,1
BSL,TFS,1
BWI,MCN,1
CAN,LHE,1
CGA,HYL,1
CGA,KTN,1
CGN,SJJ,1
COR,IGR,1
COV,SVO,1
DFW,MZT,1
DVO,MPH,1
EMA,MAH,1
FCO,DTW,1
HAK,LLF,1
HGH,SGN,1
HGO,BYK,1
HNY,KWE,1
HRB,KOW,1
HYL,CGA,1
HZG,PVG,1
IGR,COR,1
JJU,JNS,1
JUJ,COR,1
KOW,HRB,1
KTB,HYL,1
KWE,HNY,1
LHE,CAN,1
LLF,XIY,1
LNJ,TFU,1
LZO,XMN,1
MCN,BWI,1
MCT,PZU,1
MIR,MRS,1
MPH,DVO,1
MRS,SVQ,1
MSP,PWM,1
MZT,DFW,1
NAP,TRS,1
NIM,ADD,1
NRN,BRI,1
NZH,TGO,1
PBG,PHL,1
PHL,PBG,1
PKY,BPN,1
PPT,TUB,1
PRG,SPU,1
PVG,HZG,1
PWM,MSP,1
SAW,BRE,1
SID,BVC,1
SJJ,CGN,1
SOF,DUB,1
SVO,COV,1
SVQ,MRS,1
TFS,BSL,1
TGO,NZH,1
TRS,NAP,1
XIY,YLX,1
YLX,HAK,1
ADD,DEM,1
AGA,MRS,1
ALA,FRA,1
ATH,RMO,1
BPN,PLW,1
BRU,SIN,1
BUD,AUH,1
BUD,FMM,1
BUR,MCI,1
CAN,CMB,1
CDG,CKY,1
CDG,CZL,1
CMN,OPO,1
CTL,RMA,1
CZL,CDG,1
DAM,EBL,1
DOH,ESB,1
DSM,SFB,1
DUS,TZX,1
ESB,DOH,1
EWR,SNN,1
FMM,BUD,1
FRA,GIG,1
GEO,SDQ,1
GIG,FRA,1
GVA,JED,1
HAK,UYN,1
HAK,WXN,1
HBX,PNQ,1
HTT,XNN,1
HYN,SHS,1
JED,GVA,1
KEF,ORY,1
KGF,SVO,1
KGP,UFA,1
KIJ,UKB,1
KIN,ANU,1
KJA,ABA,1
KMG,KWL,1
KWE,SHS,1
KWL,KMG,1
LHR,SAW,1
LLF,HAK,1
LPL,WAW,1
LYS,MAH,1
MAH,LYS,1
MCI,BUR,1
MDW,ROC,1
MIA,YVR,1
MRS,AGA,1
NLU,SDQ,1
OPO,CMN,1
ORY,KEF,1
PDX,PVR,1
PHX,TEX,1
PKX,SVX,1
PKX,YZY,1
PLW,BPN,1
PNQ,HBX,1
PVR,PDX,1
RMO,ATH,1
ROC,MDW,1
SAW,LHR,1
SCO,URA,1
SDQ,GEO,1
SDQ,NLU,1
SFB,DSM,1
SHS,HYN,1
SHS,KWE,1
SNN,EWR,1
SVO,KGF,1
SVX,PKX,1
TEX,PHX,1
TGU,PEU,1
TZX,DUS,1
UKB,KIJ,1
URA,SCO,1
UYN,HAK,1
VLC,WAW,1
WAW,LPL,1
WAW,VLC,1
WXN,HAK,1
XIY,LLF,1
XNN,HTT,1
YBB,YYH,1
YHK,YZF,1
YQM,YYY,1
YVR,MIA,1
YYH,YZF,1
YYY,YQM,1
YZY,PKX,1
YZY,WUH,1
ADD,TFU,1
ARU,CGH,1
ASB,BKN,1
ATL,MHH,1
BAR,TYN,1
BFX,DLA,1
BHX,LIS,1
BKN,ASB,1
BOO,BGO,1
BRI,MAD,1
BRI,PRG,1
BUR,RDM,1
BUS,MSQ,1
BUZ,MHD,1
CAN,LZY,1
CGH,ARU,1
CHQ,ORY,1
CMB,CAN,1
CMB,KHI,1
CTU,YCU,1
CZS,RBR,1
DLI,KUL,1
DME,BUS,1
DZA,NOS,1
EBL,DAM,1
FMM,IAS,1
FRA,ALA,1
HRB,KMG,1
HSC,PKX,1
HYN,HAK,1
IAS,FMM,1
ICN,MAD,1
IKT,ULK,1
IST,TFU,1
JFK,SKB,1
JJN,LYG,1
KCH,PNK,1
KHI,CMB,1
KMG,HRB,1
KOW,TAO,1
KTW,HRG,1
KUL,DLI,1
LHR,LJU,1
LIS,BHX,1
LIS,ORD,1
LJU,LHR,1
LYG,JJN,1
MAD,BRI,1
MAD,ICN,1
MED,HYD,1
MHD,BUZ,1
MHH,ATL,1
MXP,ACE,1
NNG,YCU,1
NSI,IST,1
ORD,LIS,1
ORY,CHQ,1
PEU,TGU,1
PKX,HSC,1
PNK,KCH,1
PRG,BRI,1
RBR,CZS,1
RDM,BUR,1
ROR,TPE,1
RUH,ATZ,1
SGN,HGH,1
SKB,JFK,1
SNU,YUL,1
TAO,KOW,1
TFU,IST,1
TPE,ROR,1
ULK,IKT,1
WPL,YVR,1
XMN,LZO,1
YCU,CTU,1
YCU,NNG,1
YVR,WPL,1
AAP,YIA,1
ACE,NTE,1
ADD,MRS,1
AER,SCW,1
AGP,TTU,1
AOE,BRU,1
ARI,LSC,1
ATZ,RUH,1
BBI,VTZ,1
BDS,CRL,1
CLE,SJU,1
CNX,XIY,1
COR,JUJ,1
CRL,BDS,1
CTU,SQJ,1
DEL,KUU,1
DFW,STS,1
DLU,HFE,1
DXB,KIH,1
DXJ,SHE,1
DZA,DIE,1
EBB,ZNZ,1
FLL,SXM,1
FOR,JDO,1
GUA,ORD,1
HAK,HYN,1
HAK,ZYI,1
HFE,DLU,1
HFE,ICN,1
HFE,MFM,1
HID,MYI,1
HID,OKR,1
HOU,SAV,1
HRG,KTW,1
ICN,HFE,1
JDO,FOR,1
JTR,NAP,1
KHG,TNA,1
KIH,DXB,1
KMG,DXJ,1
KRK,PRG,1
LED,TFU,1
LEJ,LPA,1
LNL,PVG,1
LSC,ARI,1
LTN,SUJ,1
LZY,CAN,1
MFM,HFE,1
MRS,ADD,1
MRS,HER,1
MSQ,BUS,1
MSQ,NQZ,1
MXP,RZE,1
NAP,JTR,1
OAG,MEL,1
ORD,GUA,1
PEK,WGN,1
PRG,KRK,1
PVG,LNL,1
RBA,SVQ,1
ROS,GIG,1
RUH,CMN,1
RZE,MXP,1
SAV,HOU,1
SCW,AER,1
SFO,SGN,1
SGN,SFO,1
SHS,TSN,1
SJU,CLE,1
SQJ,CTU,1
STS,DFW,1
STT,VQS,1
SUJ,LTN,1
SVQ,RBA,1
SXM,FLL,1
TFU,ADD,1
TFU,LED,1
TIJ,ZIH,1
TNA,KHG,1
TSN,SHS,1
TTU,AGP,1
VQS,STT,1
VTZ,BBI,1
WGN,PEK,1
WMT,TNA,1
XIY,CNX,1
YAY,YBX,1
YBX,YAY,1
YIA,AAP,1
ZIH,TIJ,1
ZYI,HAK,1
ARN,CGN,1
ATQ,DMK,1
AXM,MDE,1
BAX,LED,1
BEG,TLV,1
BKK,KWE,1
BLQ,LTN,1
BOJ,LTN,1
BPN,MJU,1
BRU,AOE,1
BTV,DEN,1
BUS,DME,1
CDG,PHX,1
CGN,ARN,1
CGO,SIN,1
CGO,UCB,1
CHQ,MUC,1
CIA,GDN,1
CLT,MHH,1
CRK,MBT,1
DEN,BTV,1
DEN,ECP,1
DEN,PWM,1
DJE,DUS,1
DMK,ATQ,1
DXB,GIZ,1
DXJ,KMG,1
ECP,DEN,1
EGE,MIA,1
GDN,CIA,1
GDN,PRG,1
GIG,ROS,1
GIZ,DXB,1
HAK,TVS,1
HEH,THL,1
HER,MRS,1
KIX,CDG,1
KTW,OSL,1
KZN,MCX,1
LED,BAX,1
LKO,GOI,1
LTN,BLQ,1
LTN,BOJ,1
MBT,CRK,1
MCX,KZN,1
MDE,AXM,1
MEL,OAG,1
MHH,CLT,1
MIA,EGE,1
MJU,BPN,1
MUC,CHQ,1
NAP,OTP,1
NNM,VKO,1
NUE,OTP,1
OSL,KTW,1
OTP,NAP,1
OTP,NUE,1
PHX,CDG,1
PRG,GDN,1
PSP,SJC,1
PWM,DEN,1
RBA,STN,1
RTM,VLC,1
RUH,HMB,1
SBD,SFO,1
SFO,SBD,1
SHE,DXJ,1
SIN,CGO,1
SJC,PSP,1
STN,RBA,1
TLV,BEG,1
TVS,HAK,1
UCB,CGO,1
VLC,RTM,1
YXY,YYC,1
AMQ,NRE,1
ATH,HEL,1
BCD,DVO,1
BEG,STR,1
BGY,LCJ,1
BNA,SNA,1
BOM,IXZ,1
CDG,KIX,1
CDG,TFS,1
CGN,EDI,1
CGY,DVO,1
COK,BKK,1
DME,NOZ,1
DVO,BCD,1
DVO,CGY,1
DXB,ESB,1
EDI,CGN,1
EDI,KEF,1
FEG,OVB,1
FMM,ZAD,1
FRA,TOS,1
FUK,SGN,1
GOT,MAN,1
HAK,NNY,1
HLD,TNA,1
HND,CPH,1
HTN,KRL,1
IXZ,BOM,1
JAC,SEA,1
KEF,EDI,1
KRL,HTN,1
KZN,SSH,1
LCJ,BGY,1
LTN,BBU,1
LTN,TLL,1
MAN,GOT,1
MNL,SZX,1
NNY,HAK,1
NOZ,DME,1
NQZ,MSQ,1
NRE,AMQ,1
NSI,ABJ,1
ORD,RHI,1
ORY,SOF,1
OVB,FEG,1
OVB,UKK,1
PSA,TPS,1
PVG,YIN,1
RHI,ORD,1
RSD,GHB,1
SEA,JAC,1
SGN,FUK,1
SNA,BNA,1
SOF,ORY,1
SSH,KZN,1
STR,BEG,1
SZX,MNL,1
TFS,CDG,1
TLL,LTN,1
TNA,HLD,1
TNA,HYN,1
TNA,WMT,1
TOS,FRA,1
TPS,PSA,1
UKK,OVB,1
VKO,NNM,1
VNO,AYT,1
XUZ,YIH,1
YIH,XUZ,1
YIN,PVG,1
ZAD,FMM,1
ANU,SVD,1
BBU,LTN,1
BHX,FNC,1
BKK,COK,1
BLL,IST,1
BRE,ZRH,1
BVA,EDI,1
CAI,JNB,1
CKG,SQJ,1
CPH,HND,1
CTA,HHN,1
CUN,REX,1
CXR,KUL,1
DMK,LKO,1
DZH,SWA,1
EDI,BVA,1
ERL,TGO,1
GDL,SFO,1
GVA,SVQ,1
HAN,XIY,1
HEL,ATH,1
HHN,CTA,1
HRG,LYS,1
HRG,MXP,1
HYN,TNA,1
IMF,IXA,1
IST,BLL,1
IXA,IMF,1
JNB,CAI,1
KJA,KYZ,1
KLW,HYL,1
KUL,CXR,1
LKO,DMK,1
LYS,HRG,1
MCO,CHS,1
MLA,RIX,1
NAP,BRU,1
NGO,XIY,1
NTE,ACE,1
NUE,KGS,1
POS,AMS,1
PSR,TRN,1
PZU,MCT,1
REX,CUN,1
RIX,MLA,1
SDD,LAD,1
SFB,USA,1
SFO,GDL,1
SQJ,CKG,1
STN,SUF,1
SUF,STN,1
SVQ,GVA,1
SWA,DZH,1
TGO,ERL,1
TRN,PSR,1
TYN,BAR,1
USA,SFB,1
XIY,NGO,1
YHZ,YQY,1
ZRH,BRE,1
ABJ,NSI,1
ACE,SNN,1
AEP,CWB,1
ALA,CXR,1
AOI,CRL,1
BOS,TLV,1
BTH,DTB,1
BUD,LPA,1
CAK,MYR,1
CDG,FOR,1
CHS,MCO,1
CNF,TFL,1
CRL,AOI,1
CSX,WUZ,1
CWB,AEP,1
CXR,ALA,1
DUB,HHN,1
DUB,KTW,1
DZH,WNZ,1
ESB,DXB,1
EVN,ORY,1
FNC,BHX,1
FNC,VIE,1
FOR,CDG,1
GVN,UUS,1
HAK,ICN,1
HHN,DUB,1
ICN,HAK,1
ICN,OKJ,1
JMK,SKG,1
KGS,NUE,1
KTW,DUB,1
KUL,SWA,1
LAD,SDD,1
LPA,BUD,1
MAN,SVQ,1
MED,TUU,1
MLM,SJC,1
MXP,HRG,1
MYR,CAK,1
OKJ,ICN,1
ORY,EVN,1
ORY,OVD,1
OSS,VKO,1
OVD,ORY,1
PDL,JFK,1
PDV,STN,1
PVG,XNT,1
REG,VCE,1
REN,SVX,1
RUH,SJJ,1
SJC,MLM,1
SKG,JMK,1
SNN,ACE,1
STN,PDV,1
SVO,BQS,1
SVQ,MAN,1
SVX,REN,1
SWA,KUL,1
TFL,CNF,1
TLV,BOS,1
TYN,WDS,1
UBA,VCP,1
URC,DZH,1
UUS,GVN,1
VCE,REG,1
VCP,UBA,1
VIE,FNC,1
VKO,OSS,1
VTE,HAK,1
WDS,TYN,1
WNZ,DZH,1
WUZ,CSX,1
XIY,HAN,1
XNT,PVG,1
YEV,YOC,1
YIH,YNT,1
YNT,YIH,1
ABQ,MSP,1
ACX,SZX,1
ALA,KJA,1
ATL,CUR,1
AYT,VNO,1
BBI,JAI,1
BCN,DBV,1
BEG,BLQ,1
BEG,MMX,1
BLQ,BEG,1
BQS,SVO,1
BRS,MLA,1
BRS,OTP,1
BTS,CIA,1
BUD,PEK,1
BZX,CTU,1
CDG,CUN,1
CDG,CVG,1
CIA,BTS,1
CIF,XIY,1
CJS,MZT,1
COK,SGN,1
CRL,SDR,1
CUN,CDG,1
CUR,ATL,1
CVG,CDG,1
DBV,BCN,1
DLC,FUG,1
DSN,TGO,1
DUS,LYS,1
DZH,URC,1
ENY,CSX,1
FCO,IAS,1
FUG,DLC,1
FUG,NNG,1
HAK,WDS,1
HBA,PER,1
HGH,HZG,1
HKT,PEN,1
HNY,JJN,1
HTS,PIE,1
HZG,HGH,1
IAS,FCO,1
JAI,BBI,1
JFK,PDL,1
JHG,TYN,1
JJN,HNY,1
KJA,ALA,1
KWE,SIN,1
LAS,SBP,1
LYS,DUS,1
MED,KHI,1
MIA,PTP,1
MLA,BRS,1
MMX,BEG,1
MXP,VNO,1
MZT,CJS,1
NAP,VLC,1
NGB,WXN,1
NNG,FUG,1
OLB,VIE,1
OTP,BRS,1
PEK,BUD,1
PEN,HKT,1
PER,HBA,1
PIE,HTS,1
PIE,SGF,1
PMI,TSF,1
PTP,MIA,1
PVG,BZX,1
PVG,VIE,1
SDR,CRL,1
SGF,PIE,1
SGN,COK,1
SHE,WDS,1
SHS,SYX,1
SYX,SHS,1
SZX,ACX,1
TGO,DSN,1
TSF,PMI,1
TYN,JHG,1
VIE,OLB,1
VIE,PVG,1
VLC,NAP,1
VNO,MXP,1
WDS,HAK,1
WDS,SHE,1
WXN,NGB,1
XIY,CIF,1
YYZ,YQX,1
ATL,CTG,1
BBU,WAW,1
BRI,GOA,1
BSB,SCL,1
BUD,CAI,1
CAI,BUD,1
CAI,GVA,1
CGO,ZHY,1
CHQ,PFO,1
CIF,NZH,1
CIH,HAK,1
CLJ,FCO,1
CSX,ENY,1
CTA,TLV,1
CTG,ATL,1
CTG,MAD,1
CVG,SAV,1
DLI,HPH,1
DRV,IFU,1
DUS,NAP,1
FCO,CLJ,1
GOA,BRI,1
GVA,CAI,1
HAK,CIH,1
HOF,JED,1
HPH,DLI,1
HUO,PEK,1
JED,HOF,1
JED,ORN,1
JGN,URC,1
JJN,SYX,1
KHN,DSN,1
KHN,YNZ,1
KTW,AYT,1
LUX,MRS,1
LYA,SYX,1
MDE,UIO,1
MHD,ZBR,1
MRS,LUX,1
MSP,ABQ,1
NAP,DUS,1
NNG,SQD,1
NNG,XNN,1
NZH,CIF,1
PEK,HUO,1
PFO,CHQ,1
PIE,USA,1
POS,FLL,1
POZ,TRF,1
PVR,YWG,1
SAV,CVG,1
SBP,LAS,1
SCL,BSB,1
SIN,KWE,1
SQD,NNG,1
STN,ZAZ,1
SVQ,TFS,1
SYX,JJN,1
SYX,LYA,1
TFS,SVQ,1
TRF,POZ,1
UIO,MDE,1
USA,PIE,1
VHM,ARN,1
WAW,BBU,1
XIY,ZHY,1
XNN,NNG,1
YNZ,KHN,1
YQX,YYZ,1
ZAZ,STN,1
ZBR,MHD,1
ZHY,CGO,1
ZHY,XIY,1
AGP,TRF,1
AJR,VHM,1
ALA,SVX,1
AYT,KTW,1
BAX,SVX,1
BCN,TLL,1
BOJ,TLV,1
CAG,LGW,1
CGK,MFM,1
CTA,PEG,1
CXR,TFU,1
DAM,SAW,1
DBV,WAW,1
DMK,GAU,1
DSN,JNG,1
DTB,HLP,1
DUS,DJE,1
DZH,LXA,1
DZH,NKG,1
EYW,FLL,1
FCO,FMM,1
FLL,EYW,1
FLL,POS,1
FMM,FCO,1
FWA,SFB,1
GAU,DMK,1
GRO,LBA,1
GUA,SDQ,1
HET,WUX,1
ILO,TAG,1
JED,MGQ,1
JNG,DSN,1
KIX,MUC,1
LBA,GRO,1
LGW,CAG,1
LHW,XFN,1
LJG,LXA,1
LXA,DZH,1
LXA,LJG,1
LYS,OTP,1
MEX,CLO,1
MFM,CGK,1
MIG,NNG,1
MUC,KIX,1
MXP,LPA,1
MYR,ACY,1
NKG,DZH,1
NNG,MIG,1
NOS,DZA,1
OAK,SAL,1
OTP,LYS,1
PEG,CTA,1
PRG,RMO,1
PSA,WAW,1
PVH,RBR,1
RLK,XIL,1
RMO,PRG,1
SAL,OAK,1
SAW,DAM,1
SDQ,GUA,1
SFB,FWA,1
SVX,ALA,1
SVX,BAX,1
TAG,ILO,1
TFS,OST,1
TFU,CXR,1
TLL,BCN,1
TRF,AGP,1
WAW,DBV,1
WAW,PSA,1
WUH,SGN,1
WUT,CAN,1
WUX,HET,1
XFN,LHW,1
XIL,RLK,1
ACC,FCO,1
ACY,MYR,1
ADD,HKG,1
AGU,CUN,1
AMM,AMS,1
AMS,AMM,1
ATL,HHH,1
ATW,PIE,1
AUA,MDE,1
AUH,CJB,1
AYT,CEK,1
BHH,DMM,1
BHX,GRO,1
BSB,EZE,1
CDG,NKC,1
CGO,WUA,1
CJB,AUH,1
CLO,MEX,1
CLT,GGT,1
CRL,SKG,1
CUN,AGU,1
DMM,BHH,1
DUS,OTP,1
DVO,HKG,1
DXB,UFA,1
ESB,BSZ,1
FCO,ACC,1
FLL,STX,1
GGT,CLT,1
GRO,BHX,1
HAK,JNG,1
HHH,ATL,1
HHH,LGA,1
HKG,DVO,1
HTA,KJA,1
HZA,HAK,1
IAH,MBJ,1
JNG,HAK,1
KEF,SWF,1
KJA,HTA,1
LAS,SJD,1
LGA,HHH,1
LZY,MIG,1
MAD,VRN,1
MBJ,IAH,1
MDE,AUA,1
MIA,SMF,1
MIG,LZY,1
ORD,FAT,1
OTP,DUS,1
PIE,ATW,1
PVG,TGO,1
QSZ,TWC,1
RAK,TSF,1
RBR,PVH,1
SGN,WUH,1
SJD,LAS,1
SKG,CRL,1
SSH,VRN,1
STX,FLL,1
SWF,KEF,1
TGO,PVG,1
TSF,RAK,1
TWC,QSZ,1
UFA,DXB,1
URC,XMN,1
VAR,TLV,1
VRN,MAD,1
VRN,SSH,1
WAW,SPU,1
WMT,ZHA,1
WUA,CGO,1
XMN,URC,1
YWG,PVR,1
ZHA,WMT,1
AMA,AUS,1
ATH,BOS,1
AUS,AMA,1
AYT,OSR,1
BAY,OTP,1
BCN,FAO,1
BGY,MRS,1
BHD,EMA,1
BOJ,KRK,1
BOS,ATH,1
BPL,TLQ,1
BRS,SSH,1
BSZ,ESB,1
BZX,PVG,1
CAI,DEL,1
CAN,RIZ,1
CTU,BZX,1
CUN,YHZ,1
DEL,CAI,1
DSN,KHN,1
DTU,HEK,1
DXB,RGN,1
EMA,BHD,1
FAO,BCN,1
FAT,ORD,1
FCO,MCT,1
FOC,MFM,1
GRO,RTM,1
GVA,HER,1
HAK,HZA,1
HDY,UTH,1
HEK,DTU,1
HER,GVA,1
HIA,TSN,1
HIR,VAO,1
HPN,RDU,1
HYN,SWA,1
ICN,ISG,1
ISG,ICN,1
KRK,BOJ,1
LBV,BZV,1
LEX,LGA,1
LEX,PIE,1
LGA,LEX,1
LTN,SKP,1
MCT,FCO,1
MFM,FOC,1
MRS,BGY,1
NGE,NSI,1
NMA,SVX,1
NRT,SJC,1
OLB,STR,1
OTP,BAY,1
PEK,WAW,1
PIE,LEX,1
PRN,HAM,1
RDU,HPN,1
RGN,DXB,1
RIZ,HRB,1
RTM,GRO,1
SJC,NRT,1
SKP,LTN,1
SPU,WAW,1
SSH,BRS,1
STR,OLB,1
SVX,NMA,1
SWA,HYN,1
TFU,PEN,1
TLQ,BPL,1
TLV,CTA,1
TSN,HIA,1
UTH,HDY,1
WAW,PEK,1
YHZ,CUN,1
ABQ,IAD,1
AKU,XNN,1
ALB,RDU,1
AYT,KRK,1
BIO,MAN,1
BKK,OVB,1
BKO,IST,1
BUD,NUE,1
CAG,CRL,1
CAG,MLA,1
CCJ,KWI,1
CEK,AYT,1
CKG,HTN,1
CKG,YIN,1
CKG,ZAT,1
CND,LTN,1
CRL,CAG,1
CSX,WHA,1
DOH,HBE,1
EDI,WRO,1
EXT,GCI,1
FAO,NRN,1
FNC,LPA,1
FYN,TLQ,1
GLA,YYZ,1
GOX,IDR,1
HAV,NLU,1
HBE,DOH,1
HIA,NNG,1
HKG,ADD,1
HRB,RIZ,1
HRB,UYN,1
HTN,CKG,1
IAD,ABQ,1
IDR,GOX,1
KRK,AYT,1
KTW,TFS,1
KUF,DYU,1
KWI,CCJ,1
LIS,PIX,1
LTN,CND,1
LUX,MLA,1
MAD,ZAG,1
MAN,BIO,1
MGQ,JED,1
MLA,CAG,1
MLA,LUX,1
MLE,HRF,1
MUX,KHI,1
NLU,HAV,1
NNG,HIA,1
NRN,FAO,1
NUE,BUD,1
OSR,AYT,1
PEN,TFU,1
PIX,LIS,1
PMO,WRO,1
PZI,XIY,1
RDU,ALB,1
RIZ,CAN,1
SKG,WAW,1
SMF,MIA,1
STN,AMM,1
TFS,KTW,1
TLQ,FYN,1
TLS,TNG,1
TNG,TLS,1
TUN,ABJ,1
UYN,HRB,1
WAW,SKG,1
WHA,CSX,1
WRO,EDI,1
WRO,PMO,1
WUH,NTG,1
XIY,PZI,1
XNN,AKU,1
YIN,CKG,1
YYZ,GLA,1
ZAG,MAD,1
ZAT,CKG,1
AKB,DUT,1
ALC,NUE,1
AMM,STN,1
AYT,CIT,1
AYT,TJM,1
BER,GRZ,1
BER,PRN,1
BFS,LBA,1
BRE,VIE,1
BRS,PSA,1
CGN,NCE,1
CGR,CGB,1
CIT,AYT,1
CZX,MFM,1
DUT,AKB,1
DXB,TIA,1
ENH,WNZ,1
FEZ,FNI,1
FNI,FEZ,1
GDL,YVR,1
GEL,POA,1
GRZ,BER,1
GYE,SAL,1
HAK,HDG,1
HDG,HAK,1
HKG,ILO,1
KEF,GOH,1
KGP,VKO,1
KHN,LZO,1
KRK,PMO,1
KTI,XMN,1
KWI,MXP,1
LAD,LOS,1
LBA,BFS,1
LCK,PGD,1
LJU,SKP,1
LPA,FNC,1
LUX,TFS,1
LZO,KHN,1
MEL,SCL,1
MFM,CZX,1
MLH,TZL,1
MXP,KWI,1
NCE,CGN,1
NKC,CDG,1
NTG,WUH,1
NUE,ALC,1
OVB,BKK,1
PGD,LCK,1
PMI,XRY,1
PMO,KRK,1
POA,GEL,1
PSA,BRS,1
SAL,GYE,1
SCL,MEL,1
SFJ,JAV,1
SHE,SIN,1
SIN,SHE,1
SKP,LJU,1
TIA,DXB,1
TJM,AYT,1
TZL,MLH,1
UKG,YKS,1
VIE,BRE,1
VKO,KGP,1
WNZ,ENH,1
WUX,SIN,1
XRY,PMI,1
YKS,UKG,1
YVR,GDL,1
AJA,CDG,1
ALC,HHN,1
BBK,MUB,1
BEG,VCE,1
BKK,NGB,1
BLQ,WAW,1
BNA,HVN,1
BNE,IVR,1
BUD,LPL,1
CAN,HLD,1
CDG,AJA,1
CGB,CGR,1
CIZ,MAO,1
CLE,RDU,1
CRL,HEL,1
DEN,RDD,1
DLU,YBP,1
DTB,BTH,1
DUT,STG,1
EIN,NCE,1
FWA,PIE,1
FYN,YIN,1
GCI,EXT,1
HAM,SPU,1
HEL,CRL,1
HER,LHR,1
HHN,ALC,1
HLD,CAN,1
HNY,WUX,1
HVN,BNA,1
IBZ,STR,1
ILO,HKG,1
IST,SCO,1
JJN,WDS,1
KHH,XMN,1
LHR,HER,1
LIG,MAN,1
LPL,BUD,1
MAN,LIG,1
MIA,WAW,1
MUC,RMF,1
NCE,EIN,1
NDR,RTM,1
NNM,UFA,1
OOL,ZQN,1
ORY,SFO,1
PIE,FWA,1
PTO,VCP,1
RDU,CLE,1
RMF,MUC,1
RTM,NDR,1
RUH,BKK,1
SCO,IST,1
SIN,WUX,1
SMF,TUS,1
SPU,HAM,1
STG,SNP,1
STR,IBZ,1
TUS,SMF,1
UFA,NNM,1
UFA,NOJ,1
VCE,BEG,1
VCP,PTO,1
WAW,BLQ,1
WAW,MIA,1
WDS,JJN,1
XMN,KHH,1
XMN,KTI,1
YBP,DLU,1
YEG,YHM,1
YHM,YEG,1
YIN,FYN,1
YVR,DEL,1
ZQN,OOL,1
AAT,JBK,1
AGA,TFS,1
ANX,BOO,1
ARN,TOS,1
ATH,PVG,1
ATL,YEG,1
BOH,KRK,1
CCS,MDE,1
CGD,HAK,1
CLT,ELH,1
CNF,SMT,1
CNS,MCY,1
DTW,YYC,1
DYG,NGB,1
DYU,KUF,1
ELH,CLT,1
EMA,WRO,1
ENY,SHE,1
GXH,XIY,1
HAK,CGD,1
ICN,WNZ,1
ICN,ZRH,1
ILG,MCO,1
JHG,TEN,1
JJN,KUL,1
KHI,MED,1
KHI,MUX,1
KRK,BOH,1
KTI,TPE,1
KUL,JJN,1
KWE,WDS,1
LGW,MIA,1
LOS,LAD,1
LPA,RMU,1
MCO,ILG,1
MCY,CNS,1
MDE,CCS,1
MIA,LGW,1
MUA,EGM,1
NAS,PTY,1
NGB,BKK,1
NGB,DYG,1
PEI,SMR,1
PTY,NAS,1
PVG,ATH,1
RDD,DEN,1
RMU,LPA,1
SDQ,ANU,1
SFO,ORY,1
SHE,ENY,1
SMR,PEI,1
SMT,CNF,1
TEN,JHG,1
TFS,AGA,1
TOS,ARN,1
TPE,KTI,1
WDS,KWE,1
WNZ,ICN,1
WRO,EMA,1
XIY,GXH,1
YEG,ATL,1
YYC,DTW,1
YZF,YYZ,1
ZRH,ICN,1
AER,NJC,1
AMS,ORY,1
AYT,GOT,1
BBU,KRK,1
BEY,BRU,1
BFS,DLM,1
BGY,SJJ,1
BIO,FUE,1
BKK,RUH,1
BMV,VII,1
BNA,GRR,1
BRS,KUN,1
BRU,BEY,1
BUD,CAN,1
CAN,BUD,1
CGD,ZUH,1
CGN,ZAD,1
CKG,SYM,1
DEL,HJR,1
DLM,BFS,1
DOH,SYZ,1
DZH,FOC,1
EDI,IOM,1
FKB,TIA,1
FOC,DZH,1
FRW,GBE,1
FUE,BIO,1
GBE,FRW,1
GRR,BNA,1
GVA,TLV,1
HEL,TRD,1
HGU,UNG,1
HJR,DEL,1
HYD,MED,1
IKA,PVG,1
IND,YYZ,1
IOM,EDI,1
JBK,AAT,1
KMG,KTI,1
KRK,BBU,1
KTI,KMG,1
KUN,BRS,1
MJI,HBE,1
MYJ,TPE,1
NHV,UAH,1
NJC,AER,1
NOJ,VKO,1
OGG,SLC,1
ORY,AMS,1
OVB,PYJ,1
PSA,RAK,1
PYJ,OVB,1
RAK,PSA,1
SHE,DOY,1
SJJ,BGY,1
SJU,DOM,1
SLC,OGG,1
SNP,STG,1
STG,DUT,1
SYM,CKG,1
SYZ,DOH,1
TFS,LUX,1
TIA,FKB,1
TLV,GVA,1
TPE,MYJ,1
TRD,HEL,1
VII,BMV,1
VKO,NOJ,1
YYZ,IND,1
YYZ,YZF,1
ZAD,CGN,1
ZUH,CGD,1
ALF,BVG,1
ATH,NTE,1
AZA,BIL,1
BBI,IDR,1
BEY,MXP,1
BIL,AZA,1
BOD,BRS,1
BOS,BZN,1
BPL,XIY,1
BRS,BOD,1
BSL,CLJ,1
BUD,CFU,1
BZN,BOS,1
CAG,VIE,1
CFU,BUD,1
CGQ,WEF,1
CHQ,ARN,1
CLJ,BSL,1
CTS,DMK,1
DEN,WYS,1
DMK,CTS,1
DMM,GYD,1
DOM,POS,1
FSZ,PVG,1
GOH,KEF,1
GYD,DMM,1
GYD,LHE,1
HAM,SKP,1
HFT,BJF,1
HHN,ZAG,1
IDR,BBI,1
IDR,IXC,1
IXC,IDR,1
JMK,VIE,1
JNN,JJU,1
KJA,HKT,1
KKN,ALF,1
LAP,LAX,1
LAX,LAP,1
LHE,GYD,1
LPA,LEJ,1
LYS,PMO,1
MCX,AER,1
MLN,SVQ,1
MXP,BEY,1
NQZ,TDK,1
NTE,ATH,1
NUE,SOF,1
PGD,PIT,1
PGD,PVD,1
PIT,PGD,1
PMO,LYS,1
PVD,PGD,1
PVG,FSZ,1
SKP,HAM,1
SOF,NUE,1
SVQ,MLN,1
TAO,XFN,1
TDK,NQZ,1
TFS,LEJ,1
VIE,CAG,1
VIE,JMK,1
WEF,CGQ,1
WIL,ZNZ,1
WYS,DEN,1
XIY,BPL,1
XIY,YZY,1
YZY,XIY,1
ZAG,HHN,1
ABV,QRW,1
AER,MCX,1
ATL,PSP,1
AXM,FLL,1
AZA,DSM,1
BBI,RRK,1
BIH,SFO,1
BLQ,TFS,1
BUR,EUG,1
BVA,MLA,1
CGN,SOF,1
CGQ,FOC,1
COK,CCU,1
DOM,SJU,1
DOY,SHE,1
DPS,PNK,1
DSM,AZA,1
EUG,BUR,1
FKB,SKP,1
FLL,AXM,1
FNT,SRQ,1
FOC,CGQ,1
GDL,TAP,1
IAD,LFW,1
ICN,VIE,1
IND,RDU,1
INI,MLH,1
JIC,WUH,1
KEF,PRG,1
KHG,NKG,1
LAD,MPM,1
LFW,IAD,1
LIS,MAH,1
MAH,LIS,1
MLA,BVA,1
MLH,INI,1
MPM,LAD,1
NKG,KHG,1
NOZ,SVX,1
OSS,SAW,1
PNK,DPS,1
PSP,ATL,1
QRW,ABV,1
RDU,IND,1
SAW,TJK,1
SFO,BIH,1
SHE,WEF,1
SKP,FKB,1
SOF,CGN,1
SRQ,FNT,1
SVX,NOZ,1
SYX,ALA,1
TAP,GDL,1
TJK,SAW,1
VIE,ICN,1
WEF,SHE,1
WUH,JIC,1
XFN,TAO,1
AER,BAX,1
AMD,IXJ,1
ARN,TIA,1
AYT,SJJ,1
BAX,AER,1
BCN,KWI,1
BIQ,CRL,1
BOG,TPA,1
BPN,MDC,1
BRS,NBE,1
BRU,KRK,1
CAN,HZG,1
CGD,XIY,1
CIA,VNO,1
CKG,DNH,1
CRL,BIQ,1
DNH,CKG,1
DSS,JFK,1
FCO,YYC,1
FIH,CDG,1
FYN,URC,1
GZP,HEL,1
GZT,DUS,1
HEL,GZP,1
HGH,WXN,1
HKT,KJA,1
HLP,DTB,1
HZG,CAN,1
JFK,DSS,1
JGS,NGB,1
JNG,UYN,1
KBL,SHJ,1
KRK,BRU,1
KRK,LCA,1
KWI,BCN,1
KWL,SHS,1
LAX,PBI,1
LCA,KRK,1
LIR,YYC,1
LUM,XIY,1
MDC,BPN,1
MEX,SAP,1
NBE,BRS,1
NBO,DZA,1
NGB,JGS,1
OPO,STR,1
ORY,TIA,1
OTP,PFO,1
PBI,LAX,1
PFO,OTP,1
PKE,OAG,1
PNQ,HSR,1
PNQ,STV,1
PRG,ZTH,1
RIZ,SZX,1
SAP,MEX,1
SAW,OSS,1
SHE,SHS,1
SHJ,KBL,1
SHS,KWL,1
SHS,SHE,1
SJJ,AYT,1
STR,OPO,1
STV,PNQ,1
SYX,YIC,1
SZX,RIZ,1
TIA,ARN,1
TIA,ORY,1
TPA,BOG,1
URC,FYN,1
UYN,JNG,1
VNO,CIA,1
WXN,HGH,1
XIY,CGD,1
XIY,LUM,1
XIY,YIC,1
YIC,SYX,1
YIC,XIY,1
YYC,FCO,1
YYC,LIR,1
ZTH,BRS,1
ZTH,PRG,1
ADD,OUA,1
ANF,CLO,1
ARN,CHQ,1
ARN,JFK,1
ATQ,KUU,1
BCN,GYD,1
BCN,TRS,1
BEY,FCO,1
BGR,CLT,1
BHX,RMU,1
BNA,DSM,1
BRS,ZTH,1
BTV,MCO,1
BWI,ONT,1
CCU,COK,1
CLO,ANF,1
CLT,BGR,1
CRL,FSC,1
DSM,BNA,1
DUS,GZT,1
DZA,NBO,1
DZH,JJN,1
FCO,BEY,1
FSC,CRL,1
GOT,AYT,1
GYD,BCN,1
HKG,POM,1
HLD,SZX,1
HVN,JAX,1
JAX,HVN,1
JFK,ARN,1
JFK,ORH,1
JJN,DZH,1
JMU,TNA,1
KUN,LPL,1
KUU,ATQ,1
LDS,OHE,1
LDY,MAN,1
LPL,KUN,1
LTN,PSA,1
MAD,COR,1
MAN,LDY,1
MAN,OTP,1
MAN,PUJ,1
MCO,BTV,1
NCE,YUL,1
OAG,PKE,1
OHE,LDS,1
ONT,BWI,1
ORH,JFK,1
OTP,MAN,1
OUA,ADD,1
PIE,SYR,1
PKY,YIA,1
POM,HKG,1
PRG,KEF,1
PSA,LTN,1
PSP,JFK,1
PUJ,MAN,1
RIX,TAS,1
RIY,ADE,1
RMU,BHX,1
RRK,BBI,1
SVQ,VIT,1
SXM,NEV,1
SYR,PIE,1
SZX,HLD,1
TAS,RIX,1
TFS,BLQ,1
TNA,JMU,1
TRS,BCN,1
VIT,SVQ,1
XMN,DSN,1
YIA,PKY,1
YUL,NCE,1
AHO,KTW,1
AMS,KIX,1
ANA,LOS,1
ARN,MLA,1
BCN,SCL,1
BCN,SPU,1
BKK,NAW,1
CGO,KCA,1
CNX,KIX,1
COR,MAD,1
CSX,KIX,1
DHM,SLV,1
DLC,JMU,1
DLC,URC,1
DSN,WUX,1
DSN,XMN,1
DWC,MLE,1
FMM,VAR,1
GDN,MXP,1
GRR,MIA,1
GRW,PDL,1
GVA,RUH,1
HAH,DZA,1
HBA,OOL,1
HTN,QSZ,1
IDA,PHX,1
JFK,PSP,1
JMU,DLC,1
KCA,CGO,1
KGS,HAM,1
KIX,CNX,1
KIX,CSX,1
KTW,AHO,1
KWE,SHE,1
LOS,ANA,1
MIA,GRR,1
MLA,ARN,1
MLE,DWC,1
MRU,SEZ,1
MSJ,OKD,1
MXP,GDN,1
NAW,BKK,1
NEK,ADD,1
NGB,NRT,1
NOJ,OVB,1
NOJ,UFA,1
OKD,MSJ,1
OOL,HBA,1
OVB,NOJ,1
PDL,RAI,1
PHX,IDA,1
PKX,ZAT,1
PMI,RTM,1
POA,URG,1
PSP,YYZ,1
PVG,TAK,1
QSZ,HTN,1
RAI,PDL,1
RTM,PMI,1
RUH,GVA,1
SLV,DHM,1
SPU,BCN,1
TAK,PVG,1
TLS,VLC,1
URC,DLC,1
URC,IQN,1
URG,POA,1
VAR,FMM,1
VLC,TLS,1
WUX,DSN,1
YYZ,PSP,1
ZAT,PKX,1
ADD,ROB,1
AGP,BLL,1
AHO,BCN,1
ALC,HAM,1
BCN,AHO,1
BCN,WMI,1
BER,LCA,1
BGY,NCL,1
BLL,AGP,1
BLR,VDY,1
BNX,GOT,1
BOM,IXJ,1
BUD,RHO,1
CDG,HAV,1
CKG,HNY,1
DUS,GVA,1
EWR,POP,1
GAS,WIL,1
GAU,TEI,1
GDQ,LLI,1
GOT,BNX,1
GRU,COR,1
GVA,DUS,1
GZP,OSL,1
HAK,SYD,1
HAM,ALC,1
HAM,KGS,1
HAV,CDG,1
HKT,SYD,1
HNY,CKG,1
HSG,PVG,1
IKA,MED,1
IQN,URC,1
IXJ,BOM,1
KEF,MAD,1
KIX,AMS,1
KJA,TJM,1
LCA,BER,1
LCK,PIE,1
LIS,NBJ,1
LLI,GDQ,1
MAD,KEF,1
MCI,PNS,1
MIG,XMN,1
MRS,NDR,1
NCL,BGY,1
NDR,MRS,1
NSK,LED,1
OSL,GZP,1
OVB,REN,1
PAS,SKG,1
PDL,GRW,1
PIE,LCK,1
PIK,PMI,1
PMI,PIK,1
PNS,MCI,1
POP,EWR,1
PVG,HSG,1
REN,OVB,1
RHO,BUD,1
SCL,BCN,1
SEZ,MRU,1
SHE,KWE,1
SJJ,RUH,1
SKG,PAS,1
SYD,HAK,1
SYD,HKT,1
SYD,VLI,1
TAS,WAW,1
TEI,GAU,1
VDY,BLR,1
VLI,SYD,1
WAW,TAS,1
WIL,GAS,1
WMI,BCN,1
WSN,EGX,1
XMN,MIG,1
ABZ,EBJ,0
AIP,BOM,0
ATY,ORD,0
BOG,BSB,0
BOJ,VIE,0
BOM,AIP,0
BSB,BOG,0
BSL,LTN,0
BTS,CRL,0
CGN,KGS,0
CGO,HTN,0
CMN,RAI,0
COR,GRU,0
CRL,BTS,0
DAT,TYN,0
DGO,GDL,0
DNH,HTT,0
DXB,NUM,0
DXB,SZG,0
DZA,HAH,0
EBJ,ABZ,0
EFL,STN,0
EIN,WRO,0
FSD,LAS,0
HOU,SRQ,0
HTT,DNH,0
JAV,SFJ,0
JBQ,PAP,0
KGS,CGN,0
KRK,TGD,0
KSC,ZRH,0
KWL,LJG,0
LAS,FSD,0
LCY,BCN,0
LED,NSK,0
LFW,NBO,0
LGW,AMD,0
LHR,PMO,0
LJG,KWL,0
LPA,NUE,0
LTN,BSL,0
MLE,FRA,0
MXP,RIX,0
NAO,WNZ,0
NUM,DXB,0
PAP,JBQ,0
PMF,PMO,0
PMO,LHR,0
PMO,PMF,0
RIX,MXP,0
ROB,ADD,0
SRQ,HOU,0
SSH,HRG,0
STN,EFL,0
TGD,KRK,0
VIE,BOJ,0
WNZ,NAO,0
WRO,EIN,0
YFB,YGT,0
YKU,YVO,0
ZRH,KSC,0
AAE,LYS,0
ALG,SXB,0
AMD,LGW,0
ATL,EGE,0
BAV,TSN,0
BBI,IXD,0
BCN,LCY,0
BEY,OTP,0
BHD,BRS,0
BHK,IST,0
BOM,SEZ,0
BRS,BHD,0
BSL,PRG,0
BWI,LGB,0
CAN,WUT,0
CGN,IBZ,0
CUN,MLM,0
DUB,SCQ,0
EGE,ATL,0
ENY,TFU,0
FEZ,HHN,0
FLL,USA,0
FLW,TER,0
FRA,MLE,0
GDN,WRO,0
GYD,LGW,0
HHN,FEZ,0
HLH,SHE,0
HTN,PEK,0
IBZ,CGN,0
INC,TVS,0
IST,BHK,0
IXD,BBI,0
JED,SHW,0
KEF,LIS,0
KNO,LSW,0
LGB,BWI,0
LGW,GYD,0
LIS,KEF,0
LSW,KNO,0
LYS,AAE,0
LZO,WUH,0
MEX,PUJ,0
MHD,OMH,0
MIR,BRU,0
MLM,CUN,0
NBJ,LIS,0
NBO,LFW,0
NBS,NKG,0
NKG,NBS,0
NUE,LPA,0
OMH,MHD,0
ORD,ATY,0
ORN,MED,0
OTP,BEY,0
PEK,HTN,0
PNH,PEK,0
PQC,XIY,0
PRG,BSL,0
PUJ,MEX,0
SCQ,DUB,0
SHE,HLH,0
SHW,JED,0
SRQ,PVD,0
SXB,ALG,0
SZG,DXB,0
TER,FLW,0
TFU,ENY,0
TFU,WUS,0
TJM,KJA,0
TSN,BAV,0
TVS,INC,0
TYN,DAT,0
TYN,YIW,0
USA,FLL,0
WRO,GDN,0
WUH,LZO,0
WUS,TFU,0
XIY,PQC,0
YIW,TYN,0
AAE,CDG,0
ANU,SDQ,0
BEG,GOT,0
BEG,HRG,0
BEG,KRK,0
BGY,TNG,0
BUD,HAM,0
BVA,PMO,0
CCS,VVI,0
CDG,AAE,0
CEB,DMK,0
CFU,STR,0
CHQ,DUS,0
CHQ,OSL,0
CPH,KYA,0
CRK,PPS,0
CTA,SSH,0
CTS,MNL,0
DLA,IST,0
DMK,CEB,0
EIN,REU,0
GDL,YYZ,0
GDZ,LED,0
GOT,BEG,0
GYD,OVB,0
HAM,BUD,0
HAM,OPO,0
HAM,RHO,0
HNY,SWA,0
HRG,BEG,0
HTN,CGO,0
KRK,BEG,0
KTW,LCA,0
LCA,KTW,0
LED,GDZ,0
LIN,OSL,0
MNL,CTS,0
OPO,HAM,0
OSL,LIN,0
OST,TFS,0
PEK,PNH,0
PKU,SUB,0
PMO,BVA,0
PPS,CRK,0
PVD,SRQ,0
REU,EIN,0
RHO,HAM,0
SEZ,BOM,0
SMI,AMS,0
SUB,PKU,0
SWA,HNY,0
TNG,BGY,0
WUH,BKK,0
YGT,YFB,0
YUX,YFB,0
YXY,YEG,0
YYZ,GDL,0
ACK,EWR,0
AQG,KMG,0
ATL,YWG,0
AUH,DAM,0
BDA,PHL,0
BLL,STN,0
BNX,FKB,0
BUR,JFK,0
BZV,CDG,0
CDG,FIH,0
CGD,KWE,0
DAC,PEK,0
DAM,AUH,0
DOH,MUX,0
DTM,VAR,0
EBB,KIS,0
EWR,ACK,0
FKB,BNX,0
HAN,LHR,0
HDN,ORD,0
HVN,ILM,0
HZG,SZX,0
IKA,LED,0
ILM,HVN,0
ILO,ZAM,0
JAI,VNS,0
JFK,BUR,0
JFK,ONT,0
JFK,SMF,0
JTR,MAN,0
KIS,EBB,0
KMG,AQG,0
KRK,OPO,0
KWE,CGD,0
KWE,LLV,0
KYA,CPH,0
LED,IKA,0
LEX,PGD,0
LGW,TNG,0
LHR,HAN,0
LLV,KWE,0
MLA,SVQ,0
MUX,DOH,0
ONT,JFK,0
OPO,KRK,0
OPO,SID,0
ORD,HDN,0
ORH,PHL,0
OSL,CHQ,0
OVB,GYD,0
PEK,DAC,0
PGD,LEX,0
PHL,BDA,0
PHL,ORH,0
RHO,EDI,0
SCW,VKT,0
SMF,JFK,0
STN,BLL,0
SVQ,MLA,0
SZX,HZG,0
TLV,VAR,0
TNH,YNT,0
TPE,UKB,0
TPS,VCE,0
UFA,IKT,0
VAR,DTM,0
VCE,TPS,0
VKT,SCW,0
VLC,WRO,0
VNS,JAI,0
WRO,VLC,0
WUX,YKH,0
YKH,WUX,0
YNT,TNH,0
YWG,ATL,0
ZAM,ILO,0
AOG,TFU,0
ASU,COR,0
AUH,BSZ,0
BCN,VRN,0
BKK,WUH,0
BRU,MIR,0
BSZ,AUH,0
BUD,TSF,0
BUP,HDO,0
BUT,PBH,0
BVA,VNO,0
CAN,GYS,0
CDG,DLA,0
CID,PIE,0
COR,ASU,0
CRD,COR,0
DLA,BZV,0
DLU,MIG,0
DME,KRR,0
ENY,KWE,0
FEG,ZIA,0
GYS,CAN,0
HDO,BUP,0
HDO,LUH,0
HRB,LFQ,0
IKT,UFA,0
IST,JIB,0
JIB,IST,0
KRR,DME,0
KRY,TCG,0
KUT,MXP,0
KUT,SAW,0
KWE,ENY,0
LFQ,HRB,0
LIS,MLA,0
LUH,HDO,0
MAN,JTR,0
MIG,DLU,0
MLA,LIS,0
MTY,OAK,0
MXP,KUT,0
NBO,BKK,0
NCE,SOF,0
NEV,SXM,0
OAK,MTY,0
PHC,LBV,0
PIE,CID,0
RUH,EBB,0
SAW,KUT,0
SFB,SGF,0
SGC,TLK,0
SGF,SFB,0
SID,OPO,0
SOF,NCE,0
TCG,KRY,0
TFU,AOG,0
TLK,SGC,0
TNG,LGW,0
TSF,BUD,0
UKB,TPE,0
VNO,BVA,0
VRN,BCN,0
VVI,CCS,0
WNZ,XNN,0
YFB,YUX,0
YUL,AZS,0
YYZ,YMM,0
ZIA,FEG,0
AKN,IGG,0
AMM,DTW,0
ATH,SIN,0
BAH,GYD,0
BCN,LIN,0
BHX,BZG,0
BHX,SNN,0
BKK,MLE,0
BKK,NBO,0
BLV,PIE,0
BSL,SOF,0
BVA,PRG,0
BZG,BHX,0
CHC,NAN,0
CTM,CUN,0
CUN,CTM,0
CUR,YYZ,0
DDG,YNT,0
DLC,LFQ,0
DTW,AMM,0
DUS,CHQ,0
EBB,RUH,0
EDI,OPO,0
EDI,ORD,0
EDI,PFO,0
EDI,RHO,0
ELM,SFB,0
ENY,HET,0
FOC,JHG,0
FRA,RAK,0
HEL,LAX,0
HET,ENY,0
HGD,TSV,0
IGG,KLL,0
IST,ONQ,0
JHG,FOC,0
JNG,JUZ,0
JUZ,JNG,0
LAX,HEL,0
LBA,REU,0
LFQ,DLC,0
LIN,BCN,0
NAN,CHC,0
NQZ,WAW,0
ONQ,IST,0
OPO,EDI,0
ORD,EDI,0
OTP,RIX,0
PEK,RUH,0
PFO,EDI,0
PIE,BLV,0
PQC,ALA,0
PRG,BVA,0
PVG,IKA,0
RAK,FRA,0
REU,LBA,0
RIX,OTP,0
RUH,PEK,0
SFB,ELM,0
SHA,ZQZ,0
SIN,ATH,0
SNN,BHX,0
SOF,BSL,0
STR,CFU,0
TGO,TNA,0
TNA,TGO,0
TSV,HGD,0
WAW,NQZ,0
YMM,YYZ,0
YNT,DDG,0
YYZ,CUR,0
ZQZ,SHA,0
ABV,DKA,0
ALA,KWI,0
ALA,PQC,0
ATH,BRI,0
ATL,CPT,0
AUH,SKT,0
BCN,JED,0
BGO,DUB,0
BGW,RAS,0
BKK,BNE,0
BNE,BKK,0
BOD,LTN,0
BOS,GRU,0
BPL,QSZ,0
BRC,SCL,0
BRI,ATH,0
BVA,WMI,0
CTU,YIN,0
DKA,ABV,0
DTM,RMO,0
DUB,BGO,0
ECP,MDW,0
EUG,DFW,0
FCA,LAX,0
FEZ,FKB,0
FKB,FEZ,0
FLL,MKE,0
FUE,GLA,0
GLA,FUE,0
GRU,BOS,0
HER,BRS,0
IST,NSI,0
JAV,JQA,0
JED,BCN,0
JMS,DVL,0
KEF,KTW,0
KMJ,NGO,0
KRK,TRS,0
KTW,KEF,0
KWI,ALA,0
LAX,FCA,0
LED,HKT,0
LHR,MBJ,0
LPL,SZZ,0
LTN,BOD,0
MBJ,LHR,0
MKE,FLL,0
NCL,RHO,0
NGO,KMJ,0
NRT,PER,0
OOL,WLG,0
PER,NRT,0
QSZ,BPL,0
RAK,TNG,0
RHO,NCL,0
RMO,DTM,0
RUH,VIE,0
RUR,PPT,0
SNN,WRO,0
SZZ,LPL,0
TNA,WDS,0
TNG,RAK,0
TRS,KRK,0
VAI,POM,0
WDS,NNG,0
WLG,OOL,0
WMI,BVA,0
WRO,SNN,0
YIN,CTU,0
ABJ,TUN,0
ADB,MLX,0
AER,NMA,0
AKA,SZX,0
AMS,BON,0
AMS,SMI,0
BLL,FAE,0
BLQ,RMF,0
BRI,LYS,0
CPT,ATL,0
DAC,ADD,0
DFW,EUG,0
DLC,JXA,0
DMK,DVO,0
DVO,DMK,0
EIN,SKP,0
EZE,BSB,0
FLS,MEB,0
FOC,HNY,0
FOC,LYA,0
FUG,URC,0
GIG,SJK,0
GNB,LGW,0
HAK,MEL,0
HAK,SQD,0
HHN,SKG,0
HNY,FOC,0
IAH,MDW,0
IAS,LCA,0
ILO,TAC,0
INN,RTM,0
JXA,DLC,0
KHV,UUD,0
LCA,IAS,0
LCA,STN,0
LCY,GVA,0
LED,TBW,0
LEI,LGW,0
LGW,GNB,0
LGW,LEI,0
LYS,BRI,0
MDG,PEK,0
MDW,ECP,0
MDW,IAH,0
MEB,FLS,0
MEL,HAK,0
MHT,RSW,0
MLA,TLS,0
MLE,BKK,0
MLX,ADB,0
NYO,OTP,0
OTP,NYO,0
PBM,PTY,0
PEK,MDG,0
PTY,PBM,0
RSW,MHT,0
RTM,INN,0
SAW,ZAG,0
SCL,BRC,0
SJK,GIG,0
SKG,HHN,0
SKP,EIN,0
SQD,HAK,0
STN,LCA,0
SWT,TOF,0
SZX,AKA,0
TAC,ILO,0
TBW,LED,0
TFS,RTM,0
TLS,MLA,0
TOF,SWT,0
TRN,VLC,0
URC,FUG,0
UUD,KHV,0
VIE,DEL,0
VLC,TRN,0
WTL,KKH,0
ZAG,SAW,0
ABQ,JFK,0
AGP,YUL,0
AMM,BEN,0
ATH,RIX,0
BEN,AMM,0
BOI,PUW,0
BOS,TVC,0
BPS,SSA,0
BRE,STR,0
BRS,HER,0
BSL,PMO,0
BZG,FRA,0
CSX,TVS,0
DMM,BEY,0
DTM,SBZ,0
DTW,MUC,0
FCO,JTR,0
FRA,BZG,0
GOH,JFR,0
GVA,LCY,0
GVA,SCQ,0
HAV,MID,0
HKG,ISG,0
HKT,LED,0
HMA,NJC,0
INI,MLA,0
ISG,HKG,0
JFK,ABQ,0
JNN,UAK,0
JRG,LKO,0
JTR,FCO,0
KUT,VIE,0
KUU,DEL,0
KYZ,KJA,0
LKO,JRG,0
LYA,FOC,0
MAD,SSA,0
MCO,PVU,0
MDG,TAO,0
MIA,FOR,0
MIA,MUC,0
MID,HAV,0
MID,VSA,0
MLA,INI,0
MNL,PER,0
MUC,DTW,0
MUC,MIA,0
NJC,HMA,0
NNG,WDS,0
PER,MNL,0
PMO,BSL,0
PPT,RUR,0
PUW,BOI,0
PVU,MCO,0
RHO,ARN,0
RIX,ATH,0
RMI,TIA,0
RTM,TFS,0
SBZ,DTM,0
SCQ,GVA,0
SSA,BPS,0
SSA,MAD,0
STR,BRE,0
SWP,OKU,0
TAO,MDG,0
TAS,UFA,0
TIA,RMI,0
TIV,LGW,0
TUN,TOE,0
TVC,BOS,0
TVS,CSX,0
UFA,TAS,0
VIE,KUT,0
VSA,MID,0
WDS,TNA,0
AGP,ATH,0
AHO,NAP,0
ARN,RHO,0
ATH,AGP,0
AYT,DUB,0
AZS,YUL,0
BCN,NCL,0
BGO,HAM,0
BIA,TLS,0
CCF,MAN,0
CEB,SWL,0
CLT,CUR,0
CUN,CVG,0
CUR,CLT,0
CVG,CUN,0
CWB,CGB,0
DFW,HKG,0
DLG,WSN,0
DUB,AYT,0
EIN,INN,0
ELP,LGB,0
FAE,BLL,0
FAO,HAJ,0
FOR,MIA,0
GUM,ROP,0
HAK,CGK,0
HAM,BGO,0
HKG,DFW,0
HRF,MLE,0
INN,EIN,0
KEF,PDX,0
KUF,MRV,0
LBA,WAW,0
LGB,ELP,0
LGW,TIV,0
LHR,SCL,0
LIM,POA,0
LIM,TGI,0
LUN,JEK,0
LYS,MLA,0
MAN,CCF,0
MLA,LYS,0
MRV,KUF,0
MXP,LXR,0
MXP,TFU,0
NAP,AHO,0
NCL,BCN,0
NMA,AER,0
ONT,SAL,0
PDX,KEF,0
PEK,WUA,0
PSP,YEG,0
ROP,GUM,0
RUH,WAW,0
SAL,ONT,0
STN,TGD,0
SWL,CEB,0
SXM,YUL,0
TFU,MXP,0
TFU,WUA,0
TGD,STN,0
TGI,LIM,0
TLS,BIA,0
VFA,WDH,0
WAW,LBA,0
WDH,VFA,0
WEF,CAN,0
WSN,AKN,0
WSN,DLG,0
WUA,PEK,0
WUA,TFU,0
YEG,PSP,0
YFB,YVM,0
YUL,AGP,0
YUL,SXM,0
ABZ,GDN,0
ACC,LGW,0
ARK,DAR,0
BER,RAK,0
BGW,SZF,0
BGY,NRN,0
CGB,CWB,0
CGK,HAK,0
CRL,PGF,0
DFW,GCM,0
DME,NER,0
FRA,CMB,0
GCM,DFW,0
GDN,ABZ,0
GRR,SRQ,0
GVA,TFS,0
HAJ,FAO,0
HAK,XAI,0
HDO,AMD,0
HKG,HYD,0
HUZ,JNG,0
JNG,HUZ,0
JQA,JAV,0
LAD,GRU,0
LED,RGK,0
LGW,ACC,0
MRS,TUF,0
NAP,ORD,0
NER,DME,0
NRN,BGY,0
ORD,NAP,0
PFO,SOF,0
PGF,CRL,0
PIE,PIT,0
PIT,PIE,0
PIT,SFB,0
PMG,VCP,0
POA,LIM,0
PVG,AAT,0
PVG,VCE,0
RAK,BER,0
RGK,LED,0
SCL,LHR,0
SFB,PIT,0
SKT,AUH,0
SOF,PFO,0
SRQ,GRR,0
SZF,BGW,0
TFS,GVA,0
TUF,MRS,0
VCE,PVG,0
VCP,PMG,0
WAW,RUH,0
XAI,HAK,0
ABV,CMN,0
AKX,CIT,0
ALB,EWR,0
ALG,LOO,0
BER,BZO,0
BGY,ZAZ,0
BHX,JER,0
BHX,NOC,0
BIK,WMX,0
BOS,DAL,0
BOS,TYS,0
BRS,SPU,0
BZO,BER,0
CCJ,KUL,0
CCU,IXI,0
CGN,OLB,0
CHQ,LHR,0
CIT,AKX,0
CMN,ABV,0
DAL,BOS,0
DEN,DUB,0
EMA,HER,0
ERL,UBN,0
EWR,ALB,0
EWR,PVD,0
FND,MLE,0
GEO,HAV,0
GYD,VIE,0
HER,EMA,0
HMO,MXL,0
HYD,HKG,0
IXI,CCU,0
JER,BHX,0
JFK,NAP,0
KVG,POM,0
LCK,SFB,0
LHR,CHQ,0
LNO,PER,0
LOO,ALG,0
MAN,SKG,0
MCO,SAP,0
MIA,XNA,0
MMO,RAI,0
MXL,HMO,0
NAP,JFK,0
NAP,PHL,0
NOC,BHX,0
NSN,PPQ,0
OLB,CGN,0
PHL,NAP,0
PNR,LBV,0
PPQ,NSN,0
PUJ,STL,0
PUS,BKI,0
PVD,EWR,0
RAI,MMO,0
RPR,UKE,0
SAP,MCO,0
SFB,LCK,0
SKG,BTS,0
SPU,BRS,0
SPU,ZRH,0
STL,PUJ,0
STT,SBH,0
SZX,WUS,0
TIJ,TRC,0
TNA,WUS,0
TRC,TIJ,0
TYS,BOS,0
UBN,ERL,0
UKE,RPR,0
VIE,GYD,0
WMX,BIK,0
WUS,SZX,0
WUS,TNA,0
XNA,MIA,0
XNN,WNZ,0
YGR,YHU,0
YHU,YGR,0
YIH,NNG,0
ZAZ,BGY,0
ZRH,SPU,0
ADB,IKA,0
AER,TOF,0
AGP,KUN,0
ALC,NTE,0
ARK,MWZ,0
AZA,RFD,0
BEY,DMM,0
BGY,FOG,0
BKI,PUS,0
BOM,IXL,0
BTS,SKG,0
CDG,TOS,0
CGQ,HAK,0
CHS,ISP,0
COR,CRD,0
CTU,LYG,0
CUN,AMS,0
DOH,TIF,0
DSN,WUA,0
DTM,TSR,0
DUB,DEN,0
ESU,MRS,0
EWR,ITH,0
FOG,BGY,0
GYD,PRG,0
HAK,CGQ,0
HAV,JBQ,0
HHN,SKP,0
IAS,TRN,0
IBZ,OPO,0
IGR,SLA,0
IKA,ADB,0
ISP,CHS,0
ITH,EWR,0
IXL,BOM,0
JBQ,HAV,0
KDU,KHI,0
KHI,KDU,0
KJA,TOF,0
KMG,TVS,0
KUL,CCJ,0
KUN,AGP,0
LEJ,TFS,0
LRT,TLS,0
LYG,CTU,0
LYG,SJW,0
MDZ,SLA,0
MFM,TAO,0
MLE,FND,0
MRS,ESU,0
NAA,BNE,0
NAN,SFO,0
NCE,TBS,0
NGO,TAO,0
NRN,OPO,0
NTE,ALC,0
OPO,IBZ,0
OPO,NRN,0
PBH,BUT,0
PEN,SUB,0
PMI,EXT,0
PRG,GYD,0
RAS,BGW,0
RFD,AZA,0
SBH,STT,0
SFO,NAN,0
SJW,LYG,0
SKG,MAN,0
SKP,HHN,0
SLA,IGR,0
SLA,MDZ,0
SUB,PEN,0
TAO,MFM,0
TAO,NGO,0
TBS,NCE,0
TEN,WUX,0
TIF,DOH,0
TLS,LRT,0
TOE,TUN,0
TOF,AER,0
TOS,CDG,0
TRN,IAS,0
TSR,DTM,0
WUA,DSN,0
WUX,TEN,0
YHR,YNA,0
AGP,TFS,0
ALP,IST,0
BDL,VRB,0
BFS,SOU,0
BHX,ATQ,0
BKK,TNA,0
BLQ,MAN,0
BRU,EVN,0
BUD,GHV,0
CDG,SEN,0
CID,SFB,0
CKG,XFN,0
CMH,RDU,0
CTA,DXB,0
CYP,MNL,0
DLI,VII,0
DME,KYZ,0
DME,NOJ,0
DSN,HLD,0
DUB,PEK,0
DXB,CTA,0
DZN,KGF,0
ESB,KIK,0
EVN,BRU,0
EWR,MHT,0
EXT,PMI,0
FCO,SJJ,0
FLL,ROC,0
FLR,PMO,0
GHV,BUD,0
HAM,IBZ,0
HLD,DSN,0
IBZ,HAM,0
IST,ALP,0
KGF,DZN,0
KGS,TLV,0
KIK,ESB,0
KOE,UPG,0
LPL,REU,0
MAN,BLQ,0
MAN,STR,0
MED,ALG,0
MNL,CYP,0
MWZ,ARK,0
MYR,SWF,0
NNG,YIH,0
NOJ,DME,0
OME,OTZ,0
PEK,DUB,0
PER,LVO,0
PMO,FLR,0
PRG,VAR,0
RDU,CMH,0
REU,LPL,0
ROC,FLL,0
SDQ,STT,0
SEN,CDG,0
SFB,CID,0
SJJ,FCO,0
SOU,BFS,0
STR,MAN,0
STT,SDQ,0
SWF,MYR,0
TFS,AGP,0
TNA,BKK,0
TVS,KMG,0
UNG,HGU,0
UPG,KOE,0
VII,DLI,0
VRB,BDL,0
XFN,CKG,0
XIY,YNZ,0
YNZ,XIY,0
ACX,JJN,0
ARN,POZ,0
AUH,MUX,0
AVL,PBI,0
AYT,BFS,0
BER,MRS,0
BFI,PDX,0
BFS,AYT,0
BOD,TUN,0
BOM,TAS,0
BOS,EWB,0
BRS,MXP,0
BRS,WRO,0
BUS,ZIA,0
CDG,OLB,0
CDG,SCQ,0
CHX,PAC,0
CLE,MYR,0
CLJ,STN,0
CLJ,ZRH,0
CMN,BSL,0
CMN,CTA,0
DEL,RGN,0
DFW,HUX,0
DXB,KMG,0
EWB,BOS,0
EWR,TQO,0
FUE,LEJ,0
GDN,MLA,0
GOI,JAI,0
HFE,SIN,0
HUX,DFW,0
ISP,VRB,0
JED,RKT,0
JJN,ACX,0
KHI,TUK,0
KMG,DXB,0
KUA,SIN,0
KUF,SHJ,0
KYZ,DME,0
LED,TOF,0
LHR,OLB,0
LOS,SKO,0
LPL,NCE,0
MHT,EWR,0
MLA,GDN,0
MLA,VNO,0
MNL,SEA,0
MRS,BER,0
MUX,AUH,0
MXP,BRS,0
MYR,CLE,0
NCE,LPL,0
OLB,CDG,0
OLB,LHR,0
PAC,CHX,0
PAE,PSP,0
PBI,AVL,0
PDX,BFI,0
POZ,ARN,0
PSP,PAE,0
PTP,SDQ,0
RGN,DEL,0
RKT,CNN,0
SCQ,CDG,0
SDQ,PTP,0
SEA,MNL,0
SHJ,KUF,0
SIN,KUA,0
SKG,ZAG,0
SKO,LOS,0
STL,YUL,0
STN,CLJ,0
TAS,BOM,0
TLV,KGS,0
TOF,LED,0
TQO,EWR,0
TUK,KHI,0
TUN,BOD,0
VAR,PRG,0
VNO,MLA,0
VRB,ISP,0
WRO,BRS,0
WRO,ZRH,0
WUH,YZY,0
WUX,YBP,0
YBP,WUX,0
YUL,STL,0
YYQ,YWG,0
ZAG,SKG,0
ZRH,CLJ,0
ZRH,WRO,0
ABJ,NBO,0
AGP,NCE,0
ASE,AUS,0
ATH,BOD,0
ATQ,BHX,0
AUS,ASE,0
BGW,DAM,0
BLL,IAS,0
BRS,DBV,0
BSL,CMN,0
BSL,VLC,0
CEB,MBT,0
CEB,PVG,0
CJU,NRT,0
CKG,HAN,0
CTA,CMN,0
DAM,BGW,0
DOH,ELQ,0
DUB,VNO,0
ELQ,DOH,0
EWR,CPT,0
EWR,GCM,0
FEZ,MAD,0
FKB,SBZ,0
FMM,INI,0
FNC,NTE,0
GCM,EWR,0
GRO,WRO,0
HAK,SHS,0
HAN,CKG,0
HEL,PMI,0
HNY,XIY,0
HSN,YTY,0
IAS,BLL,0
INI,FMM,0
KJA,GOY,0
KJA,YKS,0
KMG,SQD,0
LAX,VIE,0
LEI,MAN,0
LIS,MPM,0
LMP,MXP,0
LYS,RBA,0
MAA,HKT,0
MAD,FEZ,0
MAN,LEI,0
MBT,CEB,0
MCX,UFA,0
MIA,OKC,0
MXP,LMP,0
NBE,BRU,0
NBO,ABJ,0
NCE,AGP,0
NRT,CJU,0
NTE,FNC,0
PFO,POZ,0
PIT,YUL,0
PMI,HEL,0
POZ,PFO,0
RBA,LYS,0
SBZ,FKB,0
SEA,YUL,0
SHS,HAK,0
SQD,KMG,0
SSH,KUF,0
SWA,TYN,0
TFU,XNT,0
TNH,TSN,0
TSN,TNH,0
TYN,SWA,0
UFA,MCX,0
VIE,LAX,0
VLC,BSL,0
VNO,DUB,0
WDH,LAD,0
WRO,GRO,0
XIY,HNY,0
XNT,TFU,0
YKS,KJA,0
YOW,YYJ,0
YTY,HSN,0
YUL,PIT,0
YXE,ZFD,0
YYJ,YOW,0
ZIA,BUS,0
AGA,BRS,0
AJL,SHL,0
AMS,AUS,0
AUS,AMS,0
BCN,OUD,0
BER,PMO,0
BGY,QSR,0
BOD,ATH,0
BRS,AGA,0
BUD,CAG,0
BUD,GYD,0
CAG,BUD,0
CAJ,CCS,0
CCS,CAJ,0
CCU,ATQ,0
CGO,ENY,0
CIF,LYA,0
CIF,RLK,0
CKG,SQD,0
CPT,EWR,0
CRL,POZ,0
CRL,ZAD,0
DBV,BRS,0
DIB,IMF,0
DLC,NGO,0
EBL,STR,0
ENY,CGO,0
FCO,SPX,0
FYJ,JMU,0
GOY,KJA,0
GRU,LAD,0
GYD,BUD,0
HBE,MJI,0
HKT,MAA,0
HVB,MEL,0
ICN,NGS,0
IMF,DIB,0
JMU,FYJ,0
JUZ,TYN,0
KHN,YCU,0
KJA,SYX,0
KUF,SSH,0
KUN,SNN,0
LAD,WDH,0
LEJ,FUE,0
LIR,MSP,0
LIS,OTP,0
LYA,CIF,0
MEL,HVB,0
MPM,LIS,0
MSP,LIR,0
NAP,SPU,0
NGO,DLC,0
NGS,ICN,0
NNY,TSN,0
NNY,ZUH,0
OKC,MIA,0
OTP,LIS,0
OUD,BCN,0
OUD,CDG,0
PEE,KZN,0
PIE,SBN,0
PMO,BER,0
POZ,CRL,0
PVG,CEB,0
QSR,BGY,0
RKT,JED,0
RLK,CIF,0
SBN,PIE,0
SIN,HFE,0
SNN,KUN,0
SPU,NAP,0
SPX,FCO,0
SQD,CKG,0
STR,EBL,0
SVO,KQT,0
SYX,KJA,0
TFU,RKZ,0
TSF,WRO,0
TSN,NNY,0
TYN,JUZ,0
ULK,YKS,0
VIE,ZTH,0
WMX,TIM,0
WRO,TSF,0
YCU,KHN,0
YEG,YXY,0
YKS,ULK,0
YUL,SEA,0
ZAD,CRL,0
ZTH,VIE,0
ZUH,NNY,0
ACC,KGL,0
AHU,RTM,0
AKX,SSH,0
ALB,PGD,0
ALG,MXP,0
ATQ,CCU,0
AUH,IXC,0
BFS,LPA,0
BIQ,DUB,0
BLQ,LYS,0
BME,DRB,0
BOH,GRO,0
BPN,LOP,0
BTH,LMU,0
BTV,MSP,0
BVA,SVQ,0
CDG,OUD,0
CDG,VRN,0
CEB,TAE,0
CFU,HAM,0
DRB,BME,0
DSM,MIA,0
DUB,BIQ,0
DUB,TRN,0
DXB,ULH,0
ELG,ALG,0
FCO,KWI,0
FCO,RTM,0
FDF,SDQ,0
FLL,SAN,0
FRA,PMO,0
FUE,SCQ,0
GRO,BOH,0
HKT,NQZ,0
IXC,AUH,0
JED,BER,0
KHN,LUM,0
KNO,SUB,0
KUL,LKO,0
KWI,FCO,0
KZN,PEE,0
LHW,JJN,0
LKO,KUL,0
LMU,BTH,0
LOP,BPN,0
LPA,BFS,0
LTN,RZE,0
LUM,KHN,0
LYS,BLQ,0
MED,LHE,0
MIA,DSM,0
MIR,BEG,0
MSP,BTV,0
MXP,ALG,0
NJF,KHI,0
NZH,PEK,0
PEK,NZH,0
PGD,ALB,0
PMO,FRA,0
ROB,BRU,0
RTM,AHU,0
RTM,FCO,0
RZE,LTN,0
SAN,FLL,0
SBW,SIN,0
SCQ,FUE,0
SDQ,FDF,0
SHL,AJL,0
SIN,SBW,0
SOF,FKB,0
SVQ,BVA,0
TAE,CEB,0
TPS,TRN,0
TRN,DUB,0
TRN,TPS,0
ULH,DXB,0
UYN,XUZ,0
VAV,NAN,0
VKO,TMJ,0
VRN,CDG,0
VVZ,ALG,0
WXN,PEK,0
XUZ,UYN,0
AEP,BSB,0
AGA,EUN,0
ALC,VIT,0
AMM,DUS,0
ATH,SKP,0
AUS,RNO,0
BEG,MIR,0
BER,JED,0
BJR,GDQ,0
BOG,MTY,0
BOI,BZN,0
BOM,NRT,0
BTS,EIN,0
BUA,RAB,0
BZN,BOI,0
CFU,CGN,0
CGN,BJV,0
CGN,CFU,0
CMN,MAN,0
CNS,PER,0
CRL,DUB,0
CRL,OUD,0
DME,AMM,0
DUB,CRL,0
DUS,AMM,0
EIN,BTS,0
EIN,GRO,0
EIN,OSL,0
ELV,JNU,0
EMA,ZTH,0
EUN,AGA,0
EWR,TYS,0
FOC,ZAT,0
GOJ,OVB,0
GRO,EIN,0
HAQ,DRV,0
HDG,NNG,0
HDG,SYX,0
IQM,KCA,0
JFK,TQO,0
JJN,LHW,0
JNU,ELV,0
KCA,IQM,0
KET,RGN,0
KMG,NNG,0
KTM,LXA,0
KUG,HID,0
LGW,TRD,0
LJG,ZAT,0
LUX,PRG,0
LXA,KTM,0
MAN,CMN,0
MCT,TZX,0
MIR,NTE,0
MLA,SKG,0
MRS,TSF,0
MTY,BOG,0
NAN,VAV,0
NIM,CMN,0
NNG,HDG,0
NNG,KMG,0
NRN,TFS,0
NRT,BOM,0
NTE,MIR,0
OKA,SIN,0
OMS,NUX,0
OSL,EIN,0
OUD,CRL,0
OVB,GOJ,0
PEK,WXN,0
PER,CNS,0
PRG,LUX,0
PUS,VTE,0
RKZ,TFU,0
RNO,AUS,0
RTM,STN,0
SIN,OKA,0
SKG,MLA,0
SKG,TSF,0
SKP,ATH,0
STN,RTM,0
SYX,HDG,0
TFS,NRN,0
TMJ,VKO,0
TQO,JFK,0
TRD,LGW,0
TSF,MRS,0
TSF,SKG,0
TSN,HNY,0
TUN,PMO,0
TYS,EWR,0
TZX,MCT,0
UUD,VVO,0
VIT,ALC,0
VVO,UUD,0
YXT,YYC,0
YYC,YXT,0
ZAT,FOC,0
ZAT,LJG,0
ZIA,TJU,0
ZTH,EMA,0
ABJ,NIM,0
ABV,DLA,0
ADB,RZV,0
ADD,BAH,0
ADD,ENU,0
ALG,AMM,0
AMD,HDO,0
ATW,LAS,0
BAV,WUH,0
BHD,EXT,0
BJV,CGN,0
BOO,ANX,0
BOS,VIE,0
BOS,YVR,0
BUD,LUX,0
CAI,OTP,0
CDG,SSA,0
CFU,NAP,0
CGN,MLA,0
CMN,NIM,0
CSX,TCZ,0
CXR,TAS,0
DBV,EWR,0
DBV,LHR,0
DMM,MHD,0
EWR,DBV,0
EXT,BHD,0
GDN,LPL,0
HER,LBA,0
HFE,HUZ,0
HKT,TLV,0
HNY,TSN,0
HUZ,HFE,0
IAD,MBJ,0
IAH,MTJ,0
IST,NMA,0
IXC,IXL,0
JRO,EBB,0
KCY,VEO,0
KOE,LBJ,0
KRK,NAP,0
KTW,MAN,0
LAS,ATW,0
LBA,HER,0
LBJ,KOE,0
LHR,DBV,0
LJG,YCU,0
LPA,LPL,0
LPL,GDN,0
LPL,LPA,0
LUX,BUD,0
LYA,ZUH,0
MAN,KTW,0
MBJ,IAD,0
MLA,CGN,0
MTJ,IAH,0
MUA,GZO,0
NAP,CFU,0
NAP,KRK,0
NCE,TLV,0
NMA,IST,0
NUX,OMS,0
OGL,POS,0
OTP,CAI,0
PEK,YIN,0
PIA,PIE,0
PIE,PIA,0
PMI,SOF,0
PMO,TUN,0
PMO,VLC,0
POS,OGL,0
RTB,GUA,0
RZV,ADB,0
SLC,ICN,0
SOF,PMI,0
SSA,CDG,0
SUB,KNO,0
TCZ,CSX,0
TLV,HKT,0
TLV,NCE,0
TUB,PPT,0
UGC,ZIA,0
VIE,BOS,0
VIE,RUH,0
VLC,PMO,0
VTE,PUS,0
WUH,BAV,0
YCU,LJG,0
YIN,PEK,0
YVR,BOS,0
ZIA,UGC,0
ZUH,LYA,0
ADB,LGW,0
AEU,BND,0
AGA,DUS,0
AGP,HHN,0
AKL,TPE,0
ALC,NQY,0
AMM,ALG,0
AMS,GRO,0
AMS,TIA,0
BEL,FLL,0
BEY,MAD,0
BHY,TNA,0
BLQ,WMI,0
BND,AEU,0
BPE,XIY,0
CAN,KWI,0
CGN,ZAG,0
CKG,WGN,0
CMN,LBV,0
CNJ,TSV,0
CNX,UTP,0
CPH,WRO,0
CSX,HZA,0
CSX,WGN,0
DGO,MDW,0
DSN,UBN,0
DSN,XUZ,0
EDI,NQY,0
FLL,BEL,0
GLA,PRG,0
GLN,CMN,0
GRZ,HAM,0
GUA,RTB,0
GYA,TDD,0
GYD,ZIA,0
HAM,GRZ,0
HCZ,NGB,0
HCZ,TFU,0
HEL,LCA,0
HHN,AGP,0
HIA,XIY,0
ICN,SLC,0
IXJ,AMD,0
IXL,IXC,0
JHB,LGK,0
KHI,NJF,0
LAD,CDG,0
LBV,CMN,0
LGK,JHB,0
MAD,BEY,0
MDW,DGO,0
MHD,DMM,0
MRS,NAP,0
NAP,MRS,0
NGB,HCZ,0
NQY,ALC,0
NQY,EDI,0
PNR,IST,0
PRG,GLA,0
PSM,SFB,0
PUY,ZAG,0
SAN,YUL,0
SFB,PSM,0
TDD,GYA,0
TFU,HCZ,0
TIA,AMS,0
TNA,BHY,0
TPE,AKL,0
UBN,DSN,0
UTP,CNX,0
WGN,CKG,0
WGN,CSX,0
WMI,BLQ,0
WRO,CPH,0
XIY,BPE,0
XIY,HIA,0
XUZ,DSN,0
YUL,SAN,0
ZAG,CGN,0
ACE,PIK,0
ADB,BEG,0
AKL,HAK,0
ALC,CDG,0
AMS,GRX,0
AQG,XIY,0
AQG,XMN,0
ATH,PEK,0
BAH,ADD,0
BCN,KUT,0
BEG,ADB,0
BTK,DME,0
BUS,IKA,0
BYO,VCP,0
CDG,ALC,0
CEE,KGD,0
CFR,NCE,0
CFU,EDI,0
CMN,GRU,0
COV,VAN,0
CRL,REU,0
CWB,CGR,0
DEN,PBI,0
DLA,ABV,0
DME,BTK,0
DMM,HBE,0
EGE,IAH,0
GEO,YYZ,0
GRO,AMS,0
GRU,CMN,0
GRX,AMS,0
HAK,AKL,0
HAM,CFU,0
HBE,DMM,0
HET,JNG,0
HZA,CSX,0
IAH,EGE,0
ICN,YYC,0
IKA,BUS,0
IST,NTE,0
JED,MUC,0
JNG,TYN,0
KGD,CEE,0
KUT,BCN,0
LCA,HEL,0
LGW,ADB,0
LGW,BKK,0
LPL,SOF,0
LTN,PDV,0
LYG,WUH,0
MCO,POS,0
MPH,TPE,0
MUC,JED,0
NAP,NTE,0
NCE,CFR,0
NTE,IST,0
NTE,NAP,0
ORY,YUL,0
OUA,BRU,0
PBI,DEN,0
PDV,LTN,0
PEK,ATH,0
PIK,ACE,0
POS,MCO,0
PUJ,COR,0
REU,CRL,0
RGN,KET,0
RTM,TNG,0
RUH,ZRH,0
SOF,LPL,0
TFU,MNL,0
TNG,RTM,0
TPE,MPH,0
TYN,JNG,0
VEO,KCY,0
WUH,LYG,0
XIY,AQG,0
XMN,AQG,0
YUL,ORY,0
YWG,YGX,0
YYC,ICN,0
YYZ,GEO,0
ZAG,PUY,0
ZIA,GYD,0
ZRH,RUH,0
AAZ,GUA,0
ABJ,JFK,0
BCN,GLA,0
BER,LYS,0
BGO,EDI,0
BHX,VLC,0
BKK,LGW,0
BON,SDQ,0
BQB,MEL,0
BRC,FTE,0
BUD,ZTH,0
BZE,SAP,0
CAI,GXF,0
CGN,DUB,0
CGR,CWB,0
CJJ,UBN,0
CJU,YNY,0
COR,PUJ,0
CRL,FUE,0
CWB,PTO,0
DBO,BRK,0
DBO,WGE,0
DMK,YIH,0
DNH,URC,0
DUB,CGN,0
DUS,AGA,0
EDI,BGO,0
EDI,CFU,0
ESL,SVO,0
FOC,YIC,0
FTE,BRC,0
FUE,CRL,0
GLA,BCN,0
GOT,ZAG,0
GUA,AAZ,0
GWT,MUC,0
GXF,CAI,0
GYD,URC,0
HAJ,PRN,0
HGO,ABJ,0
HLD,YNT,0
IDR,UDR,0
JFK,ABJ,0
JNG,HET,0
KIN,LGW,0
KIN,POS,0
KIX,SYD,0
KOA,SJC,0
KWE,YIC,0
LHE,MED,0
LYS,BER,0
MAD,YYZ,0
MDT,PIE,0
MEL,BQB,0
MNL,TFU,0
MRV,SSH,0
MUC,GWT,0
PET,POA,0
PIE,MDT,0
POA,PET,0
POA,RIA,0
PRN,HAJ,0
PTO,CWB,0
PTY,SXM,0
REU,SNN,0
RIA,POA,0
SDQ,BON,0
SJC,KOA,0
SJJ,STN,0
SNN,REU,0
SSH,MRV,0
SSH,UFA,0
STL,VPS,0
STN,SJJ,0
SVO,ESL,0
SXM,DOM,0
SXM,PTY,0
TAS,CXR,0
UDR,IDR,0
URC,GYD,0
VAN,COV,0
VLC,BHX,0
VPS,STL,0
WGE,LHG,0
XMY,SYU,0
YFO,YQD,0
YIC,FOC,0
YIC,KWE,0
YIH,DMK,0
YNT,HLD,0
YNY,CJU,0
YQD,YWG,0
YWG,YFO,0
YYZ,MAD,0
ZAG,GOT,0
AAR,GDN,0
ACE,VLC,0
AKX,HSA,0
ALB,MYR,0
ASP,PER,0
BBI,HDO,0
BDJ,KBU,0
BGY,RMO,0
BJX,MID,0
BNA,PWM,0
BPA,CEB,0
BUF,LAX,0
CDG,RMO,0
CEB,BPA,0
CHS,RSW,0
CHS,STL,0
CIT,VKO,0
CPH,TKU,0
DLA,KGL,0
DOY,TSN,0
DSN,SZX,0
FCO,MJI,0
FIH,MDK,0
FOC,JGS,0
GDN,AAR,0
HDO,BBI,0
HKT,HEL,0
HSA,AKX,0
ITB,MAO,0
JGS,FOC,0
JJN,YNZ,0
KBU,BDJ,0
KRK,PFO,0
LAX,BUF,0
LBV,LOS,0
LED,NQZ,0
LIR,ORD,0
LOS,LBV,0
MAO,ITB,0
MBJ,MSP,0
MFM,PUS,0
MID,BJX,0
MID,PBC,0
MIG,XNN,0
MJI,FCO,0
MSP,MBJ,0
MXV,UBN,0
MYR,ALB,0
NAP,VRN,0
NNG,SHS,0
NQZ,LED,0
ORD,LIR,0
PBC,MID,0
PBG,SFB,0
PER,ASP,0
PFO,KRK,0
POS,KIN,0
PUJ,YHZ,0
PUS,MFM,0
RBR,MAO,0
REC,JPO,0
RMO,BGY,0
RMO,CDG,0
RSW,CHS,0
SDP,ANC,0
SFB,PBG,0
SHS,NNG,0
SHS,TAO,0
STL,CHS,0
STN,VGO,0
STN,ZTH,0
SVO,ALG,0
SYD,KIX,0
SZX,DSN,0
TAO,SHS,0
TFU,ZHY,0
TKU,CPH,0
TSN,DOY,0
TSN,YBP,0
UBN,CJJ,0
UFA,SSH,0
URC,DNH,0
URC,XFN,0
VGO,STN,0
VKO,CIT,0
VLC,ACE,0
VRN,NAP,0
XFN,SYX,0
XNN,MIG,0
YBP,TSN,0
YBP,YIW,0
YIW,YBP,0
YNZ,JJN,0
YQB,FLL,0
ZHY,TFU,0
AHB,MED,0
ALG,STN,0
ALG,SVO,0
ATL,ADD,0
ATL,ZRH,0
AUH,ELQ,0
AXA,SDQ,0
BON,AUA,0
CAK,LAS,0
CDG,NSI,0
CFU,NCL,0
CIF,DSN,0
CKG,SGN,0
CMN,SVQ,0
CNX,MNL,0
CZX,FOC,0
DAR,FIH,0
DAR,NPY,0
DMK,NGO,0
DPS,SVO,0
DPT,YKS,0
DSN,CIF,0
ELQ,AUH,0
FCO,GYD,0
FCO,POZ,0
FIH,DAR,0
FLL,YQB,0
FOC,CZX,0
GDL,SJO,0
GOH,KUS,0
GOJ,KUF,0
GYD,FCO,0
GYD,LHR,0
HAN,HIJ,0
HGU,GKA,0
HIJ,HAN,0
HKG,NAN,0
HKT,XIY,0
HVN,SJU,0
ICN,SJW,0
JHG,NGB,0
KBR,KCH,0
KCH,KBR,0
KHH,KMJ,0
KHN,UYN,0
KMJ,KHH,0
KTW,PFO,0
KUF,GOJ,0
KUT,BUD,0
LAS,CAK,0
LED,NUX,0
LHR,GYD,0
LHR,TBS,0
LNL,XIY,0
LPQ,SAI,0
LYG,ZUH,0
MAO,RBR,0
MDT,PGD,0
MLA,TPS,0
MRS,OTP,0
NAN,HIR,0
NAN,HKG,0
NCL,CFU,0
NGB,JHG,0
NGO,DMK,0
NLA,BUQ,0
NOJ,TJM,0
NUX,LED,0
OTP,MRS,0
PFO,KTW,0
PGD,MDT,0
POJ,CNF,0
POZ,FCO,0
PWM,BNA,0
RIZ,TFU,0
SAP,BZE,0
SCL,TRU,0
SDQ,AXA,0
SJU,HVN,0
SJW,ICN,0
SKD,XIY,0
STN,ALG,0
SVQ,CMN,0
SYX,XFN,0
TBS,LHR,0
TFU,RIZ,0
TJM,NOJ,0
TPS,MLA,0
TRU,SCL,0
UYN,KHN,0
XFN,URC,0
XIY,LNL,0
XIY,SKD,0
XMH,PPT,0
XUZ,YBP,0
YBP,XUZ,0
YYE,YXS,0
ZRH,ATL,0
ZTH,BUD,0
ZTH,STN,0
ZUH,LYG,0
AAE,ORY,0
ABV,JOS,0
ACE,HAM,0
ACV,BUR,0
ADD,MUB,0
AET,HUS,0
AGP,BGO,0
ANU,PLS,0
AOJ,ICN,0
ARN,RAK,0
ASE,VNY,0
ASP,TCA,0
ATL,BDA,0
AZA,MOT,0
BAH,CAN,0
BBI,DXB,0
BCN,WRO,0
BDA,ATL,0
BDQ,PNQ,0
BGO,AGP,0
BHK,LED,0
BKM,LWY,0
BKQ,LRE,0
BME,FIZ,0
BNE,BKQ,0
BOG,ASU,0
BOM,EWR,0
BSA,ADD,0
BTS,SAW,0
BTT,AKP,0
BUA,POM,0
BUD,KUT,0
BUR,ACV,0
BWN,ICN,0
CAI,JIB,0
CAN,CJU,0
CAN,IKA,0
CAN,SZH,0
CCS,CUM,0
CDG,NDJ,0
CGD,CKG,0
CJU,CAN,0
CKG,CGD,0
CKG,WNH,0
CMB,CDG,0
CMN,LAD,0
CMN,YYZ,0
CTS,KHH,0
CUM,CCS,0
CUU,DEN,0
CVU,FLW,0
DAR,CAI,0
DAR,SGX,0
DEN,CUU,0
DEN,OTH,0
DJG,TMR,0
DLA,BFX,0
DLC,JGD,0
DLC,LDS,0
DLM,FRA,0
DOH,CKG,0
DSN,KCA,0
DXB,BBI,0
DXB,POZ,0
EBB,BOM,0
EDI,RAK,0
EWR,BOM,0
EWR,SJD,0
EZE,CBB,0
EZE,REC,0
FAI,SVS,0
FIH,KGA,0
FIZ,BME,0
FIZ,HCQ,0
FLN,LIS,0
FLW,CVU,0
FMM,RMO,0
GDT,SLX,0
GIZ,SHJ,0
GOT,LPA,0
GRO,KRK,0
GXH,LXA,0
HAK,SVO,0
HAM,ACE,0
HAM,PRN,0
HAV,MGA,0
HAV,SCU,0
HCQ,FIZ,0
HGH,MEL,0
HIR,NAN,0
HLH,PVG,0
HRB,HYN,0
HRB,SZH,0
HRG,SZG,0
HSL,FAI,0
HSL,GAL,0
HYN,HRB,0
HYN,SYX,0
HZG,INC,0
IAH,YEG,0
ICN,AOJ,0
ICN,BWN,0
ICN,LIS,0
ILD,PMI,0
IMF,SHL,0
INC,HZG,0
INC,KWL,0
INZ,TMR,0
ISB,LGW,0
IST,YUL,0
JFK,MNL,0
JGD,DLC,0
JIB,CAI,0
JNB,SZX,0
JOS,ABV,0
JTR,VIE,0
JUV,JAV,0
KCA,DSN,0
KEP,PKR,0
KGA,FIH,0
KGL,DAR,0
KGL,JRO,0
KHH,CTS,0
KHH,NKG,0
KHH,OKJ,0
KMG,WNH,0
KMU,WJR,0
KRK,GRO,0
KRT,UYL,0
KTM,VNS,0
KUT,PRG,0
KWA,MAJ,0
KWL,INC,0
KZN,TJM,0
LAD,PNR,0
LDS,DLC,0
LED,BHK,0
LFW,LAD,0
LGW,KIN,0
LGW,POS,0
LIS,FLN,0
LIS,ICN,0
LIS,OVD,0
LJG,WDS,0
LPA,GOT,0
LPA,PNA,0
LPB,RBQ,0
LVO,LNO,0
LWY,BKM,0
LXA,GXH,0
MDE,RCH,0
MEX,MUC,0
MGA,HAV,0
MGA,PUZ,0
MIA,ORY,0
MNG,ELC,0
MNL,CNX,0
MNL,YYZ,0
MOT,AZA,0
MQP,LVI,0
MRS,TLM,0
MUC,DJE,0
MUC,MEX,0
MXP,SZX,0
NBO,VFA,0
NDB,NKC,0
NKC,NDB,0
NKG,KHH,0
NKG,UKB,0
NLA,ADD,0
NLK,SYD,0
NQZ,XIY,0
NRN,RBA,0
NRT,KTM,0
NRT,TAO,0
NSI,SSG,0
ORD,SUN,0
ORK,SVQ,0
ORY,AAE,0
ORY,MIA,0
OTH,DEN,0
OTZ,KVL,0
OVD,LIS,0
PBI,MSP,0
PCR,VVC,0
PEK,BOS,0
PEK,YLX,0
PER,CDG,0
PER,WUN,0
PEW,RKT,0
PKR,KEP,0
PLS,HAV,0
PMI,ILD,0
PMV,STD,0
PNA,LPA,0
PNQ,BDQ,0
POS,LGW,0
POZ,DXB,0
PPT,FAV,0
PRG,KUT,0
PRN,BER,0
PUZ,MGA,0
PVG,HLH,0
PVU,IAD,0
QBC,YAA,0
RAK,ARN,0
RAK,EDI,0
RBA,NRN,0
RBQ,LPB,0
RCH,MDE,0
REC,EZE,0
RKT,PEW,0
RMF,BRQ,0
RMO,FMM,0
SAW,BTS,0
SAW,TGD,0
SGN,CKG,0
SGX,DAR,0
SHJ,GIZ,0
SHJ,UET,0
SHL,IMF,0
SHO,CPT,0
SJD,EWR,0
SJO,GDL,0
SJP,REC,0
SPN,NRT,0
STD,PMV,0
SUN,ORD,0
SUV,TVU,0
SVO,DPS,0
SVO,HAK,0
SVO,SZX,0
SVQ,ORK,0
SVS,WBQ,0
SVX,TJM,0
SYD,NLK,0
SYX,HYN,0
SYX,VVO,0
SZG,HRG,0
SZH,CAN,0
SZX,JNB,0
SZX,MXP,0
SZX,SVO,0
SZX,SYD,0
TAO,NRT,0
TAS,TFU,0
TFN,ZAZ,0
TFS,WMI,0
TFU,DOH,0
TFU,TAS,0
TGD,LJU,0
TGD,SAW,0
TJM,KZN,0
TJM,SVX,0
TLM,MRS,0
TML,WZA,0
TUU,AHB,0
TVU,SUV,0
UET,SHJ,0
UKB,NKG,0
UYL,KRT,0
VFA,NBO,0
VIE,JTR,0
VNS,KTM,0
VTZ,IXZ,0
VVC,MVP,0
VVC,PCR,0
VVO,SYX,0
WDS,NKG,0
WMI,TFS,0
WNH,CKG,0
WNH,KMG,0
WRO,BCN,0
WUN,MKR,0
WZA,TML,0
XIY,HKT,0
XIY,NQZ,0
XKS,YXL,0
YAA,YVR,0
YCK,YGH,0
YCK,YZF,0
YGH,YCK,0
YLX,PEK,0
YQZ,YVR,0
YUL,IST,0
YUL,YMT,0
YVR,BKK,0
YWK,ZUM,0
YXL,XKS,0
YXS,YYE,0
YYC,MEX,0
YYZ,CMN,0
YZF,YCK,0
ZAZ,TFN,0
ADL,MCY,0
AEA,TRW,0
AGP,AAR,0
AGR,HYD,0
AKA,UYN,0
AKL,SZX,0
ALA,UBN,0
ANF,LIM,0
AOJ,TPE,0
APW,PPG,0
ARN,PSA,0
ASU,BOG,0
AUH,TRZ,0
BAQ,CLO,0
BAV,KMG,0
BCN,SZX,0
BDL,LAS,0
BER,GYD,0
BGY,OVD,0
BGY,TBS,0
BHX,JED,0
BKI,LMN,0
BKK,YVR,0
BMV,HPH,0
BNE,NLK,0
BOC,SJO,0
BOG,BOS,0
BOG,HAY,0
BOG,RVE,0
BOS,BOG,0
BOS,LGW,0
BQB,SYD,0
BRC,GRU,0
BRU,SZX,0
BSK,ORY,0
BSL,DUB,0
BWN,DXB,0
BWN,TPE,0
BZX,HAK,0
BZX,WUX,0
CAI,DAR,0
CAI,SZX,0
CAN,BAH,0
CAN,JDZ,0
CAN,WEF,0
CAN,YIC,0
CDG,GYD,0
CDG,MNL,0
CDG,PER,0
CDG,XMN,0
CDP,VGA,0
CGO,JBK,0
CIH,KMG,0
CIH,TAO,0
CIX,TPP,0
CJS,HMO,0
CKG,DOH,0
CLO,BAQ,0
CLO,FLA,0
CMN,KWI,0
COV,FRA,0
CPT,IAD,0
CRL,TTU,0
CSX,VTE,0
CSX,WXN,0
CTA,FMM,0
CTA,JFK,0
CUN,SAL,0
CWB,LIM,0
DAR,LUN,0
DAR,NLA,0
DCA,TVC,0
DEL,ORD,0
DFW,NAN,0
DGO,HMO,0
DOH,CEB,0
DOH,JIB,0
DOH,TFU,0
DOH,TUU,0
DOY,TFU,0
DTM,PRN,0
DUB,BSL,0
DUB,FMM,0
DVO,DOH,0
DXB,BWN,0
DXB,HOF,0
DXB,JIB,0
DYU,MRV,0
DZH,HGH,0
DZH,LJG,0
ELC,DRW,0
ENY,SYX,0
ERZ,YEI,0
EUQ,MNL,0
FAO,PDL,0
FCO,SZX,0
FKB,SOF,0
FLA,CLO,0
FMM,CTA,0
FMM,DUB,0
FRA,KWI,0
FRA,SJO,0
FRA,STL,0
FUN,SUV,0
GGR,MGQ,0
GOI,IXU,0
GRU,BRC,0
GRU,OPO,0
GVN,KHV,0
GYD,BER,0
GYD,CDG,0
GYS,URC,0
HAK,LNL,0
HAM,CHQ,0
HAV,PLS,0
HAY,BOG,0
HCZ,PVG,0
HDG,HET,0
HDG,SZX,0
HET,HDG,0
HGH,DZH,0
HKG,HSN,0
HKG,YCU,0
HLH,WUH,0
HMA,OVB,0
HMO,CJS,0
HMO,DGO,0
HND,MXP,0
HND,VIE,0
HOF,DXB,0
HPH,BMV,0
HPH,VCA,0
HQQ,SHE,0
HQQ,TFU,0
HRB,NNY,0
HRB,XIL,0
HRE,DAR,0
HSC,PVG,0
HSC,TFU,0
HSN,HKG,0
HYD,AGR,0
HYG,KTN,0
HZG,URC,0
IAD,CPT,0
IAD,PVU,0
IAH,SCL,0
ICN,KIJ,0
ICN,KMQ,0
ICN,TKS,0
IKA,CAN,0
IQN,PVG,0
IST,PTY,0
IST,YVR,0
IXG,JAI,0
IXU,GOI,0
IXZ,VTZ,0
JAI,IXG,0
JAX,YYZ,0
JBK,CGO,0
JDZ,CAN,0
JED,BHX,0
JED,CGP,0
JED,WAE,0
JED,YNB,0
JFK,CTA,0
JFK,RUH,0
JIB,DOH,0
JIB,DXB,0
JNG,SYX,0
JNG,WXN,0
JUB,KRT,0
JXA,PEK,0
KEW,ZSJ,0
KHH,SIN,0
KHV,GVN,0
KIJ,ICN,0
KIN,BGI,0
KJI,NLT,0
KMG,BAV,0
KMG,CIH,0
KMG,NNY,0
KMQ,ICN,0
KRT,JUB,0
KRT,PZU,0
KTM,NRT,0
KWI,CAN,0
KWI,CMN,0
KWI,FRA,0
LAD,CMN,0
LAD,LFW,0
LAS,BDL,0
LAS,RIC,0
LAX,XMN,0
LBV,ADD,0
LED,SLY,0
LFQ,SZX,0
LGW,BOS,0
LGW,ISB,0
LGW,SXB,0
LGW,TLL,0
LHE,RKT,0
LIM,ANF,0
LIM,CWB,0
LIS,RMO,0
LJG,DZH,0
LJG,SGN,0
LLW,HRE,0
LMN,BKI,0
LNJ,PVG,0
LNL,HAK,0
LUN,LLW,0
LVI,NBO,0
LYG,SWA,0
LYS,TFS,0
LZG,SZX,0
LZO,WNZ,0
MAD,NRT,0
MAJ,KWA,0
MAN,TIA,0
MCY,ADL,0
MEL,HGH,0
MEX,YYC,0
MGQ,DXB,0
MGQ,GGR,0
MKM,SBW,0
MNL,EUQ,0
MNL,JFK,0
MOK,NCU,0
MPM,INH,0
MRV,DYU,0
MSP,PBI,0
MSR,YEI,0
MUC,CPT,0
MUC,SEA,0
MVP,VVC,0
MXP,HND,0
NAN,DFW,0
NBO,LVI,0
NCU,MOK,0
NDG,SJW,0
NGB,TEN,0
NKG,WDS,0
NLK,BNE,0
NLT,KJI,0
NNG,GYS,0
NNY,HRB,0
NNY,KMG,0
NPY,TBO,0
NRT,MAD,0
NRT,SPN,0
OGZ,SVO,0
OKJ,KHH,0
ONG,DMD,0
OPO,GRU,0
ORY,BSK,0
OVB,HMA,0
OVD,BGY,0
PDL,FAO,0
PEK,JXA,0
PNR,LAD,0
POM,BUA,0
PRN,DTM,0
PSA,ARN,0
PVG,HCZ,0
PVG,HSC,0
PVG,IQN,0
PVG,TEN,0
PVG,YLX,0
PZU,KRT,0
REC,SJP,0
RIC,LAS,0
RKT,LHE,0
RMO,LIS,0
ROB,CKY,0
RUH,JFK,0
RVE,BOG,0
SAI,LPQ,0
SAL,CUN,0
SAW,SCO,0
SBW,MKM,0
SCL,IAH,0
SCO,SAW,0
SCO,TBS,0
SEA,MUC,0
SFJ,JHS,0
SGN,LJG,0
SHE,HQQ,0
SIN,KHH,0
SJO,BOC,0
SJO,FRA,0
SJU,SXM,0
SJW,NDG,0
SLX,GDT,0
SLY,LED,0
SLY,SVX,0
SNN,TFS,0
SPX,MED,0
SQD,XIY,0
SSG,NSI,0
STL,FRA,0
STR,ASR,0
SUV,FUN,0
SVO,OGZ,0
SVX,SLY,0
SWA,LYG,0
SXB,LGW,0
SXM,SJU,0
SYD,BQB,0
SYD,SZX,0
SYX,ENY,0
SYX,JNG,0
SZX,AKL,0
SZX,BCN,0
SZX,BRU,0
SZX,CAI,0
SZX,FCO,0
SZX,HDG,0
SZX,LFQ,0
SZX,LZG,0
SZX,XAI,0
TAO,CIH,0
TBO,DAR,0
TBS,SCO,0
TCA,ASP,0
TEN,NGB,0
TEN,PVG,0
TFS,LYS,0
TFS,SNN,0
TFU,DOY,0
TFU,HQQ,0
TFU,HSC,0
TFU,LAX,0
TFU,WNH,0
TFU,XAI,0
TIA,MAN,0
TKS,ICN,0
TLL,LGW,0
TMR,INZ,0
TPE,AOJ,0
TPE,BWN,0
TPE,WUH,0
TPP,CIX,0
TRW,AEA,0
TRZ,AUH,0
TSN,XAI,0
TTU,CRL,0
TUN,YUL,0
TUU,DOH,0
TVC,DCA,0
UBN,ALA,0
URC,HZG,0
UYN,AKA,0
UYN,YTY,0
VCA,HPH,0
VGA,CDP,0
VIE,HND,0
VNX,MPM,0
VTE,CSX,0
WAE,JED,0
WDS,LJG,0
WNH,TFU,0
WNZ,LZO,0
WNZ,YTY,0
WUH,HLH,0
WUH,TPE,0
WUX,BZX,0
WXN,CSX,0
WXN,JNG,0
XAI,SZX,0
XAI,TFU,0
XAI,TSN,0
XFN,XMN,0
XIL,HRB,0
XIY,BZX,0
XIY,SQD,0
XMN,CDG,0
XMN,LAX,0
XMN,XFN,0
XMN,ZYI,0
YCU,HKG,0
YEG,IAH,0
YEI,ERZ,0
YEI,MSR,0
YFB,YLC,0
YFS,YHY,0
YGW,YSK,0
YHZ,PUJ,0
YIC,CAN,0
YLX,PVG,0
YMO,YAT,0
YNB,JED,0
YNT,TYN,0
YPA,YSF,0
YSK,YGW,0
YSK,YUD,0
YTY,UYN,0
YTY,WNZ,0
YUD,YSK,0
YUL,TUN,0
YVM,YFB,0
YVR,IST,0
YYZ,JAX,0
YYZ,MNL,0
ZFD,YXE,0
ZNZ,JNB,0
ZUM,YYR,0
ZYI,XMN,0
AAR,AGP,0
ACE,EIN,0
ADB,LIS,0
ADD,NSI,0
AJL,IMF,0
AKA,CZX,0
AKA,LHW,0
AKA,WUH,0
AQJ,CAI,0
ASR,CGN,0
ASR,STR,0
AUA,FLL,0
AZA,BZN,0
AZA,MSP,0
BCI,LRE,0
BDL,JAX,0
BFS,EMA,0
BGI,KIN,0
BJX,MXL,0
BKI,KBR,0
BLR,ADD,0
BME,PHE,0
BMU,UPG,0
BNE,BCI,0
BOH,EDI,0
BOM,DGH,0
BRK,DBO,0
BSR,MED,0
BSZ,LHE,0
BVA,CAG,0
BVA,RBA,0
BWN,SGN,0
BZN,AZA,0
BZX,XIY,0
CAG,BVA,0
CAN,TCZ,0
CAN,WSK,0
CAN,XNT,0
CGN,ASR,0
CHQ,HAM,0
CTA,EIN,0
CZX,AKA,0
DGH,BOM,0
DJE,MUC,0
DOH,YNB,0
DOY,XMN,0
DQA,YNT,0
EBB,LOS,0
EBL,IKA,0
EDI,BOH,0
EIN,ACE,0
EIN,CTA,0
EMA,BFS,0
ENU,ADD,0
FCO,SDR,0
FLL,AUA,0
FMM,GRO,0
FRA,DLM,0
FRA,TFU,0
FUE,BRU,0
GAN,KDO,0
GET,KTA,0
GLA,NBE,0
GLN,TTA,0
GND,UVF,0
GOJ,TAS,0
GRO,FMM,0
GUW,KUT,0
GYS,NNG,0
HAK,BZX,0
HEL,HKT,0
HET,SYX,0
HJR,VNS,0
HMA,OMS,0
IBZ,NCE,0
IKA,EBL,0
IMF,AJL,0
IST,BKO,0
IST,KRR,0
IXA,DIB,0
JAI,GOI,0
JAV,JUV,0
JAX,BDL,0
JHS,JAV,0
JHS,SFJ,0
KAA,LUN,0
KBR,BKI,0
KMG,MDL,0
KNG,MKW,0
KRK,LIS,0
KRR,IST,0
KTA,GET,0
KTA,PHE,0
KTN,KCC,0
KUL,LBJ,0
KUT,GUW,0
LBJ,KUL,0
LHE,BSZ,0
LHG,WGE,0
LHW,AKA,0
LHW,QSZ,0
LIS,ADB,0
LIS,KRK,0
LTN,OPO,0
LUN,KAA,0
MAD,SPU,0
MCO,AMS,0
MDL,KMG,0
MED,SPX,0
MKW,KNG,0
MNL,CDG,0
MSP,AZA,0
MXL,BJX,0
MXP,PHL,0
NBE,GLA,0
NCE,IBZ,0
NGB,SHS,0
NHV,UAP,0
NQY,SEN,0
OMS,HMA,0
OMS,SLY,0
OPO,LTN,0
PDG,SIN,0
PHE,BME,0
PHE,KTA,0
PHL,MXP,0
PKX,TEN,0
POM,TBG,0
PSA,WRO,0
PVG,LNJ,0
QSZ,LHW,0
RAO,REC,0
RBA,BVA,0
REC,RAO,0
SDR,FCO,0
SEN,NQY,0
SGN,BWN,0
SHF,SJW,0
SHS,NGB,0
SHS,TYN,0
SHS,ZUH,0
SIN,NOU,0
SIN,PDG,0
SJW,SHF,0
SLY,OMS,0
SPU,MAD,0
SSH,CTA,0
SVQ,WAW,0
SWA,YNZ,0
SYX,HET,0
SYZ,TBZ,0
TAS,GOJ,0
TBS,BGY,0
TBZ,SYZ,0
TCZ,CAN,0
TEN,PKX,0
TFU,FRA,0
TSF,VNO,0
TYN,SHS,0
TYN,YNT,0
UAP,NHV,0
UPG,BMU,0
URC,GYS,0
VNO,TSF,0
VNS,HJR,0
VNY,ASE,0
WAW,SVQ,0
WGE,DBO,0
WHA,ZUH,0
WRO,PSA,0
WSK,CAN,0
WUH,AKA,0
XMN,DOY,0
XNT,CAN,0
YAY,YYT,0
YBX,YYR,0
YMT,YUL,0
YNB,DOH,0
YNT,DQA,0
YNZ,SWA,0
YYR,YBX,0
YYT,YAY,0
ZTH,BRU,0
ZUH,SHS,0
ZUH,WHA,0
AAT,KHG,0
ADD,BLR,0
AGP,SDR,0
AGR,BOM,0
ALC,EXT,0
AMD,IXD,0
AMD,JLG,0
AMS,BJL,0
AMS,MCO,0
APL,JNB,0
AZA,PSC,0
BEG,DBV,0
BNX,DTM,0
BOM,AGR,0
BRU,AGA,0
BZX,KMG,0
BZX,TNA,0
CDG,FNC,0
CEK,DYU,0
CGN,RAK,0
CIH,HGH,0
CLT,SJD,0
CNF,IAL,0
CNJ,ISA,0
CPH,LCA,0
CRL,RMO,0
CZL,MLH,0
DBV,BEG,0
DMD,ONG,0
DRW,TSV,0
DTM,BNX,0
DYU,CEK,0
EDI,KUN,0
EMA,LCA,0
EXT,ALC,0
FNC,CDG,0
FRA,COV,0
GDN,LCA,0
GVA,HRG,0
GVA,KWI,0
GYE,MDE,0
HGD,RCM,0
HGH,CIH,0
HRG,GVA,0
HVD,UBN,0
HZG,WNZ,0
IAH,SYD,0
IAL,CNF,0
IBR,PVG,0
IKT,OLZ,0
ISA,JCK,0
IXD,AMD,0
JAI,KUL,0
JCK,ISA,0
JCK,RCM,0
JFK,PRG,0
JLG,AMD,0
JNB,APL,0
KHG,AAT,0
KIN,NAS,0
KMG,BZX,0
KMG,WMT,0
KUL,JAI,0
KUN,EDI,0
KWE,WSK,0
KWI,GVA,0
KWI,MUC,0
LAS,MFR,0
LCA,EMA,0
LCA,GDN,0
LTN,MAH,0
MAH,LTN,0
MDE,GYE,0
MED,BSR,0
MFR,LAS,0
MLH,CZL,0
MUC,KWI,0
NAS,KIN,0
NOU,SIN,0
NTG,XNN,0
OLZ,IKT,0
OMO,ZAG,0
OUD,RBA,0
PHX,SMX,0
PMI,WRO,0
PNR,DLA,0
POS,SXM,0
PRG,JFK,0
PSC,AZA,0
PTY,SMR,0
PVG,IBR,0
RAK,CGN,0
RBA,OUD,0
RCM,HGD,0
RCM,JCK,0
RMO,CRL,0
SAT,PHL,0
SDR,AGP,0
SJD,CLT,0
SMR,PTY,0
SSG,ADD,0
SXM,POS,0
SYD,IAH,0
SYX,XUZ,0
SZX,TLV,0
TLV,SZX,0
TNA,BZX,0
TRF,WRO,0
TSV,DRW,0
UBN,HVD,0
UVF,GND,0
WMT,KMG,0
WNZ,HZG,0
WRO,PMI,0
WRO,TRF,0
WSK,KWE,0
WSK,YNT,0
XNN,NTG,0
XUZ,SYX,0
YBB,YHK,0
YFB,YRT,0
YNT,WSK,0
YRT,YFB,0
YRT,YZF,0
YZF,YRT,0
ZAG,OMO,0
AGP,PSA,0
ALA,MRV,0
ARN,SJJ,0
BEG,BRU,0
BEG,FKB,0
BEK,BLR,0
BEL,PBM,0
BHX,HRG,0
BLR,BEK,0
BLR,KJB,0
BRI,KTW,0
BRU,BEG,0
BSR,SHJ,0
BSZ,KWI,0
CAI,HGH,0
CAK,SAV,0
CAN,HDG,0
CAN,POM,0
CFU,FCO,0
CGO,ENH,0
CHQ,AMS,0
CHQ,BRU,0
CKG,HSC,0
CKG,HZA,0
CND,IST,0
CWB,GGJ,0
CZX,INC,0
CZX,WNZ,0
DFW,EZE,0
DGT,ILO,0
DSN,LHW,0
DTM,VNO,0
EBB,PAF,0
EIN,IAS,0
ENH,CGO,0
ENH,ZUH,0
ESB,BEY,0
EWR,TVC,0
EZE,DFW,0
FCO,CFU,0
FKB,BEG,0
FNA,LOS,0
FRA,HKT,0
FRA,YHZ,0
GGJ,CWB,0
GRR,PHX,0
GRU,RBR,0
GUA,MGA,0
HDG,CAN,0
HEK,LDS,0
HJJ,HAK,0
HKG,SZB,0
HKT,FRA,0
HNY,LJG,0
HNY,SYX,0
HOI,PPT,0
HSC,CKG,0
HTN,RQA,0
HZA,CKG,0
IAS,EIN,0
IAS,LPL,0
ILO,DGT,0
INC,CZX,0
IST,CND,0
IST,NJF,0
JAV,JHS,0
JAX,PIT,0
JGS,XMN,0
JHB,KBR,0
JNB,LBV,0
JNB,SEZ,0
KBR,JHB,0
KJB,BLR,0
KJB,VTZ,0
KSE,KHX,0
KTW,BRI,0
KUS,GOH,0
KWI,BSZ,0
KWI,MAN,0
KWL,WUX,0
LBE,MYR,0
LBV,JNB,0
LCA,CPH,0
LDS,HEK,0
LGW,VAR,0
LHE,UET,0
LHW,DSN,0
LIL,AJA,0
LIL,RAK,0
LJG,HNY,0
LPL,IAS,0
LPL,POZ,0
LWB,ORD,0
MAN,KWI,0
MGA,GUA,0
MIA,OMA,0
MRS,TLV,0
MRV,ALA,0
MSP,ATY,0
MSQ,EVN,0
MYR,LBE,0
NJF,IST,0
NTE,YUL,0
NUE,SBZ,0
NUE,VNO,0
OMA,MIA,0
ORD,LWB,0
ORY,OSL,0
OSL,ORY,0
PAF,KSE,0
PBI,RDU,0
PBM,BEL,0
PHL,SAT,0
PHL,STT,0
PHX,GRR,0
PIK,RMU,0
PIT,JAX,0
PLS,BGI,0
POM,CAN,0
POZ,LPL,0
PSA,AGP,0
PVG,TOY,0
RBR,GRU,0
RDU,PBI,0
RMU,PIK,0
RQA,HTN,0
RQA,TLQ,0
SAV,CAK,0
SBZ,NUE,0
SHJ,BSR,0
SJJ,ARN,0
SMX,PHX,0
SSH,BRU,0
STN,TNG,0
STT,PHL,0
SUV,SVU,0
SVU,SUV,0
SYX,HNY,0
SZH,HRB,0
TLQ,RQA,0
TLV,MRS,0
TNG,STN,0
TOY,PVG,0
TSN,YIW,0
TVC,EWR,0
UPG,JED,0
VAR,LGW,0
VNO,DTM,0
VNO,NUE,0
VTZ,KJB,0
WNZ,CZX,0
WUX,CIF,0
XMN,JGS,0
YHZ,FRA,0
YIW,TSN,0
YUL,NTE,0
YUL,YPX,0
YYZ,OPO,0
ZUH,ENH,0
ABV,ANA,0
ACC,LIS,0
ACC,TMS,0
AHE,XMH,0
AJA,LIL,0
AMS,CHQ,0
ANA,ABV,0
ATY,MSP,0
AZA,GRI,0
BAH,NBO,0
BCN,ORK,0
BEY,ESB,0
BLR,IXU,0
BOD,MUC,0
BOD,TFS,0
BSL,FUE,0
BSZ,PKX,0
CAI,DLA,0
CAI,KGL,0
CAI,PRG,0
CHS,PWM,0
CIA,CLJ,0
CIH,WUH,0
CLJ,CIA,0
CNF,LHN,0
CRL,KUN,0
CSX,HUZ,0
CSX,XIC,0
CXR,HKG,0
CZL,NCE,0
CZX,LJG,0
DFW,TVC,0
DJB,KNO,0
DJE,KTW,0
DLA,CAI,0
DME,RKT,0
DMK,SUB,0
DTM,WAW,0
DXB,EAM,0
EAM,DXB,0
EBB,RUA,0
EIN,RHO,0
EVN,MSQ,0
FUE,BSL,0
GLA,PFO,0
GOX,MCT,0
GRI,AZA,0
HGH,CAI,0
HKG,CXR,0
HRG,BHX,0
IAD,RUH,0
IKT,UIK,0
IXU,BLR,0
JED,UPG,0
KEJ,LED,0
KNO,DJB,0
KRK,PMI,0
KTW,DJE,0
KUN,CRL,0
LHN,CNF,0
LIS,ACC,0
LJG,CZX,0
LPA,LUX,0
LZO,SYX,0
MCT,GOX,0
MLA,TRN,0
MRS,PVG,0
MUC,BOD,0
NAP,PMI,0
NBO,BAH,0
NCE,CZL,0
NKG,MEL,0
OPO,YYZ,0
ORK,BCN,0
ORY,SKG,0
OUD,RAK,0
PKX,BSZ,0
PMI,KRK,0
PMI,NAP,0
POM,KVG,0
PRG,CAI,0
PVG,MRS,0
PWM,CHS,0
RAK,LIL,0
RAK,OUD,0
RHO,EIN,0
RKT,DME,0
RTM,SPU,0
RUA,EBB,0
RUH,IAD,0
SKG,ORY,0
SOF,STR,0
SPU,RTM,0
STR,SOF,0
SUB,DMK,0
SYX,LZO,0
SZB,HKG,0
TFS,BOD,0
TFU,YLX,0
TMS,ACC,0
TRN,MLA,0
TVC,DFW,0
UET,LHE,0
UIK,IKT,0
ULG,UBN,0
WAW,DTM,0
WUH,CIH,0
WUX,KWL,0
XIC,CSX,0
YLX,TFU,0
YSK,YWG,0
YWG,YSK,0
ABK,JIJ,0
ACX,HAK,0
ADB,BCN,0
ALP,SAW,0
AZA,MSO,0
BCN,ADB,0
BHX,SOF,0
BHY,CTU,0
BKK,LJG,0
BLQ,DUB,0
BPN,LNU,0
BRU,CHQ,0
BSL,STN,0
BTS,EDI,0
BUR,PSC,0
BZX,CAN,0
CAN,BZX,0
CCF,CRL,0
CDE,WUH,0
CFU,LPL,0
CHQ,STN,0
CIT,DZN,0
CRA,CRL,0
CRL,CCF,0
CRL,CRA,0
CTU,BHY,0
CTU,LYI,0
DRP,ILO,0
DUB,BLQ,0
DUB,EIN,0
DUS,LGW,0
DVL,JMS,0
EDI,BTS,0
EIN,DUB,0
FAO,MRS,0
FKB,SKG,0
FLL,PBG,0
FMO,STN,0
GDX,KJA,0
GLA,MLA,0
GME,SVO,0
GYD,IKA,0
HAJ,DIY,0
HAK,HJJ,0
HAK,NAO,0
HFE,NAO,0
HUZ,CSX,0
HUZ,LZO,0
IBZ,PSA,0
IKA,GYD,0
ILO,DRP,0
IRA,HIR,0
IST,CCS,0
JIJ,ABK,0
KJA,GDX,0
KZN,KJA,0
LED,KEJ,0
LGW,DUS,0
LHW,ZYI,0
LIH,SJC,0
LJG,BKK,0
LNU,BPN,0
LYI,CTU,0
LZO,HUZ,0
MEX,SMF,0
MLA,GLA,0
MRS,FAO,0
MSO,AZA,0
NAO,HAK,0
NAO,HFE,0
NGB,SIN,0
ORY,BKO,0
ORY,VIL,0
OXB,CMN,0
PBG,FLL,0
PEK,PRG,0
PFO,GLA,0
PRG,PEK,0
PSA,IBZ,0
PSC,BUR,0
RAI,OXB,0
RFD,SFB,0
RGN,SGN,0
RHO,LEJ,0
RUH,MLE,0
SAW,ALP,0
SEZ,JNB,0
SFB,RFD,0
SGN,RGN,0
SIN,NGB,0
SJC,LIH,0
SKG,FKB,0
SMF,MEX,0
SOF,BHX,0
STN,BSL,0
STN,CHQ,0
STN,FMO,0
SVO,GME,0
TJA,LPB,0
TQO,YYZ,0
UMU,CWB,0
YEG,YOJ,0
YFO,YWG,0
YNZ,FOC,0
YQD,YFO,0
YVO,YKU,0
YWG,YQD,0
ZYI,LHW,0
ALA,ESB,0
ANC,CDB,0
AQI,CAI,0
AZA,BLI,0
BGN,YKS,0
BGW,DEL,0
BGY,BRS,0
BKI,SGN,0
BLI,AZA,0
BLQ,HER,0
BNA,DUB,0
BRI,WMI,0
BRS,BGY,0
BRS,RMU,0
BWI,SJC,0
CAI,AQI,0
CAN,ISB,0
CAN,TXN,0
CGK,PNH,0
CGO,KRY,0
CMN,TRN,0
CNF,VAG,0
DAR,KBH,0
DUB,BNA,0
DXB,RMO,0
EHU,JJN,0
EHU,TFU,0
ESB,ALA,0
EWE,MKQ,0
EWR,SAP,0
FCO,GOT,0
FRA,MSP,0
FYJ,OHE,0
GLA,JER,0
GOT,FCO,0
GVA,NBE,0
HAK,ACX,0
HET,YTY,0
HIR,EGM,0
HMA,LED,0
HNL,PPG,0
HNY,WNZ,0
HPN,PVC,0
ISB,CAN,0
JER,GLA,0
JJN,EHU,0
JJN,JNG,0
JJN,YIH,0
JNG,JJN,0
KBH,MWZ,0
KJA,KZN,0
KRK,NCE,0
KRY,CGO,0
LPL,CFU,0
MDW,PWM,0
MEL,NKG,0
MKQ,EWE,0
MSP,FRA,0
NBE,GVA,0
NCE,KRK,0
OHE,FYJ,0
PDL,YUL,0
PNH,CGK,0
PPG,HNL,0
PVC,HPN,0
PWM,MDW,0
RMO,DXB,0
RMU,BRS,0
SAP,EWR,0
SGN,BKI,0
SIN,SWA,0
SJC,BWI,0
SWA,SIN,0
SYD,NKG,0
TFU,EHU,0
TIJ,SZX,0
TRN,CMN,0
TXN,CAN,0
UBN,ULG,0
URC,WXN,0
VAG,CNF,0
VDC,SSA,0
WMI,BRI,0
WNZ,HNY,0
WXN,URC,0
XMN,YIH,0
YBE,YSF,0
YIH,JJN,0
YIH,XMN,0
YLW,CUN,0
YOG,YQT,0
YOJ,YEG,0
YQT,YOG,0
YSF,YBE,0
YUL,PDL,0
YYZ,TQO,0
ADL,CPD,0
AGP,BRE,0
AMD,BHJ,0
BER,PFO,0
BHJ,AMD,0
BHY,TEN,0
BLV,SFB,0
BRE,AGP,0
BRI,TSR,0
BRU,NBO,0
BSZ,KZN,0
CAI,AQJ,0
CBR,NAN,0
CDG,KGL,0
CFU,OTP,0
CGO,DXJ,0
CHS,CMH,0
CKG,DXB,0
CKG,TEN,0
CMH,CHS,0
CPD,ADL,0
CPT,MUC,0
CRL,OVD,0
CRL,VAR,0
CUN,YLW,0
CWB,TEC,0
CZX,JNZ,0
DEB,LTN,0
DEL,BGW,0
DIU,GOX,0
DIY,HAJ,0
DUB,SDR,0
DXB,CKG,0
DXB,HEL,0
DXJ,CGO,0
DXJ,HAK,0
DYG,XUZ,0
EGC,RTM,0
FCO,RAK,0
FOC,YNZ,0
GDN,TOS,0
GOX,DIU,0
HAK,DXJ,0
HEL,DXB,0
HGH,MAD,0
HQQ,SZX,0
HRG,SVX,0
HSN,JUH,0
HTS,SFB,0
HUN,RMQ,0
IBZ,EDI,0
JGS,PKX,0
JJN,LUM,0
JNZ,CZX,0
JUH,HSN,0
JUH,TFU,0
KWL,CKG,0
KZN,BSZ,0
LBA,WRO,0
LED,HMA,0
LGW,MED,0
LOP,UPG,0
LOP,WGP,0
LTN,DEB,0
LUM,JJN,0
LUX,LPA,0
LYG,TSN,0
MAD,HGH,0
MAN,NOC,0
MLE,RUH,0
NAN,CBR,0
NCE,VCE,0
NKG,SYD,0
NOC,MAN,0
OVD,CRL,0
PFO,BER,0
PKX,JGS,0
RAK,FCO,0
RMQ,HUN,0
RTM,EGC,0
SDR,DUB,0
SFB,BLV,0
SFB,HTS,0
SFO,YEG,0
SHJ,STV,0
STV,SHJ,0
SVX,HRG,0
SZX,HQQ,0
SZX,MEX,0
TEN,BHY,0
TEN,CKG,0
TFU,JUH,0
TGD,ZRH,0
TOF,KJA,0
TOS,GDN,0
TSN,LYG,0
TSR,BRI,0
UPG,LOP,0
VAR,CRL,0
VCE,NCE,0
VIL,ORY,0
WRO,LBA,0
XUZ,DYG,0
YEG,SFO,0
YKS,DPT,0
YSF,YPA,0
YTY,HET,0
AER,KEJ,0
ARN,BVA,0
ARN,OTP,0
AYT,LUX,0
AZA,SBN,0
BAH,CMN,0
BBK,GBE,0
BGY,VIT,0
BIA,BOD,0
BLR,SGN,0
BOD,BIA,0
BRI,NUE,0
BRU,TLV,0
BTV,TPA,0
BUD,RMI,0
BVA,ARN,0
BWN,MAA,0
CAG,MUC,0
CAN,JED,0
CKG,KWL,0
CKY,ROB,0
CLO,VVC,0
CMN,BAH,0
CNS,AUU,0
CPH,MLA,0
CRL,ORK,0
CSX,RIZ,0
DXJ,TFU,0
EDI,IBZ,0
EMA,NOC,0
ENY,PVG,0
ENY,XIY,0
FKB,SVQ,0
FMM,MLA,0
GEL,GRU,0
GRU,GEL,0
GYD,PEK,0
HAN,LJG,0
HER,EDI,0
HIA,TYN,0
HIR,IRA,0
HTA,BQS,0
HYN,ZUH,0
ISP,RDU,0
IXD,RPR,0
JED,CAN,0
JFR,UAK,0
JPO,REC,0
JUB,PZU,0
KEJ,AER,0
KNX,UBU,0
LBC,STN,0
LGA,NAS,0
LGW,YUL,0
LIJ,PVG,0
LJG,HAN,0
LPB,TJA,0
MAA,BWN,0
MCX,PEE,0
MED,LGW,0
MLA,CPH,0
MLA,FMM,0
MUC,CAG,0
MXP,XIY,0
NAP,TFS,0
NAS,LGA,0
NBJ,NOV,0
NCL,SVG,0
NIM,ABJ,0
NOC,EMA,0
NOV,NBJ,0
NUE,BRI,0
ORK,CRL,0
OTP,ARN,0
PEE,MCX,0
PEK,GYD,0
PFO,WRO,0
PKX,WNH,0
PVG,ENY,0
PVG,LIJ,0
PWM,TPA,0
PZU,JUB,0
QRO,SJD,0
RDU,ISP,0
RIZ,CSX,0
RMI,BUD,0
ROC,USA,0
RPR,IXD,0
RSD,ELH,0
SBN,AZA,0
SGN,BLR,0
SJD,QRO,0
SJO,UIO,0
SJW,YBP,0
SLC,WYS,0
SSA,VDC,0
STN,LBC,0
SVG,NCL,0
SVQ,FKB,0
TFS,NAP,0
TFS,TSF,0
TFU,DXJ,0
TLV,BRU,0
TNA,XIL,0
TPA,BTV,0
TPA,PWM,0
TSF,TFS,0
TYN,HIA,0
UBU,KNX,0
UIO,SJO,0
URC,UYN,0
USA,ROC,0
UYN,FOC,0
VCP,BYO,0
VIT,BGY,0
VVC,CLO,0
WGP,LOP,0
WNH,PKX,0
WRO,PFO,0
WYS,SLC,0
XIL,TNA,0
XIY,ENY,0
XIY,MXP,0
YBP,SJW,0
YUL,LGW,0
ZUH,HYN,0
ACE,BER,0
ADB,TGD,0
AMS,RMF,0
BCN,BJL,0
BCN,PIK,0
BEG,NYO,0
BEG,SPU,0
BER,ACE,0
BEW,APL,0
BGY,HHN,0
BGY,LPA,0
BJL,BCN,0
BJX,FAT,0
BLB,CLO,0
BLI,OAK,0
BQS,HTA,0
BVA,FNC,0
CKG,UCB,0
CLO,BLB,0
CNF,AAX,0
DEN,FCO,0
DEN,SJO,0
DLC,NBS,0
DVO,TAC,0
DZH,HSN,0
EBB,MBA,0
EMA,KGS,0
EYK,NYA,0
EZE,PMY,0
FAT,BJX,0
FCO,DEN,0
FCO,TPE,0
FNC,BVA,0
FOC,UYN,0
FUO,NGB,0
GUP,LAS,0
GVA,VCE,0
HAJ,RMF,0
HER,RTM,0
HHN,BGY,0
HHN,RAK,0
HID,UBB,0
HSN,DZH,0
IAH,ZIH,0
ISB,URC,0
KEF,VIE,0
KGS,EMA,0
KLU,PMI,0
KOA,YVR,0
KUT,NQZ,0
KWE,LYA,0
KWL,YTY,0
KZN,PVG,0
LAQ,MJI,0
LAS,GUP,0
LKO,GOX,0
LPA,BGY,0
LPA,XRY,0
LYA,KWE,0
LYS,SPU,0
MBA,EBB,0
MCO,MDT,0
MDL,KET,0
MDT,MCO,0
MID,OAX,0
MRU,JED,0
MXP,WNZ,0
NAP,SVQ,0
NBS,DLC,0
NGB,FUO,0
NQZ,KUT,0
NYA,EYK,0
NYO,BEG,0
OAK,BLI,0
OAX,MID,0
ONT,SJD,0
OSR,STN,0
OTP,CFU,0
PAB,DEL,0
PIK,BCN,0
PMI,KLU,0
PVG,KZN,0
PVG,ZAT,0
PZU,ASM,0
RAK,HHN,0
RTM,HER,0
SJD,ONT,0
SPU,BEG,0
SPU,LYS,0
STN,OSR,0
SUF,DUS,0
SVQ,NAP,0
SWA,WUX,0
TAC,DVO,0
TGD,ADB,0
TRS,VLC,0
UBB,HID,0
UCB,CKG,0
URC,ISB,0
UYN,URC,0
VCE,GVA,0
VIE,KEF,0
VLC,TRS,0
WNZ,MXP,0
WUX,SWA,0
XRY,LPA,0
YTY,KWL,0
YVR,KOA,0
ZAT,PVG,0
ZIH,IAH,0
ADB,DXB,0
AGA,VIE,0
AGP,BVA,0
AGP,EWR,0
ALB,PIE,0
AUA,IAH,0
AUU,IRG,0
BER,BOD,0
BER,BRI,0
BJX,SMF,0
BKI,CGK,0
BLR,IXJ,0
BOD,BER,0
BOS,PLS,0
BRI,FKB,0
BVA,AGP,0
CAG,PEG,0
CDB,SDP,0
CDG,LAD,0
CGK,BKI,0
CKG,HCZ,0
CMN,MIA,0
CRL,WRO,0
DAM,MCT,0
DIB,IXA,0
DQA,XIY,0
DTU,OHE,0
DUS,SUF,0
DXB,IFN,0
DXB,XIY,0
EDI,HER,0
EWR,AGP,0
FKB,BRI,0
FKB,TFS,0
FRA,SZX,0
GOT,SKP,0
GSV,SVX,0
HCZ,CKG,0
HDG,XNN,0
HGH,ZHY,0
HRB,KHV,0
IAH,AUA,0
IFN,DXB,0
INC,XFN,0
IXJ,BLR,0
JFK,RNO,0
KHG,SZX,0
KHV,HRB,0
KIX,KWE,0
KQT,SVO,0
KWE,KIX,0
LBA,PFO,0
LBP,MYY,0
LFW,CMN,0
LHR,TFU,0
LHW,SHS,0
LIM,MBJ,0
MBJ,LIM,0
MCT,DAM,0
MIA,CMN,0
MJI,MLA,0
MLA,MJI,0
MLA,SKP,0
MLE,TFU,0
MYY,LBP,0
NGB,YNJ,0
NOZ,KJA,0
OGG,ORD,0
OHE,DTU,0
OMS,IKT,0
ORD,OGG,0
PEG,CAG,0
PFO,LBA,0
PIE,ALB,0
PKX,VTE,0
PLS,BOS,0
REX,VER,0
RMF,HAJ,0
RNO,JFK,0
SFB,XNA,0
SHS,LHW,0
SHS,WNZ,0
SJO,DEN,0
SKP,GOT,0
SKP,MLA,0
SMF,BJX,0
SSH,AKX,0
SVO,UGC,0
SVX,GSV,0
SZX,FRA,0
SZX,KHG,0
TFS,FKB,0
TFU,LHR,0
TFU,MLE,0
TPE,FCO,0
UGC,SVO,0
VER,REX,0
VIE,AGA,0
WNZ,SHS,0
WRO,CRL,0
XFN,INC,0
XIY,DQA,0
XIY,DXB,0
XNA,SFB,0
XNN,HDG,0
XNN,ZHY,0
YKF,YVR,0
YNJ,NGB,0
YPX,YVP,0
YVR,YKF,0
ZHY,HGH,0
ZHY,XNN,0
ZUH,ZYI,0
ZYI,ZUH,0
ACE,CRL,0
ADB,KSY,0
AER,NOZ,0
AGP,NUE,0
ALC,LCJ,0
ALC,MME,0
AMM,BER,0
ARN,BNX,0
BAX,KJA,0
BER,AMM,0
BGO,KEF,0
BGY,PSR,0
BNX,ARN,0
BPN,BTH,0
BRI,BER,0
BSZ,ZIA,0
BTH,BPN,0
CDG,ABV,0
CIT,IST,0
CMN,LFW,0
CMN,PKX,0
CRL,ACE,0
DFW,SCL,0
DFW,ZIH,0
DXB,ADB,0
EBL,HAJ,0
EDI,SOF,0
FAO,OSL,0
FCO,JMK,0
FMM,OHD,0
GLA,RHO,0
HAJ,EBL,0
HGH,SVO,0
HLD,WUX,0
HNY,TAO,0
IKT,OMS,0
INC,KHG,0
IST,CIT,0
IST,PKX,0
JAV,JGO,0
JED,BRU,0
JED,MRU,0
KEF,BGO,0
KHG,INC,0
KSY,ADB,0
KTW,SPU,0
KUU,DED,0
LCJ,ALC,0
LEJ,RHO,0
LRH,MRS,0
MAN,RZE,0
MAO,SJL,0
MME,ALC,0
MRS,LRH,0
MSZ,NBJ,0
NBJ,MSZ,0
NCL,REU,0
NNY,SYX,0
NNY,XIY,0
NOZ,AER,0
NUE,AGP,0
NUE,SKP,0
OHD,FMM,0
OSL,FAO,0
PDX,YYC,0
PKX,CMN,0
PKX,IST,0
POZ,PRG,0
PRG,POZ,0
PSR,BGY,0
REU,NCL,0
RHO,GLA,0
RZE,MAN,0
SCL,DFW,0
SHS,XMN,0
SJL,MAO,0
SKP,NUE,0
SOF,EDI,0
SPU,KTW,0
SVO,HGH,0
SYX,NNY,0
SYX,YIH,0
TAO,HNY,0
TAO,YCU,0
TVS,WUH,0
VTE,PKX,0
WUH,TVS,0
WUX,HLD,0
XIY,NNY,0
XMN,SHS,0
YCU,TAO,0
YIH,SYX,0
YYC,PDX,0
ZIA,BSZ,0
ZIH,DFW,0
ABJ,ABV,0
AJU,CGH,0
ALC,TSF,0
ALG,QSF,0
ARN,HND,0
ARN,LUX,0
BDL,SRQ,0
BER,GOT,0
BLR,SDW,0
BSB,AEP,0
BUD,KEF,0
CAI,IAD,0
CGH,AJU,0
CGO,DOY,0
CZL,TMR,0
DED,KUU,0
DFW,PWM,0
DNH,PKX,0
DOH,SZX,0
DOY,CGO,0
DYG,YNT,0
DYU,UFA,0
EIN,VAR,0
ELC,MNG,0
EMA,PRG,0
FAR,LAS,0
FKB,TSR,0
FRA,TAS,0
GOT,BER,0
GVA,JMK,0
GYS,NKG,0
HER,NCL,0
HND,ARN,0
HQQ,HRB,0
HQQ,SYX,0
HRB,HQQ,0
HSG,TPE,0
HYD,SDW,0
ILM,RSW,0
JAX,SJU,0
JED,MJI,0
JGS,NKG,0
JGS,NNG,0
JHG,TAO,0
JMK,GVA,0
KEF,BUD,0
KHV,HKT,0
KMG,SQJ,0
KUT,POZ,0
LAS,FAR,0
LCK,SAV,0
LPA,SDR,0
LUX,ARN,0
MDK,FIH,0
NCL,HER,0
NKG,GYS,0
NKG,JGS,0
NLF,OKR,0
NNG,JGS,0
NNM,KZN,0
NQY,STN,0
NRN,PUY,0
NUE,RMO,0
OKR,NLF,0
OPO,TUF,0
OPO,YUL,0
ORF,SAN,0
OVB,VOG,0
PKX,DNH,0
POZ,KUT,0
PRG,EMA,0
PUY,NRN,0
PWM,DFW,0
QSF,ALG,0
REC,UDI,0
RMO,NUE,0
RSW,ILM,0
SAN,ORF,0
SAV,LCK,0
SDR,LPA,0
SDW,BLR,0
SDW,HYD,0
SID,DUS,0
SJU,JAX,0
SQJ,KMG,0
SQJ,TAO,0
SRQ,BDL,0
STN,NQY,0
SYX,HQQ,0
SZX,DOH,0
TAO,JHG,0
TAO,SQJ,0
TAS,FRA,0
TAS,RBZ,0
TMR,CZL,0
TPE,HSG,0
TSF,ALC,0
TSR,FKB,0
TUF,OPO,0
UDI,REC,0
UFA,DYU,0
VAR,EIN,0
VOG,OVB,0
WUX,XNN,0
XNN,WUX,0
YNT,DYG,0
YUL,OPO,0
YWG,YHZ,0
ADB,MXP,0
ALC,SOF,0
ATH,LUX,0
AUH,KRK,0
BEG,OMO,0
BER,CHQ,0
BKK,YCU,0
BMV,DAD,0
BNA,SDF,0
BNE,DFW,0
BOJ,BRQ,0
BRU,JED,0
BUD,SVQ,0
BUS,GYD,0
CAG,TRS,0
CAK,PGD,0
CGB,SMT,0
CGH,CLV,0
CHQ,BER,0
CLV,CGH,0
CPT,NBO,0
CSX,GYS,0
DAD,BMV,0
DFW,BNE,0
DLC,HAK,0
DOY,KHN,0
DOY,WEH,0
DRW,ELC,0
EHU,HAK,0
EMA,REU,0
ENH,TYN,0
FEZ,VLC,0
FKB,ZAD,0
FNC,KTW,0
GOA,ORY,0
GYD,BUS,0
GYS,CSX,0
HAJ,KGS,0
HAK,DLC,0
HAK,EHU,0
HAK,YIW,0
HCQ,KNX,0
HKT,KHV,0
HLH,SJW,0
HNL,IAD,0
IAD,CAI,0
IAD,HNL,0
IAD,VCE,0
JUZ,NNG,0
KEF,BLL,0
KHN,DOY,0
KJA,DYU,0
KMG,FUO,0
KNX,HCQ,0
KRK,AUH,0
KRK,PSR,0
KTW,FNC,0
KTW,KUT,0
KUT,KTW,0
KWL,WUT,0
KZN,NNM,0
LNL,URC,0
LUX,ATH,0
LUX,AYT,0
MXP,ADB,0
MXP,SKP,0
NNG,JUZ,0
NRT,VIE,0
OMO,BEG,0
ORD,STT,0
ORY,GOA,0
ORY,SID,0
PGD,CAK,0
PRG,SUF,0
PSR,KRK,0
REU,EMA,0
RVN,TOS,0
SJW,HLH,0
SKP,MXP,0
SMT,CGB,0
SOF,ALC,0
SSG,PHC,0
STT,ORD,0
SUF,PRG,0
SVQ,BUD,0
TOS,RVN,0
TRS,CAG,0
TSN,YNJ,0
TYN,ENH,0
VCE,IAD,0
VIE,NRT,0
VLC,FEZ,0
WEH,DOY,0
WUT,KWL,0
YCU,BKK,0
YHZ,YWG,0
YIW,HAK,0
YNJ,TSN,0
ZAD,FKB,0
ABV,ABJ,0
ACE,LYS,0
AER,ULV,0
AKN,EGX,0
BCN,PDL,0
BHO,GOI,0
BHX,SVQ,0
BOY,OUA,0
BRQ,RMF,0
BSZ,SSH,0
BVA,GRO,0
BZG,LTN,0
CEK,KJA,0
CIT,SAW,0
CKG,VTE,0
CRL,SJJ,0
CRL,WMI,0
DAT,CKG,0
DEL,BHX,0
DLC,DAT,0
DRS,HRG,0
DYG,FOC,0
DYU,KJA,0
DZN,CIT,0
EDI,FNC,0
EGM,MUA,0
ENH,HYN,0
FDF,MIA,0
FNC,EDI,0
FUO,KMG,0
GAU,ZER,0
GDL,HUX,0
GOI,BHO,0
GRO,BVA,0
GRO,HHN,0
HHN,GRO,0
HKG,YIH,0
HRG,DRS,0
HUX,GDL,0
HYN,ENH,0
IAD,DEL,0
IBZ,MRS,0
INC,JHG,0
IST,TIF,0
JHG,INC,0
KJA,CEK,0
KOJ,TPE,0
KZN,OMS,0
LHR,YOW,0
LMM,MXL,0
LPA,ORY,0
LTN,BZG,0
LYS,ACE,0
MIA,FDF,0
MRS,IBZ,0
MSP,MYR,0
MXL,LMM,0
MXP,ZTH,0
MYR,MSP,0
NBJ,FIH,0
NBO,CPT,0
OMS,KZN,0
ORY,AYT,0
ORY,LPA,0
OUA,BOY,0
PDL,BCN,0
PHL,YHZ,0
PIE,RFD,0
PSS,EZE,0
RFD,PIE,0
RIX,TFS,0
SAW,CIT,0
SCL,LPB,0
SDF,BNA,0
SJJ,CRL,0
SVQ,BHX,0
TFS,RIX,0
TGD,MXP,0
THX,KJA,0
TIF,IST,0
TIN,ORN,0
TLV,VRN,0
TPE,KOJ,0
ULV,AER,0
URC,LNL,0
VLC,BRI,0
VTE,CKG,0
WMI,CRL,0
YHZ,PHL,0
YIH,HKG,0
ZTH,MXP,0
AGA,BSL,0
ATL,NCE,0
ATQ,SLV,0
AYT,ORY,0
BBI,DED,0
BCN,TSR,0
BOD,BRU,0
BRI,VLC,0
BRU,BOD,0
BSL,AGA,0
BUQ,VFA,0
CAN,ENY,0
CDG,PDL,0
CKG,DAT,0
CNN,RKT,0
DAT,DLC,0
DED,BBI,0
DLC,KOW,0
DUS,BVC,0
ENY,CAN,0
FAO,NUE,0
FCO,KUT,0
FLL,YYC,0
FMM,LPA,0
FOC,DYG,0
HEL,ORD,0
HFE,UYN,0
IQN,KWE,0
JDO,REC,0
KGL,ACC,0
KGS,HAJ,0
KOW,DLC,0
KTR,DRW,0
KUT,FCO,0
KWE,IQN,0
KWL,WUH,0
LGW,WAW,0
LPA,FMM,0
LPL,NBE,0
LUM,WUH,0
LUX,ACE,0
MAN,TIV,0
MIR,KTW,0
MLA,SEN,0
MUX,MED,0
MXP,TGD,0
NBE,LPL,0
NCE,ATL,0
NCE,RMO,0
NUE,FAO,0
OHD,VIE,0
ORD,HEL,0
PDL,CDG,0
REC,JDO,0
RMO,NCE,0
SEN,MLA,0
SLV,ATQ,0
SSH,BSZ,0
SSH,VCE,0
TCA,KTR,0
TIV,MAN,0
TLV,NRT,0
TSN,WDS,0
TSR,BCN,0
UYN,HFE,0
VCE,SSH,0
VCP,CMG,0
VCP,MAD,0
VFA,BUQ,0
VIE,OHD,0
WAW,LGW,0
WDS,TSN,0
WUH,KWL,0
WUH,LUM,0
YKS,ZKP,0
YOW,LHR,0
ZKP,YKS,0
AGX,BLR,0
ALC,VXO,0
AMS,KWI,0
ATL,POP,0
AUA,ORD,0
AYT,SZG,0
BHX,DEL,0
BJV,FRA,0
BLL,KEF,0
BLR,AGX,0
BLR,HAN,0
BNA,KEF,0
BRI,DBV,0
CGP,JED,0
CNX,UTH,0
CPE,NLU,0
CSX,HSN,0
CUR,PBM,0
CVG,YUL,0
CWB,UMU,0
DAL,RSW,0
DBC,TSN,0
DBV,BRI,0
DEL,KBL,0
DRW,KTR,0
DTW,YVR,0
DYG,HAK,0
ESB,LIS,0
EVN,KRR,0
EWR,GDL,0
FRA,BJV,0
FYN,KRL,0
GDL,EWR,0
GRY,AEY,0
HAK,DYG,0
HAK,YNZ,0
HAM,SOF,0
HAN,BLR,0
HCZ,NKG,0
HIA,SWA,0
HKG,LHW,0
HNL,MEL,0
HRB,JGS,0
HSN,CSX,0
IGU,SCL,0
JGS,HRB,0
JGS,SYX,0
JIQ,KMG,0
JIQ,PVG,0
JSA,BOM,0
KEF,BNA,0
KJA,BAX,0
KLX,SKG,0
KMG,JIQ,0
KMG,TEN,0
KRL,FYN,0
KRR,EVN,0
KSC,LPL,0
KTR,TCA,0
KTW,MIR,0
KWI,AMS,0
KWL,SHE,0
LHW,HKG,0
LIS,ESB,0
LPL,KSC,0
LPL,SNN,0
LYS,SOF,0
MAD,VCP,0
MEL,HNL,0
MQJ,YKS,0
MTY,TAP,0
NCE,PHL,0
NKG,HCZ,0
NKG,TEN,0
NLU,CPE,0
NRT,TLV,0
NSK,UFA,0
NUE,FUE,0
ORD,AUA,0
ORK,POZ,0
ORN,TIN,0
OTP,ZAZ,0
PFO,ZAG,0
PHL,NCE,0
POP,ATL,0
POZ,ORK,0
PVG,JIQ,0
RDU,SYR,0
RSW,DAL,0
SDQ,SJO,0
SHE,KWL,0
SJO,SDQ,0
SKG,KLX,0
SNN,LPL,0
SOF,HAM,0
SOF,LYS,0
SWA,HIA,0
SWA,YNT,0
SYR,RDU,0
SYX,JGS,0
TAP,MTY,0
TEN,KMG,0
TEN,NKG,0
TJU,ZIA,0
TSN,DBC,0
UTH,CNX,0
VNO,AGP,0
VXO,ALC,0
YBP,XIY,0
YNT,SWA,0
YNZ,HAK,0
YUL,CVG,0
YVR,DTW,0
YYC,FLL,0
ZAG,PFO,0
ZAZ,OTP,0
ADB,WAW,0
ADL,NAN,0
AER,PEZ,0
AGA,AMS,0
AGP,VNO,0
ALC,WMI,0
AMD,KLH,0
AMS,AGA,0
AMS,ASR,0
AMS,DFW,0
ARN,STR,0
ASR,AMS,0
BER,ZAD,0
BGY,RHO,0
BOM,JSA,0
BRS,RZE,0
BUD,CGN,0
BUD,CHQ,0
CAG,MAD,0
CDB,NLG,0
CGN,BUD,0
CHQ,BUD,0
DBO,OAG,0
DFW,AMS,0
DMM,MAA,0
FAO,FKB,0
FDH,SKP,0
FKB,FAO,0
FRA,CAG,0
FUE,NUE,0
FUK,HNL,0
HHN,PMO,0
JUZ,ZHA,0
KJA,RGK,0
KLH,AMD,0
KWE,XIC,0
LPL,PRG,0
LYI,SYX,0
MAD,CAG,0
MCT,ZRH,0
MDZ,BRC,0
MJI,JED,0
MXP,QSR,0
NAN,ADL,0
NLG,CDB,0
PDG,YIA,0
PEZ,AER,0
PMO,HHN,0
PRG,LPL,0
QSR,MXP,0
RHO,BGY,0
RZE,BRS,0
SCL,IGU,0
SDQ,AUA,0
SGC,MRV,0
SKD,DXB,0
SKP,FDH,0
STR,ARN,0
SYX,LYI,0
SZG,AYT,0
TEN,WMT,0
TFU,VIE,0
TLH,TPA,0
TPA,TLH,0
VIE,TFU,0
VRN,TLV,0
WAW,ADB,0
WMI,ALC,0
WMT,TEN,0
XFN,HET,0
XIC,KWE,0
XIY,YBP,0
YIA,PDG,0
ZAD,BER,0
ZHA,JUZ,0
ZRH,MCT,0
ADL,PPP,0
AGA,GVA,0
ALA,KOV,0
ALC,LYS,0
AMS,BVC,0
ARN,GEV,0
ATH,ZAG,0
BES,LGW,0
BOH,MLA,0
BOM,SFO,0
BSL,IAS,0
BSL,SCQ,0
BVA,BZR,0
BZR,BVA,0
CAG,FRA,0
CAG,GOA,0
CGB,GIG,0
CIF,WUX,0
CKS,OIA,0
CLJ,LCA,0
CRL,SUF,0
CXH,YWS,0
DAL,PDX,0
DME,FEG,0
DOH,CGP,0
DQA,HEK,0
DTW,PNS,0
DUB,IND,0
DXB,SKD,0
EMA,GRO,0
ENY,SZX,0
EVN,TIV,0
FAI,ORD,0
FEG,DME,0
FMM,SJJ,0
FOC,HAN,0
FUG,HRB,0
FUG,TSN,0
FUG,XMN,0
GEV,ARN,0
GIG,CGB,0
GNM,SSA,0
GOA,CAG,0
GRO,EMA,0
GVA,AGA,0
GVA,STN,0
HAN,FOC,0
HAV,GEO,0
HEK,DQA,0
HET,XFN,0
HNL,FUK,0
HPN,MIA,0
HRB,FUG,0
IAS,BSL,0
IND,DUB,0
INN,MAN,0
JAI,JSA,0
JSA,JAI,0
KBL,DEL,0
KET,MDL,0
KGS,RHO,0
KMG,WUT,0
KOV,ALA,0
KRK,LYS,0
KUL,VTE,0
LBV,PHC,0
LCA,CLJ,0
LGW,BES,0
LIM,MZA,0
LYS,ALC,0
LYS,KRK,0
MAA,DMM,0
MAN,INN,0
MCT,PEW,0
MED,MUX,0
MFU,JEK,0
MIA,HPN,0
MLA,BOH,0
MLA,VLC,0
MRV,SGC,0
MYI,OKR,0
MZA,LIM,0
NAN,WLG,0
ORD,FAI,0
ORD,SJO,0
OUD,TLS,0
PBI,PIT,0
PDX,DAL,0
PEW,MCT,0
PGF,RAK,0
PIS,STN,0
PIT,PBI,0
PNK,SQG,0
PNS,DTW,0
PPP,ADL,0
RAK,PGF,0
RMF,AMS,0
SCQ,BSL,0
SDF,SFB,0
SFB,SDF,0
SID,PRG,0
SJJ,FMM,0
SQG,PNK,0
SSA,GNM,0
STN,PIS,0
STN,ZAD,0
SUF,CRL,0
SZX,ENY,0
TAS,MED,0
TEC,CWB,0
TIV,EVN,0
TLS,OUD,0
TLS,TSF,0
TSF,TLS,0
TSN,FUG,0
VLC,MLA,0
VTE,KUL,0
WLG,NAN,0
WUT,KMG,0
XMN,FUG,0
YPA,ZFD,0
YWS,CXH,0
ZAD,STN,0
ZAG,ATH,0
AKL,DFW,0
ANC,ANI,0
ANC,YVR,0
ANI,ANC,0
ARN,OPO,0
ATH,BSL,0
AUH,BEG,0
BAV,DLC,0
BEG,AUH,0
BHU,PNQ,0
BHX,CRA,0
BOJ,DUB,0
BRU,ZTH,0
BSL,ATH,0
CAN,ZYI,0
CDT,OTP,0
CGO,DLU,0
CIU,ORD,0
COO,ORY,0
CRA,BHX,0
DBB,RUH,0
DFW,AKL,0
DLC,BAV,0
DLM,CGN,0
DLU,CGO,0
DUB,BOJ,0
DUS,TIA,0
DXB,WUH,0
EVN,PFO,0
FOC,SHS,0
GNJ,SAW,0
GOT,SJJ,0
GYE,SJO,0
HER,BLQ,0
HIA,WUH,0
HRG,KZN,0
IAH,STT,0
JAX,PVD,0
JFR,GOH,0
JWN,MHD,0
KCC,WWP,0
KHV,PKX,0
KJA,THX,0
KOE,RTI,0
KOW,ZHA,0
KRK,MRS,0
KWL,WDS,0
KZN,HRG,0
LYS,TLM,0
MEM,TPA,0
MHD,JWN,0
MIG,YTY,0
MRS,KRK,0
MRU,KUL,0
MVD,SSA,0
MZT,YYC,0
NTG,YIH,0
OIA,CKS,0
OPO,ARN,0
ORD,CIU,0
OTP,CDT,0
PFO,EVN,0
PIE,TOL,0
PKX,KHV,0
PNQ,BHU,0
PNR,CDG,0
PVD,JAX,0
RNL,HIR,0
RUH,DBB,0
RUH,SZX,0
SHS,FOC,0
SJJ,GOT,0
SJO,GYE,0
SJO,ORD,0
SSA,MVD,0
STN,GVA,0
STT,IAH,0
SZX,RUH,0
TIA,DUS,0
TLM,LYS,0
TOL,PIE,0
TPA,MEM,0
UAH,NHV,0
UFA,NSK,0
WDS,KWL,0
WUH,DXB,0
WUH,HIA,0
YIH,NTG,0
YTY,MIG,0
YVR,ANC,0
ZHA,KOW,0
ZYI,CAN,0
AGP,POZ,0
AGP,TLL,0
AJA,GVA,0
AJA,SXB,0
APJ,LXA,0
ATL,GGT,0
AUH,RMO,0
AVL,MCO,0
AYQ,BNE,0
BCN,SIN,0
BDS,ORY,0
BFS,FUE,0
BGY,RVN,0
BHU,BOM,0
BHX,CHQ,0
BIL,LAS,0
BLQ,CRA,0
BNE,AYQ,0
BOM,BHU,0
BRC,MDZ,0
BRS,SOF,0
CGN,DLM,0
CHQ,BHX,0
CKG,EHU,0
CMN,COO,0
CRA,BLQ,0
CRA,FCO,0
CTS,SZX,0
DPS,SZX,0
DUT,IKO,0
EDI,ORY,0
EHU,CKG,0
EHU,WNZ,0
ERH,RAK,0
EYK,SVX,0
FCO,CRA,0
FCO,STN,0
FUE,BFS,0
GAX,POG,0
GGT,ATL,0
GOA,SUF,0
GRO,POZ,0
GVA,AJA,0
GYU,SJW,0
GZP,AMS,0
HAN,WUH,0
HKT,DME,0
HNY,NKG,0
IKA,ISU,0
IKO,DUT,0
INC,YIH,0
ISU,IKA,0
KOE,RTG,0
KPB,PPV,0
KUL,MRU,0
LAS,BIL,0
LBJ,MOF,0
LEN,PMI,0
LJU,TGD,0
LXA,APJ,0
MCO,AVL,0
MOF,LBJ,0
NKG,HNY,0
NQZ,PEK,0
ORY,BDS,0
ORY,EDI,0
PEK,NQZ,0
PMI,LEN,0
PMI,VGO,0
PNK,PSU,0
POG,GAX,0
POZ,AGP,0
POZ,GRO,0
PSU,PNK,0
RAK,TRN,0
RHO,KGS,0
RMO,AUH,0
RTG,KOE,0
RTI,KOE,0
RVN,BGY,0
SAW,GNJ,0
SAW,TBZ,0
SIN,BCN,0
SJW,GYU,0
SKZ,ISB,0
SOF,BRS,0
STN,FCO,0
SUF,GOA,0
SVX,SKD,0
SXB,AJA,0
SZX,CTS,0
TFS,VLC,0
TLL,AGP,0
TRN,RAK,0
VGO,PMI,0
VLC,TFS,0
VLI,LNE,0
WNZ,EHU,0
YIH,INC,0
YYC,MZT,0
AER,MQF,0
AGA,DUB,0
AOG,PKX,0
BER,GLA,0
BEY,EVN,0
BOS,STT,0
BSZ,VKO,0
BUF,MSP,0
BVA,NDR,0
BVA,PMI,0
BZN,JFK,0
CGO,TWC,0
CSX,NBO,0
CTA,BRU,0
DJE,GVA,0
DUB,AGA,0
EDI,PHL,0
EFL,PVK,0
EVN,BEY,0
FNA,CMN,0
FOC,WXN,0
GDN,ORK,0
GLA,BER,0
GVA,DJE,0
GVA,HAM,0
GVA,SPU,0
GYN,MCZ,0
HAM,GVA,0
HKG,TYN,0
HSV,TPA,0
ISB,SKZ,0
JFK,BZN,0
KIX,YVR,0
KMG,MDC,0
KRK,TFS,0
LGW,TOS,0
LUM,NGB,0
MCT,SPX,0
MDC,KMG,0
MJU,UPG,0
MJZ,VKO,0
MLA,OPO,0
MQF,AER,0
NBO,CSX,0
NBO,DLA,0
NDR,BVA,0
NGB,LUM,0
OPO,MLA,0
ORK,GDN,0
PEK,YYZ,0
PGK,YIA,0
PHL,EDI,0
PKX,AOG,0
PMI,BVA,0
PUJ,YYC,0
SKD,SVX,0
SPU,GVA,0
SPX,MCT,0
SZX,DPS,0
TFS,KRK,0
TOS,LGW,0
TPA,HSV,0
TWC,CGO,0
TYN,HKG,0
UPG,MJU,0
VIE,MLE,0
VKO,BSZ,0
WUH,HAN,0
WUH,YIW,0
WXN,FOC,0
WXN,XIY,0
XIY,WXN,0
YIA,PGK,0
YIW,WUH,0
YVR,KIX,0
YYZ,PEK,0
ZER,GAU,0
AJA,BSL,0
AKJ,ICN,0
ALA,LHR,0
ALC,CLJ,0
AMM,MAN,0
AUA,BWI,0
AUH,LYP,0
BBI,LKO,0
BDA,BWI,0
BDS,EIN,0
BHX,POZ,0
BIO,RAK,0
BJV,BRS,0
BKK,LKO,0
BRS,GRO,0
BRU,CTA,0
BRU,OUA,0
BSL,FNC,0
BSL,LPA,0
BWI,AUA,0
BWI,BDA,0
CAI,EWR,0
CAK,TPA,0
CDG,DEN,0
CDG,ZNZ,0
CDT,STN,0
CGN,CTA,0
CIT,UKK,0
CLE,SRQ,0
CLJ,ALC,0
CRV,TRN,0
CTA,CGN,0
CTA,MRS,0
CTG,SDQ,0
DEN,CDG,0
DFW,GUC,0
DJB,YIA,0
DNH,TLQ,0
DTW,SJD,0
EDI,SVQ,0
EIN,BDS,0
EIN,TSF,0
EWR,CAI,0
FAO,FMM,0
FAO,SEN,0
FCO,OVD,0
FMM,FAO,0
FNC,BSL,0
GRO,BRS,0
GUC,DFW,0
IAD,PSP,0
ICN,AKJ,0
IKA,JED,0
JAI,KUU,0
JMK,FCO,0
JSI,LGW,0
KEF,RIX,0
KHN,ZYI,0
KIJ,SDJ,0
KOE,LWE,0
KUU,JAI,0
LCA,NCL,0
LHR,ALA,0
LKO,BBI,0
LKO,BKK,0
LNE,VLI,0
LPA,BSL,0
LRH,STN,0
LWE,KOE,0
LYI,XMN,0
LYP,AUH,0
LYS,TNG,0
MAD,TFU,0
MAN,AMM,0
MCZ,GYN,0
MDC,WDB,0
MJI,LAQ,0
MLE,VIE,0
MRS,CTA,0
MSP,BUF,0
MUC,RAK,0
MUC,RJK,0
NCL,LCA,0
OTP,TRF,0
OVD,FCO,0
POZ,BHX,0
PSP,IAD,0
QSR,TRN,0
RAK,BIO,0
RAK,ERH,0
RAK,MUC,0
RIX,KEF,0
RJK,MUC,0
SDJ,KIJ,0
SDR,SVQ,0
SEN,FAO,0
SJD,DTW,0
SRQ,CLE,0
STN,CDT,0
STN,LRH,0
SVQ,EDI,0
SVQ,SDR,0
SVX,EYK,0
TFN,XRY,0
TFU,MAD,0
TLQ,DNH,0
TNG,LYS,0
TPA,CAK,0
TRF,OTP,0
TRN,CRV,0
TRN,QSR,0
TSF,EIN,0
UKK,CIT,0
VKO,MJZ,0
WDB,MDC,0
WUH,SYD,0
XMN,LYI,0
XRY,TFN,0
YIA,DJB,0
YUL,AUS,0
ZYI,KHN,0
AAT,PVG,0
ABJ,BRU,0
ACE,LUX,0
AGP,NAP,0
AMS,GUW,0
AMS,GZP,0
ANC,ATL,0
ATH,WRO,0
ATL,ANC,0
AUH,WAW,0
AUS,YUL,0
BGI,LGW,0
BGY,ZAD,0
BSL,AJA,0
BTH,TKG,0
BVA,REG,0
COO,CMN,0
CVG,JAX,0
DAL,SRQ,0
DLA,NBO,0
DTM,TGD,0
DTW,MBJ,0
FMM,PFO,0
FRA,LRM,0
GUW,AMS,0
GWD,KHI,0
HAK,URC,0
HAN,MUC,0
HKG,ROR,0
HRG,SSH,0
IAG,PIE,0
ILM,TPA,0
JAI,JDH,0
JAX,CVG,0
JRO,CDG,0
KHI,GWD,0
KUT,SCO,0
KWI,SLL,0
LAS,SGF,0
LGW,BGI,0
LIS,RIX,0
LNS,MCO,0
LRM,FRA,0
LYI,TYN,0
MBJ,DTW,0
MCO,LNS,0
MYR,TPA,0
NAP,AGP,0
NCL,ZTH,0
NKG,WXN,0
NUX,SLY,0
OSL,TFS,0
OTP,TIA,0
PBH,YON,0
PFO,FMM,0
PGD,USA,0
PIE,IAG,0
PNH,MNL,0
PRG,DJE,0
REG,BVA,0
RIX,LIS,0
RIX,RMO,0
RMO,RIX,0
ROR,HKG,0
RTM,SZG,0
SCO,KUT,0
SGF,LAS,0
SLL,KWI,0
SLY,NUX,0
SRQ,DAL,0
SVO,TAO,0
SYD,WUH,0
SZG,RTM,0
TAO,SVO,0
TFS,OSL,0
TGD,DTM,0
TIA,OTP,0
TKG,BTH,0
TNG,NDR,0
TPA,ILM,0
TPA,MYR,0
TYN,LYI,0
URC,HAK,0
USA,PGD,0
WAW,AUH,0
WRO,ATH,0
WXN,NKG,0
YYC,PUJ,0
ZAD,BGY,0
ACF,HMI,0
ALC,BRE,0
AMM,BRU,0
BCN,ZAG,0
BGY,CIY,0
BRE,ALC,0
BRS,BJV,0
BRU,AMM,0
BTV,RDU,0
BUD,PMO,0
BZE,JFK,0
BZL,DAC,0
CCU,PXN,0
CGN,PFO,0
CGQ,HLH,0
CHA,SFB,0
CHS,YYZ,0
CIY,BGY,0
CJJ,IBR,0
CLJ,MMX,0
CPT,SHO,0
DAC,BZL,0
DBV,BHX,0
DFW,HDN,0
DLC,HSF,0
DME,HKT,0
DSS,MRS,0
DYU,GYD,0
EBB,JRO,0
EMA,RIX,0
FRA,LAD,0
FRA,PDL,0
FUE,VIE,0
GSV,OVB,0
GYD,DYU,0
GYD,TIV,0
HDN,DFW,0
HHN,PSR,0
HHN,SUF,0
HLH,CGQ,0
HSF,DLC,0
IBR,CJJ,0
IKT,MJZ,0
IXJ,HYD,0
JDH,JAI,0
JFK,BZE,0
JMK,MUC,0
JTR,SKG,0
KGD,OVB,0
KJA,MRV,0
KJA,NOZ,0
LAD,FRA,0
LAS,PSC,0
LGW,JSI,0
MAD,NDR,0
MCO,TYS,0
MIG,WNZ,0
MJZ,IKT,0
MMX,CLJ,0
MNL,PNH,0
MRS,DSS,0
MRV,KJA,0
MUC,JMK,0
NCL,MAH,0
NDR,MAD,0
NDR,TNG,0
NGO,SZX,0
NNG,SGN,0
NQZ,SYX,0
OSR,RMF,0
OTP,TRN,0
OVB,GSV,0
OVB,KGD,0
PDL,FRA,0
PFO,CGN,0
PMO,BUD,0
PSC,LAS,0
PSR,HHN,0
PXN,CCU,0
RAI,CMN,0
RDU,BTV,0
RIX,EMA,0
SAL,SDQ,0
SDF,VPS,0
SDQ,SAL,0
SFB,CHA,0
SGN,NNG,0
SKG,JTR,0
SUF,HHN,0
SZX,NGO,0
TIV,GYD,0
TRN,OTP,0
TYS,MCO,0
UYN,XMN,0
VCE,YYZ,0
VIE,FUE,0
VNY,LAS,0
VPS,SDF,0
WNZ,MIG,0
XMN,UYN,0
YEV,YXY,0
YYZ,CHS,0
YYZ,VCE,0
ZAG,BCN,0
ZTH,NCL,0
AEY,GRY,0
AGP,BEG,0
AGP,SVG,0
AMS,ZNZ,0
ATL,AUH,0
AUH,ATL,0
AZA,STC,0
BCM,DUB,0
BEG,AGP,0
BES,TLN,0
BJV,DUS,0
BOG,GDL,0
BOJ,BTS,0
BTS,BOJ,0
BTS,PMI,0
BUD,RAK,0
CAG,ORY,0
CEB,CRM,0
CGO,ACF,0
CRM,CEB,0
CVG,MYR,0
DLA,NGE,0
DUB,BCM,0
DYR,KHV,0
FEZ,STN,0
FUE,PRG,0
GDL,BOG,0
GRU,SJO,0
GWT,HAM,0
HAK,MXZ,0
HAM,VCE,0
HIR,RNL,0
HMI,ACF,0
HRG,LUX,0
ISB,MED,0
KJA,BKK,0
KRL,TLQ,0
LAS,VNY,0
LCA,VNO,0
LGW,MBJ,0
MAH,NCL,0
MCO,SWF,0
MCZ,SJP,0
MIG,SHA,0
MXZ,HAK,0
MYR,CVG,0
NKG,YKH,0
NOJ,SLY,0
ORY,CAG,0
OVB,ULV,0
PMI,BTS,0
PRG,FUE,0
PVG,YYA,0
QRO,ZIH,0
RAK,BUD,0
RGK,KJA,0
SHA,MIG,0
SJO,GRU,0
SJP,MCZ,0
SLY,NOJ,0
STC,AZA,0
STN,FEZ,0
SVG,AGP,0
SWF,MCO,0
SZX,WGN,0
TAS,KWI,0
TBZ,SAW,0
TFU,WGN,0
TFU,YYA,0
TLN,BES,0
TLQ,KRL,0
TMJ,LED,0
TYS,VPS,0
ULV,OVB,0
VCE,HAM,0
VNO,LCA,0
VPS,TYS,0
WGN,SZX,0
WGN,TFU,0
YKH,NKG,0
YWG,YYQ,0
YYA,PVG,0
YYA,TFU,0
ZIH,QRO,0
ABJ,CAI,0
ACF,CGO,0
AGA,TLS,0
AGP,HAJ,0
AMM,DME,0
AMM,PFO,0
ANC,SLC,0
ATH,CGN,0
AVL,SRQ,0
AYT,KSC,0
BEG,VLC,0
BER,TUN,0
BGG,SAW,0
BGO,BLL,0
BHX,DBV,0
BKK,KJA,0
BLL,BGO,0
BQW,HCQ,0
BRS,POZ,0
BRU,PUJ,0
BUS,MRV,0
BVA,TFS,0
BZV,NBJ,0
CAG,PRG,0
CDG,MCO,0
CFN,GLA,0
CFU,WAW,0
CGN,ATH,0
CLT,STX,0
CNN,DMM,0
CTU,GYU,0
CWL,PMI,0
DLA,CMN,0
DMM,CNN,0
DUS,BJV,0
EDI,NOC,0
EDI,SDR,0
FCO,GLA,0
FEZ,NRN,0
FLL,LEX,0
FRA,VAR,0
GEO,ANU,0
GLA,CFN,0
GLA,FCO,0
GOT,RIX,0
GOX,LGW,0
GYU,CTU,0
HAJ,AGP,0
HCQ,BQW,0
HER,BRQ,0
HGR,SFB,0
HNY,NGB,0
IBZ,LPL,0
IKA,VKO,0
JMJ,KWE,0
JMJ,LUM,0
KGL,CDG,0
KHV,DYR,0
KSC,AYT,0
KWE,JMJ,0
KWI,TAS,0
LAS,MOT,0
LAX,LGW,0
LCK,SRQ,0
LEX,FLL,0
LGW,LAX,0
LGW,SOF,0
LPL,IBZ,0
LUM,JMJ,0
MBA,MXP,0
MBJ,LGW,0
MCO,CDG,0
MOT,LAS,0
MRS,PRG,0
MRV,BUS,0
MUC,HAN,0
MUC,SUF,0
NAO,WUH,0
NAP,ZTH,0
NGB,HNY,0
NOC,EDI,0
NQZ,PRG,0
NRN,FEZ,0
PFO,AMM,0
PIE,ROA,0
POZ,BRS,0
PRG,CAG,0
PRG,MRS,0
PRG,NQZ,0
PTY,SNU,0
PVR,SAN,0
RIX,GOT,0
RMF,BLQ,0
ROA,PIE,0
RVN,STN,0
SAN,PVR,0
SAW,BGG,0
SDR,EDI,0
SFB,HGR,0
SIN,WNZ,0
SJU,AXA,0
SLC,ANC,0
SNU,PTY,0
SOF,LGW,0
SOF,WRO,0
SRQ,AVL,0
SRQ,LCK,0
SSG,LBV,0
STN,RVN,0
STX,CLT,0
SUF,MUC,0
TFS,BVA,0
TIA,TRS,0
TLS,AGA,0
TRS,TIA,0
TUN,BER,0
VAR,FRA,0
VKO,IKA,0
VLC,BEG,0
WAW,CFU,0
WRO,SOF,0
ZTH,NAP,0
ACE,BRU,0
AHJ,LXA,0
ATL,OGG,0
AXA,SJU,0
BAR,KWE,0
BCN,MLN,0
BDL,DAB,0
BJV,LTN,0
BPS,UDI,0
BRQ,BOJ,0
BRQ,HER,0
CGN,SVQ,0
CID,LAS,0
CLT,POP,0
CNN,TRV,0
COO,SSG,0
CZX,SYX,0
DAB,BDL,0
DAR,CAN,0
DJE,PRG,0
ENY,XNN,0
FBM,NLA,0
FCO,TSR,0
FCO,ZAZ,0
FMM,ZAG,0
FUE,WAW,0
GVA,LBA,0
HEL,WMI,0
HIR,FRE,0
HRG,BRQ,0
IAD,YYC,0
JED,MRS,0
JED,RSI,0
JNZ,TFU,0
KGD,UFA,0
KGL,DLA,0
KWE,BAR,0
LAS,CID,0
LBA,GVA,0
LED,SKX,0
LGW,GOX,0
LPL,RAK,0
LTN,BJV,0
MLN,BCN,0
MPL,NDR,0
MSY,PDX,0
NBO,FBM,0
NDR,MPL,0
NLA,NBO,0
NUE,ZAD,0
OGG,ATL,0
OPO,PRG,0
PDX,MSY,0
PIA,SFB,0
PMI,CWL,0
PNQ,SIN,0
POP,CLT,0
PRG,OPO,0
RAK,LPL,0
RSI,JED,0
SFB,PIA,0
SIN,PNQ,0
SKX,LED,0
SVQ,CGN,0
SWA,WDS,0
SYX,CZX,0
TFU,AHJ,0
TFU,JNZ,0
TRV,CNN,0
TSR,FCO,0
UDI,BPS,0
UFA,KGD,0
WAW,FUE,0
WDS,SWA,0
WDS,XIY,0
WMI,HEL,0
WNZ,SIN,0
WUH,NAO,0
XIY,WDS,0
XNN,ENY,0
YKS,BGN,0
YYC,IAD,0
ZAD,NUE,0
ZAG,FMM,0
ZAZ,FCO,0
ADE,AMM,0
ALA,MLE,0
AMM,ADE,0
ANU,AXA,0
AXA,ANU,0
BIS,LAS,0
BOH,LPA,0
BRI,SVQ,0
BRU,ABJ,0
CAK,RDU,0
CAP,NAS,0
CDG,SSG,0
CGO,TEN,0
CMG,VCP,0
CPH,EIN,0
CSX,HAN,0
CTU,JNG,0
DBV,EDI,0
DOH,XMN,0
EIN,CPH,0
ERF,PMI,0
EWR,HNL,0
FSZ,HKG,0
GAU,RDP,0
HAK,TEN,0
HAN,CSX,0
HJJ,JJN,0
HJJ,TFU,0
HKG,FSZ,0
HLD,TFU,0
HNL,EWR,0
HPH,NNG,0
HRG,EVN,0
HUX,YYC,0
HZG,NKG,0
JAV,KEF,0
JHG,VTE,0
JJN,HJJ,0
JNG,CTU,0
JNG,SHE,0
KEF,JAV,0
KRK,SVQ,0
KZN,KUF,0
LAS,BIS,0
LIS,TNG,0
LPA,BOH,0
LXR,SSH,0
MCT,DAR,0
MFM,TWU,0
MLE,ALA,0
MMX,TIA,0
NAS,CAP,0
NKG,HZG,0
NNG,HPH,0
NUE,CFU,0
PMI,ERF,0
PNH,RGN,0
PVG,TLQ,0
RBA,TUN,0
RDP,GAU,0
RDU,CAK,0
RGN,PNH,0
SHE,JNG,0
SVQ,BRI,0
SVQ,KRK,0
TEN,CGO,0
TEN,HAK,0
TFU,HJJ,0
TFU,HLD,0
TIA,MMX,0
TLQ,PVG,0
TNG,LIS,0
TRD,ALC,0
TUN,RBA,0
VTE,JHG,0
VVO,HKT,0
XMN,DOH,0
YYC,HUX,0
ZNZ,MCT,0
ZRH,TGD,0
ABA,NSK,0
AER,ASF,0
AFL,VCP,0
AHJ,TFU,0
ALC,RMO,0
ALC,TRD,0
ALF,VDS,0
ANU,GEO,0
ASF,AER,0
ATL,STX,0
BFS,GVA,0
BFS,PRG,0
BHY,KHN,0
BNA,SFB,0
BPE,HFE,0
BRS,JSI,0
BRU,BVC,0
BSZ,ICN,0
CFE,OPO,0
CFU,NUE,0
CHA,PIE,0
CLJ,ZAZ,0
CPH,PMO,0
CTA,MAN,0
EDI,DBV,0
ELM,PIE,0
FKB,AYT,0
FLL,SYR,0
FLR,NTE,0
FMM,KUT,0
FRA,MIR,0
FSC,LIL,0
GVA,BFS,0
HFE,BPE,0
HHN,RMO,0
HKT,VVO,0
HNY,LHW,0
HNY,XMN,0
IMF,IXS,0
INC,UYN,0
INU,TRW,0
IST,SPU,0
IXS,IMF,0
JBQ,SCU,0
JRG,RPR,0
JSI,BRS,0
KHN,BHY,0
KNY,KCY,0
KUF,TJM,0
KUT,FMM,0
LAD,TMS,0
LED,TMJ,0
LHW,HNY,0
LIL,FSC,0
LOD,VLI,0
LXA,AHJ,0
MAJ,PNI,0
MAN,CTA,0
MDC,MWS,0
MED,TAS,0
MIR,FRA,0
MRU,ORY,0
MUC,RUH,0
MWS,MDC,0
NAP,BHX,0
NMA,ZIA,0
NSK,ABA,0
NTE,FLR,0
OMS,KJA,0
OPO,CFE,0
ORY,MRU,0
PIE,CHA,0
PIE,ELM,0
PIE,SWF,0
PMI,ZAG,0
PMO,CPH,0
PNR,ABJ,0
PRG,BFS,0
RMO,ALC,0
RMO,HHN,0
ROA,SFB,0
RUH,MUC,0
SFB,BNA,0
SFB,ROA,0
SPU,IST,0
STX,ATL,0
SWF,PIE,0
SYR,FLL,0
TJM,KUF,0
TMS,LAD,0
TRN,VNO,0
TWU,MFM,0
VCP,AFL,0
VLI,LOD,0
VUS,CEE,0
WNH,ZAT,0
WUH,CDE,0
XMN,HNY,0
ZAG,PMI,0
ZAT,WNH,0
ZAZ,CLJ,0
ZIA,NMA,0
ABE,FLL,0
AGA,BGY,0
AGA,BOD,0
AGA,NRN,0
AMM,GVA,0
ANC,IAH,0
ANU,CLT,0
ARN,DBV,0
AYT,FDH,0
AYT,FKB,0
AZA,EUG,0
BER,TRS,0
BGY,AGA,0
BHX,CUN,0
BHX,EFL,0
BHX,NAP,0
BJX,SAT,0
BKK,NST,0
BLI,PSP,0
BLL,LGW,0
BOD,AGA,0
BOS,SMF,0
BPS,RAO,0
BSZ,GYD,0
BUD,JED,0
CAG,SVQ,0
CAN,WNH,0
CAN,ZNZ,0
CDG,CFU,0
CEE,VUS,0
CFU,CDG,0
CIA,RBA,0
CIH,XIY,0
CLJ,VLC,0
CLT,ANU,0
CNF,JJD,0
CPH,CTA,0
CPH,RAK,0
CPH,TFS,0
CTA,CPH,0
CUN,BHX,0
DBV,ARN,0
DEN,FAI,0
DUB,JER,0
EUG,AZA,0
EVE,TOS,0
FAI,DEN,0
FDH,AYT,0
FEG,LED,0
FLL,ABE,0
FRA,INN,0
GVA,AMM,0
GYD,BSZ,0
HAK,WHA,0
HSA,KSN,0
IAD,YVR,0
IAH,ANC,0
ICN,BSZ,0
ILG,RSW,0
INN,FRA,0
IQM,TLQ,0
JED,BUD,0
JER,DUB,0
KIH,BGW,0
KIN,PUJ,0
KJA,OMS,0
KSN,HSA,0
LAS,PIA,0
LCK,VPS,0
LED,FEG,0
LGW,BLL,0
LUX,HRG,0
MAD,RIX,0
MHT,RDU,0
MUC,MCO,0
MUC,ZAD,0
MXL,PVR,0
MXL,SJD,0
NRN,AGA,0
NST,BKK,0
ORY,BVC,0
PGD,TOL,0
PIA,LAS,0
PIT,PVD,0
POZ,SKG,0
PSP,BLI,0
PUJ,KIN,0
PVD,PIT,0
PVR,MXL,0
RAK,CPH,0
RAO,BPS,0
RBA,CIA,0
RDU,MHT,0
RIC,RSW,0
RIX,MAD,0
RSW,ILG,0
RSW,RIC,0
SAT,BJX,0
SJD,MXL,0
SJD,VNY,0
SKG,POZ,0
SMF,BOS,0
SVQ,CAG,0
SVQ,TRN,0
SYD,NTL,0
TFS,CPH,0
TLK,UFA,0
TLQ,IQM,0
TOL,PGD,0
TRN,SVQ,0
TRS,BER,0
UFA,TLK,0
UYN,INC,0
VLC,CLJ,0
VNO,TRN,0
VNY,SJD,0
VPS,LCK,0
WHA,HAK,0
WNH,CAN,0
XIY,CIH,0
YVR,IAD,0
YZF,YVQ,0
ZAD,MUC,0
ACE,CDG,0
ACZ,MHD,0
ADB,BAL,0
AHO,BUD,0
ALA,NCU,0
AMM,BUD,0
AMM,YUL,0
AUH,SJJ,0
BAL,ADB,0
BGI,EIS,0
BGW,KIH,0
BNA,PGD,0
BRI,WRO,0
BSL,VCE,0
BTS,CFU,0
BUD,AHO,0
BUD,AMM,0
BZO,LGW,0
CAG,POZ,0
CAI,ABJ,0
CDG,ACE,0
CFU,BTS,0
CNF,CUR,0
CRL,RIX,0
CUR,CNF,0
DOH,KBL,0
DTM,SCV,0
EDI,LDY,0
EDI,PSA,0
EFL,BHX,0
EVN,HRG,0
FCO,TGD,0
FMM,TGD,0
HNL,PAE,0
ICN,NQZ,0
JED,LAX,0
KBL,DOH,0
KIX,SJW,0
KUS,KEF,0
LAX,JED,0
LCA,RIX,0
LDY,EDI,0
LGW,BZO,0
LIM,SDQ,0
MCO,MUC,0
MHD,ACZ,0
MUC,NTE,0
NCE,TIA,0
NCU,ALA,0
NQZ,ICN,0
NTE,MUC,0
ORD,SNN,0
OSR,HRG,0
PAE,HNL,0
PEK,ISB,0
PGD,BNA,0
PHX,TYS,0
POZ,CAG,0
PSA,EDI,0
RIX,CRL,0
RIX,LCA,0
RMF,STR,0
SCV,DTM,0
SJJ,AUH,0
SJW,KIX,0
SNN,ORD,0
SOQ,TIM,0
STR,RMF,0
TGD,FCO,0
TGD,FMM,0
TIA,NCE,0
TIM,SOQ,0
TYS,PHX,0
VCE,BSL,0
WRO,BRI,0
WXN,XMN,0
XMN,WXN,0
YUL,AMM,0
ADB,VAS,0
ALA,PWQ,0
ALC,NWI,0
BMI,SFB,0
BOM,EBB,0
BSL,SUF,0
BUD,GOA,0
BYO,CGH,0
CGH,BYO,0
CHS,ORF,0
CMF,MAN,0
CNF,POJ,0
CPT,MRU,0
CUN,LIS,0
CUN,TAM,0
DLC,DSN,0
DSN,DLC,0
DUS,SPC,0
EIN,KGS,0
EIN,VIE,0
FAO,PIK,0
FAO,RAK,0
FLL,ILM,0
FNC,LYS,0
FNC,STR,0
GDN,PFO,0
GOA,BUD,0
GOJ,KGD,0
GZT,TZX,0
HER,FCO,0
HOU,PVU,0
HRG,ERF,0
HRG,KUF,0
HSN,LYI,0
HUZ,SYX,0
ILM,FLL,0
ISP,ORF,0
JED,MCX,0
JEK,MFU,0
KGD,GOJ,0
KGS,EIN,0
KUF,KGD,0
KVA,STR,0
KWE,LIJ,0
LAS,ANC,0
LIJ,KWE,0
LIS,CUN,0
LPL,OTP,0
LRH,OPO,0
LTN,SVQ,0
LYI,HSN,0
LYS,DSS,0
LYS,FNC,0
MAN,CMF,0
MRU,CPT,0
NBE,SOF,0
NWI,ALC,0
OMA,PIE,0
OPO,LRH,0
OPO,PSA,0
ORF,CHS,0
ORF,ISP,0
OTP,LPL,0
PFO,GDN,0
PGD,SDF,0
PGD,SWF,0
PIE,OMA,0
PIK,FAO,0
PSA,OPO,0
PVU,HOU,0
PWQ,ALA,0
RAK,FAO,0
SDF,PGD,0
SDQ,LIM,0
SFB,BMI,0
SFB,TRI,0
SGN,VKG,0
SID,SNE,0
SNA,TUS,0
SNE,SID,0
STN,TUF,0
STR,FNC,0
STR,KVA,0
SUF,BSL,0
SVO,SGN,0
SVQ,LTN,0
SWF,PGD,0
SYX,HUZ,0
TAM,CUN,0
TRI,SFB,0
TUF,STN,0
TUS,SNA,0
TZX,GZT,0
VAS,ADB,0
VIE,EIN,0
VKG,SGN,0
YGH,YZF,0
YQB,VRA,0
YZF,YGH,0
AER,KRO,0
AHO,OTP,0
ATH,BIO,0
BCN,NUE,0
BEG,HER,0
BIO,ATH,0
BOD,FSC,0
BRI,LUX,0
BRS,NAP,0
BVC,LIS,0
CAK,SFB,0
CDG,CPT,0
CDG,PMO,0
CEN,NLU,0
CFE,FEZ,0
CLT,GDL,0
CLT,RAP,0
CMN,SSG,0
CRL,FNC,0
CSX,SYM,0
CTA,SVQ,0
CUN,ORY,0
CZX,YNT,0
DAR,MCT,0
DBV,WRO,0
DJE,WAW,0
DSN,KWE,0
DSS,LYS,0
FEZ,CFE,0
FNC,CRL,0
FRA,PRN,0
FSC,BOD,0
FSD,PIE,0
GDL,CLT,0
GRV,TAS,0
HER,BEG,0
HIA,HSN,0
HSN,HIA,0
IST,IAS,0
JIB,DIR,0
KGD,KUF,0
KMG,SAI,0
KRO,AER,0
KWE,DSN,0
LCA,ZRH,0
LEI,PMI,0
LHW,WNZ,0
LIS,BVC,0
LRH,LYS,0
LUX,BRI,0
LYS,LRH,0
MCT,ZNZ,0
MRS,JED,0
NAP,BRS,0
NLU,CEN,0
NQZ,PQC,0
NRN,RAK,0
NUE,BCN,0
OOL,PER,0
ORY,CUN,0
OTP,AHO,0
OUD,TNG,0
PER,OOL,0
PHX,SCK,0
PIE,FSD,0
PMI,LEI,0
PMO,CDG,0
PMV,VIG,0
POM,VAI,0
PPG,APW,0
PRN,FRA,0
PVK,DUS,0
RAK,NRN,0
RAP,CLT,0
RNO,MSP,0
SAI,KMG,0
SCK,PHX,0
SCO,SVO,0
SFB,CAK,0
SGN,SVO,0
SPC,DUS,0
SSG,CMN,0
SUF,VIE,0
SVO,SCO,0
SVQ,CTA,0
SVX,TOF,0
SYM,CSX,0
TAS,GRV,0
TNG,OUD,0
TOF,SVX,0
VIE,SUF,0
VIG,PMV,0
VRA,YQB,0
WAW,DJE,0
WNZ,LHW,0
WRO,DBV,0
YIH,YTY,0
YTY,YIH,0
ZRH,LCA,0
AGP,MAH,0
AMD,JGA,0
AMS,KYA,0
AMS,RMO,0
ANC,LAS,0
AUH,PRG,0
BGY,LUZ,0
BHJ,STV,0
BHX,BVC,0
BIQ,LGW,0
BKK,VVO,0
BNA,YVR,0
BRI,FRA,0
BUD,GOT,0
BVC,BHX,0
CEE,MMK,0
CEI,HKT,0
CGB,PVH,0
CKG,TCZ,0
CLT,JAC,0
CPT,CDG,0
CTS,RIS,0
DLM,DUB,0
DTM,EVN,0
DUB,DLM,0
EGE,PHX,0
EIS,BGI,0
ERF,HRG,0
EVN,DTM,0
FBM,FMI,0
FCO,HER,0
FMI,FBM,0
FRA,BRI,0
FSP,YHZ,0
GOT,BUD,0
GRO,BRU,0
GVA,LIL,0
GVA,RBA,0
HDG,YNT,0
HDN,IAH,0
HKT,CEI,0
IAD,SXM,0
IAH,HDN,0
IAS,IST,0
IST,OHD,0
JAC,CLT,0
JGA,AMD,0
JGA,STV,0
JKL,KGS,0
JKL,LRS,0
JTY,LRS,0
KEJ,SVX,0
KEO,ABJ,0
KGS,JKL,0
KGS,NCL,0
KUF,HRG,0
KYA,AMS,0
LAS,TYS,0
LBA,MAH,0
LHR,SGN,0
LIJ,PEK,0
LIL,GVA,0
LRS,JKL,0
LRS,JTY,0
LUZ,BGY,0
LYS,OLB,0
LZO,WUX,0
MAH,AGP,0
MAH,LBA,0
MCO,TUL,0
MFM,NNG,0
MSO,SFO,0
MSP,RNO,0
MSQ,AER,0
MUB,NLA,0
MXP,TLS,0
NCL,KGS,0
NJF,MED,0
NNG,MFM,0
NOU,VLI,0
NSK,SVX,0
OHD,IST,0
OLB,LYS,0
OTP,SVQ,0
PEK,LIJ,0
PEK,YYA,0
PGD,SPI,0
PHX,EGE,0
PMI,POZ,0
POZ,PMI,0
PRG,AUH,0
RBA,GVA,0
RIS,CTS,0
RIY,DXB,0
RMO,AMS,0
SBN,SRQ,0
SFO,MSO,0
SGN,LHR,0
SPI,PGD,0
SRQ,SBN,0
STV,BHJ,0
STV,JGA,0
SVQ,OTP,0
SVX,KEJ,0
SVX,NSK,0
SXM,IAD,0
TCZ,CKG,0
TLS,MXP,0
TUL,MCO,0
TYS,LAS,0
VCE,YUL,0
VLI,NOU,0
VVO,BKK,0
WUX,LZO,0
YHZ,FSP,0
YLE,YZF,0
YNT,HDG,0
YOC,YXY,0
YSF,YXE,0
YUL,VCE,0
YVR,BNA,0
YXL,YPM,0
YYA,PEK,0
YZF,YLE,0
AER,MSQ,0
ALB,SFB,0
AMS,CUN,0
AMS,PFO,0
ANC,DTW,0
ANR,BZO,0
BER,EBL,0
BES,NCE,0
BGY,KUN,0
BHI,EZE,0
BJV,MUC,0
BKI,FOC,0
BLQ,HEL,0
BLQ,RAK,0
BOJ,AMS,0
BSL,TUN,0
BUS,TAS,0
BZG,DUB,0
BZO,ANR,0
CFU,LEJ,0
CGN,KUN,0
CHQ,KRK,0
CMF,LGW,0
CRW,MCO,0
DTW,ANC,0
DUB,BZG,0
DUB,PMO,0
DUB,STR,0
DUS,PVK,0
EBL,BER,0
EVV,SFB,0
EWR,VPS,0
FCO,PFO,0
FIH,CMN,0
FMM,SCV,0
FOC,BKI,0
FOC,HRB,0
FOG,TRN,0
HEL,BLQ,0
HKT,TPE,0
HRB,FOC,0
ICN,YNZ,0
JKH,MJT,0
JKH,SMI,0
JNB,RUN,0
KGS,BGY,0
KNO,DPS,0
KRK,CHQ,0
KRK,ORD,0
KUN,BGY,0
KUN,CGN,0
LAX,RIC,0
LCA,OSL,0
LGW,BIQ,0
LGW,CMF,0
LGW,LAS,0
LGW,QSR,0
LPL,WRO,0
LXS,MJT,0
MAD,SAP,0
MCO,CRW,0
MED,NJF,0
MJT,JKH,0
MJT,LXS,0
MXP,SKG,0
NBJ,DUE,0
NCE,BES,0
NJC,OMS,0
NRN,SVQ,0
OGG,YYC,0
OMS,NJC,0
ORD,KRK,0
OTP,PMI,0
PFO,AMS,0
PFO,FCO,0
PMI,OTP,0
PMO,DUB,0
PRG,ZAD,0
PUY,LGW,0
PVH,CGB,0
QSR,LGW,0
RAK,BLQ,0
RHO,SMI,0
RIC,LAX,0
RPR,JRG,0
SCV,FMM,0
SFB,ALB,0
SFB,EVV,0
SJJ,STR,0
SKG,MXP,0
SMI,JKH,0
SMI,RHO,0
STR,DUB,0
STR,SJJ,0
SVQ,NRN,0
SYS,YKS,0
TAS,BUS,0
TIA,VLC,0
TPE,HKT,0
TRN,FOG,0
TUN,BSL,0
VLC,TIA,0
VPS,EWR,0
WAW,HER,0
WRO,LPL,0
YKS,SYS,0
YNT,CZX,0
YNZ,ICN,0
YYC,OGG,0
ZAD,PRG,0
ABV,GMO,0
AOI,KRK,0
BDL,ILM,0
BIA,SXB,0
BIO,PRG,0
BNA,BZN,0
BRU,FNC,0
BVE,OPO,0
BZN,BNA,0
CEC,HHR,0
CEK,KZN,0
CIA,LPL,0
CIF,HRB,0
CPT,LGW,0
CRW,EWR,0
CTU,GOQ,0
DAC,FCO,0
DAT,NGB,0
DBV,MRS,0
DPS,KNO,0
EDI,STR,0
EDI,TLS,0
ESB,TIA,0
EWR,CRW,0
FCO,MLE,0
GDL,JFK,0
GHB,MIA,0
GOQ,CTU,0
HAK,IQN,0
HER,LTN,0
HER,WAW,0
HHR,CEC,0
HNL,YYC,0
HRB,CIF,0
HZG,KMG,0
HZG,TNA,0
IJK,OVB,0
ILG,TPA,0
ILM,BDL,0
INC,NAO,0
IQN,HAK,0
JFK,GDL,0
KEF,KUS,0
KHN,KIX,0
KIX,KHN,0
KMG,HZG,0
KRK,AOI,0
KRK,SUF,0
KRL,PVG,0
KWI,SSH,0
KZN,CEK,0
LAS,LGW,0
LAX,SDF,0
LGW,CPT,0
LGW,PUY,0
LGW,TGD,0
LIH,PDX,0
LPL,CIA,0
LTN,HER,0
LZY,SZX,0
MCO,MSN,0
MIA,GHB,0
MMK,CEE,0
MRS,DBV,0
MSN,MCO,0
MUC,BJV,0
MXP,DSS,0
NGB,DAT,0
NQZ,CXR,0
NUE,VLC,0
OPO,BVE,0
OSL,LCA,0
OVB,IJK,0
PDX,LIH,0
PIE,SDF,0
PIT,SAV,0
PMF,RMO,0
PRG,BIO,0
PVG,KRL,0
RMO,PMF,0
SAP,MAD,0
SAV,PIT,0
SDF,PIE,0
SHE,DYG,0
SSH,BGY,0
SSH,KWI,0
STR,EDI,0
SUF,KRK,0
SXB,BIA,0
SZX,LZY,0
TEN,WNZ,0
TGD,LGW,0
TIA,ESB,0
TLQ,WUX,0
TLS,EDI,0
TNA,HZG,0
VLC,NUE,0
WNZ,TEN,0
WUX,TLQ,0
YVM,YXP,0
YYC,HNL,0
ABV,BCU,0
ALC,KIR,0
ALG,ABJ,0
AMD,IXK,0
AMM,OTP,0
AMS,OVD,0
BAH,LGW,0
BCU,ABV,0
BHY,LHW,0
BTS,TPS,0
BUD,OPO,0
BUD,VCE,0
BVA,TSR,0
BWI,PDX,0
BZN,MDW,0
CAK,PIE,0
CGK,AMS,0
CGN,VRN,0
CRL,ESU,0
CRL,PEG,0
CRL,RHO,0
CXR,NQZ,0
DOH,NUM,0
DSN,HAK,0
DSS,MXP,0
DTW,SRQ,0
DUE,NBJ,0
ESU,CRL,0
FLL,JAX,0
FRA,ORK,0
HAJ,SKG,0
HAK,DSN,0
HOU,SEA,0
HRG,CDG,0
IAD,SJO,0
IDR,ISK,0
ISK,IDR,0
IXK,AMD,0
JAX,FLL,0
KCA,LHW,0
KIR,ALC,0
LAD,CBT,0
LAS,XNA,0
LAX,LIS,0
LCY,FAO,0
LEJ,CFU,0
LGA,TVC,0
LGW,BAH,0
LHW,BHY,0
LHW,KCA,0
LIS,LAX,0
LIS,TMS,0
MCX,MED,0
MCZ,UDI,0
MDT,SRQ,0
MDW,BZN,0
NAO,INC,0
NUM,DOH,0
OPO,BUD,0
ORK,FRA,0
OTP,AMM,0
OVD,AMS,0
PDX,BWI,0
PEG,CRL,0
PIE,CAK,0
PKZ,SGN,0
RHO,CRL,0
RLK,UCB,0
RMF,ZRH,0
RUN,JNB,0
SDF,LAX,0
SEA,HOU,0
SGN,PKZ,0
SJO,IAD,0
SKG,HAJ,0
SOF,NBE,0
SRQ,DTW,0
SRQ,MDT,0
SWA,YBP,0
TMS,LIS,0
TPA,ILG,0
TPS,BTS,0
TSR,BVA,0
TVC,LGA,0
UCB,RLK,0
UDI,MCZ,0
UIO,PUJ,0
URC,YBP,0
VCE,BUD,0
VRN,CGN,0
XNA,LAS,0
YBP,SWA,0
YBP,URC,0
YKS,MQJ,0
YSQ,PVG,0
ZRH,RMF,0
AEP,VVI,0
AJA,CRL,0
AKA,CSX,0
AMM,ARN,0
ANC,GAL,0
ARN,AMM,0
ASP,CNS,0
ATL,CZM,0
AUA,PBM,0
AUH,KTW,0
AVA,PKX,0
BFS,IBZ,0
BGY,KGS,0
BOJ,NCL,0
BPX,MIG,0
BUD,RMO,0
CAG,RMI,0
CBT,LAD,0
CCS,LIS,0
CDG,HRG,0
CFK,MRS,0
CHC,CNS,0
CLE,PUJ,0
CMN,BZV,0
CNS,ASP,0
CNS,CHC,0
CRL,AJA,0
CSX,AKA,0
CTC,IRJ,0
CUN,SAT,0
CZM,ATL,0
DEL,NBO,0
DIU,IXK,0
DLC,YIC,0
DLM,STR,0
DSN,HLH,0
DTM,GHV,0
DYR,SVO,0
DZH,LHW,0
DZH,WUH,0
EIN,NDR,0
EWR,LFW,0
FAO,LCY,0
FCO,DAC,0
FDF,POS,0
FMM,TFS,0
FRE,HIR,0
GAL,ANC,0
GDN,RIX,0
GHV,DTM,0
GLA,LCA,0
GOI,NAG,0
GOJ,SSH,0
GOX,LKO,0
GOX,SSE,0
HER,IST,0
HLH,DSN,0
HMI,UYN,0
IBZ,BFS,0
IST,HER,0
IXK,DIU,0
JED,ALA,0
JHG,WMT,0
JXA,SHE,0
KBL,RUH,0
KHN,URC,0
KHV,SYX,0
KTW,AUH,0
KUL,SRG,0
KWL,YNZ,0
KZN,TBS,0
LCA,GLA,0
LFW,EWR,0
LHW,DZH,0
LIL,OPO,0
LIS,POA,0
LPA,SEN,0
LPL,MAD,0
LXA,WMT,0
LYS,MAN,0
LZH,XIY,0
MAD,LPL,0
MAN,LYS,0
MCX,NJC,0
MED,ISB,0
MFM,WNZ,0
MIG,BPX,0
MRS,CFK,0
MUC,WDH,0
MXZ,PKX,0
NAP,TUN,0
NBO,DEL,0
NDR,EIN,0
NGB,WMT,0
NKG,WMT,0
NNG,VTE,0
NTE,PMO,0
OPO,LIL,0
PBM,AUA,0
PKX,AVA,0
PKX,MXZ,0
PKX,YIE,0
PMO,NTE,0
POA,LIS,0
PRG,SLL,0
PRG,SVQ,0
PUJ,CLE,0
PUJ,UIO,0
PVG,YSQ,0
PVK,EFL,0
RHO,BOH,0
RIX,GDN,0
RKZ,XNN,0
RMI,CAG,0
RMO,BUD,0
SAT,CUN,0
SEN,LPA,0
SHE,JXA,0
SLL,PRG,0
SLY,AER,0
SQD,SYX,0
SQD,TYN,0
SRG,KUL,0
SSE,GOX,0
STN,SZY,0
SVO,DYR,0
SVQ,PRG,0
SYX,SQD,0
SYX,WDS,0
SYX,YNZ,0
SZY,STN,0
TBS,KZN,0
TFS,FMM,0
TSF,WMI,0
TYN,SQD,0
URC,KHN,0
UYN,HMI,0
VOG,SVX,0
VTE,NNG,0
VVI,AEP,0
WDS,URC,0
WMI,TSF,0
WMT,JHG,0
WMT,NGB,0
WMT,NKG,0
WNZ,MFM,0
WUH,DZH,0
XIY,LZH,0
XNN,RKZ,0
YBG,YQB,0
YIC,DLC,0
YIE,PKX,0
YNZ,KWL,0
YNZ,SYX,0
ABJ,ALG,0
ACE,STR,0
ADB,AJI,0
AER,SLY,0
AGA,LIL,0
AJI,ADB,0
AMS,CGK,0
ANI,HCR,0
ANI,KLG,0
ANI,RSH,0
ANI,SHX,0
ANV,HCR,0
ANV,KGX,0
APL,BEW,0
ATQ,LGW,0
BAV,HAK,0
BCN,TFS,0
BGI,EWR,0
BHO,DPP,0
BHY,SHA,0
BOD,MAN,0
BOH,RHO,0
BPS,GYN,0
BRI,STR,0
BRS,GIB,0
BUD,RIX,0
BVA,KUT,0
CAG,PMF,0
CGO,XIC,0
CIT,KOV,0
CMB,GAN,0
CZX,YBP,0
DAB,HVN,0
DOM,EIS,0
DPP,HJR,0
DSN,ZUH,0
DUB,RZE,0
DXB,RSI,0
DZH,SHE,0
EUN,RBA,0
EVN,VCE,0
EWR,BGI,0
FCO,HHN,0
FOC,HCZ,0
FSD,SFB,0
GAN,CMB,0
GCM,ORD,0
GIB,BRS,0
GMO,ABV,0
GYN,BPS,0
HAK,BAV,0
HAV,PUJ,0
HCR,ANI,0
HCR,ANV,0
HCZ,FOC,0
HGH,XAI,0
HHN,FCO,0
HJR,DPP,0
HMA,KZN,0
HTA,VVO,0
HUX,MTY,0
HVN,DAB,0
IKA,URC,0
IRJ,CTC,0
JFK,OTP,0
KBL,MHD,0
KGX,ANV,0
KGX,SHX,0
KHG,ZHY,0
KLG,ANI,0
KLG,RSH,0
KOV,CIT,0
KRK,SOF,0
KRK,TRD,0
KUL,YCU,0
KUT,BVA,0
KZN,HMA,0
KZN,RGK,0
LGW,ATQ,0
LIL,AGA,0
LTN,TAT,0
MAN,BOD,0
MHD,KBL,0
MLA,PRG,0
MTY,HUX,0
NCL,BOJ,0
NJC,MCX,0
ORD,GCM,0
ORN,OGX,0
OVB,SYX,0
PEE,KGD,0
PMF,CAG,0
PMI,SNN,0
PRG,MLA,0
RBA,EUN,0
RGK,KZN,0
RIX,BUD,0
RSH,ANI,0
RSH,KLG,0
RSI,DXB,0
RSW,SDF,0
RZE,DUB,0
SDF,RSW,0
SEN,TFS,0
SFB,FSD,0
SHE,DZH,0
SHJ,ZYL,0
SHX,ANI,0
SHX,KGX,0
SJW,XIY,0
SNN,PMI,0
SOF,KRK,0
SSH,GOJ,0
STR,ACE,0
STR,BRI,0
SVX,VOG,0
SYR,TPA,0
SYX,KHV,0
SYX,OVB,0
TAT,LTN,0
TFS,BCN,0
TFS,SEN,0
TPA,SYR,0
TRD,KRK,0
TUN,NAP,0
UNK,KKA,0
URC,IKA,0
URC,WDS,0
VCE,EVN,0
VVO,HTA,0
WDH,MUC,0
WDS,SYX,0
XAI,HGH,0
XIC,CGO,0
YBP,CZX,0
ZAG,BER,0
ZHA,SHA,0
ZHY,KHG,0
ZUH,DSN,0
ACE,BGY,0
AKU,PEK,0
ALC,BLQ,0
AMM,LTN,0
AMS,YHZ,0
AUH,VTZ,0
BAH,TZX,0
BEG,BRI,0
BER,ZAG,0
BGY,ACE,0
BLQ,ALC,0
BOD,HER,0
BRI,BEG,0
BTH,PGK,0
BUA,KIE,0
BUS,LED,0
BUS,RUH,0
BVA,VLC,0
BZX,KWE,0
CAI,EAM,0
CEB,KUL,0
CFU,BRU,0
CFU,PVK,0
CGO,MIG,0
CNX,TFU,0
CVG,EYW,0
CXR,OVB,0
EAM,CAI,0
EGE,SFO,0
EIS,DOM,0
ENH,NGB,0
EYW,CVG,0
EYW,IAD,0
FAO,NOC,0
FCO,HAJ,0
FLR,PRG,0
GDN,NAP,0
GSP,PVD,0
GSP,TPA,0
HAJ,FCO,0
HDG,KMG,0
HER,BOD,0
HID,SYU,0
HKG,TXN,0
HLH,HRB,0
HRB,HLH,0
HUZ,WXN,0
IAD,EYW,0
IST,UFA,0
JGN,KRL,0
KEF,YYC,0
KIE,RAB,0
KMG,HDG,0
KNO,JED,0
KRK,VNO,0
KRL,JGN,0
KSL,PZU,0
KTW,LPL,0
KUL,CEB,0
KUL,NBO,0
KWE,BZX,0
LAX,ORY,0
LBA,LCA,0
LBC,PMI,0
LCA,LBA,0
LED,BUS,0
LED,NMA,0
LGW,RVN,0
LPL,KTW,0
LTN,AMM,0
LUX,NAP,0
MCZ,RAO,0
MIG,CGO,0
MXP,KGS,0
MZH,SAW,0
NAN,YVR,0
NAP,GDN,0
NBO,KUL,0
NGB,ENH,0
NMA,LED,0
NOC,FAO,0
OGX,ORN,0
OHD,ZRH,0
OPO,TSF,0
ORY,LAX,0
OVB,CXR,0
PEK,AKU,0
PES,SVO,0
PGK,BTH,0
PMI,LBC,0
PRG,FLR,0
PUJ,HAV,0
PVD,GSP,0
PVK,CFU,0
PZU,KSL,0
RAO,MCZ,0
RMF,OSR,0
RUH,BUS,0
RVN,LGW,0
SFO,EGE,0
SSA,EZE,0
STR,DLM,0
SVO,PES,0
TPA,GSP,0
TSF,OPO,0
TWC,HMI,0
TXN,HKG,0
TZX,BAH,0
UFA,IST,0
UFA,OMS,0
VLC,BVA,0
VNO,KRK,0
VTE,ODY,0
VTZ,AUH,0
VVO,XIY,0
WMT,LXA,0
WXN,HUZ,0
XIY,SJW,0
XIY,VVO,0
YBP,ZUH,0
YCU,KUL,0
YHZ,AMS,0
YVR,NAN,0
YYC,KEF,0
ZRH,OHD,0
ZUH,YBP,0
AAT,HTN,0
ADB,BHX,0
ALA,JED,0
ARN,ZAG,0
ASB,DEL,0
ASB,JED,0
AUS,YVR,0
AVL,EYW,0
BCN,GOT,0
BER,TIV,0
BFS,BUD,0
BGR,MCO,0
BHX,ADB,0
BLV,SRQ,0
BRU,RMO,0
BSB,CUN,0
BUD,BFS,0
BUD,FNC,0
BVA,NAP,0
BZR,LTN,0
CAI,CGN,0
CCS,LFR,0
CCU,IXD,0
CCU,RGN,0
CFU,WRO,0
CGN,CAI,0
CKH,YKS,0
CNC,XMY,0
CUN,BSB,0
DEL,ASB,0
DTW,PVR,0
DUS,NCL,0
EDI,OTP,0
EYW,AVL,0
EZE,SSA,0
FNC,BUD,0
FOC,XMN,0
FWA,SRQ,0
GOT,BCN,0
HAM,GWT,0
HAQ,HDK,0
HET,SQD,0
HHN,VAR,0
HIR,AKS,0
HMI,TWC,0
HTN,AAT,0
IDA,LAS,0
JED,ASB,0
JFK,MEM,0
KJA,PKX,0
KRO,LED,0
LAS,IDA,0
LED,KRO,0
LFR,CCS,0
LTN,BZR,0
MAN,POZ,0
MCO,BGR,0
MCX,OVB,0
MDW,PUJ,0
MEM,JFK,0
MPL,RAK,0
MRS,OZZ,0
MZR,IST,0
NAP,BVA,0
NCL,DUS,0
NGO,TSN,0
OPO,TFS,0
OTP,EDI,0
OVB,MCX,0
OZZ,MRS,0
PDX,PVU,0
PMO,RMI,0
POS,SJU,0
POZ,MAN,0
PUJ,MDW,0
PVR,DTW,0
PVU,PDX,0
RAK,MPL,0
RGN,CCU,0
RMI,PMO,0
RMO,BRU,0
SJU,POS,0
SJW,XIL,0
SQD,HET,0
SQD,ZUH,0
SRQ,BLV,0
SRQ,FWA,0
SYU,CNC,0
TET,APL,0
TFS,OPO,0
TFU,CNX,0
TIV,BER,0
TNC,OME,0
TSN,NGO,0
VAR,HHN,0
WAA,TNC,0
WAW,ZTH,0
WRO,CFU,0
XIL,SJW,0
XMN,FOC,0
XMY,HID,0
YKS,CKH,0
YKS,ZIX,0
YON,PBH,0
YVR,AUS,0
ZAG,ARN,0
ZIX,YKS,0
ZTH,WAW,0
ZUH,SQD,0
ADB,SKD,0
AGP,NOC,0
ALA,DZN,0
AUH,SKD,0
BFS,GDN,0
BGY,SSH,0
BHY,KOW,0
BJV,LPL,0
BLR,DBR,0
BSG,LBV,0
BSL,DJE,0
CFU,LBA,0
CGQ,DAT,0
CKG,JIQ,0
CNS,NAN,0
CRL,TSR,0
DAT,CGQ,0
DBR,BLR,0
DFW,PLS,0
DIR,JIB,0
DJE,BSL,0
DJE,LIL,0
DLM,LHR,0
DOH,IXE,0
DOH,ULH,0
DUB,SZZ,0
DUS,EDO,0
DYG,HIA,0
DZN,ALA,0
EDO,DUS,0
EMA,RMU,0
FLL,GRR,0
FNC,GDN,0
FOC,NGO,0
GDN,BFS,0
GDN,FNC,0
GEO,BOG,0
GRR,FLL,0
HEL,NAP,0
HGH,HKT,0
HIA,DYG,0
HKG,MUC,0
HKT,COK,0
HKT,HGH,0
HLZ,SYD,0
HTN,JBK,0
ICN,KTM,0
IKT,CXR,0
ISP,MYR,0
IXE,DOH,0
JBK,HTN,0
JFK,STL,0
JIQ,CKG,0
JIU,KMG,0
JIU,TSN,0
KGS,MXP,0
KIN,SDQ,0
KMG,JIU,0
KOW,BHY,0
KTI,VTE,0
KTM,ICN,0
KWE,XFN,0
LBA,CFU,0
LED,MIR,0
LEI,STN,0
LHR,DLM,0
LIT,SLC,0
LNL,SZX,0
LNL,TLQ,0
LPL,PFO,0
LZH,WNZ,0
MAR,STB,0
MIR,LED,0
MRV,PEZ,0
MUC,HKG,0
MYR,ISP,0
NAN,CNS,0
NAP,HEL,0
NDG,TNA,0
NGO,FOC,0
NOC,AGP,0
ORD,QRO,0
ORN,TMR,0
ORY,RAI,0
PER,MRU,0
PEZ,MRV,0
PFO,LPL,0
PFO,RIX,0
PGF,STN,0
PKX,KJA,0
PLS,DFW,0
RAK,VIE,0
RES,EZE,0
RIX,PFO,0
RMF,CGN,0
RMU,EMA,0
SAW,MZH,0
SDQ,KIN,0
SKD,AUH,0
SLC,LIT,0
STB,MAR,0
STL,JFK,0
STN,LEI,0
STN,PGF,0
SYD,HLZ,0
SZX,LNL,0
SZZ,DUB,0
TLQ,LNL,0
TMR,INF,0
TMR,ORN,0
TNA,NDG,0
TSN,JIU,0
TSR,CRL,0
UFA,USK,0
ULH,DOH,0
VIE,IKA,0
VIE,RAK,0
VLI,AKL,0
VTE,KTI,0
WNZ,LZH,0
XFN,KWE,0
YQB,YBG,0
ZAH,ZBR,0
ZBR,ZAH,0
AAX,CNF,0
ABE,MCO,0
ACE,BSL,0
ACF,BPL,0
AER,IWA,0
AGP,KTW,0
AGP,LCJ,0
AKL,VLI,0
ARN,FKB,0
AUH,PZU,0
AUS,CHS,0
BCN,RMU,0
BOG,GEO,0
BPL,ACF,0
BRQ,HRG,0
BSL,ACE,0
BZE,CLT,0
CDG,ESB,0
CHS,AUS,0
CIF,NZL,0
CKB,SFB,0
CKG,MFM,0
CKG,XIC,0
CLJ,STR,0
CLT,BZE,0
CMN,CUF,0
COK,HKT,0
CPH,TRN,0
CUF,CMN,0
CXR,IKT,0
CZX,VTE,0
DAC,PBH,0
DAM,DMM,0
DLC,HSN,0
DMM,DAM,0
DSS,LPA,0
ESB,CDG,0
FBM,KWZ,0
FKB,ARN,0
FMM,VLC,0
FNC,HAJ,0
GAU,RUP,0
GSP,SFB,0
HAJ,FNC,0
HBQ,XNN,0
HKD,ICN,0
HPH,LJG,0
HSN,DLC,0
IAS,MAD,0
ICN,HKD,0
IFN,SAW,0
IKA,VIE,0
IWA,AER,0
JIB,JED,0
KHG,TCG,0
KTW,AGP,0
KUT,VNO,0
KWZ,FBM,0
LCJ,AGP,0
LHW,YNT,0
LIL,DJE,0
LIM,ROS,0
LIM,YUL,0
LJG,HPH,0
LPA,DSS,0
LPL,BJV,0
LYP,KHI,0
MAD,IAS,0
MAS,KVG,0
MCO,ABE,0
MDE,SCL,0
MFM,CKG,0
MIA,MKE,0
MJZ,PYJ,0
MMX,ZAG,0
MRU,PER,0
MSA,ZRJ,0
NAP,LUX,0
NRN,OUD,0
NZL,CIF,0
OSL,RAK,0
OSR,BOJ,0
OUD,NRN,0
PBH,DAC,0
POM,MAS,0
PVG,YIW,0
PZU,AUH,0
QRO,ORD,0
RAK,OSL,0
RBA,TLS,0
ROS,LIM,0
RUP,GAU,0
SAW,IFN,0
SCL,MDE,0
SCL,YYZ,0
SDQ,CTG,0
SDR,VLC,0
SFB,CKB,0
SFB,GSP,0
SKD,ADB,0
STR,CLJ,0
TCG,KHG,0
TLS,RBA,0
TOF,SGC,0
TRN,CPH,0
TSN,UCB,0
UCB,TSN,0
USK,UFA,0
VLC,FMM,0
VLC,SDR,0
VNO,KUT,0
VTE,CZX,0
XIC,CKG,0
XNN,HBQ,0
YIW,PVG,0
YNT,LHW,0
YYZ,LIM,0
YYZ,SCL,0
ZAG,MMX,0
ZPB,MSA,0
ABQ,AXX,0
AGP,BOD,0
ALA,KUT,0
AXX,ABQ,0
AZA,FNT,0
BCN,LIL,0
BER,BGO,0
BGO,BER,0
BHX,PSA,0
BIA,LIL,0
BIH,DEN,0
BKK,RUN,0
BLQ,EDI,0
BOD,AGP,0
BOS,SXM,0
BRS,BSL,0
BSL,BRS,0
BUD,SNN,0
CFU,KRK,0
CGN,RMF,0
CHQ,LTN,0
CMN,ROB,0
CRL,ZAZ,0
CTS,KUL,0
CUR,JBQ,0
DEN,BIH,0
DUB,JTR,0
EDI,BLQ,0
FAO,HHN,0
FAR,PHX,0
FCA,LAS,0
FEZ,NTE,0
FNT,AZA,0
FOC,LYG,0
FRA,MBJ,0
FUE,KTW,0
GRI,LAS,0
GRR,RSW,0
GRU,PDP,0
GUA,MID,0
GZO,MUA,0
HEH,NYT,0
HHN,FAO,0
HSN,WNZ,0
ICN,SAI,0
INC,KRY,0
IST,PZU,0
JBQ,CUR,0
JED,LYP,0
JTR,DUB,0
KHI,LYP,0
KJA,NER,0
KJA,SGC,0
KLH,TIR,0
KRK,CFU,0
KRY,INC,0
KTW,FUE,0
KUT,ALA,0
LAH,MDC,0
LAS,FCA,0
LAS,GRI,0
LAS,RAP,0
LBA,PRG,0
LIL,BCN,0
LTN,CHQ,0
LYG,FOC,0
LZO,SJW,0
MBJ,FRA,0
MDC,LAH,0
MDG,YNT,0
MKE,MIA,0
MLA,TRS,0
MLE,FCO,0
MSP,PVD,0
MUC,RMO,0
NCE,RIX,0
NDJ,NIM,0
NER,KJA,0
NIM,IST,0
NRT,SJW,0
NTE,FEZ,0
OGD,SNA,0
OLB,STN,0
OLB,TRS,0
ONK,YKS,0
ORF,RSW,0
ORN,TMX,0
PHX,FAR,0
PLS,YUL,0
PMO,POZ,0
POS,FDF,0
POZ,PMO,0
PRG,LBA,0
PSA,BHX,0
RAP,LAS,0
RBA,VIL,0
RIX,NCE,0
RMO,MUC,0
RMU,BCN,0
RSW,GRR,0
RSW,ORF,0
RUN,BKK,0
SAI,ICN,0
SAW,BSR,0
SFB,TOL,0
SGC,KJA,0
SGC,TOF,0
SJW,LZO,0
SJW,NRT,0
SNA,OGD,0
SNN,BUD,0
STN,OLB,0
SXM,BOS,0
TIR,KLH,0
TMX,ORN,0
TOL,SFB,0
TOS,EVE,0
TRS,MLA,0
TRS,OLB,0
TYN,YNZ,0
UFA,KJA,0
VIL,RBA,0
WNZ,HSN,0
XBE,ZRJ,0
YAC,YVZ,0
YFH,YQT,0
YIN,YTW,0
YNT,MDG,0
YNZ,TYN,0
YTW,YIN,0
YUL,LIM,0
YUL,PLS,0
YXL,YAC,0
ZAZ,CRL,0
ZPB,XBE,0
AGP,NQY,0
AMM,ZRH,0
ASW,JED,0
AUA,JBQ,0
AUH,TPE,0
BDS,LHR,0
BFS,GRO,0
BGO,BRU,0
BIO,EIN,0
BKK,WNZ,0
BLQ,LPA,0
BNA,SYR,0
BRI,GRO,0
BRU,BGO,0
BRU,NBE,0
BVA,SKP,0
CDT,CRL,0
CFU,CRL,0
CHT,WLG,0
CPH,MIA,0
CRL,CDT,0
CRL,CFU,0
CRL,VIT,0
DFW,XPL,0
DLM,MUC,0
DUB,LCJ,0
DUS,SMI,0
EFL,ZTH,0
EIN,BIO,0
FCO,SKP,0
FIH,GOM,0
FKB,TNG,0
FMM,SUF,0
FUK,TAO,0
GND,YYZ,0
GOM,FIH,0
GRO,BFS,0
GRO,BRI,0
GTF,LAS,0
GUW,IST,0
HET,NNG,0
HUZ,WDS,0
ILO,DMK,0
IST,GUW,0
IST,MZR,0
IST,NDJ,0
JBQ,AUA,0
JHG,NNG,0
KER,KIH,0
KGD,PEE,0
KIH,KER,0
KIR,MAN,0
KUL,CTS,0
KUN,PFO,0
LAS,GTF,0
LAS,MSO,0
LCJ,DUB,0
LCK,MYR,0
LHR,BDS,0
LIL,BIA,0
LIM,YYZ,0
LKO,VNS,0
LPA,BLQ,0
LRR,THR,0
LYI,SWA,0
MAD,OLB,0
MAN,KIR,0
MAN,PVK,0
MNI,SXM,0
MSO,LAS,0
MYR,LCK,0
NAN,TRW,0
NBE,SEN,0
NDE,WIL,0
NNG,HET,0
NNG,JHG,0
NNG,TAO,0
NQY,AGP,0
NTE,RHO,0
OLB,MAD,0
OPO,TRN,0
PBG,PIE,0
PFO,KUN,0
PIE,PBG,0
PSP,STS,0
PVD,MSP,0
PVK,MAN,0
RHO,NTE,0
SAW,TZL,0
SEN,NBE,0
SKP,BVA,0
SKP,FCO,0
SMI,DUS,0
STS,PSP,0
SUF,FMM,0
SWA,LYI,0
SYR,BNA,0
TAO,FUK,0
TAO,NNG,0
THR,LRR,0
TNG,FKB,0
TPE,AUH,0
TRN,OPO,0
TRW,NAN,0
TSN,XFN,0
TZL,SAW,0
UAK,JFR,0
UTH,UTP,0
UTP,UTH,0
VIT,CRL,0
VNS,LKO,0
WDS,HUZ,0
WIL,NDE,0
WNZ,BKK,0
XFN,TSN,0
XPL,DFW,0
YKS,ONK,0
YXY,YOC,0
YYZ,GND,0
ZRH,AMM,0
ZTH,EFL,0
AAE,IST,0
AAT,AKU,0
ACX,ZYI,0
ADB,PRG,0
AGA,CDG,0
AKU,AAT,0
ASE,PHX,0
ATZ,MED,0
AUA,GRU,0
AZA,ICT,0
BFS,KUN,0
BMI,PIE,0
BOH,WRO,0
BRQ,RHO,0
BRS,GDN,0
BRU,PRN,0
BUD,GLA,0
BUD,LYS,0
CBO,CEB,0
CDG,AGA,0
CEB,CBO,0
CHQ,WRO,0
CKG,WEF,0
CLD,MMH,0
CLJ,NUE,0
CLJ,VIE,0
CMB,FRA,0
CMN,NSI,0
DMK,ILO,0
DMK,NGB,0
DUS,DIY,0
DZH,KHN,0
EVN,GOJ,0
FCO,LTN,0
FCO,RZE,0
FRA,JTR,0
FUE,BLQ,0
FUE,FCO,0
FUE,LUX,0
GBE,BBK,0
GDN,BRS,0
GDN,ZAD,0
GLA,BUD,0
GOJ,EVN,0
GRU,AUA,0
GSP,PIE,0
GVA,TIA,0
HER,RIX,0
HHR,MMH,0
HRG,OSR,0
ICT,AZA,0
IDR,IXJ,0
IKT,NMA,0
IKT,UBN,0
INU,NAN,0
IXD,CCU,0
IXJ,IDR,0
JED,ASW,0
JIU,NGB,0
JIU,TFU,0
JJN,SJW,0
JTR,FRA,0
JUV,KHQ,0
KHN,DZH,0
KOJ,PVG,0
KRL,SJW,0
KTW,PUY,0
KUN,BFS,0
KVG,MAS,0
LED,YKS,0
LHR,PVK,0
LHW,WXN,0
LIS,POZ,0
LTN,FCO,0
LYS,BUD,0
LYS,VLC,0
MAS,POM,0
MFM,PNH,0
MIA,CPH,0
MLE,FMT,0
MMH,CLD,0
MMH,HHR,0
MRS,VCE,0
MSY,RIC,0
MUC,DLM,0
MXP,TLL,0
NAN,INU,0
NGB,DMK,0
NGB,JIU,0
NMA,IKT,0
NOU,BKK,0
NSK,CEK,0
NUE,CLJ,0
NUE,PRN,0
ODY,VTE,0
PDP,GRU,0
PGD,SGF,0
PHX,ASE,0
PIE,BMI,0
PIE,GSP,0
PNH,MFM,0
POM,SYD,0
POZ,LIS,0
PRG,ADB,0
PRN,NUE,0
PUY,KTW,0
PVG,KOJ,0
PVK,LHR,0
RIC,MSY,0
RIX,HER,0
RZE,FCO,0
SGF,PGD,0
SJW,JJN,0
SJW,KRL,0
SPU,DBV,0
STN,TLV,0
SXM,MNI,0
SYD,POM,0
TFU,JIU,0
TIA,GVA,0
TLL,MXP,0
TLV,STN,0
UBN,IKT,0
VCE,MRS,0
VIE,CLJ,0
VLC,LYS,0
WDH,MUB,0
WEF,CKG,0
WRO,BOH,0
WRO,CHQ,0
WXN,LHW,0
YUL,YYJ,0
YXY,YEV,0
YYJ,YUL,0
YYZ,BRU,0
ZAD,GDN,0
ZYI,ACX,0
ABE,SRQ,0
ALC,ZAG,0
ANU,EWR,0
ATT,NUP,0
AUH,NQZ,0
AUS,CLE,0
AZA,BOI,0
AZA,OMA,0
BGY,JTR,0
BJV,RUH,0
BKK,NOU,0
BLI,LAX,0
BLL,GDN,0
BOI,AZA,0
BOS,YYC,0
BPS,SJP,0
BRU,YYZ,0
BSR,SAW,0
CAE,FLL,0
CAY,OYC,0
CAY,XAU,0
CFU,DUB,0
CJS,PVR,0
CLE,AUS,0
CRL,GOA,0
CUN,MKE,0
CXY,FLL,0
DBV,NAP,0
DSM,SNA,0
DUB,CFU,0
DUB,PLQ,0
DUB,RVN,0
DXJ,WNZ,0
EWR,ANU,0
FLL,CAE,0
FLL,CXY,0
FLL,ILG,0
FMO,PRN,0
GAU,SIN,0
GDN,BLL,0
GOA,CRL,0
HAK,LFQ,0
HAM,SCN,0
HGI,TEI,0
HGR,PIE,0
HHN,OPO,0
HHN,VNO,0
HPN,MSP,0
HYN,LYG,0
HYN,SJW,0
ILG,FLL,0
IST,AAE,0
JBQ,SXM,0
JFK,EGE,0
JTR,BGY,0
JTR,STN,0
KGS,ZRH,0
KHQ,JUV,0
KJA,UFA,0
KTN,HYG,0
KTW,RMO,0
KUK,BET,0
LAS,LRD,0
LAX,BLI,0
LDY,LPL,0
LED,OSW,0
LEJ,TIA,0
LFQ,HAK,0
LHR,TAO,0
LHW,LYG,0
LPL,LDY,0
LRD,LAS,0
LYG,HYN,0
LYG,LHW,0
LYP,JED,0
LYS,SVQ,0
MAN,WAW,0
MED,ATZ,0
MFE,SFB,0
MKE,CUN,0
MSP,HPN,0
MTY,PXM,0
NAP,DBV,0
NNY,NNG,0
NQZ,AUH,0
NUP,KUK,0
NZH,XIL,0
OMA,AZA,0
OPO,HHN,0
OPO,WAW,0
OSW,LED,0
OYC,CAY,0
OYC,XAU,0
PIE,HGR,0
PLQ,DUB,0
PRN,BRU,0
PRN,FMO,0
PVR,CJS,0
PXM,MTY,0
RAK,SEN,0
RHO,BRQ,0
RMO,KTW,0
RUH,BJV,0
RVN,DUB,0
SCN,HAM,0
SEN,RAK,0
SFB,MFE,0
SJP,BPS,0
SJW,HYN,0
SNA,DSM,0
SRQ,ABE,0
STN,JTR,0
SVQ,LYS,0
SVX,OMS,0
SXM,JBQ,0
SZF,STR,0
TAO,LHR,0
TAO,NNY,0
TEI,HGI,0
TIA,LEJ,0
TYN,YBP,0
UMB,SLI,0
VNO,HHN,0
WAW,MAN,0
WAW,OPO,0
WLG,CHT,0
WNZ,DXJ,0
XAI,XIY,0
XAI,XMN,0
XAU,OYC,0
XIL,NZH,0
XIY,XAI,0
XMN,XAI,0
YBP,TYN,0
YKS,LED,0
YVO,YKQ,0
YYC,BOS,0
ZAG,ALC,0
ZRH,KGS,0
ABZ,ALC,0
ADD,SSG,0
AEP,RHD,0
ALC,ABZ,0
ANC,IAD,0
AUS,PVU,0
AXF,XIL,0
BEM,GRO,0
BER,KUT,0
BGW,TZX,0
BIA,CRL,0
BLQ,OPO,0
BLQ,SKG,0
BOD,FLR,0
BRI,CLJ,0
BRS,IST,0
BSR,ISU,0
BUD,EVN,0
CAI,EBB,0
CAN,FUK,0
CEK,NSK,0
CGN,COV,0
CKG,MAD,0
CLJ,BRI,0
COV,CGN,0
CPH,EBL,0
CRL,BIA,0
CUN,YQR,0
DAD,KIX,0
DIY,DUS,0
DRW,KUL,0
DYU,AER,0
EBL,CPH,0
EDI,PEK,0
EGE,JFK,0
EVN,BUD,0
EZS,DUS,0
FLR,BOD,0
FMM,TNG,0
FMT,MLE,0
FOC,XNN,0
FRA,RSW,0
FUK,CAN,0
GIC,HID,0
GRO,BEM,0
GRZ,HRG,0
GYD,ISB,0
HEL,LIN,0
HGU,WWK,0
HHH,PHL,0
HID,SBR,0
HKG,HRB,0
HKG,KMQ,0
HRB,HKG,0
HVN,LAL,0
HVN,VRB,0
HYD,IXJ,0
IAA,KJA,0
IAD,ANC,0
ICN,CMB,0
ISB,GYD,0
IST,BRS,0
ISU,BSR,0
JAX,LAS,0
KEF,PIT,0
KIX,DAD,0
KJA,IAA,0
KMQ,HKG,0
KUL,DRW,0
KUT,BER,0
LAL,HVN,0
LAS,JAX,0
LBA,DBV,0
LBV,SSG,0
LIN,HEL,0
LLV,XIY,0
MAD,CKG,0
MDW,PNS,0
MLE,TMF,0
MUB,WDH,0
NNG,NNY,0
NNY,TAO,0
OHH,KHV,0
OMS,SVX,0
OPO,BLQ,0
PEK,EDI,0
PEK,YZY,0
PHL,HHH,0
PIT,KEF,0
PMI,MME,0
PNS,MDW,0
PVU,AUS,0
PVU,SFO,0
RIA,VCP,0
RMF,WAW,0
RSW,FRA,0
SBR,GIC,0
SFO,PVU,0
SKG,BLQ,0
STR,SZF,0
TFS,ARN,0
TNG,FMM,0
TZX,BGW,0
UFA,HRG,0
VCP,RIA,0
VPE,NBJ,0
VRB,HVN,0
WAW,RMF,0
WWK,HGU,0
XIL,AXF,0
XIY,LLV,0
XNN,FOC,0
YSB,YQT,0
YZY,PEK,0
ADQ,AKK,0
ADQ,KYK,0
AER,DYU,0
AGP,CLJ,0
AGP,TLS,0
AGP,WMI,0
AKK,ADQ,0
ALC,SOU,0
ALG,PEK,0
AMS,CAG,0
AMS,MCT,0
ARN,TFS,0
ATH,OPO,0
AYT,EIN,0
BBA,ZCO,0
BEM,BGY,0
BER,TBS,0
BFS,RHO,0
BGY,BEM,0
BHX,LCJ,0
BJV,EDI,0
BLQ,FUE,0
BLQ,SKP,0
BLQ,TSR,0
BNA,PIA,0
BOD,RBA,0
BOD,TNG,0
BOJ,SOF,0
BRS,BZG,0
BRS,MRS,0
BRU,NRT,0
BSL,CAG,0
BUD,HHN,0
BVA,SKG,0
BZG,BRS,0
CAG,AMS,0
CAG,BSL,0
CAG,DUS,0
CAI,RMF,0
CDG,RVN,0
CLJ,AGP,0
CLJ,LBA,0
CMB,ICN,0
CPH,RHO,0
CPT,NBJ,0
CRL,REG,0
CVG,SFO,0
CWB,UVI,0
DBV,LBA,0
DEL,TRZ,0
DHG,VVO,0
DME,UGC,0
DOY,FOC,0
DSN,KWL,0
DSS,SID,0
DUS,CAG,0
DUS,EZS,0
DUS,MAH,0
EIN,AYT,0
ERH,RBA,0
FIH,ABJ,0
FOR,UDI,0
FRA,PUY,0
FYN,KJI,0
GRO,ORK,0
GRX,OVD,0
HAK,HIA,0
HAK,HSC,0
HET,WDS,0
HHN,BUD,0
HIA,HAK,0
HKG,INC,0
HRG,GRZ,0
HRG,LPL,0
HSC,XIY,0
HUX,YVR,0
HUZ,YNZ,0
HYD,SGN,0
IJK,SVX,0
INC,HKG,0
INF,TMR,0
ISB,KUL,0
JTR,MUC,0
KCY,ABA,0
KHV,OHH,0
KIH,SRY,0
KJI,FYN,0
KLX,LHR,0
KUN,MAD,0
KVR,VVO,0
KWL,DSN,0
KYK,ADQ,0
LAS,SHV,0
LBA,CLJ,0
LBA,RHO,0
LCJ,BHX,0
LHR,KLX,0
LIN,PMI,0
LPL,HRG,0
LUX,MAN,0
MAD,KUN,0
MAH,DUS,0
MAN,LUX,0
MID,GUA,0
MME,PMI,0
MQP,VNX,0
MRS,BRS,0
MSY,XNA,0
MUC,JTR,0
MVD,REC,0
MXP,RBA,0
NRN,TIA,0
NRT,BRU,0
NSI,CMN,0
NUE,PMO,0
OMA,SFB,0
OPO,ATH,0
OPO,WRO,0
ORH,RSW,0
ORK,GRO,0
OSL,PRN,0
OVD,GRX,0
PBM,CUR,0
PEK,ALG,0
PHX,BIL,0
PIA,BNA,0
PMI,LIN,0
PMO,NUE,0
PRN,OSL,0
PUY,FRA,0
PVD,RIC,0
PWM,RSW,0
RAK,TFS,0
RAK,TUF,0
RBA,BOD,0
RBA,ERH,0
RBA,MXP,0
RDU,SAN,0
REC,MVD,0
REG,CRL,0
RHD,AEP,0
RHO,BFS,0
RHO,LBA,0
RIC,PVD,0
RSW,ORH,0
RSW,PWM,0
RTM,AYT,0
RZH,VVO,0
SAN,RDU,0
SCU,JBQ,0
SFB,OMA,0
SFO,CVG,0
SGN,HYD,0
SHV,LAS,0
SKG,BVA,0
SKP,BLQ,0
SOF,BOJ,0
SOU,ALC,0
SRY,KIH,0
STN,VST,0
SVX,IJK,0
TAS,PQC,0
TBS,BER,0
TFS,RAK,0
TIA,NRN,0
TIA,WMI,0
TLS,AGP,0
TLY,VVO,0
TMF,MLE,0
TNG,BOD,0
TSR,BLQ,0
TUF,RAK,0
UDI,FOR,0
UGC,DME,0
UVI,CWB,0
VST,STN,0
VVO,DHG,0
VVO,KVR,0
VVO,RZH,0
VVO,TLY,0
WDS,HET,0
WMI,AGP,0
WMI,TIA,0
WRO,OPO,0
XNA,MSY,0
YNZ,HUZ,0
YVR,HUX,0
ZCO,BBA,0
AAT,CAN,0
ABJ,FIH,0
ACE,CGN,0
ALC,FMO,0
AMS,PUJ,0
ASU,VCP,0
ATH,EBL,0
ATH,RAK,0
AUS,DSM,0
AYT,EBL,0
AYT,RTM,0
BCM,TRN,0
BCN,BTS,0
BCN,HKG,0
BER,REG,0
BMW,TMR,0
BNA,ROC,0
BOJ,BHX,0
BRU,TTU,0
BTS,BCN,0
BTS,RHO,0
CAN,AAT,0
CBO,TWT,0
CGN,ACE,0
CGN,TUN,0
CKG,CMB,0
CMB,CKG,0
COL,TRE,0
CPH,GZP,0
CRL,KUT,0
CRL,TRS,0
CSX,MXZ,0
CUR,POS,0
DCA,HYA,0
DEL,PAB,0
DSM,AUS,0
DUB,KSC,0
DUB,LUZ,0
DWC,GRV,0
DXB,TZX,0
EBL,ATH,0
EBL,AYT,0
EDI,BJV,0
FCO,SXB,0
FIH,KND,0
FMO,ALC,0
FRA,SCQ,0
FRA,SPC,0
FRA,TGD,0
FRA,ZAD,0
GDN,SFT,0
GDX,SWV,0
GOA,WAW,0
GRV,DWC,0
GUC,IAH,0
HAM,NUE,0
HEL,NGO,0
HER,VNO,0
HKG,BCN,0
HOU,MBJ,0
HRG,UFA,0
HYA,DCA,0
IAH,GUC,0
IAR,VKO,0
IDA,SNA,0
IST,SVQ,0
JAX,TYS,0
JHG,TCZ,0
JJD,CNF,0
JPE,BEL,0
KJT,SIN,0
KRK,TLS,0
KRY,LHW,0
KSC,DUB,0
KUF,MSQ,0
KUT,CRL,0
LAB,CNS,0
LED,MQF,0
LGG,ALC,0
LGW,YVR,0
LHW,KRY,0
LIS,WMI,0
LPA,PRG,0
LTN,REU,0
LTN,SJJ,0
LTN,TOS,0
LUZ,DUB,0
MBJ,HOU,0
MIR,MUC,0
MQF,LED,0
MRV,NUX,0
MSN,RSW,0
MTJ,ORD,0
MXZ,CSX,0
NAN,SIN,0
NBJ,CPT,0
NBJ,VPE,0
NBO,WJR,0
NBS,NGB,0
NGB,NBS,0
NGO,HEL,0
NUE,HAM,0
NUE,RMF,0
NUE,SVQ,0
NUX,MRV,0
NYM,SVX,0
OPO,TNG,0
ORD,MTJ,0
OST,LPA,0
PKC,UUS,0
POS,CUR,0
PQC,TAS,0
PRG,LPA,0
PSA,ZAG,0
PTY,SAN,0
QSZ,XIY,0
RAK,ATH,0
REG,BER,0
REU,LTN,0
RHO,BTS,0
RIX,TSF,0
RMF,NUE,0
ROC,BNA,0
RSW,MSN,0
RTB,SAL,0
RUH,KBL,0
RVN,CDG,0
SAL,RTB,0
SAL,YUL,0
SAN,PTY,0
SAT,SJU,0
SCQ,FRA,0
SFT,GDN,0
SGN,XIY,0
SID,BGY,0
SIN,KJT,0
SJJ,LTN,0
SNA,IDA,0
SPC,FRA,0
SVQ,IST,0
SVQ,NUE,0
SVQ,TRS,0
SVX,NYM,0
SWV,GDX,0
SXB,FCO,0
SXM,BGI,0
TAO,SYD,0
TAS,MXP,0
TCZ,JHG,0
TGD,FRA,0
THU,NAQ,0
TLS,KRK,0
TMR,BMW,0
TNG,OPO,0
TOS,LTN,0
TRN,BCM,0
TRS,CRL,0
TRS,SVQ,0
TRZ,DEL,0
TSF,RIX,0
TTU,BRU,0
TUN,CGN,0
TWT,CBO,0
TYS,JAX,0
TZX,DXB,0
VCP,ASU,0
VNO,HER,0
WAW,GOA,0
WDS,WNZ,0
WJR,NBO,0
WMI,LIS,0
WNZ,WDS,0
XIY,QSZ,0
XIY,SGN,0
XTG,CMA,0
YGT,YUX,0
YQR,CUN,0
YUL,SAL,0
YVR,LGW,0
ZAD,FRA,0
ZAG,PSA,0
ABD,IFN,0
ABJ,DOH,0
ADD,MAD,0
ADK,ANC,0
AHU,CMN,0
AHU,TNG,0
AJY,NIM,0
ALC,BLL,0
ALG,MLH,0
AMD,TRV,0
ANC,ADK,0
ANR,TFS,0
ASB,FRA,0
ASB,LGW,0
ASB,MXP,0
ASR,FRA,0
ATH,KZI,0
ATH,SPU,0
AVL,LAS,0
BBG,TRW,0
BBN,LBP,0
BCN,OZZ,0
BDL,SAV,0
BER,MLA,0
BEY,LOS,0
BGF,CMN,0
BGI,PTP,0
BGY,MAH,0
BHX,BOJ,0
BIL,PHX,0
BIO,CPH,0
BIO,TNG,0
BKI,LWY,0
BLL,ALC,0
BLR,SFO,0
BNA,FAR,0
BNA,FSD,0
BOD,SVQ,0
BOD,YUL,0
BRM,SDQ,0
BTU,MKM,0
BUD,SPX,0
BUD,TLS,0
BVA,OUD,0
BWN,NNG,0
CDG,CFK,0
CEE,MSQ,0
CFK,CDG,0
CIT,DXB,0
CJZ,REC,0
CKG,FCO,0
CMA,SGO,0
CMA,XTG,0
CMN,AHU,0
CPH,BIO,0
CUL,PHX,0
CUN,TRC,0
DAY,PIE,0
DIE,RUN,0
DNH,HGH,0
DOH,ACC,0
DOH,MLA,0
DSN,SYX,0
DTM,OHD,0
DUB,TLL,0
DXB,CIT,0
DXB,MJI,0
DXB,TAO,0
ERI,MCO,0
EUN,VIL,0
EVV,PIE,0
EZE,BHI,0
FAR,BNA,0
FCO,CKG,0
FNC,GVA,0
FNT,LAS,0
FOC,DOY,0
FRA,ASB,0
FRA,ASR,0
FRA,POP,0
FSD,BNA,0
GAO,HAV,0
GDQ,BJR,0
GFK,LAS,0
GIG,OPO,0
GLA,HRG,0
GOJ,UFA,0
GRU,CPT,0
GVA,FNC,0
GYD,SSH,0
GZP,CPH,0
HAM,OLB,0
HAV,GAO,0
HAV,MTY,0
HGH,DNH,0
HKT,SAI,0
HLD,HTA,0
HMO,SJD,0
HNA,TPE,0
HRG,GLA,0
HSF,PEK,0
HSV,LAS,0
HTA,HLD,0
ICN,YTY,0
IFN,ABD,0
IIL,MHD,0
IKA,PEK,0
ILI,NNL,0
IST,BJL,0
IST,KVO,0
IST,NIM,0
IXL,SXR,0
JBK,XIY,0
JFK,PVG,0
JGO,JEG,0
JNG,WUH,0
KCZ,TPE,0
KJA,NUX,0
KLU,STN,0
KMG,LPQ,0
KNK,ILI,0
KNO,TKG,0
KOW,XUZ,0
KRR,KUF,0
KRY,ZFL,0
KUF,KRR,0
KUF,KZN,0
KUL,ASB,0
KVO,IST,0
KZN,MMK,0
KZN,MSQ,0
KZN,NOZ,0
LAS,AVL,0
LAS,FNT,0
LAS,GFK,0
LAS,HSV,0
LAS,MRY,0
LAS,RFD,0
LAS,RSW,0
LAS,SBN,0
LAS,SMX,0
LBP,BBN,0
LEJ,RMF,0
LEU,PMI,0
LFW,NSI,0
LGL,MYY,0
LGW,ASB,0
LHR,WUH,0
LKH,MUR,0
LOS,BEY,0
LPQ,KMG,0
LQM,PUU,0
LUO,NBJ,0
MAH,BGY,0
MAR,MUN,0
MCO,ERI,0
MCX,MRV,0
MFQ,ZND,0
MHD,IIL,0
MHD,NSH,0
MIA,TUL,0
MJI,DXB,0
MKM,BTU,0
MLA,BER,0
MLA,DOH,0
MLH,ALG,0
MMK,KZN,0
MOZ,PPT,0
MRV,MCX,0
MRV,PEE,0
MRY,LAS,0
MSN,TPA,0
MSQ,KZN,0
MTK,TRW,0
MTY,HAV,0
MUC,MIR,0
MUN,MAR,0
MUN,SDQ,0
MUR,LKH,0
MXP,ASB,0
MXP,RHO,0
MYY,LGL,0
NAQ,THU,0
NBJ,LUO,0
NCE,RBA,0
NEI,VVO,0
NIM,MFQ,0
NJC,UUA,0
NLU,TPQ,0
NNG,BWN,0
NNL,PTA,0
NOZ,KZN,0
NRN,OVD,0
NRT,NAN,0
NSH,MHD,0
NSI,LFW,0
NUE,VAR,0
OHD,DTM,0
OLB,HAM,0
ORN,JED,0
ORY,COO,0
OUA,ACC,0
OUD,BVA,0
OVD,NRN,0
OZZ,BCN,0
PAB,JLR,0
PBH,GAU,0
PEE,MRV,0
PEK,HSF,0
PGU,TBZ,0
PHL,TVC,0
PHX,CUL,0
PHX,YWG,0
PIA,SRQ,0
PIE,DAY,0
PIE,EVV,0
PKX,RUH,0
PMI,LEU,0
PRG,SID,0
PRG,TPE,0
PTA,ILI,0
PTP,BGI,0
PUJ,CTG,0
PUU,LQM,0
PVG,WNH,0
PVR,SJC,0
QRO,SAT,0
RAK,SDR,0
RBA,NCE,0
REC,CAU,0
REC,SET,0
RFD,LAS,0
RMF,CAI,0
RMF,LEJ,0
RSW,LAS,0
RUH,PKX,0
RUN,DIE,0
SAI,HKT,0
SAL,FLL,0
SAT,QRO,0
SAV,BDL,0
SBN,LAS,0
SDQ,BRM,0
SDQ,FRA,0
SDQ,MUN,0
SDR,RAK,0
SDR,TFN,0
SFB,SYR,0
SFB,TUL,0
SGN,ASB,0
SGO,CMA,0
SGO,WTB,0
SIN,BBI,0
SJC,PVR,0
SJD,HMO,0
SJU,SAT,0
SKP,TRF,0
SMX,LAS,0
SPU,ATH,0
SPX,BUD,0
SRQ,PIA,0
SSH,GYD,0
STN,KLU,0
STX,NEV,0
SUF,FRA,0
SVQ,BOD,0
SXR,IXL,0
SYD,TAO,0
SYJ,THR,0
SYR,SFB,0
SYX,SVX,0
SZX,VIE,0
TAO,DXB,0
TBZ,PGU,0
TFN,SDR,0
TFS,ANR,0
THR,SYJ,0
TKG,KNO,0
TLL,DUB,0
TLS,BUD,0
TMR,GHA,0
TNG,AHU,0
TNG,BIO,0
TPA,MHT,0
TPA,MSN,0
TPE,HNA,0
TPE,KCZ,0
TPQ,NLU,0
TRC,CUN,0
TRE,COL,0
TRF,SKP,0
TRV,AMD,0
TRW,BBG,0
TRW,KUC,0
TRW,MTK,0
TSA,WUH,0
TSR,VLC,0
TUL,MIA,0
TUL,SFB,0
TVC,PHL,0
UFA,GOJ,0
UUS,PKC,0
VAR,NUE,0
VIE,SZX,0
VIL,AGA,0
VKO,IAR,0
VLC,TSR,0
VVO,NEI,0
WMT,WUH,0
WNH,PVG,0
WTB,SGO,0
WUH,JNG,0
WUH,LHR,0
WUH,TSA,0
WUH,WMT,0
XIY,JBK,0
XUZ,KOW,0
YAP,GUM,0
YAX,YER,0
YBG,YWK,0
YGG,YWH,0
YKQ,ZEM,0
YMT,YNS,0
YMX,YYY,0
YNC,YKU,0
YPL,YAX,0
YPL,YXL,0
YPO,YAT,0
YTY,ICN,0
YUL,BOD,0
YVQ,YEV,0
YWG,PHX,0
YWH,YGG,0
YWK,YBG,0
YYY,YMX,0
ZEM,YNC,0
ZFL,KRY,0
ZND,AJY,0
AAK,TRW,0
ABE,MLB,0
ABF,TRW,0
ACC,BEY,0
ACC,DOH,0
ACE,CWL,0
ACE,EXT,0
ACE,GVA,0
ACE,HAJ,0
ACE,RAK,0
ACF,KRY,0
ACX,KJH,0
ADB,OGU,0
ADB,TIA,0
AEP,RLO,0
AGA,MAD,0
AGA,OUD,0
AGA,VIL,0
AGA,WRO,0
AGP,LCG,0
AHB,DOH,0
AHU,TTU,0
AJF,DXB,0
AKJ,TPE,0
ALA,XIY,0
ALC,PAD,0
ALG,IAM,0
ALP,SHJ,0
AQI,DXB,0
ASB,BKK,0
ASB,KUL,0
ASB,PEK,0
ASB,SGN,0
ASU,CWB,0
ASU,JUJ,0
ATH,BRS,0
AWZ,DXB,0
AXD,JSH,0
AXT,TPE,0
AYT,GNY,0
AYT,RZV,0
BAX,KZN,0
BBI,BKK,0
BBI,SIN,0
BEG,BNX,0
BEG,NUE,0
BEG,PEK,0
BEG,SZG,0
BEL,TUR,0
BER,SPX,0
BEY,ACC,0
BEZ,TRW,0
BFS,HRG,0
BFS,NBE,0
BGI,CCS,0
BGI,SXM,0
BHX,SID,0
BHX,SKG,0
BHX,TSF,0
BJV,DUB,0
BKK,ASB,0
BKK,BBI,0
BKK,KHV,0
BKO,ORY,0
BNX,BEG,0
BOD,FEZ,0
BOG,BUN,0
BOG,SVI,0
BOG,TLU,0
BOG,TME,0
BQN,PUJ,0
BRS,ATH,0
BRS,INN,0
BRS,KEF,0
BRU,ORN,0
BSG,DLA,0
BSL,MPL,0
BSZ,ISB,0
BSZ,KRR,0
BSZ,SGC,0
BUD,SZX,0
BUD,TGD,0
BUN,BOG,0
BVA,TRS,0
CAG,NUE,0
CAI,FIH,0
CAN,SFO,0
CCS,BGI,0
CCS,CUN,0
CCS,PUJ,0
CCS,VLV,0
CDG,CKG,0
CDG,GCI,0
CDG,SZX,0
CEK,SGC,0
CGN,INI,0
CGO,MXP,0
CHS,MHT,0
CHS,PBI,0
CHS,SWF,0
CHS,SYR,0
CKG,CDG,0
CKG,MXP,0
CKX,TKJ,0
CLJ,LIS,0
CLJ,TSF,0
CMN,ETZ,0
CMN,FNA,0
CMN,TTU,0
CNF,JMA,0
CNS,LAB,0
CPT,GRU,0
CQW,PKX,0
CSA,TRE,0
CSX,JGN,0
CSX,LHR,0
CSY,MRV,0
CSY,SGC,0
CUN,CCS,0
CUU,MZT,0
CVG,MLB,0
CWB,ASU,0
CWL,ACE,0
CZL,ELU,0
CZL,TIN,0
DAR,POL,0
DBV,SPU,0
DGO,PVR,0
DIY,TZX,0
DIY,YEI,0
DJE,LTN,0
DJE,MAN,0
DLA,BSG,0
DLC,HIJ,0
DMM,PKX,0
DMM,ULH,0
DMU,IMF,0
DOH,ABJ,0
DOH,AHB,0
DOH,FIH,0
DPS,TQQ,0
DTM,KUT,0
DUB,BJV,0
DUB,PFO,0
DUB,TRS,0
DUR,SHO,0
DUS,OGU,0
DUS,ZTH,0
DWD,JED,0
DWD,RUH,0
DXB,AJF,0
DXB,AQI,0
DXB,AWZ,0
DXB,HAK,0
DXB,PSA,0
DXB,YNB,0
EAS,LPA,0
EDI,RIX,0
EGN,KRT,0
EIN,FEZ,0
EIN,PFO,0
EIN,TNG,0
EIN,WMI,0
EIN,ZAG,0
ELU,CZL,0
ELU,ORN,0
ELU,VVZ,0
ESB,KRK,0
ESB,NQZ,0
ESB,TEQ,0
ESB,WAW,0
ETZ,CMN,0
EVV,MCO,0
EXT,ACE,0
EXT,TFS,0
EYK,SGC,0
FAI,LMA,0
FAI,WBQ,0
FEZ,BOD,0
FEZ,EIN,0
FKS,TPE,0
FLL,GGT,0
FLL,SAL,0
FNC,HEL,0
FNC,TFN,0
FNI,RAK,0
FNT,VPS,0
FOC,JFK,0
FRA,SUF,0
GCI,CDG,0
GCM,PTY,0
GDN,TFS,0
GGT,FLL,0
GJT,LAS,0
GLA,RAK,0
GME,VKO,0
GNY,AYT,0
GOJ,HRG,0
GPT,LAS,0
GPT,TPA,0
GRQ,LPA,0
GSM,IFN,0
GUM,YAP,0
GVA,ACE,0
GVA,JTR,0
GVA,PVG,0
GVA,SPX,0
HAK,DXB,0
HAM,VNO,0
HAV,NAS,0
HEL,FNC,0
HFE,LZH,0
HHN,INI,0
HHN,KIR,0
HHN,KUT,0
HIJ,DLC,0
HMA,URJ,0
HOT,MEM,0
HRB,KIX,0
HRE,SHO,0
HRG,BFS,0
HRG,GOJ,0
HSC,HAK,0
HSL,TAL,0
HUS,TAL,0
HVN,ORF,0
IAD,VRB,0
IAM,ALG,0
IFN,GSM,0
IKT,KZN,0
ILG,LAL,0
ILG,SJU,0
IMF,DMU,0
INI,CGN,0
INI,HHN,0
INI,IST,0
INI,LJU,0
INN,BRS,0
ISA,CNJ,0
ISB,BSZ,0
ISB,RKT,0
IST,INI,0
IST,NUM,0
IST,OMH,0
JAW,REC,0
JED,DWD,0
JED,RAH,0
JGN,CSX,0
JGS,SZX,0
JLR,JGB,0
JLR,PAB,0
JMA,CNF,0
JNU,TKE,0
JSH,AXD,0
JSH,PVK,0
JTR,GVA,0
JUJ,ASU,0
KEF,BRS,0
KGP,TJM,0
KHH,SZX,0
KHV,BKK,0
KIF,WNN,0
KIJ,PVG,0
KIJ,TPE,0
KIN,SCU,0
KIN,SXM,0
KIR,HHN,0
KIX,HRB,0
KIX,YTY,0
KJA,MJZ,0
KJA,TLK,0
KJH,ACX,0
KRK,ESB,0
KRK,RAK,0
KRK,SZY,0
KRR,BSZ,0
KRT,EGN,0
KRY,ACF,0
KSA,KWA,0
KSA,PNI,0
KSO,ATH,0
KTW,NAP,0
KUC,TRW,0
KUF,NMA,0
KUT,DTM,0
KUT,HHN,0
KVX,NNM,0
KWA,KSA,0
KZI,KSO,0
KZN,BAX,0
KZN,IKT,0
LAD,DOH,0
LAL,ILG,0
LAN,MCO,0
LAS,GJT,0
LAS,GPT,0
LAS,MLI,0
LAS,ORF,0
LAS,SYR,0
LBV,BSG,0
LCG,AGP,0
LCG,LPA,0
LCG,VLC,0
LED,NOJ,0
LED,NYM,0
LED,RMZ,0
LEU,MAD,0
LGL,MUR,0
LGW,YYT,0
LHR,CSX,0
LHR,TUN,0
LIS,CLJ,0
LJG,YBP,0
LJU,INI,0
LMA,FAI,0
LMN,LWY,0
LNZ,STN,0
LPA,EAS,0
LPA,GRQ,0
LPA,LCG,0
LPA,VIL,0
LPA,VLL,0
LPQ,PKZ,0
LTN,DJE,0
LTN,TSF,0
LWY,BKI,0
LWY,LMN,0
LYS,SKP,0
LZH,HFE,0
MAD,ADD,0
MAD,AGA,0
MAD,LEU,0
MAH,SVQ,0
MAN,DJE,0
MAN,TNG,0
MAR,SDQ,0
MCO,EVV,0
MCO,LAN,0
MCO,MID,0
MCO,SBN,0
MDW,PGD,0
MEM,HOT,0
MHD,RZR,0
MHT,CHS,0
MHT,TPA,0
MID,MCO,0
MJZ,KJA,0
MKR,PER,0
MLB,ABE,0
MLB,CVG,0
MLI,LAS,0
MLM,ONT,0
MLM,SMF,0
MNL,ROR,0
MPL,BSL,0
MRV,CSY,0
MRV,MSQ,0
MRV,SKX,0
MSQ,CEE,0
MSQ,MRV,0
MSQ,PEK,0
MSQ,SVX,0
MUC,OSI,0
MUC,TAS,0
MUR,LGL,0
MUR,ODN,0
MXP,CGO,0
MXP,CKG,0
MXP,LRM,0
MYY,ODN,0
MZK,TRW,0
MZT,CUU,0
NAG,SHJ,0
NAN,NOU,0
NAN,NRT,0
NAP,KTW,0
NAP,TLS,0
NAS,HAV,0
NBE,BFS,0
NCU,VKO,0
NDJ,IST,0
NEV,STX,0
NIG,TBF,0
NIM,NDJ,0
NMA,KUF,0
NNM,KVX,0
NOJ,LED,0
NOJ,SVX,0
NON,TRW,0
NQZ,ESB,0
NSQ,JUV,0
NUE,BEG,0
NUE,CAG,0
NUM,IST,0
NUX,KJA,0
NUX,UUA,0
NYA,SVX,0
NYA,TJM,0
NYM,LED,0
NYM,OVB,0
NYM,UFA,0
ODN,MUR,0
ODN,MYY,0
OGL,PBM,0
OGU,ADB,0
OMH,IST,0
OMS,UFA,0
OPO,GIG,0
ORF,HVN,0
ORF,LAS,0
ORN,ELU,0
ORT,TKJ,0
OSI,MUC,0
OSI,PUY,0
OSI,RJK,0
OSS,SGC,0
OUD,AGA,0
OVB,NYM,0
OVS,SVX,0
OVS,TJM,0
PAD,ALC,0
PBI,CHS,0
PBM,OGL,0
PEK,ASB,0
PEK,BEG,0
PEK,IAD,0
PEK,MSQ,0
PEK,SEA,0
PFO,DUB,0
PFO,EIN,0
PGD,MDW,0
PKX,CQW,0
PKX,DMM,0
PKX,YYA,0
PKZ,LPQ,0
PNI,KSA,0
PNI,MAJ,0
POL,DAR,0
PSA,DXB,0
PSA,SOF,0
PTY,GCM,0
PUJ,BQN,0
PUJ,CCS,0
PUY,OSI,0
PUY,SPU,0
PVD,SAV,0
PVG,GVA,0
PVG,IKT,0
PVG,JFK,0
PVG,KIJ,0
PVG,SDJ,0
PVK,JSH,0
PVR,DGO,0
PWM,RDU,0
PZO,VLN,0
RAH,JED,0
RAK,ACE,0
RAK,FNI,0
RAK,GLA,0
RAK,KRK,0
RAK,TTU,0
RAK,XCR,0
RAK,ZAZ,0
RDU,PWM,0
RHO,MXP,0
RIX,EDI,0
RJK,OSI,0
RJK,SPU,0
RKT,ISB,0
RMO,STR,0
RMZ,LED,0
ROR,MNL,0
RUH,DWD,0
RUN,TMM,0
RZR,MHD,0
RZV,AYT,0
SAV,PVD,0
SBN,MCO,0
SCU,KIN,0
SCW,MRV,0
SCW,USK,0
SCW,UTS,0
SDJ,PVG,0
SDQ,MAR,0
SEA,PEK,0
SFO,CAN,0
SFO,WUH,0
SGC,BSZ,0
SGC,CEK,0
SGC,CSY,0
SGC,EYK,0
SGC,OSS,0
SHH,WAA,0
SHJ,ALP,0
SHJ,NAG,0
SHO,DUR,0
SHO,HRE,0
SID,BHX,0
SIN,NAN,0
SIN,SYX,0
SJC,ZCL,0
SJD,TRC,0
SJU,ILG,0
SKG,BHX,0
SKG,SKU,0
SKP,LYS,0
SKU,SKG,0
SKX,MRV,0
SLA,VVI,0
SMF,MLM,0
SNP,ANC,0
SOF,PSA,0
SPU,PUY,0
SPU,RJK,0
SPX,BER,0
SPX,GVA,0
STN,LNZ,0
STR,RMO,0
SUF,TIA,0
SUR,YXL,0
SVI,BOG,0
SVQ,MAH,0
SVX,MSQ,0
SVX,NOJ,0
SVX,NYA,0
SVX,OVS,0
SVX,SYX,0
SVX,URJ,0
SWF,CHS,0
SYR,CHS,0
SYR,LAS,0
SYX,DSN,0
SYX,SIN,0
SZG,BEG,0
SZX,BUD,0
SZX,CDG,0
SZX,JGS,0
SZX,KHH,0
SZX,YLX,0
SZY,KRK,0
TAS,MUC,0
TBS,BAH,0
TEN,XIY,0
TEN,XMN,0
TEQ,ESB,0
TFN,FNC,0
TFS,EXT,0
TFS,GDN,0
TFU,YVR,0
TGD,BUD,0
TIA,ADB,0
TIA,SUF,0
TIN,CZL,0
TJM,KGP,0
TJM,NYA,0
TJM,OVS,0
TJM,URJ,0
TKJ,CKX,0
TKJ,CZN,0
TLS,NAP,0
TLU,BOG,0
TLV,SKD,0
TME,BOG,0
TMM,RUN,0
TNG,EIN,0
TNG,MAN,0
TNV,CXI,0
TPA,GPT,0
TPA,XNA,0
TPE,AKJ,0
TPE,AXT,0
TPE,FKS,0
TPE,KIJ,0
TPE,PRG,0
TQQ,DPS,0
TRC,SJD,0
TRS,BVA,0
TRS,DUB,0
TRW,AAK,0
TRW,ABF,0
TRW,BEZ,0
TRW,INU,0
TRW,MZK,0
TRW,NON,0
TSF,BHX,0
TSF,CLJ,0
TSF,LTN,0
TTU,AHU,0
TTU,CMN,0
TTU,RAK,0
TUN,LHR,0
TZX,DIY,0
TZX,YEI,0
UFA,NYM,0
ULH,DMM,0
URJ,HMA,0
URJ,SVX,0
URJ,TJM,0
USK,SCW,0
USK,UUA,0
UTS,SCW,0
UUA,NJC,0
UUA,NUX,0
UUA,USK,0
VCA,VII,0
VII,VCA,0
VIL,EUN,0
VIL,LPA,0
VKO,GME,0
VKO,NCU,0
VLC,LCG,0
VLL,LPA,0
VLV,CCS,0
VNO,HAM,0
VPS,FNT,0
VRB,IAD,0
VVI,SLA,0
VVZ,ELU,0
WAW,ESB,0
WMI,EIN,0
WNN,SUR,0
WRO,AGA,0
WUH,SFO,0
XCR,RAK,0
XIY,ALA,0
XIY,HSC,0
XIY,TEN,0
XMN,TEN,0
XMN,YVR,0
XNA,TPA,0
YAT,YPO,0
YAX,YPL,0
YBP,LJG,0
YCB,YCO,0
YEI,DIY,0
YEI,TZX,0
YER,YAX,0
YEV,YVQ,0
YGL,YGW,0
YGW,YGL,0
YLX,SZX,0
YNB,DXB,0
YNS,YKU,0
YTL,YXL,0
YTY,KIX,0
YUL,RAK,0
YUX,YGT,0
YVR,TFU,0
YVR,XMN,0
YXL,KEW,0
YXL,KIF,0
YXL,YPL,0
YXL,YTL,0
YYA,PKX,0
YYT,LGW,0
ZAG,EIN,0
ZAZ,RAK,0
ZCL,SJC,0
ZTH,DUS,0
ABV,NDJ,0
AER,AUH,0
AKL,HGH,0
ALG,EBH,0
AMD,DAD,0
ANC,EWR,0
AUH,AER,0
BAT,VCP,0
BBI,GOI,0
BCN,AMM,0
BCN,REG,0
BCN,SKG,0
BDL,EWN,0
BEG,ORD,0
BER,DBV,0
BER,LPL,0
BEU,BQL,0
BEU,BVI,0
BGR,TPA,0
BGY,HER,0
BIO,GVA,0
BIO,TFS,0
BLQ,PRG,0
BOH,DLM,0
BQL,BEU,0
BQL,ISA,0
BRS,REU,0
BRU,FEZ,0
BRU,RMF,0
BSL,NTE,0
BSL,RBA,0
BUC,DMD,0
BUC,ONG,0
BUS,SVX,0
BVI,BEU,0
BVI,WNR,0
CAI,JUB,0
CAI,RAE,0
CFR,TLS,0
CHQ,OTP,0
CIA,LDE,0
CMN,LPA,0
CNF,PYT,0
CPH,SZG,0
CRL,DBV,0
CRL,LCJ,0
CTL,ULP,0
CTL,WTB,0
CZL,LIL,0
DAB,ILG,0
DAD,AMD,0
DBV,BER,0
DBV,CRL,0
DEL,SHL,0
DLM,BOH,0
DMD,BUC,0
DME,GNJ,0
DYG,LYI,0
DYU,IKA,0
EBH,ALG,0
ESU,STN,0
EWN,BDL,0
EWN,MCO,0
EWR,ANC,0
FEG,KZN,0
FEZ,BRU,0
FIH,CAI,0
FLR,OLB,0
FRD,YYJ,0
FUK,SHI,0
GDN,TSF,0
GNJ,DME,0
GOT,LGW,0
GVA,BIO,0
HAJ,ACE,0
HAJ,BVC,0
HAK,LYI,0
HAN,HYD,0
HEL,VRN,0
HER,BGY,0
HER,LPL,0
HRB,KJA,0
HYD,HAN,0
IAH,PLS,0
IKA,DYU,0
IKA,KBL,0
IKT,PVG,0
IKT,TKM,0
ILG,DAB,0
ISA,BQL,0
IST,RBA,0
JUB,CAI,0
KBL,IKA,0
KHI,KWI,0
KJA,HRB,0
KRL,ZFL,0
KTN,KPB,0
KTW,REG,0
KUF,RMZ,0
KUF,TBS,0
KUL,ISB,0
KWI,KHI,0
KWK,KKH,0
KYZ,UUD,0
KZN,FEG,0
LCA,LPL,0
LCJ,CRL,0
LDE,CIA,0
LGW,GOT,0
LHR,TAS,0
LIG,RAK,0
LIL,CZL,0
LPA,CMN,0
LPL,BER,0
LPL,LCA,0
LRE,WIN,0
LRH,RAK,0
LUX,MPL,0
LYI,DYG,0
LYI,HAK,0
MAD,TSR,0
MAD,WMI,0
MCO,EWN,0
MCT,AMS,0
MCT,MSH,0
MLI,PGD,0
MPL,LUX,0
MRV,GOJ,0
MRV,SCW,0
MSH,MCT,0
MSQ,KUF,0
MXP,ZAD,0
NJC,TOF,0
NOP,SAW,0
NOU,NAN,0
NTE,BSL,0
NUX,RMZ,0
OGU,DUS,0
OKA,PEK,0
OLB,FLR,0
ONG,BUC,0
ONT,MLM,0
ORD,BEG,0
OTP,CHQ,0
OVB,RMZ,0
OZG,CMN,0
OZZ,ORY,0
OZZ,OZG,0
PBH,DXB,0
PBH,IXB,0
PBM,POS,0
PEE,SGC,0
PEK,OKA,0
PFO,RHO,0
PGD,MLI,0
PHC,SSG,0
PIE,TVC,0
PLS,IAH,0
POS,PBM,0
PPV,KTN,0
PRG,BLQ,0
PYJ,MJZ,0
PYT,CNF,0
RAE,CAI,0
RAK,LIG,0
RAK,LRH,0
RAK,YUL,0
RBA,BSL,0
RBA,IST,0
REG,BCN,0
REG,KTW,0
REG,STN,0
REU,BRS,0
RHO,PFO,0
RMZ,KUF,0
RMZ,NUX,0
RMZ,SVX,0
RSW,SYR,0
RUN,MRS,0
SAW,NOP,0
SGC,GSV,0
SGC,PEE,0
SGC,UUA,0
SHI,FUK,0
SHL,DEL,0
SID,HAJ,0
SJW,YIH,0
SKG,BCN,0
STN,ESU,0
STN,REG,0
SVX,BUS,0
SVX,RMZ,0
SXM,KIN,0
SYR,RSW,0
SZG,CPH,0
TAS,LHR,0
TAS,VVO,0
TBS,KUF,0
TCG,ZFL,0
TFS,BIO,0
TJM,TOF,0
TKM,IKT,0
TLK,KJA,0
TLS,CFR,0
TOF,NJC,0
TPA,BGR,0
TRE,CSA,0
TSF,GDN,0
TSR,MAD,0
TSV,WIN,0
TVC,PIE,0
UBN,ULZ,0
ULP,CTL,0
ULP,WNR,0
UUA,SGC,0
UUD,KYZ,0
VAK,SCM,0
VCP,FRC,0
VLN,PZO,0
VRN,HEL,0
VVO,TAS,0
WIN,LRE,0
WIN,TSV,0
WMI,MAD,0
WNR,BVI,0
WNR,ULP,0
WTB,CTL,0
WTL,KWK,0
XRY,HAM,0
YBB,YCB,0
YCB,YBB,0
YCO,YCB,0
YGZ,YRB,0
YIH,SJW,0
YRB,YGZ,0
YXP,YVM,0
YYH,YBB,0
YYJ,FRD,0
ZAD,MXP,0
ZFL,KRL,0
ZFL,TCG,0
ALG,NIM,0
ANC,SNP,0
APK,PPT,0
AYT,RUH,0
BCM,BRU,0
BDL,PHX,0
BEG,PVG,0
BER,MIR,0
BJV,LHR,0
BRU,BCM,0
BSL,NBE,0
BVA,LBA,0
BZE,DEN,0
BZE,PTY,0
BZE,TZA,0
BZX,NNG,0
BZX,TAO,0
CAG,CUF,0
CDG,ISB,0
CFU,LYS,0
CIX,PTY,0
CPH,NTE,0
CPH,SJJ,0
CRV,TSF,0
CSX,NRT,0
CUF,CAG,0
CWB,MVD,0
CZX,HKG,0
DAD,RGN,0
DEN,BZE,0
DLI,ICN,0
DUB,FNC,0
DUB,YVR,0
DXB,ZYL,0
EGE,EWR,0
EWR,EGE,0
FAO,YYZ,0
FNC,DUB,0
FNC,MAD,0
FOC,XUZ,0
FSC,TLS,0
GEO,UVF,0
GOJ,MRV,0
HAK,KIX,0
HET,TYN,0
HGH,AKL,0
HGH,SYD,0
HKG,CZX,0
ICN,SYX,0
ISB,CDG,0
IXB,BKK,0
IXD,PAB,0
JED,OSS,0
JFK,PSE,0
JUV,NSQ,0
JUZ,ZUH,0
KIX,HAK,0
KJA,LBD,0
KWE,KUL,0
KWE,WUT,0
LBA,BVA,0
LBD,KJA,0
LHE,YYZ,0
LHR,BJV,0
LKL,OSL,0
LPL,HER,0
LYS,CFU,0
MAD,FNC,0
MAD,VIL,0
MCX,NUX,0
MCX,TAS,0
MDZ,MDQ,0
MRS,RUN,0
MVD,CWB,0
NAP,ZAG,0
NBE,BSL,0
NGS,PVG,0
NNG,BZX,0
NRT,CSX,0
NTE,CPH,0
NTE,ORN,0
NUX,MCX,0
ORN,NTE,0
OSL,LKL,0
OSS,JED,0
PAB,IXD,0
PEK,IKA,0
PHX,BDL,0
POZ,TSF,0
PSE,JFK,0
PTY,BZE,0
PTY,CIX,0
PVG,BEG,0
PVG,NGS,0
QGP,REC,0
RGN,DAD,0
RGN,TPE,0
RLO,AEP,0
SFB,TVC,0
SHA,JHG,0
SHJ,ATZ,0
SJJ,CPH,0
SUK,YKS,0
SUY,YKS,0
SYD,HGH,0
SYX,ICN,0
TAO,BZX,0
TAS,MCX,0
TLS,FSC,0
TMR,DJG,0
TOF,TJM,0
TPE,RGN,0
TSF,CRV,0
TSF,POZ,0
TVC,SFB,0
TYN,HET,0
URC,ZHY,0
UUS,ZZO,0
UVF,GEO,0
VIL,MAD,0
WUT,KWE,0
XUZ,FOC,0
YCB,YYH,0
YKS,NYR,0
YKS,SUK,0
YQT,YYC,0
YVR,DUB,0
YYC,YQT,0
ZAG,NAP,0
ZUH,JUZ,0
ZZO,UUS,0
AER,ALA,0
AJA,CFR,0
ALA,AER,0
ATL,HDN,0
ATZ,SHJ,0
AUH,TIA,0
AYT,CAI,0
AZA,FCA,0
BCN,LBA,0
BIO,VCE,0
BKK,IKA,0
BKK,IXB,0
BNA,PIE,0
BOH,RMU,0
BSZ,TFU,0
BSZ,XIY,0
BTH,ICN,0
CAI,AYT,0
CAI,DAC,0
CFR,AJA,0
CHS,LAX,0
CIT,PPK,0
CKG,HKT,0
CMB,SVO,0
CMN,OXB,0
CTA,TUN,0
CZL,DJG,0
DAC,CAI,0
DBV,LYS,0
DEL,IKA,0
DFW,STT,0
DMB,GUW,0
DMM,TZX,0
DUB,YYC,0
DUR,GBE,0
DXB,PBH,0
ELU,TMR,0
EMA,NBE,0
EVN,TLV,0
FCA,AZA,0
FCO,WNZ,0
FEZ,RTM,0
FNC,LTN,0
GBE,DUR,0
GDX,PKC,0
GOV,GTE,0
GTE,GOV,0
GUW,DMB,0
HAM,XRY,0
HDN,ATL,0
HET,NGB,0
HJJ,KMG,0
HJJ,NKG,0
HLD,PVG,0
ICN,BTH,0
ICN,DLI,0
IXB,PBH,0
IXE,BAH,0
JFK,LOS,0
JHG,SHA,0
KMG,HJJ,0
KRK,RMI,0
KUL,UTP,0
LAX,CHS,0
LBA,BCN,0
LEC,SSA,0
LOS,FNA,0
LOS,JFK,0
LTN,FNC,0
LTN,PMO,0
LYS,DBV,0
MAD,ASW,0
MAN,WRO,0
MAO,MBZ,0
MAO,MNX,0
MEM,SFB,0
MIR,BER,0
MIR,HAJ,0
MNX,MAO,0
MUC,SGN,0
NAP,WRO,0
NCL,SSH,0
NDJ,ABV,0
NDR,RBA,0
NGB,HET,0
NIM,ALG,0
NKG,HJJ,0
NNM,SVX,0
NZG,KJA,0
OXB,RAI,0
PHL,SDQ,0
PIE,BNA,0
PKC,GDX,0
PMI,NDR,0
PMO,LTN,0
PPK,CIT,0
PPT,APK,0
PPT,AXR,0
PVG,HLD,0
RBA,NDR,0
RFD,SRQ,0
RIH,YUL,0
RMI,KRK,0
RMU,BOH,0
RTM,FEZ,0
RUH,AYT,0
SAW,SYZ,0
SFB,MEM,0
SGN,MUC,0
SKT,DMM,0
SPU,STN,0
SRQ,RFD,0
SSA,IOS,0
SSA,LEC,0
SSH,NCL,0
STN,SPU,0
STT,DFW,0
SVX,NNM,0
SYD,TBU,0
SYZ,SAW,0
TBU,SYD,0
TIA,AUH,0
TMR,ELU,0
TUN,CTA,0
TZX,DMM,0
UBN,MXV,0
UPK,JUV,0
UTP,KUL,0
VCE,BIO,0
WNZ,FCO,0
WRO,MAN,0
WRO,NAP,0
XIY,BSZ,0
YDA,YOC,0
YNS,YMT,0
YUL,RIH,0
YXE,YSF,0
YYC,DUB,0
YYZ,FAO,0
ZFD,YPA,0
ZWL,YNL,0
AAE,ORN,0
AAN,CAI,0
ACE,BOD,0
ADB,CPH,0
AGA,BRU,0
AGA,FKB,0
AGM,KUZ,0
AGP,VIT,0
ALG,PMI,0
AMQ,SQN,0
AYT,GRV,0
BAH,IXE,0
BEL,MEU,0
BER,TOS,0
BGI,TAB,0
BIO,BRS,0
BNE,OAG,0
BOD,ACE,0
BOD,FAO,0
BOG,COR,0
BOH,FUE,0
BRI,ZTH,0
BRS,BIO,0
BSL,HER,0
BTS,DLM,0
BUD,WMI,0
BVS,BEL,0
BZX,YIW,0
CAI,AAN,0
CAN,FRA,0
CCU,PAB,0
CIA,OPO,0
CJJ,OBO,0
CMN,SXB,0
CPH,ADB,0
CPH,SEA,0
DEN,MYR,0
DJG,CZL,0
DLM,BTS,0
DMM,SKT,0
DUS,FLR,0
EIN,MAD,0
EMA,MLA,0
EVE,OLA,0
FAO,BOD,0
FKB,AGA,0
FLR,DUS,0
FNC,LUX,0
FRA,CAN,0
FUE,BOH,0
FUE,PSA,0
GBE,WDH,0
HAJ,MIR,0
HER,BSL,0
HFN,RKV,0
HGH,LIS,0
HGH,NBS,0
HOU,HVN,0
HVN,HOU,0
HVN,IAD,0
IKA,BKK,0
IKA,DEL,0
IKT,UTP,0
IOS,SSA,0
ISB,NJF,0
IVL,KTT,0
KWL,CZX,0
LAL,ROC,0
LED,PEK,0
LIS,HGH,0
LUX,FNC,0
LUX,NBE,0
MAD,EIN,0
MAN,MBJ,0
MLA,EMA,0
MYR,DEN,0
NBE,EMA,0
NBS,HGH,0
NDR,PMI,0
NGO,YNT,0
NNM,SCW,0
NTE,RBA,0
OBO,CJJ,0
OLA,EVE,0
OPO,CIA,0
ORN,AAE,0
OVB,SLY,0
PAB,CCU,0
PEK,LED,0
PKX,YIN,0
PMI,ALG,0
PSA,FUE,0
PSA,TFS,0
PZU,IST,0
QSR,TIA,0
RBA,NTE,0
RKV,HFN,0
RMI,STN,0
ROC,LAL,0
RUH,ADE,0
SCW,NNM,0
SDQ,PHL,0
SEA,CPH,0
SID,LUX,0
SLY,OVB,0
SQN,AMQ,0
SQN,TTE,0
STN,RMI,0
SVJ,TOS,0
SVO,CMB,0
SXB,CMN,0
TAB,BGI,0
TBS,RIX,0
TFS,PSA,0
TFU,BSZ,0
TIA,QSR,0
TLV,EVN,0
TOS,BER,0
TOS,SVJ,0
TPA,YOW,0
TTE,SQN,0
TUN,VIE,0
VIE,TUN,0
VIT,AGP,0
WDH,GBE,0
WMI,BUD,0
YGX,YWG,0
YIN,PKX,0
YIW,BZX,0
YKU,YNS,0
YNT,NGO,0
YOW,TPA,0
YQT,YSB,0
ZTH,BRI,0
ADE,RUH,0
AGT,ASU,0
AHO,MAD,0
AMS,SJO,0
AMS,TTU,0
ANC,KSM,0
ASU,AGT,0
AVP,TPA,0
AZA,GTF,0
BFS,CFU,0
BGY,LDE,0
BOH,GVA,0
BOJ,KTW,0
BOJ,OSR,0
BUD,HER,0
BUD,NGB,0
CAK,FLL,0
CFU,BFS,0
CGN,FNC,0
CGO,ZYI,0
CKG,JUH,0
CKY,TUN,0
COR,BOG,0
CRA,FMM,0
CSX,WMT,0
CZX,KWL,0
DAY,PGD,0
DBV,KRK,0
DSM,FLL,0
DYG,HKG,0
EWR,PDL,0
FCO,FUE,0
FLL,CAK,0
FLL,DSM,0
FMM,CRA,0
FNC,BRU,0
FNC,CGN,0
GAU,PBH,0
GOJ,KZN,0
GOT,PRG,0
GRV,AYT,0
GTF,AZA,0
GVA,BOH,0
GVA,LCG,0
HAK,WEF,0
HER,BUD,0
HKG,DYG,0
HKT,IKA,0
HSA,KGF,0
IAD,HVN,0
IKA,HKT,0
JED,ZYL,0
JJN,JUH,0
JUH,CKG,0
JUH,JJN,0
KGF,HSA,0
KRK,DBV,0
KRR,OVB,0
KRW,MSQ,0
KSM,ANC,0
KSZ,LED,0
KTW,BOJ,0
KZN,LBD,0
LBD,KZN,0
LBR,CIZ,0
LCG,GVA,0
LCG,MXP,0
LDE,BGY,0
LED,KSZ,0
LIS,CCS,0
LUX,TLS,0
MAD,AHO,0
MAN,NTE,0
MAO,LBR,0
MBJ,MDW,0
MCT,NBO,0
MCT,TRZ,0
MDQ,MDZ,0
MDW,MBJ,0
MIR,PRG,0
MSP,CZM,0
MSQ,KRW,0
MUM,MLE,0
MXP,LCG,0
MXP,SOF,0
NBO,MCT,0
NGB,BUD,0
NGB,PVG,0
NSI,NGE,0
NTE,MAN,0
ORY,OZZ,0
OTP,RAK,0
OVB,KRR,0
PDL,EWR,0
PGD,DAY,0
PKZ,SAI,0
PRG,GOT,0
PSA,TRF,0
PVG,NGB,0
RAK,OTP,0
RBB,MAO,0
RIX,TBS,0
ROC,TPA,0
SAI,PKZ,0
SEA,PPT,0
SID,DSS,0
SIN,GAU,0
SJD,YEG,0
SJO,AMS,0
SOF,MXP,0
SOF,SSH,0
SON,SLH,0
SSH,SOF,0
TLS,LUX,0
TPA,AVP,0
TPA,ROC,0
TRF,PSA,0
TRZ,MCT,0
TTU,AMS,0
TUN,DSS,0
UGC,BHK,0
UTP,IKT,0
WEF,HAK,0
WMT,CSX,0
YYC,ZIH,0
ZIH,YYC,0
ZYI,CGO,0
ADB,DTM,0
ALC,NAP,0
BAQ,BLB,0
BDA,YHZ,0
BJM,TKQ,0
BLB,BAQ,0
BOJ,BUD,0
BOM,WAW,0
BRI,MRS,0
BRU,GRO,0
BUD,BOJ,0
CGN,DWC,0
CGO,LGW,0
CIA,OLB,0
CKG,KTI,0
CKG,YZY,0
CZL,JED,0
CZM,MSP,0
DEN,COU,0
DLE,OPO,0
DTM,ADB,0
DTM,MUC,0
DWC,CGN,0
DXB,STR,0
DXJ,JJN,0
DXJ,XIY,0
DYG,SHE,0
ESB,TGD,0
EYW,SFB,0
FLL,MHT,0
GDN,ZRH,0
HFE,SJW,0
HGH,HNY,0
HKT,CKG,0
HNY,HGH,0
HRB,YKS,0
JJN,DXJ,0
KGS,LBA,0
KMU,NBO,0
KTI,CKG,0
KTW,TIA,0
KWI,SKT,0
KZN,NQZ,0
KZN,VOG,0
LAL,SJU,0
LBA,KGS,0
LGW,CGO,0
LIT,PHX,0
LTI,UBN,0
MBJ,MAN,0
MCI,PGD,0
MCO,SPI,0
MDW,VPS,0
MED,ORN,0
MHT,FLL,0
MRS,BRI,0
NAP,ALC,0
OLB,CIA,0
OPO,DLE,0
OSL,PSA,0
PGD,MCI,0
PHX,LIT,0
PMI,VIT,0
PNH,XIY,0
POM,UNG,0
PPT,SEA,0
PSA,OSL,0
RMF,VIE,0
SFB,EYW,0
SHJ,VGA,0
SJU,LAL,0
SJW,HFE,0
SPI,MCO,0
STR,DXB,0
STR,VCE,0
SZG,MAN,0
TGD,ESB,0
TIA,KTW,0
TKQ,BJM,0
TUR,BEL,0
URC,YZY,0
VCE,STR,0
VGA,SHJ,0
VIE,RMF,0
VIT,PMI,0
VOG,KZN,0
VPS,MDW,0
XIY,DXJ,0
XIY,PNH,0
YEG,SJD,0
YHZ,BDA,0
YKS,HRB,0
YYZ,LHE,0
YZY,CKG,0
YZY,URC,0
ZRH,GDN,0
ADB,MAD,0
AGP,EXT,0
ALA,SYX,0
ATQ,BKK,0
AZA,GEG,0
BCN,EVN,0
BEL,OPP,0
BER,GZT,0
BER,RMF,0
BKK,ATQ,0
BLL,HEL,0
BMV,THD,0
BOM,NJF,0
BWI,HVN,0
CAG,PMI,0
CGN,PSA,0
CJU,TAO,0
CLJ,CTA,0
CMN,LIL,0
COU,DEN,0
CPH,DBV,0
CTA,CLJ,0
CTU,ZAT,0
CWB,GPB,0
CZM,YYZ,0
DAD,ALA,0
DBV,CPH,0
DLU,ZAT,0
DSN,LYG,0
ECP,MCI,0
EVN,BCN,0
EYW,PIT,0
FAI,PDX,0
FLL,BIM,0
FLL,SWF,0
FOC,ZYI,0
GEG,AZA,0
GPB,CWB,0
GSP,HVN,0
GVA,MLA,0
GZT,BER,0
HEL,BLL,0
HFE,LZO,0
HKG,TAE,0
HRG,WAW,0
HUZ,LYG,0
HVN,BWI,0
HVN,GSP,0
IAD,SRQ,0
IND,JAX,0
ISB,AAN,0
IXE,MCT,0
JAX,IND,0
KHT,DXB,0
KJA,VEO,0
KRK,PEG,0
KVX,KZN,0
KZN,KVX,0
KZN,USK,0
LIL,CMN,0
LUN,RYL,0
LYG,DSN,0
LYG,HUZ,0
LZO,HFE,0
MAD,ADB,0
MAD,WNZ,0
MAN,SZG,0
MCI,ECP,0
MCT,IXE,0
MCT,SUB,0
MLA,GVA,0
MLB,PIT,0
MSY,ORF,0
NBE,LUX,0
NJC,KJA,0
NUS,SON,0
OPP,BEL,0
ORF,MSY,0
OSL,OTP,0
OTP,OSL,0
PDX,FAI,0
PDX,PHL,0
PEG,KRK,0
PHL,PDX,0
PIT,EYW,0
PIT,MLB,0
PKX,YNT,0
PMI,CAG,0
PSA,CGN,0
RER,GUA,0
RHO,CPH,0
SKT,KWI,0
SON,NUS,0
SRG,SUB,0
SRQ,IAD,0
STN,GZT,0
SUB,SRG,0
SWF,FLL,0
TAE,HKG,0
TAO,CJU,0
TFS,TLS,0
THD,BMV,0
TLS,TFS,0
TRN,MAN,0
TSN,YTY,0
URC,ZYI,0
USK,KZN,0
WAW,BOM,0
WAW,HRG,0
WNZ,MAD,0
YNT,PKX,0
YTY,TSN,0
YYZ,CZM,0
YYZ,MTY,0
ZAT,CTU,0
ZAT,DLU,0
ZYI,FOC,0
ZYI,URC,0
AAN,ISB,0
AAX,POJ,0
AKL,CNS,0
ALC,PED,0
ALG,VIE,0
ANC,KOA,0
ATW,BNA,0
AUS,TYS,0
BDA,MCO,0
BEL,JPE,0
BES,BOD,0
BGR,PGD,0
BIM,FLL,0
BIQ,GVA,0
BNA,ATW,0
BND,DOH,0
BOD,BES,0
BRI,BRU,0
BRU,CFU,0
BTS,GDN,0
BUF,RDU,0
BZE,YYZ,0
CAN,BGW,0
CNS,AKL,0
CPH,SKG,0
CPH,VLC,0
CRL,LPA,0
DMK,SWA,0
DOH,BND,0
DUB,GCI,0
EUG,SNA,0
EWR,PVR,0
EXT,AGP,0
FCO,RHO,0
GCI,DUB,0
GDN,BTS,0
GLA,CFU,0
GRZ,PMI,0
GSO,PIE,0
GVA,BIQ,0
HAM,RMO,0
HER,DRS,0
HKG,YIW,0
IAD,DSS,0
KGD,PKV,0
KJA,KEJ,0
KJA,NZG,0
KOA,ANC,0
KRK,LPA,0
KTW,MAD,0
KZN,GOJ,0
LPA,CRL,0
LPA,KRK,0
LPL,SSH,0
LUX,OTP,0
MAN,TRN,0
MCO,BDA,0
MEM,PIE,0
MHT,USA,0
MRV,PKV,0
MTY,YYZ,0
MUC,DTM,0
NAQ,SRK,0
NBS,TAO,0
NJF,ISB,0
NQZ,KZN,0
NRT,NGB,0
OPO,SXB,0
OTP,LUX,0
PED,ALC,0
PGD,BGR,0
PIE,GSO,0
PIE,MEM,0
PIE,RIC,0
PKV,KGD,0
PKV,MRV,0
PKX,UUS,0
PMI,GRZ,0
PNA,TFN,0
PVR,EWR,0
RDU,BUF,0
RIC,PIE,0
RMF,BER,0
SKG,CPH,0
SNA,EUG,0
SRK,NAQ,0
SSH,LPL,0
SXB,OPO,0
TAO,NBS,0
TFN,PNA,0
TYS,AUS,0
USA,MHT,0
UUS,PKX,0
VIE,ALG,0
VKO,HKT,0
VLC,CPH,0
VLI,HIR,0
YGR,YUL,0
YIW,HKG,0
YSQ,HFE,0
YUL,YGR,0
YYZ,BZE,0
ACE,SPC,0
AER,KLF,0
AER,NUX,0
AFL,CGB,0
AKU,SHF,0
ALA,MXP,0
AMS,BIQ,0
AMS,DLM,0
ATH,VNO,0
ATL,MTJ,0
AZA,MLI,0
BES,TLS,0
BIO,GRX,0
BIQ,AMS,0
BNA,FNT,0
BNA,PVU,0
BRU,AHU,0
BRU,BRI,0
CAG,GVA,0
CDG,CMB,0
CDG,JTR,0
CFU,GLA,0
CGB,AFL,0
CGP,DOH,0
CLJ,HER,0
CNN,JED,0
DJG,VVZ,0
DLC,VVO,0
DMK,SZB,0
DPS,SOQ,0
DSM,SRQ,0
DSS,IAD,0
DUB,LRH,0
DXB,KHT,0
ERG,IKT,0
FAE,OSL,0
FAO,KRK,0
FKB,TPS,0
FLL,GSP,0
FNT,BNA,0
GLU,PBH,0
GNB,MAN,0
GOT,VIE,0
GRX,BIO,0
GSP,FLL,0
GUW,GYD,0
GVA,CAG,0
GVA,NCL,0
GYD,GUW,0
HER,CLJ,0
HET,LFQ,0
HGU,TIZ,0
HHN,TFS,0
HKG,YGJ,0
HKT,VKO,0
IKT,ERG,0
JRJ,PKX,0
JRJ,PVG,0
JSU,JHS,0
JTR,CDG,0
KHG,TAO,0
KLF,AER,0
KRK,FAO,0
KUF,NJC,0
KUL,KWE,0
LAD,IST,0
LFQ,HET,0
LHW,WUX,0
LRH,DUB,0
MAN,GNB,0
MED,EBL,0
MLI,AZA,0
MTJ,ATL,0
MXP,ALA,0
NJC,KUF,0
NRT,TSN,0
NUX,AER,0
NZH,PKX,0
OIR,OKD,0
OKD,OIR,0
OMR,STN,0
ORF,PBI,0
OSL,FAE,0
OVB,SKD,0
PBI,ORF,0
PGD,SYR,0
PKX,JRJ,0
PKX,NZH,0
PRG,MIR,0
PVG,JRJ,0
PVU,BNA,0
RDU,SDF,0
RHO,FCO,0
RIX,TIV,0
SCQ,ZAZ,0
SDF,RDU,0
SET,REC,0
SGC,KZN,0
SHF,AKU,0
SKD,OVB,0
SOQ,DPS,0
SPC,ACE,0
SRQ,DSM,0
STN,OMR,0
SVD,ANU,0
SVR,THU,0
SWA,DMK,0
SYR,PGD,0
SZB,DMK,0
TAE,UBN,0
TAO,KHG,0
TFS,HHN,0
TFS,VCE,0
THU,SVR,0
TIV,RIX,0
TLS,BES,0
TPS,FKB,0
TSN,NRT,0
UBN,TAE,0
VCE,TFS,0
VIE,GOT,0
VNO,ATH,0
VVO,DLC,0
WUX,LHW,0
YGJ,HKG,0
ZAZ,SCQ,0
AGA,SXB,0
AHU,BRU,0
AKX,AYT,0
ALG,TID,0
AMS,TOS,0
AOI,ORY,0
ASB,KZN,0
AUS,GRR,0
AYT,AKX,0
BEG,OPO,0
BES,OUI,0
BGF,LBV,0
BOD,MAH,0
BOS,OPO,0
BSL,LCA,0
CAN,CHC,0
CAU,REC,0
CDG,FEZ,0
CHC,CAN,0
CHQ,MLA,0
CHQ,NRN,0
CKG,LHR,0
CLJ,LYS,0
CRL,KTW,0
CUR,FLL,0
DNH,CTU,0
DRS,HER,0
EDI,FCO,0
EDI,MRS,0
EVN,UFA,0
FCO,EDI,0
FCO,LBA,0
FCO,ZTH,0
FEZ,CDG,0
FLL,CUR,0
FLR,LUX,0
FNC,HAM,0
FOC,PNH,0
GLA,WRO,0
GRR,AUS,0
GUA,RER,0
HAJ,CFU,0
HAM,FNC,0
HLH,NZH,0
HVN,RIC,0
ILM,PVD,0
IWA,KGD,0
JNB,NBJ,0
KGD,IWA,0
KHN,LPQ,0
KJA,NJC,0
KLF,MRV,0
KTW,CRL,0
KUZ,AGM,0
KWZ,MJM,0
KZN,ASB,0
LBA,FCO,0
LCA,BSL,0
LHR,CKG,0
LIL,PMI,0
LJG,WMT,0
LJU,ORY,0
LTN,MAD,0
LTN,ZTH,0
LUX,FLR,0
LYS,CLJ,0
MAD,LTN,0
MAH,BOD,0
MFR,SNA,0
MJM,KWZ,0
MLA,CHQ,0
MLI,SFB,0
MRS,EDI,0
MRS,WRO,0
MRV,KLF,0
MSP,MZT,0
MTT,VSA,0
NAS,YUL,0
NCL,GVA,0
NDG,PVG,0
NJF,BOM,0
NTE,DSS,0
NTL,SYD,0
NZH,HLH,0
OPO,BEG,0
OPO,BOS,0
OPO,SNN,0
ORY,AOI,0
ORY,LJU,0
OUI,BES,0
PMI,LIL,0
PNH,FOC,0
PVD,ILM,0
PVG,NDG,0
PVU,SBD,0
REC,CJZ,0
REC,JAW,0
RGI,APK,0
RIC,HVN,0
SBD,PVU,0
SFB,MLI,0
SFB,SWF,0
SNA,MFR,0
SNN,OPO,0
SRQ,SYR,0
SVX,UUD,0
SWF,SFB,0
SXB,AGA,0
SYR,SRQ,0
TID,ALG,0
TOS,AMS,0
UFA,EVN,0
UUD,SVX,0
VSA,MTT,0
WMT,LJG,0
WRO,GLA,0
WRO,MRS,0
YUL,NAS,0
ZTH,FCO,0
ZTH,LTN,0
ADB,BRE,0
AKL,NOU,0
AMS,PMO,0
APK,RGI,0
ASU,SLA,0
AUH,SOF,0
AYT,YEI,0
BEL,BVS,0
BGO,VNO,0
BGW,CAN,0
BJV,DXB,0
BRE,ADB,0
BRU,BJM,0
BUD,GDN,0
CAG,NRN,0
CDG,JMK,0
CDG,YHZ,0
CFU,NTE,0
CGN,HAM,0
CME,MTT,0
CMN,FIH,0
CPH,OLB,0
CTU,DNH,0
DAB,RDU,0
DBV,GOT,0
DSS,NTE,0
DWC,OVB,0
DXB,BJV,0
EAS,SVQ,0
FAO,NQY,0
FLL,XNA,0
FOC,LYI,0
FRC,VCP,0
GDN,BUD,0
GMR,PPT,0
GOT,DBV,0
GSP,SRQ,0
GVA,PMO,0
GWT,ZRH,0
GYS,HAK,0
HAK,GYS,0
HAM,CGN,0
HET,UYN,0
IND,VPS,0
ISP,USA,0
JMK,CDG,0
KGS,RTM,0
KHN,BAR,0
KOV,SCO,0
KTI,RGN,0
KUT,WRO,0
KWI,DYU,0
LAS,LEX,0
LEX,LAS,0
LMV,MLE,0
LOP,TMC,0
LPA,KEF,0
LYI,FOC,0
LYI,KIX,0
LYS,OSL,0
MAN,OLB,0
MAO,CIZ,0
MBA,AMS,0
MCO,PSM,0
MEU,BEL,0
MTT,CME,0
MZT,MSP,0
NAP,YUL,0
NBJ,JNB,0
NCE,STR,0
NIM,TUN,0
NOU,AKL,0
NQY,FAO,0
NRN,CAG,0
NRN,CHQ,0
NTE,CFU,0
NTE,OLB,0
OLB,CPH,0
OLB,NTE,0
OMA,PGD,0
OSL,LYS,0
OSL,PEK,0
OVB,DWC,0
PGD,OMA,0
PMO,AMS,0
PMO,GVA,0
POM,WBM,0
PSM,MCO,0
PVG,MDC,0
RDU,DAB,0
RKT,PRG,0
ROA,SRQ,0
RTM,KGS,0
SCO,KOV,0
SLA,ASU,0
SOF,AUH,0
SRQ,GSP,0
SRQ,ROA,0
SRQ,TYS,0
STR,NCE,0
SVQ,EAS,0
TMC,LOP,0
TYS,SRQ,0
USA,ISP,0
UYN,HET,0
VCP,BAT,0
VCP,OPO,0
VNO,BGO,0
VOG,AYT,0
VPS,IND,0
WBM,POM,0
WRO,KUT,0
XNA,FLL,0
YEI,AYT,0
YHZ,CDG,0
YUL,NAP,0
ZRH,GWT,0
ADB,ORY,0
AEP,REC,0
AGP,SXB,0
ALA,DAD,0
ALC,MST,0
AMM,TZX,0
AOI,BCN,0
ASB,URC,0
ATH,TLS,0
AUH,OTP,0
AYT,VOG,0
BCN,AOI,0
BEL,PTQ,0
BGI,BOS,0
BHX,PUY,0
BIO,VIE,0
BJL,IST,0
BKA,KJA,0
BNA,XNA,0
BOH,IBZ,0
BOJ,LGW,0
BOS,BGI,0
BRI,KUN,0
BRU,SPU,0
BSR,DEL,0
BUD,FAO,0
CAG,OPO,0
CAN,LIJ,0
CFU,HAJ,0
CJJ,OKA,0
CJJ,YNJ,0
CNC,SYU,0
COS,MSP,0
COS,PIE,0
CSX,HLD,0
CTA,HAM,0
DAB,PVD,0
DAC,PKX,0
DEL,BSR,0
DLM,SEN,0
DNH,XNN,0
DPS,KJT,0
DXB,KER,0
DYU,KWI,0
EBB,HRE,0
ESB,CAI,0
FAI,MSP,0
FAI,SLC,0
FAO,BUD,0
FOC,VTE,0
FUK,XIY,0
GOT,RHO,0
GRO,SNN,0
GRZ,SAW,0
HET,HZA,0
HLD,CSX,0
HMB,SHJ,0
HZA,HET,0
HZA,XMN,0
IBZ,LIN,0
JAV,NAQ,0
KEF,LPA,0
KEJ,KZN,0
KER,DXB,0
KHN,WNZ,0
KRK,SZZ,0
KSC,ZAD,0
KUN,BRI,0
KUN,RMI,0
KWI,NMA,0
KZN,KEJ,0
LGG,TFS,0
LIJ,CAN,0
LIN,IBZ,0
LIS,SMA,0
LIS,WRO,0
LUN,EBB,0
MAD,XPL,0
MAN,PUY,0
MBJ,NAS,0
MCO,YVR,0
MIR,WAW,0
MLA,SUF,0
MRU,VIE,0
MSP,COS,0
MSP,FAI,0
MST,ALC,0
MUC,OMR,0
NAQ,JAV,0
NAS,MBJ,0
NMA,KWI,0
OKA,CJJ,0
OLB,MAN,0
OMR,MUC,0
OPO,CAG,0
OPO,VCP,0
ORD,PLS,0
ORY,ADB,0
OST,PMI,0
OTP,AUH,0
PEE,KUF,0
PIE,COS,0
PKX,DAC,0
PLS,ORD,0
PMO,ZAG,0
PRG,RKT,0
PTQ,BEL,0
PUY,BHX,0
PUY,MAN,0
PVD,DAB,0
PVK,STN,0
REC,AEP,0
RHO,GOT,0
RIX,SOF,0
RMI,KUN,0
SAW,GRZ,0
SEN,DLM,0
SHJ,HMB,0
SLC,FAI,0
SNN,GRO,0
SOF,RIX,0
STM,TMT,0
STN,PVK,0
SUF,MLA,0
SXB,AGP,0
SZZ,KRK,0
TMT,MAO,0
TNG,SAW,0
TRF,ZAG,0
USK,PEE,0
VEO,KJA,0
VIE,BIO,0
VTE,FOC,0
WAW,MIR,0
WNZ,KHN,0
WRO,LIS,0
XMN,HZA,0
XMY,CNC,0
XNA,BNA,0
XNN,DNH,0
XNN,YTY,0
XPL,MAD,0
YEG,YPY,0
YNJ,CJJ,0
YPY,YEG,0
YPY,YSM,0
YSM,YPY,0
YTY,XNN,0
YVR,MCO,0
ZAD,KSC,0
ZAG,PMO,0
ZAG,TRF,0
ABJ,BOY,0
ABJ,DLA,0
ABZ,AGP,0
ADB,GVA,0
AGA,GLA,0
AGP,ABZ,0
ALC,BEG,0
AMS,MIA,0
AUH,KBV,0
AZN,TAS,0
BDH,SYZ,0
BDL,PIT,0
BDS,FMM,0
BEG,ALC,0
BER,DLM,0
BES,MPL,0
BFS,MLA,0
BGF,KGL,0
BIO,FLR,0
BJX,SJC,0
BOM,MAN,0
BOY,ABJ,0
BPN,BWN,0
BRU,COO,0
CAI,ESB,0
CAK,JAX,0
CAN,TWU,0
CCF,DUB,0
CEE,AER,0
CGK,DHX,0
CNN,RUH,0
CZR,KJA,0
DHX,CGK,0
DLA,ABJ,0
DLM,BER,0
DSN,TLQ,0
DUB,CCF,0
DUS,KVA,0
FLR,BIO,0
FMM,BDS,0
GHA,TMR,0
GLA,AGA,0
GOT,LLA,0
GSV,SGC,0
GVA,ADB,0
HAM,CTA,0
HEL,LJU,0
HER,LCA,0
HER,LIL,0
HKG,KOJ,0
HOU,SJU,0
HRG,PAD,0
HSA,IST,0
HUZ,NGB,0
IBZ,BOH,0
ILM,ISP,0
ISP,ILM,0
IST,HSA,0
JAX,CAK,0
JAX,RDU,0
JHG,XNN,0
JTR,TLV,0
KGL,BGF,0
KMI,TPE,0
KND,FIH,0
KOJ,HKG,0
KRK,RHO,0
KTT,FRA,0
KVA,DUS,0
KWE,KWL,0
KWL,KWE,0
LCA,HER,0
LIL,HER,0
LJU,HEL,0
LLA,GOT,0
MAN,BOM,0
MCO,SAL,0
MED,BOM,0
MIA,AMS,0
MIA,MVD,0
MLA,BFS,0
MLA,PFO,0
MLN,PMI,0
MPL,BES,0
MVD,MIA,0
NAP,RMO,0
PFO,MLA,0
PIT,BDL,0
PMI,MLN,0
RDU,JAX,0
REC,QGP,0
RHO,KRK,0
RMO,NAP,0
RUH,CNN,0
SAL,MCO,0
SAW,TNG,0
SIN,VIE,0
SJC,BJX,0
SJU,HOU,0
SRQ,YYZ,0
SUB,TMC,0
SYX,TAS,0
SYZ,BDH,0
TAS,AZN,0
TAS,SYX,0
TLQ,DSN,0
TLV,JTR,0
TMC,SUB,0
TPE,KMI,0
TWU,CAN,0
URC,ASB,0
VIE,MRU,0
VIE,SIN,0
XNN,JHG,0
YEG,YKF,0
YKF,YEG,0
YYZ,SRQ,0
AAP,BDJ,0
ABJ,KEO,0
ABJ,LBV,0
ACE,MRS,0
AER,CEE,0
AHA,RPR,0
AHO,CRL,0
ALC,NOC,0
AMM,BOM,0
ARN,BEY,0
ATH,PMO,0
BDJ,AAP,0
BEY,ARN,0
BGI,BHX,0
BGI,FDF,0
BGY,LPL,0
BHX,BGI,0
BKI,WUH,0
BOM,AMM,0
BRI,HHN,0
BRS,BZR,0
BSZ,DYU,0
BSZ,TBS,0
BUD,VNO,0
BWN,BPN,0
BZO,OLB,0
BZR,BRS,0
BZX,URC,0
CAG,HHN,0
CAG,VLC,0
CAN,HPG,0
CCF,TNG,0
CDG,CLT,0
CFR,MPL,0
CGN,NAP,0
CHA,LAS,0
CIA,EMA,0
CKY,BRU,0
CLJ,HHN,0
CLT,CDG,0
CLT,YVR,0
COS,HOU,0
CRL,AHO,0
CRL,LEI,0
CTA,EDI,0
CTA,IAS,0
CUF,PMO,0
CVG,PBI,0
CYX,YKS,0
DAD,RMQ,0
DAT,HFE,0
DFW,RDM,0
DSM,LAX,0
DSN,HZG,0
DXJ,HFE,0
DXJ,KWL,0
DYG,SJW,0
DYU,BSZ,0
ECP,PHL,0
EDI,CTA,0
EDI,LYS,0
EMA,CIA,0
ENY,WUX,0
FAO,HEL,0
FAO,TLS,0
FOC,OKA,0
GDN,NCL,0
GLA,ZTH,0
GOI,BBI,0
GRO,SJJ,0
GSP,MCO,0
GZT,STN,0
HEL,FAO,0
HFE,DAT,0
HFE,DXJ,0
HFE,HSN,0
HGH,LNL,0
HHN,BRI,0
HHN,CAG,0
HHN,CLJ,0
HKG,KMJ,0
HOU,COS,0
HPG,CAN,0
HSN,HFE,0
HZG,DSN,0
IAS,CTA,0
IBZ,TLS,0
JCH,JAV,0
JED,HGA,0
JJN,BZX,0
JUZ,TNA,0
KBV,AUH,0
KJT,DPS,0
KLX,LGW,0
KMJ,HKG,0
KRK,OLB,0
KTW,TSF,0
KUF,TAS,0
KWL,DXJ,0
LAS,CHA,0
LAS,YOW,0
LBV,ABJ,0
LBV,BGF,0
LEI,CRL,0
LGW,BOJ,0
LHR,XIY,0
LIS,VNO,0
LPL,BGY,0
LYS,EDI,0
MAH,TLS,0
MAN,MRS,0
MCO,GSP,0
MPL,CFR,0
MRS,ACE,0
MRS,MAN,0
MRS,TTU,0
NAP,CGN,0
NAP,WMI,0
NCL,GDN,0
NGB,SGN,0
NLA,SLI,0
NOC,ALC,0
NQZ,PWQ,0
OKA,FOC,0
OLB,BZO,0
OLB,KRK,0
OPO,OSL,0
ORY,TGD,0
ORY,TIV,0
OSL,OPO,0
PBI,CVG,0
PHL,ECP,0
PMO,ATH,0
PMO,CUF,0
PSA,BRU,0
PWQ,NQZ,0
RDM,DFW,0
RGN,KTI,0
RMQ,DAD,0
ROR,MFM,0
RPR,AHA,0
SEZ,SVO,0
SHF,WUX,0
SJJ,GRO,0
SJW,DYG,0
SOF,TSF,0
SVO,SEZ,0
TAS,KUF,0
TBS,BSZ,0
TGD,ORY,0
TIV,ORY,0
TLS,FAO,0
TLS,IBZ,0
TLS,MAH,0
TNG,CCF,0
TPA,YHZ,0
TSF,KTW,0
TSF,SOF,0
TTU,MRS,0
UYN,YNT,0
VLC,CAG,0
VNO,BUD,0
VNO,LIS,0
WMI,NAP,0
WMI,ZAD,0
WUH,BKI,0
WUX,ENY,0
WUX,SHF,0
XIY,LHR,0
YHZ,TPA,0
YKS,CYX,0
YNT,UYN,0
YVR,CLT,0
ZAD,WMI,0
ZTH,GLA,0
ATH,CLT,0
ATL,NAP,0
AYT,JED,0
BAR,KHN,0
BDL,MBJ,0
BER,TSF,0
BHX,JSI,0
BJZ,LPA,0
BNA,LAL,0
BOS,MXP,0
BRS,CHQ,0
BRU,ESB,0
BTS,MIR,0
BUS,VKO,0
BZX,JJN,0
CHQ,BRS,0
CIA,SKG,0
CIH,XMN,0
CLT,ATH,0
CPH,MPL,0
CPH,PHL,0
CRL,TGD,0
DBV,OSL,0
DFW,VCE,0
ECN,TZX,0
EMA,HRG,0
ESB,BRU,0
EVN,URC,0
FCO,MSP,0
FRA,AGA,0
FUK,YNT,0
GPT,MCO,0
GUM,TPE,0
GYD,TBZ,0
HGH,TAS,0
HHN,TSF,0
HKT,YNZ,0
IAR,KUF,0
IKU,OSS,0
IST,AQJ,0
IST,SEZ,0
JSI,BHX,0
KCY,KNY,0
KGS,LEJ,0
KWE,VTE,0
LAL,BNA,0
LAX,MSO,0
LGW,KLX,0
LHE,IKA,0
LHE,TAS,0
LNL,HGH,0
LPA,BJZ,0
LPA,NAP,0
MBJ,BDL,0
MCO,GPT,0
MCO,YQB,0
MFM,ROR,0
MIR,BTS,0
MNK,TRW,0
MPL,CPH,0
MSO,LAX,0
MSP,FCO,0
NAP,ATL,0
NAP,LPA,0
NDR,RMU,0
OOT,TRW,0
OSL,DBV,0
OSS,IKU,0
OTP,JFK,0
PHL,CPH,0
PMI,SDR,0
PMI,TRF,0
PVK,VIE,0
PVR,YLW,0
RIH,YYZ,0
RIX,LJU,0
RIZ,XIY,0
RMU,NDR,0
RUH,HRG,0
SCU,SDQ,0
SDQ,SCU,0
SDR,PMI,0
SEZ,IST,0
SKG,CIA,0
SUF,TRS,0
SYD,TNA,0
TAS,HGH,0
TAS,LHE,0
TGD,CRL,0
TNA,JUZ,0
TNA,SYD,0
TPE,GUM,0
TRF,PMI,0
TRS,SUF,0
TRW,MNK,0
TRW,OOT,0
TRW,TSU,0
TSF,BER,0
TSF,HHN,0
TSU,TRW,0
TZX,ECN,0
URC,BZX,0
URC,EVN,0
UUD,BQS,0
VCE,DFW,0
VIE,PVK,0
VKO,BUS,0
XIY,RIZ,0
XMN,CIH,0
YLW,PVR,0
YNT,FUK,0
YNZ,HKT,0
YOW,LAS,0
YQB,MCO,0
YYZ,RIH,0
AGP,LGG,0
AKA,URC,0
AKJ,NGO,0
AKU,HMI,0
AXF,DSN,0
BCN,BLL,0
BJV,GYD,0
BLL,BCN,0
BOD,ESU,0
BPL,CTU,0
BQS,UUD,0
BRI,BTS,0
BRS,SID,0
BRU,PSA,0
BTS,BRI,0
BTS,LCA,0
BVA,PFO,0
BZV,CMN,0
CAG,FLR,0
CCU,CGP,0
CDT,NRN,0
CGP,CCU,0
CGQ,HLD,0
CIA,IAS,0
CIF,DLC,0
CKG,WUT,0
CSX,DAT,0
CTA,NTE,0
CTU,BPL,0
CUN,BRU,0
DAM,ESB,0
DAT,CSX,0
DAT,SHE,0
DEL,IAD,0
DLC,CIF,0
DLM,GYD,0
DSN,AXF,0
DUS,SVQ,0
DUS,VNO,0
EBL,HAM,0
ESB,DAM,0
ESU,BOD,0
EYW,IND,0
FCO,TBS,0
FLL,LCK,0
FRA,OVD,0
FUG,SYX,0
FUO,HIA,0
GCN,LAS,0
GME,LED,0
GNB,STN,0
GYD,BJV,0
GYD,DLM,0
HAJ,OLB,0
HAK,JED,0
HAM,EBL,0
HIA,FUO,0
HJR,REW,0
HKG,KWE,0
HKG,SVO,0
HLD,CGQ,0
HMA,IRM,0
HMI,AKU,0
HRG,EMA,0
HRG,NCL,0
HTT,HXD,0
HUZ,XUZ,0
HXD,HTT,0
IAS,CIA,0
IDA,ORD,0
IDR,SAG,0
IND,EYW,0
IRM,HMA,0
JED,AYT,0
JED,HAK,0
JHG,YIH,0
JMK,BLQ,0
JUZ,TSN,0
KEJ,KJA,0
KJA,CZR,0
KTW,TGD,0
KUF,IAR,0
KWE,HKG,0
LAS,GCN,0
LAS,PGA,0
LAX,DSM,0
LCA,BTS,0
LCK,FLL,0
LED,GME,0
LGW,OTP,0
LHW,MIG,0
LJU,RIX,0
LPF,PEK,0
LYG,NGB,0
MAD,KTW,0
MBT,MNL,0
MCO,YWG,0
MIG,LHW,0
MIG,ZUH,0
MNL,MBT,0
MUC,ORY,0
MVT,PPT,0
MXP,BOS,0
MXP,TBS,0
MYI,NLF,0
NAG,GOI,0
NCL,HRG,0
NGB,LYG,0
NGO,AKJ,0
NJC,KZN,0
NJC,OSS,0
NLF,HID,0
NRN,CDT,0
NTE,CTA,0
OLB,HAJ,0
ORD,IDA,0
ORY,MUC,0
OSS,NJC,0
OTP,LGW,0
OVD,FRA,0
PEK,LPF,0
PEK,OSL,0
PFO,BVA,0
PGA,LAS,0
REW,HJR,0
RHO,ZRH,0
RMO,HAM,0
RSW,YOW,0
SAG,IDR,0
SAG,VGA,0
SCW,SVX,0
SFO,BOM,0
SGN,NGB,0
SHE,DAT,0
STN,GNB,0
SVO,HKG,0
SVQ,DUS,0
SVX,SCW,0
SYX,FUG,0
SYX,YBP,0
TBS,FCO,0
TET,BEW,0
TFU,KTI,0
TGD,KTW,0
TSN,JUZ,0
TSN,WUT,0
UBN,ULO,0
URC,AKA,0
UVF,ANU,0
VGA,SAG,0
VNO,DUS,0
WUT,CKG,0
WUT,TSN,0
XUZ,HUZ,0
YIF,ZGS,0
YIH,JHG,0
YOW,RSW,0
YWG,MCO,0
YXL,ZRJ,0
ZPB,YXL,0
ZRH,RHO,0
ZRJ,ZPB,0
ZUH,MIG,0
AAT,ZFL,0
AGA,FRA,0
AGA,KRK,0
AGP,KEF,0
ALC,NYO,0
AMM,ADJ,0
AMM,BKK,0
AMS,PLQ,0
APL,TET,0
AUH,IXM,0
AYT,KJA,0
BCN,LXR,0
BEG,PUY,0
BGY,EFL,0
BHX,MBJ,0
BKK,AMM,0
BLB,CTG,0
BLQ,JMK,0
BOS,LIR,0
BRS,EFL,0
BRU,CUN,0
BSL,SVQ,0
BZR,MAN,0
CBT,WDH,0
CHQ,GOT,0
COV,STR,0
CTG,BLB,0
DAT,DMK,0
DEN,TSM,0
DMK,DAT,0
DSN,ERL,0
DTW,DUB,0
EFL,BGY,0
EFL,EMA,0
ERL,DSN,0
ERL,HLH,0
FLL,TLV,0
FLR,CAG,0
FMM,RIX,0
FNC,LEJ,0
FUE,SNN,0
GBE,HRE,0
GRR,VPS,0
GYD,BGW,0
GYE,PUJ,0
HAK,XNT,0
HLH,ERL,0
HRB,XNT,0
HRG,RUH,0
IXM,AUH,0
JFK,PEI,0
JJN,SHE,0
JSI,STN,0
KEF,AGP,0
KHN,LFQ,0
KMG,YIC,0
KRK,AGA,0
KTI,TFU,0
KWL,SHA,0
KZN,TOF,0
LAX,SAF,0
LAX,UPN,0
LEJ,FNC,0
LFQ,KHN,0
LGW,WRO,0
LIR,BOS,0
LLV,WUH,0
LUN,GBE,0
LZO,XNN,0
MAD,REC,0
MAN,BZR,0
MED,CZL,0
MJI,SFA,0
MLA,PEG,0
MYP,TAZ,0
NGB,NAO,0
NGB,UYN,0
NYO,ALC,0
OPO,PXO,0
OTP,SUJ,0
PAD,HRG,0
PDL,PRG,0
PEG,MLA,0
PLQ,AMS,0
PRG,PDL,0
PUJ,GYE,0
PUY,BEG,0
PXO,OPO,0
REC,MAD,0
RIX,FMM,0
RUL,KDM,0
SAF,LAX,0
SHA,YIC,0
SHE,JJN,0
SID,BRS,0
SJW,WMT,0
SNN,FUE,0
SON,ZGU,0
SPU,GOT,0
STN,JSI,0
SUJ,OTP,0
SVQ,BSL,0
TAZ,MYP,0
TLQ,ZFL,0
TLV,FLL,0
TOF,KZN,0
TSM,DEN,0
UPN,LAX,0
UYN,NGB,0
VLC,VRN,0
VPS,GRR,0
VRN,VLC,0
WDH,CBT,0
WMT,SJW,0
WRO,LGW,0
WUH,LLV,0
WUH,WUX,0
WUX,WUH,0
XNN,LZO,0
XNT,HAK,0
XNT,HRB,0
YBP,SYX,0
YIC,KMG,0
YIC,SHA,0
ZFL,AAT,0
ZFL,TLQ,0
ADD,HYD,0
AER,DLM,0
AUH,BBU,0
BBU,AUH,0
BDS,PMO,0
BFS,LCA,0
BGO,MAN,0
BGY,NTE,0
BGY,OSL,0
BGY,SDR,0
BHX,BJV,0
BIO,STR,0
BJV,BHX,0
BLQ,LUX,0
BON,JFK,0
BOS,GRR,0
BRI,CRA,0
BRI,IBZ,0
BSZ,IKG,0
BTS,LBA,0
BUD,TRS,0
CCS,GRU,0
CGN,EBL,0
CGN,RIX,0
CMB,SEZ,0
CRA,BRI,0
CRL,NTE,0
CTU,KGT,0
CUN,MFE,0
CUR,BRU,0
DLM,AER,0
DOH,TZX,0
DTM,SPU,0
DUB,DTW,0
EDI,VLC,0
EFL,BRS,0
EIN,MAN,0
EMA,EFL,0
ESU,NRN,0
FLL,LIM,0
FNI,OPO,0
GMA,FIH,0
GOT,CHQ,0
GOT,SPU,0
GRR,BOS,0
GSV,KGD,0
HLD,NTG,0
HRE,MPM,0
HUZ,TSN,0
IBZ,BRI,0
IKG,BSZ,0
JED,KDH,0
JFK,BON,0
JNG,XIY,0
JTR,BHX,0
KDH,JED,0
KGD,GSV,0
KGT,CTU,0
KIX,LYI,0
KLX,MAN,0
KLX,MUC,0
KRK,STR,0
LAX,TFU,0
LBA,BTS,0
LCA,BFS,0
LCA,RDO,0
LEJ,KGS,0
LIM,FLL,0
LPA,OST,0
LUX,BLQ,0
LUX,HER,0
MAN,BGO,0
MAN,EIN,0
MAN,KLX,0
MBJ,BHX,0
MDL,CNX,0
MFE,CUN,0
MPM,HRE,0
MRA,SFA,0
MRV,NJC,0
MUC,KLX,0
MXP,RUH,0
NAO,NGB,0
NAO,URC,0
NBC,NUX,0
NBE,NCL,0
NCL,NBE,0
NDB,OUZ,0
NJC,MRV,0
NQZ,DAD,0
NRN,ESU,0
NRN,PSR,0
NTE,BGY,0
NTE,CRL,0
NTG,HLD,0
NUX,NBC,0
NYT,MDL,0
OPO,FNI,0
OPO,XCR,0
OSL,BGY,0
OUZ,NDB,0
PBH,GLU,0
PEI,JFK,0
PMO,BDS,0
PSR,NRN,0
RDO,LCA,0
RIX,CGN,0
RMF,BTS,0
RUH,MXP,0
SDR,BGY,0
SDR,VIE,0
SEZ,CMB,0
SFA,MRA,0
SJU,SKB,0
SKB,SJU,0
SPU,DTM,0
STR,BIO,0
STR,COV,0
STR,KRK,0
SVD,YYZ,0
SZG,TLV,0
TBS,MXP,0
TBS,UFA,0
TBZ,GYD,0
TRS,BUD,0
TZX,DOH,0
UAH,UAP,0
UFA,TBS,0
UNG,DAU,0
VIE,SDR,0
VLC,EDI,0
XCR,OPO,0
XIY,JNG,0
YYZ,SVD,0
AAR,RIX,0
AER,BEG,0
AHO,STN,0
AVL,PHX,0
BAY,BVA,0
BDS,DUB,0
BEG,AER,0
BEG,TBS,0
BFV,BKK,0
BGW,GYD,0
BHX,INN,0
BHX,JTR,0
BOD,DSS,0
BOD,FNC,0
BOJ,LBA,0
BRU,HKG,0
BTS,RMF,0
BUZ,DXB,0
BVA,BAY,0
BVA,HEL,0
BVA,RIX,0
BVA,SDR,0
BVA,ZAZ,0
BVC,ORY,0
BVH,VCP,0
CCJ,SLL,0
CDG,SNN,0
CHQ,SOF,0
CMN,TFS,0
CZX,JHG,0
DAM,OTP,0
DBV,NTE,0
DHH,URC,0
DLA,LOS,0
DLC,SDJ,0
DOH,MHD,0
DPS,TFU,0
DSS,BOD,0
DUB,BDS,0
DXB,BUZ,0
ESU,MAD,0
EVN,SOF,0
EWR,PMI,0
FCO,RDO,0
FDF,BGI,0
FLL,SAV,0
FNC,BOD,0
FYN,JBK,0
GDN,PSA,0
GLA,HER,0
HAM,SPC,0
HEL,BVA,0
HER,GLA,0
HER,LUX,0
HGH,MXZ,0
HHN,REG,0
HHN,SVQ,0
HKG,BRU,0
HKG,SHE,0
HLZ,OOL,0
HYD,ADD,0
IAD,PEK,0
IAS,MMX,0
IBR,TPE,0
IKA,SZX,0
INN,BHX,0
JBK,FYN,0
JGB,PAB,0
JHG,CZX,0
JRH,TEI,0
JUB,IST,0
KJA,AYT,0
KTW,VAR,0
LBA,BOJ,0
LBA,ZTH,0
LBV,LAD,0
LCA,WRO,0
LHW,SYX,0
LIG,MRS,0
LIR,SFO,0
LMP,FCO,0
LTN,TIV,0
LUX,OSL,0
LXR,LGW,0
LZH,SWA,0
MAD,ESU,0
MDW,RNO,0
MHD,DOH,0
MLE,PKX,0
MLI,PIE,0
MMX,IAS,0
MRS,LIG,0
MRS,REG,0
MXP,ZNZ,0
MXZ,HGH,0
MXZ,ZHA,0
MYT,PBU,0
MZT,YVR,0
NAP,PFO,0
NRN,SZY,0
NTE,DBV,0
NTE,FUE,0
OOL,HLZ,0
OSL,LUX,0
OTP,DAM,0
OTP,QSR,0
PBU,MYT,0
PFO,NAP,0
PHX,AVL,0
PIE,MLI,0
PKX,MLE,0
PMI,EWR,0
PMI,PSA,0
PPT,GMR,0
PSA,GDN,0
PSA,PMI,0
PSR,TPS,0
PVR,YQR,0
PZU,SHJ,0
QSR,OTP,0
REG,HHN,0
REG,MRS,0
RIX,AAR,0
RIX,BVA,0
RNO,MDW,0
SAV,FLL,0
SDJ,DLC,0
SDR,BVA,0
SFO,LIR,0
SHE,HKG,0
SHJ,PZU,0
SHJ,YNB,0
SLL,CCJ,0
SNN,CDG,0
SOF,CHQ,0
SOF,EVN,0
SPC,HAM,0
STN,AHO,0
SVQ,HHN,0
SWA,LZH,0
SYX,LHW,0
SZY,NRN,0
SZZ,TRF,0
TBS,BEG,0
TEI,JRH,0
TFS,CMN,0
TFU,DPS,0
TIV,LTN,0
TPE,IBR,0
TPS,PSR,0
TRF,SZZ,0
TSN,HUZ,0
URC,DHH,0
URC,NAO,0
VAR,KTW,0
VCP,BVH,0
WRO,LCA,0
YNB,SHJ,0
YVR,MZT,0
ZAZ,BVA,0
ZHA,MXZ,0
ZTH,LBA,0
AER,PKV,0
ALA,USJ,0
ALA,UZR,0
AMM,ATZ,0
ANU,LHR,0
ANU,UVF,0
ASR,RTM,0
ATH,FLR,0
ATL,RTB,0
ATZ,AMM,0
AZA,CVG,0
BCN,BES,0
BEG,FDH,0
BEG,HAJ,0
BES,BCN,0
BHM,EWR,0
BUD,EMA,0
BZN,IAH,0
CGO,XIL,0
CNX,MDL,0
COS,SNA,0
CTG,PUJ,0
CVG,AZA,0
DME,MMK,0
DUB,YHZ,0
EBB,LUN,0
EBL,CGN,0
ECN,HTY,0
ECP,LGA,0
EDA,KTN,0
EDI,ZRH,0
ELQ,TZX,0
EMA,BUD,0
ESB,ORY,0
EWR,HDN,0
EWR,MTJ,0
FCO,LMP,0
FDH,BEG,0
FLR,ATH,0
FOC,MDC,0
FSC,GVA,0
FUE,NTE,0
GJR,RKV,0
GNJ,SVO,0
GRO,PSR,0
GVA,FSC,0
HAJ,BEG,0
HDN,EWR,0
HGH,YLX,0
HIR,CHY,0
HKG,YNT,0
HRE,EBB,0
HTY,ECN,0
IAH,BZN,0
INN,LHR,0
JED,JIB,0
JSI,EMA,0
KLX,ORY,0
LGA,ECP,0
LGW,LXR,0
LHR,ANU,0
LHR,INN,0
LOS,DLA,0
LPA,NTE,0
MAN,ZYL,0
MMK,DME,0
MTJ,EWR,0
NQZ,USJ,0
NQZ,UZR,0
NRT,PPT,0
NTE,LPA,0
ORY,ESB,0
ORY,JED,0
ORY,KLX,0
PKV,AER,0
PPT,NRT,0
PQM,NLU,0
PSR,GRO,0
RDO,FCO,0
RKV,GJR,0
RTB,ATL,0
RTM,ASR,0
SNA,COS,0
SON,LOD,0
SVD,UVF,0
SVO,GNJ,0
SZX,IKA,0
TAS,TJM,0
TJM,TAS,0
TLV,BGY,0
TLV,SZG,0
TZX,ELQ,0
USJ,ALA,0
USJ,NQZ,0
UZR,ALA,0
UZR,NQZ,0
VTE,KWE,0
WNZ,YNZ,0
XIL,CGO,0
YEV,YDA,0
YHZ,DUB,0
YLX,HGH,0
YNT,HKG,0
YNZ,WNZ,0
ZRH,EDI,0
ZYL,JED,0
ZYL,MAN,0
ABZ,FAO,0
ACE,VIL,0
ACK,PHL,0
AOI,NAP,0
ARN,BHX,0
ARN,TRN,0
BCN,YYC,0
BGY,TLV,0
BHX,ARN,0
BOJ,GDN,0
BPN,TRT,0
BRI,JTR,0
BRS,VRN,0
BRU,BJL,0
BUR,MFR,0
CAG,PSR,0
CBB,RBQ,0
CLY,NTE,0
CTS,XIY,0
CZM,MTY,0
DFW,HVN,0
DFW,RTB,0
DLC,HLD,0
DSS,OUA,0
EMA,JSI,0
ESB,SXZ,0
EWR,BHM,0
FAO,ABZ,0
FCO,LXR,0
FOR,EZE,0
FRA,GZT,0
GOA,KRK,0
GRO,TNG,0
GYD,SGC,0
HGN,LPT,0
HKG,HLD,0
HLD,HKG,0
HOU,LBB,0
HSN,KOW,0
HVN,DFW,0
JAX,MDT,0
JED,ORY,0
JTR,BRI,0
KOW,HSN,0
KRK,GOA,0
KZN,NJC,0
LBB,HOU,0
LPT,HGN,0
MAN,TOS,0
MDQ,COR,0
MDT,JAX,0
MED,CGP,0
MFR,BUR,0
MLA,NCL,0
MTY,CZM,0
MUC,YYC,0
NAP,AOI,0
NCL,MLA,0
NTE,CLY,0
NYT,NYU,0
OAL,VCP,0
OPO,REC,0
ORY,TRN,0
PHL,ACK,0
PIT,VPS,0
POP,YQB,0
PPT,AHE,0
PSR,CAG,0
RBQ,CBB,0
RDU,SRQ,0
REC,OPO,0
RTB,DFW,0
SCL,VVI,0
SGC,GYD,0
SNE,RAI,0
SRQ,RDU,0
STR,GZT,0
SVO,XIY,0
SXZ,ESB,0
SYX,WMT,0
TNG,GRO,0
TOS,MAN,0
TRN,ARN,0
TRN,ORY,0
URC,YIW,0
VCP,OAL,0
VIL,ACE,0
VPS,PIT,0
VRN,BRS,0
VVO,FNJ,0
WMT,SYX,0
XIY,CTS,0
XIY,FUK,0
XIY,SVO,0
YIW,URC,0
YQB,POP,0
YQR,PVR,0
YYC,BCN,0
YYC,MUC,0
ZTH,EIN,0
ABV,EBB,0
AGA,LUX,0
AGP,NYO,0
AYT,HRG,0
BKK,BFV,0
BKK,JJN,0
BLQ,CFU,0
BOJ,BRS,0
BUS,KWI,0
BVA,FSC,0
CFU,BLQ,0
CHQ,PRG,0
CJJ,HKG,0
COO,DLA,0
COR,MDQ,0
DIL,SIN,0
DMK,GAY,0
DUD,OOL,0
DYG,WUX,0
EBA,LIN,0
EIN,ZTH,0
EZE,FOR,0
FNT,JAX,0
FSC,BVA,0
FWA,LAS,0
GAY,DMK,0
GDN,BOJ,0
GNB,LTN,0
GOT,MXP,0
GOT,NCE,0
GOX,SVX,0
GZT,FRA,0
GZT,STR,0
HBE,SSH,0
HER,HEL,0
HKG,CJJ,0
HPN,SRQ,0
HRG,AYT,0
IAD,AMM,0
IAD,PGD,0
IZT,NLU,0
JAX,FNT,0
JJN,BKK,0
JPR,VCP,0
JSI,VIE,0
KHG,SHA,0
KJA,BKA,0
KRK,LUX,0
KWI,BUS,0
KWL,UYN,0
KZN,SGC,0
LAS,FWA,0
LAS,YWG,0
LGW,NUM,0
LHR,PEG,0
LIL,PGF,0
LIN,EBA,0
LTN,GNB,0
LUX,KRK,0
MCI,SJD,0
MCO,REC,0
MXP,GOT,0
NAP,HER,0
NAP,RHO,0
NBS,TYN,0
NCE,GOT,0
NGB,HUZ,0
NLU,IZT,0
NUM,LGW,0
NYO,AGP,0
OLB,PRG,0
OOL,DUD,0
ORD,YEG,0
PEG,LHR,0
PGD,IAD,0
PGF,LIL,0
POZ,VLC,0
PRG,OLB,0
PUY,RTM,0
REN,AYT,0
RGK,SVX,0
RHO,NAP,0
RTM,PUY,0
SHA,KHG,0
SIN,DIL,0
SJD,MCI,0
SLH,SON,0
SRQ,HPN,0
SSH,HBE,0
SVX,GOX,0
SVX,RGK,0
TAS,CDG,0
TFS,NWI,0
TYN,NBS,0
UVF,SVD,0
UYN,KWL,0
VCP,JPR,0
VIE,JSI,0
VLC,POZ,0
WUX,DYG,0
YEG,ORD,0
YFB,YVP,0
YVP,YFB,0
YWG,LAS,0
ZRH,DWC,0
ABJ,PNR,0
ADB,FCO,0
AEP,BPS,0
AKL,IUE,0
AMM,IAD,0
AMS,KLX,0
AYT,KWI,0
AYT,REN,0
BAR,PKX,0
BEY,BSR,0
BGA,SMR,0
BGI,YUL,0
BGW,VKO,0
BLL,PMI,0
BNA,ILM,0
BRS,BOJ,0
BSR,BEY,0
CGO,HYN,0
CPX,VQS,0
CZU,EOH,0
DAD,NQZ,0
DAY,SFB,0
DLA,COO,0
DLC,LLV,0
DME,GDZ,0
DWC,ZRH,0
EDI,GOT,0
EFL,LHR,0
EOH,CZU,0
EWR,RAK,0
FCO,ADB,0
FMM,PSR,0
GDZ,DME,0
GOT,EDI,0
GOT,LCA,0
GRO,NUE,0
HAJ,XRY,0
HAM,NAP,0
HER,NAP,0
HER,TIA,0
HKG,MLE,0
HRG,NTE,0
HSN,XIY,0
HYN,CGO,0
IKT,NOZ,0
ILM,BNA,0
IUE,AKL,0
IXD,JAI,0
JAI,IXD,0
KHD,THR,0
KLF,MSQ,0
KLX,AMS,0
KUT,VKO,0
KWI,AYT,0
KZN,SYX,0
KZN,UUD,0
LED,SYX,0
LHR,EFL,0
LLV,DLC,0
LUX,MIR,0
LUX,VLC,0
LYS,TLV,0
MAD,SZX,0
MAH,OVD,0
MCI,PIE,0
MCI,VPS,0
MIR,LUX,0
MLE,HKG,0
MMB,NGO,0
MRS,TFS,0
MSQ,KLF,0
NAP,HAM,0
NGO,MMB,0
NGO,NKG,0
NKG,NGO,0
NOZ,IKT,0
NTE,HRG,0
NUE,GRO,0
NWI,TFS,0
OVD,MAH,0
PHX,ZIH,0
PIE,MCI,0
PKX,BAR,0
PMI,BLL,0
POZ,HRG,0
PRG,CHQ,0
PSR,FMM,0
PTY,CAP,0
QSR,VIE,0
RAK,EWR,0
REC,MCO,0
ROB,CMN,0
RUH,SLL,0
SFB,DAY,0
SHE,SHF,0
SHF,SHE,0
SLL,RUH,0
SMR,BGA,0
SYX,LED,0
SZX,MAD,0
TFS,MRS,0
THR,KHD,0
TIA,HER,0
TLV,LYS,0
TLV,ZAD,0
UUD,KZN,0
VIE,QSR,0
VKO,BGW,0
VKO,KUT,0
VLC,LUX,0
VPS,MCI,0
VQS,CPX,0
XIY,HSN,0
XRY,HAJ,0
YDA,YEV,0
YUL,BGI,0
ZGS,YBX,0
ZIH,PHX,0
ACE,ALC,0
AGP,FMO,0
ALC,ACE,0
ALG,VVZ,0
AMM,BCN,0
ARN,CTA,0
ATH,BHX,0
ATL,GLH,0
ATW,SRQ,0
AUH,HSA,0
AYT,MSR,0
AYT,SEN,0
BCN,BFS,0
BEG,KZN,0
BEG,PMI,0
BFS,BCN,0
BHX,ATH,0
BIA,FRA,0
BLL,RNN,0
BLQ,FEZ,0
BPS,AEP,0
CDG,TGD,0
CGO,HLD,0
CGO,NTG,0
CJC,ANF,0
CPH,NCL,0
CRK,GES,0
CSX,KWE,0
CTA,ARN,0
CUN,YXE,0
CWB,SSA,0
DBV,EMA,0
DLE,RAK,0
DLM,LED,0
DOH,NQZ,0
DYG,YTY,0
EAS,LCY,0
EMA,DBV,0
FCO,HRG,0
FEZ,BLQ,0
FKB,SJJ,0
FMO,AGP,0
FNC,SNN,0
FOC,RIZ,0
FRA,BIA,0
GES,CRK,0
GLH,ATL,0
GVA,LPA,0
GVA,TBS,0
HDN,LAX,0
HEL,HER,0
HFE,HLD,0
HLD,CGO,0
HLD,DLC,0
HLD,HFE,0
HRG,FCO,0
HRG,POZ,0
HSA,AUH,0
HTN,TCG,0
IAH,SRQ,0
IBZ,MAH,0
ILM,ROC,0
INC,LFQ,0
JNG,LHW,0
JTR,MRS,0
JUH,KWE,0
JUH,TAO,0
KHN,SIN,0
KMG,MLE,0
KWE,CSX,0
KWE,JUH,0
KWI,BGW,0
KWI,PZU,0
KZN,BEG,0
LAX,HDN,0
LED,DLM,0
LFQ,INC,0
LHW,JNG,0
LHW,TLQ,0
LPA,GVA,0
MAH,IBZ,0
MAN,RBA,0
MLE,KMG,0
MRS,JTR,0
MRU,DEL,0
MSR,AYT,0
MYR,SYR,0
NCE,TLL,0
NCL,CPH,0
NQZ,DOH,0
NRN,PFO,0
NRN,SJJ,0
NTG,CGO,0
OVB,TBS,0
PET,VCP,0
PFO,NRN,0
PIT,PWM,0
PMI,BEG,0
PMI,SOU,0
PNH,XNN,0
PWM,PIT,0
PZU,KWI,0
RAK,DLE,0
RBA,MAN,0
RIZ,FOC,0
RIZ,TSN,0
RNN,BLL,0
ROC,ILM,0
RTM,TRS,0
SAW,KCM,0
SDF,SRQ,0
SEN,AYT,0
SIN,KHN,0
SJJ,NRN,0
SKT,KHI,0
SNN,FNC,0
SOU,PMI,0
SRQ,ATW,0
SRQ,IAH,0
SRQ,SDF,0
SSA,CWB,0
SYR,MYR,0
SYX,KZN,0
SYX,UFA,0
TAO,JUH,0
TBS,GVA,0
TBS,OVB,0
TCG,HTN,0
TGD,CDG,0
TLL,NCE,0
TLQ,LHW,0
TNA,YNJ,0
TRS,RTM,0
TSN,RIZ,0
UFA,SYX,0
VCP,PET,0
XNN,PNH,0
YNJ,TNA,0
YTY,DYG,0
ZAD,TLV,0
ZIA,AYT,0
ACE,PRG,0
AGP,BRQ,0
AGP,LBC,0
ALC,LNZ,0
ALC,RZE,0
ALC,SZG,0
AMS,MAH,0
AUH,BBI,0
AWZ,KIH,0
AYT,ZIA,0
AZA,FWA,0
BBI,AUH,0
BEG,NAP,0
BEM,TNG,0
BES,SXB,0
BEY,ISU,0
BHX,LIN,0
BKB,JAI,0
BQT,LED,0
BRQ,AGP,0
BSL,MLA,0
BWI,ILM,0
CGK,KTI,0
CHY,GZO,0
CIA,KUT,0
CMH,ORF,0
CUN,YYJ,0
CUR,YUL,0
CXR,TSN,0
DAR,GIT,0
DEL,MRU,0
DSN,YTY,0
DUB,RBA,0
DUS,LJU,0
EAS,TFN,0
EFL,AMS,0
EFL,LBA,0
FCO,ZNZ,0
FRA,IKA,0
FWA,AZA,0
GDN,TGD,0
GGT,RSD,0
GIT,MWZ,0
GOX,SVO,0
GVA,MAH,0
GYD,SKD,0
GZP,DUS,0
HAK,INC,0
HER,FDH,0
HFE,WDS,0
HIR,VLI,0
IAG,SFB,0
IKT,NZG,0
ILM,BWI,0
INC,HAK,0
ISU,BEY,0
JAI,BKB,0
KCM,SAW,0
KGS,LPL,0
KHN,NGB,0
KIH,AWZ,0
KJA,KNY,0
KJB,VGA,0
KTI,CGK,0
KUT,CIA,0
LBA,EFL,0
LBA,MLA,0
LBC,AGP,0
LED,BQT,0
LGW,LRH,0
LHR,PFO,0
LIL,TUN,0
LIN,BHX,0
LJG,TAO,0
LJU,DUS,0
LNZ,ALC,0
LPA,ODB,0
LRH,LGW,0
LTN,TBS,0
LXA,WDS,0
MAD,SUF,0
MAH,AMS,0
MAH,GVA,0
MLA,BSL,0
MLA,LBA,0
MLE,IFU,0
MRS,ZAD,0
MZT,YEG,0
NAP,BEG,0
NBC,MRV,0
NBO,LGW,0
NGB,KHN,0
NJC,NBC,0
NLU,PQM,0
NOU,WLS,0
NZG,IKT,0
NZH,SJW,0
ODB,LPA,0
OIT,TPE,0
OKC,VPS,0
ORF,CMH,0
ORF,PIT,0
ORY,SKP,0
ORY,TOE,0
OTP,SUF,0
PFO,LHR,0
PIT,ORF,0
PRG,ACE,0
PUS,SHE,0
PUS,XIY,0
QRO,LAX,0
RBA,DUB,0
RZE,ALC,0
RZE,ZAD,0
SFB,IAG,0
SHE,PUS,0
SJJ,FKB,0
SJW,NZH,0
SKD,GYD,0
SKP,ORY,0
SLC,VNY,0
SUF,MAD,0
SUF,OTP,0
SXB,BES,0
SZG,ALC,0
TAO,LJG,0
TBS,LTN,0
TFN,EAS,0
TGD,GDN,0
TNG,BEM,0
TOE,ORY,0
TOF,IKT,0
TPE,OIT,0
TSN,CXR,0
TUN,LIL,0
VGA,KJB,0
VGO,VLC,0
VLC,VGO,0
VNY,SLC,0
VPS,OKC,0
WDS,HFE,0
WDS,LXA,0
WLS,NOU,0
XIY,PUS,0
YTY,DSN,0
YUL,CUR,0
YXE,CUN,0
YYJ,CUN,0
ZAD,MRS,0
ZAD,RZE,0
ZTH,HAM,0
AAT,SHA,0
AAT,TWC,0
ABZ,KRK,0
ADL,LST,0
AEP,RCU,0
AGA,NCE,0
AGP,AUH,0
AGP,MME,0
AGP,OSR,0
AGP,VST,0
ALA,PVG,0
ALC,BZG,0
ALC,VST,0
ARN,HMV,0
ATH,TUN,0
AUH,AGP,0
AVR,BOM,0
AYT,BOH,0
AYT,RLG,0
BBU,FMM,0
BCN,SZG,0
BEG,LYS,0
BIO,BSL,0
BOG,TQO,0
BOH,AYT,0
BOI,MDW,0
BOM,AVR,0
BSL,BIO,0
BZG,ALC,0
CAN,NBS,0
CFU,MAD,0
CGN,MAH,0
CGO,DHH,0
CHQ,NCL,0
CHQ,STR,0
CNN,KWI,0
CRA,DTM,0
CRV,NRN,0
DDG,PKX,0
DDG,PVG,0
DHH,CGO,0
DLE,FEZ,0
DLM,AMS,0
DOH,LAD,0
DTM,CRA,0
DUB,LAS,0
DUS,GZP,0
DWC,OTP,0
EFL,VIE,0
ESB,HAJ,0
EZE,REL,0
FDH,HER,0
FEZ,DLE,0
FIH,DOH,0
FMM,BBU,0
FMM,MAN,0
FMO,HER,0
FRA,BVC,0
FRA,MAH,0
GOJ,MSQ,0
GRO,ZAG,0
HAM,ZTH,0
HAN,MXP,0
HAQ,TRV,0
HER,FMO,0
HKG,TKS,0
HKT,KKC,0
ICT,VPS,0
IKT,TOF,0
JGO,JAV,0
KJB,MAA,0
KKC,HKT,0
KRK,ABZ,0
KRR,KZN,0
KTI,FOC,0
KWI,CNN,0
KZN,KRR,0
LAS,DUB,0
LAX,QRO,0
LAX,YLW,0
LCA,GOT,0
LCY,EAS,0
LGW,NBO,0
LPL,KGS,0
LST,ADL,0
LUX,FUE,0
LUX,RHO,0
LYS,BEG,0
MAA,KJB,0
MAD,CFU,0
MAH,CGN,0
MAH,FRA,0
MAM,MTY,0
MAN,FMM,0
MDW,BOI,0
MLA,NWI,0
MLM,PVR,0
MLM,ZIH,0
MME,AGP,0
MPL,SVQ,0
MRV,NBC,0
MSQ,GOJ,0
MTY,MAM,0
MXP,HAN,0
NBC,NJC,0
NBS,CAN,0
NCE,AGA,0
NCE,OLB,0
NCE,TFS,0
NCL,CHQ,0
NGO,RMQ,0
NOJ,UUA,0
NRN,CRV,0
NWI,MLA,0
OAK,ZCL,0
OLB,NCE,0
ONT,BJX,0
ORY,SOU,0
OSR,AGP,0
OTP,DWC,0
PKX,DDG,0
PMI,VRN,0
PMO,STR,0
PRG,SKG,0
PUY,STN,0
PVG,ALA,0
PVG,DDG,0
PVR,MLM,0
RCU,AEP,0
RHO,LUX,0
RHO,WAW,0
RMQ,NGO,0
RMT,PPT,0
RMU,TFN,0
SID,FRA,0
SKG,PRG,0
SOU,ORY,0
STN,PUY,0
STR,CHQ,0
STR,PMO,0
SVO,GOX,0
SVQ,MPL,0
SZG,BCN,0
TFN,RMU,0
TFS,NCE,0
TKS,HKG,0
TQO,BOG,0
TRV,HAQ,0
TUN,ATH,0
TWC,AAT,0
UAQ,EZE,0
UUA,NOJ,0
VAQ,KJA,0
VCE,TUN,0
VIE,EFL,0
VPS,ICT,0
VRN,PMI,0
VST,AGP,0
VST,ALC,0
WAW,RHO,0
YEG,MZT,0
YLW,LAX,0
ZAG,GRO,0
ZCL,OAK,0
ZIH,MLM,0
ACX,FOC,0
AGA,BER,0
ANC,FRA,0
ARN,BLQ,0
ATH,LJU,0
BAV,BZX,0
BER,AGA,0
BGF,NSI,0
BJX,ONT,0
BLQ,ARN,0
BOD,DBV,0
BOM,MED,0
BPL,JBK,0
BPN,HLP,0
BPS,SDU,0
BRC,ROS,0
BRE,FUE,0
BRS,LEI,0
BRU,TIA,0
BZX,BAV,0
CAN,JGS,0
CHS,SDF,0
CIT,SVO,0
CMF,BHX,0
CPH,PVG,0
CSX,WEF,0
CTU,WEH,0
DBV,BOD,0
DBV,RTM,0
DLC,WUT,0
DTW,HVN,0
EYK,ZIA,0
FLR,LYS,0
FNJ,VVO,0
FOC,ACX,0
FOC,KTI,0
FRA,ANC,0
FUE,BRE,0
FUE,NRN,0
GAU,IXT,0
GEG,MDW,0
HAJ,ESB,0
HET,YIH,0
HIA,VTE,0
HKG,CHC,0
HLD,TEN,0
HMV,AJR,0
HMV,ARN,0
HVN,DTW,0
IBZ,TSF,0
IKA,FRA,0
IST,ABJ,0
IXT,GAU,0
JBK,BPL,0
JEG,JGO,0
JFK,MHT,0
JGS,CAN,0
JUZ,TAO,0
KBL,KWI,0
KHI,PEK,0
KHV,NGK,0
KJA,KUF,0
KRY,TLQ,0
KSN,SVO,0
KUF,KJA,0
KWI,KBL,0
KZN,NUX,0
LAS,MAN,0
LEI,BRS,0
LGW,YHZ,0
LHR,SZG,0
LJU,ATH,0
LJU,LUX,0
LPA,ORK,0
LUX,AGA,0
LUX,LJU,0
LYS,FLR,0
MAN,LAS,0
MAN,TLS,0
MDW,GEG,0
MHT,JFK,0
MIR,BUD,0
MLM,MXL,0
MLM,SAT,0
MXL,MLM,0
MXP,MBA,0
NGK,KHV,0
NJF,AMD,0
NRN,FUE,0
NUX,KZN,0
ORK,LPA,0
PVG,CPH,0
RTM,DBV,0
SAT,MLM,0
SAT,SLP,0
SDF,CHS,0
SLP,SAT,0
SSH,LXR,0
SVO,CIT,0
SVO,KSN,0
SYX,UYN,0
SZG,RHO,0
TAO,JUZ,0
TEN,HLD,0
TLQ,KRY,0
TLS,ATH,0
TLS,MAN,0
TSF,IBZ,0
TXN,SZX,0
UYN,SYX,0
VTE,HIA,0
VTE,YNZ,0
WEF,CSX,0
WEH,CTU,0
WUT,DLC,0
YHZ,LGW,0
YIH,HET,0
YKQ,YVO,0
YNZ,VTE,0
ZHY,URC,0
ZIA,EYK,0
AEP,CNF,0
AER,SHJ,0
AJA,FCO,0
AJR,HMV,0
AKL,CHT,0
AMD,NJF,0
AMS,VXE,0
AYT,PED,0
BDA,RDU,0
BEG,RHO,0
BGY,PFO,0
BHX,CMF,0
BHX,VCE,0
BOM,PBD,0
BRI,ZAD,0
BRS,NOC,0
BRS,SAW,0
CAP,PTP,0
CDT,CLJ,0
CHC,HKG,0
CID,FLL,0
CKG,THQ,0
CLJ,CDT,0
CMH,JAX,0
CNF,AEP,0
COV,HAJ,0
CPH,PUY,0
CUN,IND,0
DUS,RAK,0
DXB,BWA,0
EZE,RGL,0
FCO,AJA,0
FLL,CID,0
FRA,GWT,0
GJT,SNA,0
GRO,OSR,0
GWT,FRA,0
HKG,KWL,0
HKT,UTH,0
HLD,TYN,0
HSN,YNZ,0
HYA,LGA,0
HYA,PHL,0
IDA,PDX,0
IND,CUN,0
JAC,SAN,0
JAX,CMH,0
JED,LYS,0
JED,SLL,0
JUH,XIY,0
JUH,XMN,0
KEF,YUL,0
KTM,RUH,0
KUL,NGB,0
KWL,HKG,0
LDE,DUB,0
LGA,HYA,0
MVY,PHL,0
MXP,PDL,0
NAO,TSN,0
NGB,KUL,0
NOC,BRS,0
OSR,GRO,0
PBD,BOM,0
PDL,MXP,0
PDX,IDA,0
PED,AYT,0
PFO,BGY,0
PHL,HYA,0
PHL,MVY,0
PTP,CAP,0
PUY,CPH,0
PVR,YYJ,0
RAK,DUS,0
RDU,BDA,0
RHO,BEG,0
RHO,SZG,0
RLG,AYT,0
ROS,BRC,0
RUH,KTM,0
SAN,JAC,0
SAW,BRS,0
SDU,BPS,0
SEZ,TLV,0
SHJ,AER,0
SNA,GJT,0
SZG,LHR,0
SZX,TXN,0
THQ,CKG,0
THQ,TSN,0
TLV,SEZ,0
TSN,NAO,0
TSN,THQ,0
TYN,HLD,0
UTH,HKT,0
VCE,BHX,0
VXE,SNE,0
XIY,JUH,0
XMN,JUH,0
YNZ,HSN,0
YUL,KEF,0
YYC,ZLO,0
YYJ,PVR,0
ZAD,BRI,0
ZLO,YYC,0
ADB,BEY,0
AER,NOJ,0
ARN,PMO,0
BDA,YUL,0
BER,BOJ,0
BER,DWC,0
BEY,ADB,0
BGY,HAJ,0
BGY,RTM,0
BHX,LEI,0
BJF,ALF,0
BOJ,BER,0
BUD,MIR,0
BVG,HFT,0
CGH,IPN,0
CGN,TNG,0
CHQ,LBA,0
CHQ,WAW,0
CLJ,NAP,0
COO,LOS,0
CTA,DUB,0
CTA,OSL,0
CZX,KOW,0
DUB,CTA,0
DUB,LDE,0
DWC,BER,0
EDI,NTE,0
EIN,HRG,0
EVN,SKG,0
EWR,FAO,0
FAO,EWR,0
FAR,SFB,0
FNC,NUE,0
FOC,HFE,0
GRU,IZA,0
GVA,KEF,0
HAJ,BGY,0
HAJ,COV,0
HAM,KUT,0
HFE,FOC,0
HGR,MYR,0
HIR,SCZ,0
ILM,MHT,0
IPN,CGH,0
IRM,TJM,0
ISG,TPE,0
IST,KUF,0
IXC,IXJ,0
IXJ,IXC,0
IZA,GRU,0
JBK,KRL,0
KEF,GVA,0
KGD,PES,0
KHV,TAS,0
KJA,VAQ,0
KKN,LKL,0
KLX,VIE,0
KOW,CZX,0
KRL,JBK,0
KSQ,ZIA,0
KTI,PEK,0
KUF,IST,0
KUT,HAM,0
LBA,CHQ,0
LEI,BHX,0
LEI,RTM,0
LKL,KKN,0
LUX,SID,0
LYI,URC,0
MCX,TJM,0
MHT,ILM,0
MUC,ZTH,0
MYR,HGR,0
NAP,CLJ,0
NAP,RMF,0
NOJ,AER,0
NRT,TAS,0
NRT,YNT,0
NTE,EDI,0
NUE,FNC,0
NYA,ZIA,0
NYW,HOX,0
OME,DRG,0
OSL,CTA,0
OSY,SSJ,0
OTP,ZTH,0
PBI,TTN,0
PEK,BSR,0
PEK,KTI,0
PES,KGD,0
PGD,TVC,0
PMO,ARN,0
PNI,ROR,0
ROS,EZE,0
RTM,BGY,0
RTM,LEI,0
RVK,MJF,0
SFB,FAR,0
SKG,EVN,0
SLL,JED,0
SOF,ZAG,0
STR,TZX,0
TAS,KHV,0
TAS,NRT,0
TIA,BRU,0
TIV,VIE,0
TJM,IRM,0
TJM,MCX,0
TNG,CGN,0
TPE,ISG,0
TRW,MAJ,0
TTN,PBI,0
TTN,RSW,0
TVC,PGD,0
URC,LYI,0
VIE,KLX,0
VIE,TIV,0
WAW,CHQ,0
YNT,NRT,0
YQT,YFH,0
YUL,BDA,0
ZAG,SOF,0
ZIA,KSQ,0
ZIA,NYA,0
ZTH,MUC,0
ACE,ZAG,0
ADB,MSR,0
AER,NYM,0
AES,ALC,0
AIS,TBF,0
ALB,USA,0
ALC,AES,0
ATL,BON,0
AUS,AVL,0
AVL,AUS,0
AXR,PPT,0
AYJ,HSS,0
AYT,GUW,0
BDL,CMH,0
BEG,FLR,0
BHX,KEF,0
BHX,SPU,0
BHX,TLS,0
BON,ATL,0
BRS,GNB,0
BRS,OLB,0
BSL,SKG,0
BSR,PEK,0
CIA,MRS,0
CMH,BDL,0
COR,USH,0
CPH,ZAD,0
DAL,ORF,0
DFW,GIG,0
DLI,THD,0
DMM,TRZ,0
EMA,NAP,0
EVN,KZN,0
FCO,JSI,0
FLR,BEG,0
GBE,LUN,0
GDB,IDR,0
GIG,DFW,0
GLA,GVA,0
GLA,VRN,0
GNB,BRS,0
GND,SLU,0
GUW,AYT,0
GVA,GLA,0
HER,BTS,0
HER,SZG,0
HMA,NYA,0
HRE,GBE,0
HRG,EIN,0
HSS,AYJ,0
HUX,YYZ,0
HVN,ORD,0
IDR,GDB,0
ISP,RIC,0
JNX,SKG,0
JSI,FCO,0
JZH,PEK,0
KEF,BHX,0
KTW,ZAD,0
KWE,WXN,0
KZN,EVN,0
LIL,MPL,0
LNZ,HER,0
LYS,JED,0
MPL,LIL,0
MRS,CIA,0
MRV,TLV,0
MSR,ADB,0
NAP,EMA,0
NYA,HMA,0
NYM,AER,0
OLB,BRS,0
OPO,LAD,0
ORD,HVN,0
ORF,DAL,0
PEK,JZH,0
PMI,SXB,0
RIC,ISP,0
RSW,TTN,0
RUR,RMT,0
SHF,SZX,0
SKG,BSL,0
SKG,JNX,0
SLU,SXM,0
SLY,UFA,0
SPU,BHX,0
SVO,CKG,0
SXB,PMI,0
SZG,HER,0
SZX,SHF,0
TBF,AIS,0
TBF,TMN,0
THD,DLI,0
TLS,BHX,0
TMN,TBF,0
TRZ,DMM,0
TZX,STR,0
UFA,SLY,0
USA,ALB,0
USH,COR,0
VRN,GLA,0
WXN,KWE,0
XPL,BOG,0
YGL,YPH,0
YLH,YFH,0
YPH,YGL,0
YQX,YUL,0
YUL,YQX,0
YXL,YWP,0
YYZ,HUX,0
ZAD,CPH,0
ZAD,KTW,0
ZAG,ACE,0
ZTH,OTP,0
ACK,OWD,0
ADB,LTN,0
AEB,CKG,0
AGP,TRD,0
ALA,YIN,0
ALC,HAU,0
AMS,RVN,0
AMS,SAN,0
ARN,WRO,0
BCM,BGY,0
BDS,GDN,0
BEY,WAW,0
BFS,MAH,0
BGI,FRA,0
BGY,BCM,0
BGY,CDT,0
BNA,MDT,0
BOD,CRL,0
BOG,XPL,0
BSL,WRO,0
BTS,HER,0
BWN,JED,0
CDT,BGY,0
CGK,CAI,0
CGO,DZH,0
CGQ,NNG,0
CHS,RIC,0
CHT,AKL,0
CKG,AEB,0
CRL,BOD,0
CTA,VNO,0
CTU,YYA,0
CXI,TNV,0
CXR,PVG,0
DOH,SJJ,0
DXB,KDH,0
DZH,CGO,0
DZH,KWE,0
EHU,XIY,0
EHU,XMN,0
FAO,FCO,0
FCO,FAO,0
FMM,PSA,0
FNA,CKY,0
FRA,EVE,0
FRA,ZTH,0
GAN,GKK,0
GDN,BDS,0
GHA,ORN,0
GIG,MDZ,0
GSP,PIT,0
GSP,RSW,0
GYD,BAH,0
HAN,SVO,0
HAU,ALC,0
HCZ,TSN,0
HER,BOH,0
HER,LNZ,0
HFE,LLV,0
HGH,NZH,0
HOX,NYW,0
HRB,URC,0
IAH,JAC,0
JAC,IAH,0
JED,BWN,0
KBL,SAW,0
KHH,SDJ,0
KTN,WHD,0
KWE,DZH,0
KXU,PPT,0
LAD,OPO,0
LAX,TPQ,0
LCA,ORY,0
LEJ,OTP,0
LLV,HFE,0
LTN,ADB,0
MAH,BFS,0
MDT,BNA,0
MDT,MYR,0
MDZ,GIG,0
MDZ,ROS,0
MYR,MDT,0
NAP,OPO,0
NDR,ORY,0
NNG,CGQ,0
NZH,HGH,0
OPO,NAP,0
ORN,GHA,0
ORY,LCA,0
ORY,NDR,0
OTP,LEJ,0
OWD,ACK,0
PEG,RTM,0
PEN,RGN,0
PIT,GSP,0
POA,SSA,0
PPT,RKA,0
PSA,FMM,0
PVG,ZQZ,0
RGN,PEN,0
RIC,CHS,0
RIC,SFO,0
RIX,TLV,0
ROS,MDZ,0
RSW,GSP,0
RTM,PEG,0
RUH,SKT,0
RVN,AMS,0
SAN,AMS,0
SAV,STL,0
SDF,SFO,0
SDJ,KHH,0
SFO,RIC,0
SFO,SDF,0
SJJ,DOH,0
SKG,CDG,0
SSA,POA,0
STL,SAV,0
SVO,HAN,0
SYD,NAA,0
TAB,UVF,0
TBF,NIG,0
TLV,MRV,0
TPQ,LAX,0
TRD,AGP,0
TRT,BPN,0
TSN,HCZ,0
UBN,DLZ,0
URC,HRB,0
USR,YKS,0
UVF,TAB,0
VNO,CTA,0
WAW,BEY,0
WHD,KTN,0
WRO,ARN,0
WRO,BSL,0
XIY,EHU,0
XMN,EHU,0
YIN,ALA,0
YKF,YXX,0
YKS,USR,0
YXX,YKF,0
YYA,CTU,0
ZQZ,PVG,0
AAL,RNN,0
ABZ,CPH,0
ACA,IAH,0
AGA,PGF,0
ALP,DOH,0
AWZ,JED,0
AYT,LNZ,0
AZA,GFK,0
BDL,GSP,0
BER,RVN,0
BGW,KWI,0
BHK,DME,0
BJL,LOS,0
BJV,WAW,0
BOH,HER,0
BOJ,DUS,0
BRQ,PMI,0
BRS,CTA,0
BZO,HAJ,0
CAI,CGK,0
CAN,LGW,0
CDG,SKG,0
CEK,EVN,0
CFU,SKG,0
CMF,STN,0
CPH,ABZ,0
CTA,BRS,0
CTG,YUL,0
CVG,PVD,0
DEL,MNL,0
DME,BHK,0
DMK,HFE,0
DOH,ALP,0
DUS,BOJ,0
DYU,NQZ,0
EFL,FCO,0
ERN,TBT,0
EVN,CEK,0
FCO,EFL,0
FKI,GOM,0
GDX,VVO,0
GFK,AZA,0
GKK,KDM,0
GOM,FKI,0
GSP,BDL,0
HAJ,BZO,0
HAK,LYG,0
HFE,DMK,0
IAD,NCE,0
IAH,ACA,0
ICN,YUL,0
INC,YIN,0
JAX,LAX,0
JMU,WEH,0
KHI,SKT,0
KHN,RGN,0
LAX,JAX,0
LGW,CAN,0
LIS,SOF,0
LOS,BJL,0
LPA,WAW,0
LUX,PRN,0
LYG,HAK,0
MAN,SVG,0
MAO,ERN,0
MDC,PVG,0
MLE,MUM,0
MNL,DEL,0
MOV,CNS,0
MUC,TOS,0
NAA,SYD,0
NAP,NUE,0
NCE,IAD,0
NDR,DUS,0
NKG,YNJ,0
NQZ,DYU,0
NUE,NAP,0
OZZ,STN,0
PGF,AGA,0
PKX,BWN,0
PPT,MVT,0
PRG,RMI,0
PRG,TGD,0
PRN,HAD,0
PRN,LUX,0
PVD,CVG,0
PVK,STR,0
RMI,PRG,0
RNN,AAL,0
RVN,BER,0
RVV,PPT,0
SAW,KBL,0
SGF,VPS,0
SID,MXP,0
SKG,CFU,0
SKT,RUH,0
SOF,LIS,0
STN,OZZ,0
STN,TAT,0
STR,PVK,0
SVG,MAN,0
TAT,STN,0
TGD,PRG,0
TLV,RIX,0
TOS,MUC,0
TUB,RVV,0
UMD,JAV,0
VPS,SGF,0
VVO,GDX,0
WAW,BJV,0
WAW,LPA,0
WEH,JMU,0
YIN,INC,0
YNJ,NKG,0
YUL,CTG,0
YUL,ICN,0
ZTH,FRA,0
ADB,SJJ,0
ALA,KZN,0
AMS,AOK,0
ATH,PMI,0
AXR,AHE,0
BEL,CAY,0
BGY,EMA,0
BIA,BSL,0
BIO,WAW,0
BPL,LHW,0
BRS,PUY,0
BSL,BIA,0
BWN,PKX,0
CAK,ORF,0
CAP,PTY,0
CAY,BEL,0
CCS,PYH,0
CEK,OSS,0
CGN,TIA,0
CPH,HER,0
DLZ,UBN,0
DUB,YUL,0
DWC,TJM,0
EDA,NKI,0
EDO,ESB,0
EMA,BGY,0
EMA,LIG,0
ESB,EDO,0
EWR,ADD,0
FCO,LDE,0
FCO,MPL,0
FIH,GMA,0
FSC,LHR,0
FUN,NAN,0
GVA,TOS,0
HBE,MRA,0
HER,CPH,0
HFE,YSQ,0
HGH,NGO,0
IAS,TLV,0
JAV,UMD,0
JTR,MAD,0
KIS,EDL,0
KTN,EDA,0
KUT,MAD,0
KZN,ALA,0
LDE,FCO,0
LHR,FSC,0
LHW,BPL,0
LIG,EMA,0
LNZ,AYT,0
LPA,NDB,0
MAD,JTR,0
MAD,KUT,0
MMX,OTP,0
MPL,FCO,0
MRA,HBE,0
MSP,PGD,0
MUA,VAO,0
MVQ,SVO,0
NAN,FUN,0
NDB,LPA,0
NGO,HGH,0
NKG,YIN,0
NKI,KTN,0
ORF,CAK,0
OTP,MMX,0
PGD,MSP,0
PMI,ATH,0
PMI,BRQ,0
PMY,EZE,0
PNH,SYX,0
PNS,RDU,0
PPT,AAA,0
PRG,PVK,0
PTP,SLU,0
PUY,BRS,0
PVG,CXR,0
PVK,PRG,0
PYH,CCS,0
RDU,PNS,0
RUH,TRV,0
SJJ,ADB,0
SSG,COO,0
SVO,MVQ,0
SYX,PNH,0
TFS,TLL,0
THR,BJB,0
TIA,CGN,0
TJM,DWC,0
TKX,PPT,0
TLL,TFS,0
TLV,IAS,0
TOS,GVA,0
TRV,RUH,0
TUB,RUR,0
VAR,BRQ,0
WAW,BIO,0
WWP,KTN,0
YIN,NKG,0
YUL,DUB,0
YYC,YYG,0
YYG,YYC,0
ACE,BTS,0
ADQ,AOS,0
ADQ,KKB,0
ADQ,KPY,0
AKU,CTU,0
AKU,NLT,0
ALC,FEZ,0
AMS,EBL,0
ARN,ESB,0
BIA,GVA,0
BIA,LUX,0
BIQ,NCE,0
BJB,THR,0
BNA,ILG,0
BOD,LUX,0
BOH,CFU,0
BPS,EZE,0
BTS,ACE,0
BUD,ZAD,0
BUS,JED,0
BZN,CLT,0
BZO,CAG,0
CAG,BZO,0
CDB,ANC,0
CDG,PNR,0
CHQ,POZ,0
CHS,ROC,0
CJU,WUX,0
CLT,BZN,0
CLT,YYC,0
CNS,MOV,0
CTA,RIX,0
CTU,AKU,0
CZN,ORT,0
DCA,YHZ,0
DEL,HSS,0
DSM,EWR,0
DUS,JMK,0
DWC,PRG,0
DXB,RIY,0
EBL,AMS,0
EDI,FAE,0
EDI,NBE,0
EDI,OLB,0
EFL,PRG,0
ESB,ARN,0
ESB,HAM,0
EWR,DSM,0
EYW,IAH,0
FAE,EDI,0
FCO,NCL,0
FEZ,ALC,0
GSP,LAX,0
GVA,BIA,0
HAJ,LCA,0
HAK,MFM,0
HAM,ESB,0
HLD,WUH,0
HSA,SCO,0
HSA,URA,0
HSL,RBY,0
HSS,DEL,0
HVN,TYS,0
IAH,EYW,0
IGR,ROS,0
ILG,BNA,0
ILI,KNK,0
INC,LZO,0
IXE,KWI,0
JED,BUS,0
JMK,DUS,0
JMK,MAD,0
KDO,RUL,0
KMG,YBP,0
KWI,IXE,0
KWL,XNN,0
KZN,NAL,0
LAX,GSP,0
LCA,HAJ,0
LDE,NAP,0
LGW,REU,0
LJU,TLV,0
LLB,WMT,0
LUX,BIA,0
LUX,BOD,0
LZO,INC,0
MAD,JMK,0
MAH,MUC,0
MDC,FOC,0
MFM,HAK,0
MPL,TNG,0
MUC,MAH,0
MXP,UGC,0
NAL,KZN,0
NAP,LDE,0
NBE,EDI,0
NCE,BIQ,0
NCE,PMO,0
NCL,FCO,0
NCL,WRO,0
NLT,AKU,0
NMF,LMV,0
NTL,NAA,0
NUL,FAI,0
OLB,EDI,0
ORD,TQO,0
PMO,NCE,0
POZ,CHQ,0
PRG,DWC,0
PRG,EFL,0
PVK,TLV,0
PVU,SAN,0
REU,LGW,0
RGN,KHN,0
RIX,CTA,0
ROC,CHS,0
ROS,IGR,0
SAN,PVU,0
SCO,HSA,0
SCZ,HIR,0
SHE,XIL,0
SLU,PTP,0
SMA,LIS,0
SVX,CXR,0
TAO,YBP,0
TNG,MPL,0
TQO,ORD,0
TUN,CKY,0
TYS,HVN,0
URA,HSA,0
WMT,LLB,0
WRO,NCL,0
WUH,HLD,0
WUX,CJU,0
XIL,SHE,0
XNN,KWL,0
YBP,KMG,0
YBP,TAO,0
YHZ,DCA,0
YYC,CLT,0
YYJ,YXY,0
ZAD,BUD,0
AAL,FAE,0
ABJ,MJC,0
AMS,SKP,0
ANC,JFK,0
ASF,KZN,0
AUH,KTI,0
AYT,MXP,0
BCN,SKP,0
BEG,VAR,0
BRI,LNZ,0
BZR,NRN,0
CFU,BOH,0
CWL,DLM,0
CZL,OGX,0
DAB,HPN,0
DIL,KUL,0
DLM,CWL,0
DOH,LYS,0
DRW,OOL,0
DYG,HRB,0
DYG,KMG,0
DYG,XMN,0
EFL,TLV,0
EVN,TJM,0
EZE,BPS,0
FAE,AAL,0
FMM,NAP,0
GVA,SOU,0
HAM,INN,0
HEL,SEA,0
HER,PAD,0
HPN,DAB,0
HRB,DYG,0
HRG,SOF,0
HVN,SAV,0
INN,HAM,0
JFK,ANC,0
KGD,KLF,0
KHH,PQC,0
KLF,KGD,0
KMG,DYG,0
KTI,AUH,0
KUL,DIL,0
KZN,ASF,0
LIH,YVR,0
LNZ,BRI,0
LST,PER,0
LYS,DOH,0
MDG,PKX,0
MIG,SWA,0
MLE,MXP,0
MUC,PUY,0
MXP,AYT,0
NAP,FMM,0
NAS,TPA,0
NCL,VRN,0
NRN,BZR,0
NTE,PGF,0
NUE,OPO,0
OOL,DRW,0
OPO,NUE,0
PER,LST,0
PFO,WMI,0
PGF,NTE,0
PIE,XNA,0
PKX,MDG,0
PNH,NNG,0
PPT,TKP,0
PQC,KHH,0
PUY,MUC,0
PVR,YXE,0
PZU,DMM,0
RAP,SFB,0
SAV,HVN,0
SEA,HEL,0
SFB,RAP,0
SJO,SJU,0
SJU,SJO,0
SKP,AMS,0
SKP,BCN,0
SOU,GVA,0
SWA,MIG,0
SXM,SLU,0
TFU,TWC,0
TGD,WRO,0
TJM,EVN,0
TLV,EFL,0
TLV,PVK,0
TPA,NAS,0
TUN,OUA,0
TWC,TFU,0
VAR,BEG,0
VRA,YOW,0
VRN,NCL,0
WMI,PFO,0
WRO,TGD,0
XMN,DYG,0
XNA,PIE,0
YOW,VRA,0
YVR,LIH,0
AAR,PMI,0
ABZ,PMI,0
AER,SSH,0
AGA,CPH,0
ATH,LAX,0
ATH,TGD,0
AZS,YYZ,0
BDL,CUN,0
BIQ,MRS,0
BJL,ABJ,0
BME,MEL,0
BOH,MAH,0
BPN,KJT,0
BRQ,VAR,0
BUD,LBA,0
CDG,FAE,0
CDG,LXR,0
CGN,EVN,0
CLY,LYS,0
CMH,SAN,0
CPH,AGA,0
CPH,ESB,0
CUN,BDL,0
CXI,TNQ,0
CXR,SVX,0
DAL,HDN,0
DME,UKK,0
DMK,DYG,0
DUB,PGF,0
DUS,MRS,0
DUS,NDR,0
DYG,DMK,0
EIN,SZG,0
ESB,CPH,0
EVN,CGN,0
FAE,CDG,0
FRA,ZNZ,0
FSP,YUL,0
GAY,RGN,0
GSV,MCX,0
GYD,TJM,0
HDN,DAL,0
HGA,JED,0
HTG,KJA,0
HUX,YEG,0
IMF,TEI,0
JED,AWZ,0
JED,MLE,0
KCC,EDA,0
KCY,BKA,0
KDH,DXB,0
KEF,NCE,0
KJA,HTG,0
KJT,BPN,0
KVA,MUC,0
LAX,ATH,0
LBA,BUD,0
LBA,POZ,0
LYS,CLY,0
MAD,STI,0
MAH,BOH,0
MAU,BOB,0
MCX,GSV,0
MEL,BME,0
MEL,TAO,0
MEM,RDU,0
MIA,XSC,0
MJC,KEO,0
MPL,RNS,0
MRS,BIQ,0
MUC,KVA,0
MUC,VAR,0
NCE,KEF,0
NJC,TAS,0
ORF,PHX,0
ORN,DJG,0
PGF,DUB,0
PHX,ORF,0
PHX,RIC,0
PMI,AAR,0
PMI,ABZ,0
POZ,LBA,0
PUJ,RDU,0
PUS,SYX,0
RDU,MEM,0
RDU,PUJ,0
RGN,GAY,0
RIC,PHX,0
RMF,NAP,0
RNS,MPL,0
RSW,YUL,0
SAN,CMH,0
SJU,YYZ,0
SSH,AER,0
SSH,PEE,0
STN,KLX,0
SUF,WRO,0
SYX,PUS,0
SZG,EIN,0
TAS,NJC,0
TEI,IMF,0
TGD,ATH,0
TJM,GYD,0
TNQ,TNV,0
UKK,DME,0
URC,FOC,0
VAR,MUC,0
WRO,SUF,0
XSC,MIA,0
YEG,HUX,0
YUL,FSP,0
YXE,PVR,0
YYZ,AZS,0
YYZ,SJU,0
ZIA,TLV,0
ABE,BNA,0
ACC,OUA,0
AGP,TMP,0
AKS,HIR,0
AMS,JTR,0
ARN,HRG,0
ASR,MUC,0
AZR,CZL,0
BAR,LZH,0
BDS,LGW,0
BEL,BVB,0
BER,COV,0
BGY,BBU,0
BHX,BOD,0
BJV,LED,0
BKK,MAD,0
BLQ,MAH,0
BLR,JSA,0
BNA,ABE,0
BNA,CAK,0
BOD,BHX,0
BSB,IGU,0
BVB,BEL,0
BZN,SAN,0
CAE,SFB,0
CAK,BNA,0
CBG,GOT,0
CCU,CAN,0
CCV,VLI,0
CEE,SVX,0
CFB,CNF,0
CGK,SYX,0
CHQ,MXP,0
CKY,LFW,0
CMH,MSY,0
CNF,CFB,0
COV,BER,0
CRL,LDE,0
CRL,RVN,0
CSX,KTI,0
DBV,POZ,0
DEL,PXN,0
DEN,PUJ,0
DJG,ORN,0
DSS,TUN,0
DTM,ONQ,0
DUS,TLV,0
EDI,GCI,0
EGC,LCY,0
FUO,WHA,0
GAN,MUM,0
GCI,EDI,0
GOT,CBG,0
GRU,MUC,0
GUW,SAW,0
HRB,WHA,0
HRG,ARN,0
HUZ,WMT,0
HYD,PXN,0
IGU,BSB,0
IMF,IXB,0
IRZ,TFF,0
IXA,IXB,0
IXB,IMF,0
IXB,IXA,0
JED,CNN,0
JEG,JCH,0
JSA,BLR,0
JTR,AMS,0
JUZ,WUH,0
KHG,XNN,0
KLX,STN,0
KOA,YYC,0
KTI,CSX,0
LCY,EGC,0
LDE,CRL,0
LED,BJV,0
LFW,CKY,0
LGW,BDS,0
LKB,SUV,0
LPA,OPO,0
LPF,NKG,0
LPF,SZX,0
LTN,VIE,0
LXR,CDG,0
LZH,BAR,0
MAD,BKK,0
MED,ALA,0
MEX,TQO,0
MHT,MYR,0
MKE,SAN,0
MQN,MJF,0
MRS,DUS,0
MSP,HOU,0
MSY,CMH,0
MUC,ASR,0
MUC,GRU,0
MUH,PRG,0
MYR,MHT,0
NDR,SXB,0
NGO,YCU,0
NKG,LPF,0
NNG,PNH,0
OGV,OKU,0
OGX,CZL,0
ONQ,DTM,0
OPO,LPA,0
OSS,CEK,0
PAD,HER,0
POZ,DBV,0
PRG,MUH,0
PUJ,DEN,0
PVK,FRA,0
PXN,DEL,0
PXN,HYD,0
REN,GOJ,0
RVN,CRL,0
SAN,BZN,0
SAN,MKE,0
SAW,GUW,0
SFB,CAE,0
SID,WAW,0
SOF,HRG,0
STI,MAD,0
SUV,LKB,0
SVX,CEE,0
SWP,OGV,0
SXB,NDR,0
SYX,CGK,0
SZX,LPF,0
TAO,MEL,0
TFF,IRZ,0
TLV,DUS,0
TMP,AGP,0
TQO,MEX,0
TUN,VCE,0
VIE,LTN,0
VLI,CCV,0
VNO,TFS,0
WAW,SID,0
WDH,SWP,0
WHA,FUO,0
WHA,HRB,0
WMT,HUZ,0
WUH,JUZ,0
XNN,KHG,0
YCU,NGO,0
YPM,ZSJ,0
YUL,RSW,0
YYC,KOA,0
AER,OSW,0
AGP,EAS,0
AKN,PIP,0
AMS,SSH,0
ANC,SDP,0
AUH,LED,0
AYT,DOH,0
BBU,BGY,0
BER,EMA,0
BEY,NCE,0
BFJ,HAK,0
BFJ,XIY,0
BJM,DAR,0
BMW,ALG,0
BNN,SSJ,0
BOB,MAU,0
BPE,WUT,0
CAN,CCU,0
CFU,POZ,0
CJJ,HIJ,0
CPH,MSP,0
CRL,PUY,0
CZL,ETZ,0
DAR,BJM,0
DEL,PNH,0
DJE,TLS,0
DLU,HET,0
DLU,ZUH,0
DOH,AYT,0
DPP,BHO,0
DUB,MIA,0
DUS,TIV,0
DXB,VAR,0
DYG,TSN,0
DYG,VTE,0
EAS,AGP,0
EFL,MXP,0
EFL,NAP,0
EMA,BER,0
ENY,WUH,0
ETZ,CZL,0
EZV,HMA,0
FOC,URC,0
FRA,PVK,0
GCM,IAD,0
GOJ,REN,0
HAK,BFJ,0
HET,DLU,0
HFE,LPQ,0
HKG,VTE,0
HMA,EZV,0
HRB,SQD,0
HRG,ZNZ,0
HTS,MYR,0
IAD,GCM,0
IJK,KGD,0
JGS,ZUH,0
JHG,ZAT,0
JMK,PFO,0
JNG,URC,0
KGD,IJK,0
KMG,WEH,0
LAS,RDM,0
LED,AUH,0
LGW,SJO,0
LHR,TOS,0
LOS,COO,0
LPA,TSF,0
LPQ,HFE,0
MAH,BLQ,0
MBJ,YYC,0
MBZ,MAO,0
MIA,DUB,0
MJF,MQN,0
MLE,JED,0
MLE,VKO,0
MLE,XMN,0
MRV,NQZ,0
MSP,CPH,0
MUC,DYU,0
MUC,JNB,0
MXP,EFL,0
MYR,HTS,0
NAO,TNA,0
NAP,EFL,0
NCE,BEY,0
NKI,EDA,0
NQZ,MRV,0
NQZ,TBS,0
NTE,PSA,0
OSW,AER,0
OUA,ALG,0
PEE,SSH,0
PFO,JMK,0
PGD,ROC,0
PIP,UGS,0
PKX,PZI,0
PNH,DEL,0
POZ,CFU,0
PQC,NQZ,0
PSA,NTE,0
PUY,CRL,0
PVK,BUD,0
PZI,PKX,0
RDM,LAS,0
RGN,VTE,0
ROC,PGD,0
RUH,VKO,0
RVD,VCP,0
SJO,LGW,0
SJO,SAP,0
SQD,HRB,0
SSH,AMS,0
SSJ,BNN,0
TBS,NQZ,0
TFS,VNO,0
THD,VCA,0
TIV,DUS,0
TLS,DJE,0
TLV,LJU,0
TLV,ZIA,0
TNA,NAO,0
TOS,LHR,0
TSF,LPA,0
TSN,DYG,0
UGS,AKN,0
UPG,WMX,0
URC,JNG,0
VAR,AMS,0
VCA,THD,0
VCP,RVD,0
VKO,MLE,0
VKO,RUH,0
VRA,YYC,0
VTE,DYG,0
VTE,HKG,0
VTE,RGN,0
WEH,KMG,0
WNZ,ZHY,0
WUH,ENY,0
WUT,BPE,0
WUT,XIY,0
WWP,NKI,0
XIY,BFJ,0
XIY,WUT,0
XMN,MLE,0
YOW,YSB,0
YSB,YOW,0
YXU,CUN,0
ZAT,JHG,0
ZHY,WNZ,0
ZNZ,HRG,0
ZUH,DLU,0
ZUH,JGS,0
AAL,AYT,0
ACA,DFW,0
ACE,RTM,0
ADB,EDI,0
AHO,VCE,0
AKL,HBA,0
ALA,IKT,0
ALG,LIS,0
ALG,OUA,0
AMM,HRG,0
ASR,LGG,0
AYT,AAL,0
AYT,URA,0
BCN,LCA,0
BCN,VLL,0
BDL,PUJ,0
BIA,MUC,0
BLJ,LYS,0
BLJ,MRS,0
BOM,TBS,0
BQS,TYD,0
BRE,RMO,0
BUR,SLE,0
BZR,STN,0
CAI,NRT,0
CCU,RRK,0
CDG,FAO,0
CEE,KZN,0
CGN,JED,0
CMH,CUN,0
CMN,PSA,0
CSX,DQA,0
CTA,LUX,0
CUN,CMH,0
CUN,YXU,0
CUR,MDE,0
CVG,GUF,0
DFW,ACA,0
DJE,SOF,0
DMK,TRZ,0
DMM,PZU,0
DMM,TBS,0
DUS,GDN,0
DXB,BOJ,0
EDI,ADB,0
EDI,YHZ,0
ELM,PGD,0
EXT,PFO,0
FAO,CDG,0
FBM,NBO,0
FCO,HGH,0
FCO,ORK,0
FRA,KLX,0
FSP,YYT,0
FUO,LHW,0
GDN,DUS,0
GRR,PBI,0
GUF,CVG,0
HAK,HZG,0
HAK,YYA,0
HAM,KEF,0
HAV,PBM,0
HBA,AKL,0
HGH,FCO,0
HKG,SPN,0
HMA,SLY,0
HSS,IXC,0
HTA,TOF,0
HYD,VDY,0
HZG,HAK,0
IAM,OGX,0
IBZ,ZRH,0
IKT,ALA,0
IXC,HSS,0
JED,CGN,0
JJN,WHA,0
JNB,MUC,0
KEF,HAM,0
KJA,CXR,0
KWL,YNT,0
LAP,LMM,0
LAS,SAL,0
LAX,NAS,0
LCA,BCN,0
LGG,ASR,0
LHW,FUO,0
LIS,ALG,0
LKO,RKT,0
LMM,LAP,0
LUX,CTA,0
LYS,BLJ,0
MAD,SFO,0
MAH,NAP,0
MAN,RVN,0
MAN,SOU,0
MDE,CUR,0
MRS,BLJ,0
MSP,AUA,0
MUC,BIA,0
MXP,CHQ,0
MXP,TPS,0
NAP,MAH,0
NAP,OSL,0
NBO,NLA,0
NRT,CAI,0
NSK,AER,0
NYU,HEH,0
OGX,IAM,0
OPO,RIX,0
OSL,NAP,0
PBI,GRR,0
PFO,EXT,0
PGD,ELM,0
PMO,RTM,0
PNH,CGO,0
PSA,CMN,0
PSA,RIX,0
PUJ,BDL,0
RIX,OPO,0
RIX,PSA,0
RKT,LKO,0
RMO,BRE,0
RMO,TRN,0
RRK,CCU,0
RTM,FUE,0
RTM,PMO,0
RVN,MAN,0
SAL,LAS,0
SAP,SJO,0
SDP,CDB,0
SFJ,CPH,0
SFO,MAD,0
SLE,BUR,0
SLY,HMA,0
SOU,MAN,0
SPN,HKG,0
STN,BZR,0
SVX,BKK,0
TBS,BOM,0
TBS,DMM,0
TKP,TKX,0
TLS,VCE,0
TOF,HTA,0
TPS,MXP,0
TRN,RMO,0
TRT,UPG,0
TRZ,DMK,0
TYD,BQS,0
UPG,TRT,0
URA,AYT,0
VCE,AHO,0
VCE,TLS,0
VDY,HYD,0
VLL,BCN,0
WHA,JJN,0
XIY,YYA,0
YFJ,YRA,0
YHZ,EDI,0
YNT,KWL,0
YOC,YDA,0
YRA,YFJ,0
YYA,HAK,0
YYA,XIY,0
YYC,MBJ,0
YYC,VRA,0
YYT,FSP,0
ZRH,IBZ,0
ACE,BLQ,0
ADQ,ALZ,0
ADQ,KWP,0
ADQ,KZB,0
ADQ,UGI,0
ALA,BJV,0
AMM,TBS,0
ANU,ATL,0
ANU,BBQ,0
ATH,VLC,0
ATL,ANU,0
ATL,TTN,0
AUA,MSP,0
AUS,YYC,0
BBQ,ANU,0
BGY,ZTH,0
BIO,ORK,0
BJV,ALA,0
BKK,SVX,0
BLQ,ACE,0
BLV,GUF,0
BOS,DSM,0
BPS,PPB,0
BRI,BSL,0
BRS,TRN,0
BSL,BRI,0
BUS,DXB,0
CDG,BGF,0
CDG,RHO,0
CDG,TAS,0
CGH,UBA,0
CGO,PNH,0
CLJ,SAW,0
CLT,YQB,0
CPH,MRS,0
CPH,YUL,0
CUN,SJU,0
CZL,GHA,0
DBV,BRU,0
DBV,GVA,0
DLA,ALG,0
DOG,PZU,0
DOH,LRR,0
DQA,CSX,0
DRO,IAH,0
DSM,BOS,0
DXB,BUS,0
GRR,JAX,0
GRR,RDU,0
GRU,PPB,0
GUF,BLV,0
GVA,DBV,0
HKT,NKG,0
HSN,RIZ,0
HYN,XUZ,0
IAH,DRO,0
IAH,MAN,0
IQN,NKG,0
IXE,JED,0
JAX,GRR,0
JED,IXE,0
JJG,VCP,0
KEF,YHM,0
KLX,FRA,0
KOA,OAK,0
KTI,MFM,0
KTW,TPS,0
KUL,PNK,0
KUN,PSA,0
KWL,WHA,0
LEX,SRQ,0
LHR,ZTH,0
LPA,MLN,0
LRR,DOH,0
LUX,RMI,0
MAN,IAH,0
MAN,RMO,0
MAN,SDR,0
MAO,RBB,0
MLA,PMO,0
MLN,LPA,0
MRS,CPH,0
MXQ,PBA,0
NAS,LAX,0
NCL,PRG,0
NKG,IQN,0
OAK,KOA,0
ORK,BIO,0
ORK,FCO,0
PMO,MLA,0
PNK,KUL,0
PPB,BPS,0
PPB,GRU,0
PQC,CIT,0
PRG,NCL,0
PRG,TLL,0
PRG,TRN,0
PSA,KUN,0
PVU,SFB,0
PZU,DOG,0
RDU,GRR,0
RHO,BLQ,0
RHO,CDG,0
RIZ,HSN,0
RIZ,TYN,0
RMI,LUX,0
RMO,MAN,0
SAW,CLJ,0
SDR,MAN,0
SDR,TSF,0
SDU,SSA,0
SFB,PVU,0
SJU,CUN,0
SLU,GND,0
SNU,YQB,0
SRQ,LEX,0
SXM,CAP,0
TBS,AMM,0
TLL,PRG,0
TPS,KTW,0
TQA,JUV,0
TRN,BRS,0
TRN,PRG,0
TSF,SDR,0
TSN,WXN,0
TTN,ATL,0
TYN,RIZ,0
UBA,CGH,0
VCP,JJG,0
VLC,ATH,0
VNO,DXB,0
WHA,KWL,0
WXN,TSN,0
XUZ,HYN,0
YHM,KEF,0
YQB,CLT,0
YQB,SNU,0
YUL,CPH,0
YYC,AUS,0
ZTH,BGY,0
ZTH,LHR,0
ADQ,KPR,0
ADQ,SYB,0
AGA,LBA,0
AGA,LPA,0
ALA,MED,0
ALA,OSS,0
BAX,HTA,0
BCN,PIS,0
BGY,CHQ,0
BHX,NCE,0
BJL,LIS,0
BOJ,HAM,0
BQS,EYA,0
BRU,LEI,0
BUD,CIT,0
CAI,DAM,0
CAW,VCP,0
CEK,MSQ,0
CFU,MRS,0
CFU,VNO,0
CHQ,BGY,0
CHQ,DUB,0
CIH,KWL,0
CIT,BUD,0
CWL,PFO,0
DAM,CAI,0
DND,KOI,0
DRV,NMF,0
DTM,KRK,0
DTW,SJC,0
DUB,CHQ,0
DWC,STR,0
DXB,VNO,0
EIN,OUD,0
EYA,BQS,0
FCO,LUZ,0
FKB,LPA,0
FLL,MDT,0
FOC,WUZ,0
FOG,MUC,0
GOJ,MCX,0
GRZ,RHO,0
HAM,BOJ,0
HGU,TBG,0
HOU,MSP,0
HTA,BAX,0
HVN,MSY,0
IBZ,NRN,0
IST,LAD,0
IVL,KKN,0
JED,KNO,0
KKN,IVL,0
KOI,DND,0
KRK,DTM,0
KTW,PSA,0
KUF,MCX,0
KWL,CIH,0
KZN,CEE,0
LBA,AGA,0
LEI,SEN,0
LGW,TLS,0
LIT,SFB,0
LOS,NBJ,0
LPA,AGA,0
LPA,FKB,0
LUX,RAK,0
LUZ,FCO,0
MBJ,RDU,0
MCX,GOJ,0
MDT,FLL,0
MFM,KTI,0
MPL,TUN,0
MRS,CFU,0
MSY,HVN,0
MUC,FOG,0
MUH,MXP,0
MXP,WMI,0
NCE,BHX,0
NKG,HKT,0
NMA,UFA,0
NRN,IBZ,0
NRN,REU,0
NRN,TPS,0
OGX,TMR,0
ORY,REU,0
OSS,ALA,0
OUD,EIN,0
OVD,VCE,0
PFO,CWL,0
PIS,BCN,0
PPT,HOI,0
PSA,KTW,0
PSA,RHO,0
RAK,WAW,0
RDU,MBJ,0
REU,NRN,0
REU,ORY,0
RHO,GRZ,0
RHO,PSA,0
RMI,VIE,0
RUP,CCU,0
SEN,LEI,0
SFB,LIT,0
SFO,CCU,0
SJC,DTW,0
SSA,SDU,0
STR,DWC,0
STR,SUF,0
SUF,STR,0
TFU,WUZ,0
TLS,LGW,0
TPS,NRN,0
TUN,MPL,0
UFA,NMA,0
VCE,OVD,0
VCE,ZTH,0
VCP,CAW,0
VIE,RMI,0
VNO,CFU,0
WAW,RAK,0
WMI,MXP,0
WMT,YBP,0
WUH,WUT,0
WUT,WUH,0
WUZ,FOC,0
WUZ,TFU,0
XMN,YIC,0
YBP,WMT,0
YIC,XMN,0
YQB,HOG,0
YQB,YVR,0
YVR,YQB,0
ZHY,CAN,0
ZTH,VCE,0
ABA,AER,0
AER,ABA,0
AGP,LIL,0
ALC,LIL,0
ALC,NCE,0
ALF,BJF,0
AMM,BGY,0
ARN,WMI,0
ASR,VIE,0
AVL,MSP,0
AVP,MYR,0
BDA,DCA,0
BDS,NTE,0
BDS,WRO,0
BES,FAO,0
BES,MAH,0
BFS,BGY,0
BGA,FLL,0
BGY,AMM,0
BGY,BFS,0
BKK,LED,0
BOJ,CWL,0
BOJ,OSL,0
BON,SXM,0
BRQ,FCO,0
BRS,IOM,0
BSL,CFU,0
BTS,KSC,0
BWI,NAS,0
BZE,EWR,0
CAP,SXM,0
CCU,RUP,0
CFR,FSC,0
CFU,BSL,0
CHA,MCO,0
CHQ,GDN,0
CIT,ICN,0
CIT,PVG,0
CKG,SYD,0
CMH,PWM,0
CPH,SFJ,0
CWL,BOJ,0
CXR,KJA,0
CZL,AZR,0
DBV,KTW,0
DBV,NRN,0
DCA,BDA,0
DLM,KZN,0
DUB,SKG,0
DXB,VOG,0
EDI,JER,0
EDI,YYC,0
EMA,BVC,0
EMA,VLC,0
EVN,NCE,0
EWR,BZE,0
FAO,BES,0
FAO,KIR,0
FAO,LIL,0
FCO,BRQ,0
FCO,HKG,0
FLL,BGA,0
FLL,TVC,0
FSC,CFR,0
FSC,SXB,0
FUE,KRK,0
GDN,CHQ,0
GEO,AMS,0
GLA,MAH,0
GOT,SKG,0
GRV,SGC,0
GVA,RMF,0
HAM,LCA,0
HAM,VLC,0
HFT,BVG,0
HKG,FCO,0
HKG,LYI,0
HLP,BPN,0
HRG,MRV,0
IAD,NAS,0
ICN,CIT,0
ILG,ILM,0
ILM,ILG,0
IOM,BRS,0
IST,MPL,0
JDZ,TFU,0
JDZ,XMN,0
JER,EDI,0
JGB,JLR,0
JGN,SHA,0
KHG,WUH,0
KIR,FAO,0
KIX,YYZ,0
KOW,LJG,0
KRK,FUE,0
KSC,BTS,0
KTW,DBV,0
KUN,PSR,0
KZN,DLM,0
LBA,NAP,0
LCA,HAM,0
LED,BKK,0
LIL,AGP,0
LIL,ALC,0
LIL,FAO,0
LIS,BJL,0
LJG,KOW,0
LJG,YIH,0
LLM,HIR,0
LRM,MXP,0
LTN,SZG,0
LUX,DWC,0
LYI,HKG,0
MAH,BES,0
MAH,GLA,0
MCO,CHA,0
MCX,KUF,0
MJF,RVK,0
MPL,IST,0
MPM,NBJ,0
MRV,HRG,0
MSP,AVL,0
MSQ,CEK,0
MXP,MLE,0
MXP,MUH,0
MYR,AVP,0
NAP,LBA,0
NAS,BWI,0
NAS,IAD,0
NBJ,LOS,0
NBJ,MPM,0
NCE,ALC,0
NCE,EVN,0
NRN,DBV,0
NTE,BDS,0
NYR,YKS,0
OSL,BOJ,0
OTP,VRN,0
OVD,XRY,0
POJ,AAX,0
PSR,KUN,0
PUJ,TPA,0
PVG,CIT,0
PWM,CMH,0
RMF,GVA,0
SGC,GRV,0
SGG,AGM,0
SHA,JGN,0
SKD,MRV,0
SKG,DUB,0
SKG,GOT,0
SMF,YYZ,0
SSJ,OSY,0
SXB,FSC,0
SYD,CKG,0
SZG,LTN,0
TFU,JDZ,0
TMM,SMS,0
TPA,PUJ,0
TPA,YVR,0
TPE,YGJ,0
TVC,FLL,0
UPN,NLU,0
VDS,ALF,0
VIE,ASR,0
VLC,EMA,0
VLC,HAM,0
VOG,DXB,0
VRN,OTP,0
WMI,ARN,0
WRO,BDS,0
WUH,KHG,0
XMN,JDZ,0
XRY,OVD,0
YGJ,TPE,0
YIH,LJG,0
YKS,SUY,0
YVR,TPA,0
YYC,EDI,0
YYC,YQB,0
YYZ,KIX,0
YYZ,SMF,0
AER,BAH,0
AGP,BES,0
AGP,PAD,0
AMS,MJT,0
AMS,OHD,0
BAH,AER,0
BBU,BSL,0
BDS,MAD,0
BES,AGP,0
BGY,RMF,0
BHX,GIB,0
BHX,LDY,0
BHX,TIV,0
BIQ,EDI,0
BLR,RUH,0
BOD,NAP,0
BRU,PFO,0
BSL,BBU,0
BSL,RHO,0
CAG,FKB,0
CDG,SVG,0
CGN,PRG,0
CIY,LIN,0
CMN,TTA,0
COR,PSS,0
COS,SAN,0
CRA,MAD,0
CUN,SCL,0
CUN,YKF,0
CZX,URC,0
DIL,OEC,0
DLC,XNN,0
DNH,HKG,0
DOL,PMI,0
DUS,TOS,0
DWC,LUX,0
EDI,BIQ,0
EDI,FLR,0
ENY,INC,0
EVN,KWI,0
EVN,LYS,0
FAO,ZRH,0
FCO,MAH,0
FKB,CAG,0
FKB,PMO,0
FKB,SUF,0
FLR,EDI,0
FLR,TLS,0
FNC,MXP,0
GIB,BHX,0
GOT,GVA,0
GOT,ZAD,0
GUA,YUL,0
HEL,SKG,0
HKG,DNH,0
HKG,SHI,0
HLA,PLZ,0
HMI,KRY,0
HOG,YQB,0
HTG,NSK,0
HUH,MOZ,0
ICN,ZAG,0
INC,ENY,0
JED,UET,0
JUV,TQA,0
KBL,KHT,0
KEJ,UUD,0
KGD,KVX,0
KRY,HMI,0
KSQ,LED,0
KUT,LYS,0
KVX,KGD,0
KWI,EVN,0
LDY,BHX,0
LED,KSQ,0
LFR,PMV,0
LIN,CIY,0
LPA,SID,0
LYI,NNG,0
LYS,EVN,0
LYS,KUT,0
MAA,RGN,0
MAD,BDS,0
MAD,CRA,0
MDW,PSP,0
MRV,PES,0
MRV,SKD,0
MSY,PIT,0
MUC,BVC,0
MVD,FLN,0
MXP,FNC,0
MYR,STL,0
NAP,BOD,0
NAS,IGA,0
NLU,PAZ,0
NNG,LYI,0
NSK,HTG,0
NTE,SPU,0
OEC,DIL,0
OHD,AMS,0
OLB,SZG,0
OUA,COO,0
PAD,AGP,0
PAZ,NLU,0
PES,MRV,0
PFO,BRU,0
PFO,WAW,0
PLZ,HLA,0
PMI,DOL,0
PMO,FKB,0
PMV,LFR,0
PRG,CGN,0
PSP,MDW,0
PSR,VLC,0
PSS,COR,0
REU,SEN,0
RGN,MAA,0
RHO,BSL,0
RLK,TFU,0
RUH,BLR,0
SAN,COS,0
SCL,CUN,0
SEN,REU,0
SHI,HKG,0
SID,LPA,0
SID,MUC,0
SKG,HEL,0
SPU,NTE,0
SQJ,XIY,0
STL,MYR,0
STN,TIV,0
SUF,FKB,0
SVG,CDG,0
SZG,OLB,0
TBZ,IKA,0
TFN,VLL,0
TFU,RLK,0
TIV,BHX,0
TIV,STN,0
TLS,FLR,0
TOS,DUS,0
URC,CZX,0
UUD,KEJ,0
VLC,PSR,0
VLL,TFN,0
WAW,PFO,0
WUS,XIY,0
XIY,SQJ,0
XIY,WUS,0
XMN,DMK,0
XNN,DLC,0
YKF,CUN,0
YQB,YYC,0
ZAD,GOT,0
ZAG,ICN,0
ZRH,FAO,0
AAL,NCE,0
AEY,LGW,0
AGA,CGN,0
AGA,OPO,0
AGA,VLC,0
AGP,BRI,0
AGP,TRN,0
AHO,ORY,0
AHO,PMO,0
ALC,ATH,0
ALC,BRI,0
ALC,KLU,0
ALC,TRN,0
ARN,INI,0
ARN,VLC,0
ATH,ALC,0
ATH,LIL,0
AXP,NAS,0
AYT,BGO,0
BAZ,MAO,0
BCN,BGO,0
BCN,PEG,0
BCN,SVG,0
BDA,RIC,0
BDL,GSO,0
BDS,BVA,0
BDS,RTM,0
BER,CDT,0
BER,EVN,0
BER,NTE,0
BER,TGD,0
BES,OPO,0
BFS,BVA,0
BFS,OPO,0
BFS,VLC,0
BGO,AYT,0
BGO,BCN,0
BGO,FCO,0
BGY,BRQ,0
BGY,FKB,0
BGY,LPP,0
BGY,NOC,0
BGY,ORK,0
BHX,CTA,0
BHX,SDR,0
BIA,RTM,0
BIO,OSL,0
BJV,KWI,0
BKI,NRT,0
BKK,KHN,0
BLQ,MRS,0
BLQ,OSL,0
BOD,OLB,0
BOJ,WMI,0
BPL,WUH,0
BRI,AGP,0
BRI,ALC,0
BRI,DUB,0
BRI,EDI,0
BRI,MST,0
BRI,TLS,0
BRQ,BGY,0
BRS,VLC,0
BRU,SMI,0
BSL,KEF,0
BSL,SBZ,0
BSR,CAI,0
BSZ,JED,0
BTS,SOF,0
BUD,CDT,0
BVA,BDS,0
BVA,BFS,0
BVA,DBV,0
BVA,ESU,0
BVA,IBZ,0
BVA,SJJ,0
BVC,EMA,0
BVE,STN,0
BWK,ZAG,0
CAG,DUB,0
CAG,GOT,0
CAI,BSR,0
CAN,JUH,0
CCF,OPO,0
CDT,BER,0
CDT,BUD,0
CDT,KRK,0
CEE,MRV,0
CFE,STN,0
CFU,WMI,0
CGN,AGA,0
CHQ,MRS,0
CHQ,WMI,0
CIA,FEZ,0
CMN,RTM,0
CNF,IGU,0
COO,BRU,0
CPH,LJU,0
CPH,TIA,0
CPH,TLS,0
CPH,WMI,0
CRL,HER,0
CRL,MAH,0
CRL,TPS,0
CTA,BHX,0
CTA,LYS,0
CTA,WMI,0
CWL,FAO,0
CYC,SPR,0
DAL,MSP,0
DBV,BVA,0
DBV,FKB,0
DBV,FMM,0
DBV,TRF,0
DMK,XMN,0
DPB,PUQ,0
DUB,BRI,0
DUB,CAG,0
DUB,FNI,0
DUB,ZAD,0
DUS,YEI,0
EDI,BRI,0
EDI,EGC,0
EDI,MCO,0
EDI,PMO,0
EDI,REU,0
EDI,TIA,0
EDI,WMI,0
EFL,NCL,0
EGC,EDI,0
EIN,MLA,0
EIN,NAP,0
EIN,SKG,0
EIN,ZAD,0
EMA,TSF,0
ESU,BVA,0
EVN,BER,0
EVN,VOG,0
EXT,FAO,0
FAO,CWL,0
FAO,EXT,0
FAO,MME,0
FAO,NWI,0
FCO,BGO,0
FCO,SBZ,0
FEZ,CIA,0
FEZ,LIL,0
FEZ,PMI,0
FEZ,ZAZ,0
FKB,BGY,0
FKB,DBV,0
FLN,MVD,0
FMM,DBV,0
FMM,RHO,0
FMM,SCQ,0
FNI,DUB,0
FNI,STN,0
FNJ,PEK,0
FOG,MXP,0
FRL,KTW,0
FUO,WDS,0
FYN,LHW,0
GCM,LCE,0
GDN,LUZ,0
GDN,VXO,0
GJL,MRS,0
GKK,GAN,0
GLA,OPO,0
GOA,OTP,0
GOT,CAG,0
GOT,KUN,0
GOT,PSA,0
GOT,TFS,0
GRO,LUZ,0
GRO,MST,0
GRO,NOC,0
GRU,CCS,0
GSO,BDL,0
GSO,MCO,0
GVA,GOT,0
HAK,ZHA,0
HAN,KWE,0
HEH,NYU,0
HER,CRL,0
HHN,IBZ,0
HHN,VLC,0
HIJ,CJJ,0
HRG,MRS,0
HYN,NNG,0
IAS,VCE,0
IBZ,BVA,0
IBZ,HHN,0
IGA,NAS,0
IGU,CNF,0
INI,ARN,0
JFK,PVR,0
JTR,OTP,0
JUH,CAN,0
KEF,BSL,0
KHN,BKK,0
KLU,ALC,0
KRK,CDT,0
KRK,LDE,0
KRK,TRN,0
KTW,FRL,0
KUN,GOT,0
KUN,NAP,0
KUN,PMI,0
KWE,HAN,0
KWI,BJV,0
KWI,VIE,0
KWL,NTG,0
LAN,RSW,0
LBA,OPO,0
LBD,TJM,0
LCA,STR,0
LCE,GCM,0
LDE,KRK,0
LDE,MLA,0
LDE,PMO,0
LEI,BRU,0
LEI,LPA,0
LEI,LTN,0
LGW,AEY,0
LGW,MLB,0
LHW,FYN,0
LIL,ATH,0
LIL,FEZ,0
LIN,SPU,0
LIS,PSA,0
LJU,CPH,0
LJU,HRG,0
LNZ,PMI,0
LPA,LEI,0
LPA,PIK,0
LPL,OPO,0
LPP,BGY,0
LTN,LEI,0
LUX,PSR,0
LUX,SVQ,0
LUZ,GDN,0
LUZ,GRO,0
LYS,CTA,0
MAH,CRL,0
MAO,BAZ,0
MCO,EDI,0
MCO,GSO,0
MIR,VKO,0
MJZ,ULK,0
MLA,EIN,0
MLA,LDE,0
MLA,NTE,0
MLA,PSR,0
MLA,RZE,0
MLA,SNN,0
MME,FAO,0
MRS,BLQ,0
MRS,CHQ,0
MRS,GJL,0
MRS,HRG,0
MRS,OLB,0
MRS,TIA,0
MRV,CEE,0
MST,BRI,0
MST,GRO,0
MST,OPO,0
MXP,ATQ,0
MXP,FOG,0
MXP,TOS,0
NAP,EIN,0
NAP,KUN,0
NAP,SKG,0
NAP,SNN,0
NAS,AXP,0
NAT,SJP,0
NCE,AAL,0
NCL,EFL,0
NNG,HYN,0
NOC,BGY,0
NOC,GRO,0
NRT,BKI,0
NTE,BER,0
NTE,MLA,0
NTG,KWL,0
NTG,VTE,0
NWI,FAO,0
NYO,PMI,0
NYU,RGN,0
OLB,BOD,0
OLB,MRS,0
OPO,AGA,0
OPO,BES,0
OPO,BFS,0
OPO,CCF,0
OPO,GLA,0
OPO,LBA,0
OPO,LPL,0
OPO,MST,0
OPO,WMI,0
ORK,BGY,0
ORK,PSA,0
ORK,VCE,0
ORY,AHO,0
OSL,BIO,0
OSL,BLQ,0
OSL,PUY,0
OSL,VCE,0
OTP,GOA,0
OTP,JTR,0
OTP,PEG,0
OTP,PMO,0
PBA,MXQ,0
PED,PMI,0
PEG,BCN,0
PEG,OTP,0
PEK,FNJ,0
PFO,BOH,0
PIK,LPA,0
PIK,PSA,0
PIT,MSY,0
PMI,FEZ,0
PMI,KUN,0
PMI,LNZ,0
PMI,NYO,0
PMI,PED,0
PMI,RAK,0
PMI,WMI,0
PMO,AHO,0
PMO,EDI,0
PMO,LDE,0
PMO,OTP,0
PRG,PSR,0
PRG,TRS,0
PSA,GOT,0
PSA,LIS,0
PSA,ORK,0
PSA,PIK,0
PSA,SEN,0
PSR,LUX,0
PSR,MLA,0
PSR,PRG,0
PUQ,DPB,0
PUS,SJW,0
PUY,OSL,0
PVR,JFK,0
QSR,STN,0
RAI,SNE,0
RAK,PMI,0
REU,EDI,0
RHO,FMM,0
RHO,WMI,0
RIC,BDA,0
RSW,LAN,0
RTM,BDS,0
RTM,BIA,0
RTM,CMN,0
RZE,MLA,0
SBZ,BSL,0
SBZ,FCO,0
SCQ,FMM,0
SDR,BHX,0
SEN,PSA,0
SJJ,BVA,0
SJP,NAT,0
SJW,PUS,0
SKG,EIN,0
SKG,NAP,0
SKG,WMI,0
SKP,TSF,0
SMS,TMM,0
SNN,MLA,0
SNN,NAP,0
SOF,BTS,0
SPU,LIN,0
STN,BVE,0
STN,CFE,0
STN,FNI,0
STN,QSR,0
STR,LCA,0
STR,ZAD,0
SUF,VLC,0
SVG,BCN,0
SVQ,LUX,0
SVQ,TPS,0
TFS,GOT,0
TGD,BER,0
TIA,CPH,0
TIA,EDI,0
TIA,MRS,0
TJM,LBD,0
TLS,BRI,0
TLS,CPH,0
TOS,MXP,0
TPS,CRL,0
TPS,SVQ,0
TRF,DBV,0
TRN,AGP,0
TRN,ALC,0
TRN,KRK,0
TRS,PRG,0
TSF,EMA,0
TSF,SKP,0
TSF,TSR,0
TSR,TSF,0
ULK,MJZ,0
VCE,IAS,0
VCE,ORK,0
VCE,OSL,0
VIE,KWI,0
VKO,MIR,0
VKT,ZIA,0
VLC,AGA,0
VLC,ARN,0
VLC,BFS,0
VLC,BRS,0
VLC,HHN,0
VLC,SUF,0
VOG,EVN,0
VTE,NTG,0
VXO,GDN,0
WDS,FUO,0
WMI,BOJ,0
WMI,CFU,0
WMI,CHQ,0
WMI,CPH,0
WMI,CTA,0
WMI,EDI,0
WMI,OPO,0
WMI,PMI,0
WMI,RHO,0
WMI,SKG,0
WUH,BPL,0
YEI,DUS,0
ZAD,DUB,0
ZAD,EIN,0
ZAG,BWK,0
ZAZ,FEZ,0
ZHA,HAK,0
ZIA,VKT,0
ABA,SVX,0
AEB,CSX,0
ALA,BUS,0
ALB,CHS,0
ALB,SRQ,0
ANC,OGG,0
AOK,AMS,0
ATH,KLX,0
ATL,BRU,0
ATQ,LKO,0
AUH,HMB,0
AVP,RSW,0
BDA,BDL,0
BDL,BDA,0
BEG,OHD,0
BEL,MIA,0
BGO,BGY,0
BGY,BGO,0
BHY,TYN,0
BIO,PMO,0
BLL,KRK,0
BNX,CRL,0
BOJ,EMA,0
BRI,DUS,0
BRN,PMI,0
BRU,ATL,0
BSL,MAH,0
BUS,ALA,0
BZE,SEA,0
CAG,CDG,0
CBB,GRU,0
CBR,CFS,0
CDG,CAG,0
CFS,CBR,0
CGQ,FUG,0
CHQ,NCE,0
CHS,ALB,0
CMN,STN,0
CNX,JHG,0
CRL,BNX,0
CRL,OLB,0
CRL,PFO,0
CRL,QSR,0
CRL,RDZ,0
CRL,SCQ,0
CSX,AEB,0
CTA,LDE,0
CTS,PKX,0
CWL,NBE,0
CXR,WUX,0
DBB,JED,0
DEB,LCA,0
DEL,JRH,0
DSN,WNZ,0
DUS,BRI,0
ELP,MCO,0
EMA,BOJ,0
ERI,TPA,0
EZE,PSS,0
FAR,PIE,0
FAV,RGI,0
FLL,HTS,0
FRA,PTY,0
FUG,CGQ,0
GDZ,VKO,0
HEL,PRN,0
HMB,AUH,0
HRG,LJU,0
HTS,FLL,0
JED,DBB,0
JER,LBA,0
JHG,CNX,0
JRH,DEL,0
JTR,BRU,0
KGD,VOG,0
KHT,KBL,0
KIH,RAS,0
KLX,ATH,0
KRK,BLL,0
KSM,PQS,0
KSR,UPG,0
KUG,UBB,0
LAD,BUG,0
LBA,JER,0
LCA,DEB,0
LDE,CTA,0
LHR,RMI,0
LKO,ATQ,0
LRM,YUL,0
LYS,RHO,0
MAH,BSL,0
MCO,ELP,0
MCO,SCL,0
MED,RKT,0
MIA,BEL,0
MIA,SRQ,0
MIR,STR,0
MJT,AMS,0
MLB,LGW,0
MSP,DAL,0
NAO,NNG,0
NAO,TAO,0
NBE,CWL,0
NBS,TNA,0
NCE,CHQ,0
NNG,NAO,0
NYO,RMO,0
OHD,BEG,0
OLB,CRL,0
OPO,RDZ,0
ORY,TLL,0
PEK,RGN,0
PFO,CRL,0
PIE,FAR,0
PKX,CTS,0
PMI,BRN,0
PMI,RMO,0
PMO,BIO,0
PQS,KSM,0
PRN,HEL,0
PTY,FRA,0
QSR,CRL,0
RAS,KIH,0
RDZ,CRL,0
RDZ,OPO,0
RGN,PEK,0
RHO,LYS,0
RMI,LHR,0
RMO,NYO,0
RMO,PMI,0
RMO,TIV,0
RSW,AVP,0
RTM,ZAD,0
SCQ,CRL,0
SEA,BZE,0
SHE,XNN,0
SRQ,ALB,0
STN,CMN,0
STR,VAR,0
SVX,ABA,0
SVX,DLM,0
TAO,NAO,0
TIV,RMO,0
TLL,ORY,0
TNA,NBS,0
TPA,ERI,0
TYN,BHY,0
UBB,KUG,0
UNA,CGH,0
UPG,KSR,0
VAR,STR,0
VKO,GDZ,0
VOG,AER,0
WUX,CXR,0
XMN,XNN,0
XNN,SHE,0
XNN,XMN,0
YTP,YVR,0
YUL,LRM,0
YVR,YTP,0
ZAD,RTM,0
ZAD,STR,0
ZSA,LGI,0
ABZ,TFS,0
ADB,KYA,0
ADB,NCL,0
ADE,GXF,0
ADQ,KOY,0
AER,VOG,0
AGM,SGG,0
AHO,VRN,0
ALG,DLA,0
ANI,CHU,0
AUH,TZX,0
AZD,KIH,0
BAX,UUD,0
BBA,PUQ,0
BDS,DUS,0
BER,NCL,0
BGO,NCE,0
BKI,DPS,0
BKK,CJU,0
BKK,WUX,0
BLV,FLL,0
BND,ZBR,0
BOD,PMO,0
BOH,PFO,0
BRU,FUE,0
BRU,SSH,0
BSL,PUY,0
BTS,SLL,0
BUF,PBI,0
CAE,EWR,0
CAI,LYS,0
CGH,UNA,0
CHA,EWR,0
CHU,CKD,0
CJU,BKK,0
CKD,RDV,0
CKG,SVO,0
CRI,NAS,0
CSX,HKG,0
CTA,DTM,0
DAL,RNO,0
DAT,HKG,0
DLI,VCA,0
DND,LSI,0
DPS,BKI,0
DSS,BGY,0
DTM,CTA,0
DUS,BDS,0
DUS,RVN,0
EBL,IQA,0
EDI,LCA,0
ESD,LPS,0
ESU,LYS,0
EVE,FRA,0
EWR,CAE,0
EWR,CHA,0
EWR,UVF,0
EZE,MCZ,0
EZE,UAQ,0
FCO,PVK,0
FLL,BLV,0
GND,ANU,0
GRX,ORY,0
GRZ,HER,0
GZO,BAS,0
HAM,ZAD,0
HDO,IDR,0
HER,GRZ,0
HER,TLL,0
HKG,CSX,0
HKG,DAT,0
HKT,CIT,0
IAH,PXM,0
IQA,EBL,0
JAC,MSP,0
JFK,FOC,0
JPA,UDI,0
JSI,MXP,0
JSY,SKG,0
KHN,YTY,0
KIH,AZD,0
KYA,ADB,0
LCA,EDI,0
LGW,RMI,0
LIJ,SZX,0
LIL,RHO,0
LIS,MPL,0
LPQ,KHN,0
LPS,BFI,0
LSI,DND,0
LYS,CAI,0
LYS,ESU,0
MED,MGQ,0
MPL,LIS,0
MXP,JSI,0
NAS,CRI,0
NCE,BGO,0
NCL,ADB,0
NCL,BER,0
NDG,SHE,0
NJC,PEE,0
OGG,ANC,0
OKR,MYI,0
OLB,PSA,0
ORY,GRX,0
ORY,OTP,0
OTP,ORY,0
PBI,BUF,0
PEK,TLV,0
PMO,BOD,0
PSA,OLB,0
PUQ,BBA,0
PUY,BSL,0
PXM,IAH,0
RAK,LUX,0
RBZ,TAS,0
RDV,SLQ,0
RHO,LIL,0
RIX,VLC,0
RMI,LGW,0
RNO,DAL,0
RVN,DUS,0
SCL,MCO,0
SFO,BLR,0
SGN,DIN,0
SGN,YIH,0
SHE,NDG,0
SKG,JSY,0
SLC,YEG,0
SLL,BTS,0
SLQ,SRV,0
SOF,WMI,0
SRQ,MIA,0
SRV,ANI,0
SZX,LIJ,0
TFS,ABZ,0
TIV,ADB,0
TLL,HER,0
TLV,PEK,0
TZX,AMM,0
TZX,AUH,0
UDI,JPA,0
UUD,BAX,0
UVF,EWR,0
VCA,DLI,0
VLC,RIX,0
VOG,KGD,0
VRN,AHO,0
WMI,SOF,0
WNZ,DSN,0
WUX,BKK,0
XRY,BRU,0
YEG,SLC,0
YIH,SGN,0
YLW,YXC,0
YTY,KHN,0
YXC,YLW,0
YXY,YYJ,0
ZAD,HAM,0
ZBR,BND,0
ADB,LBA,0
AES,LGW,0
ALC,STR,0
AMS,NBE,0
APL,POL,0
APL,UEL,0
AQJ,IST,0
BDS,BZO,0
BER,BIO,0
BEW,POL,0
BEW,TET,0
BEW,UEL,0
BIO,BER,0
BJV,EMA,0
BJV,LBA,0
BJV,NCL,0
BJV,ORY,0
BPL,PVG,0
BPS,JTC,0
BSL,RMI,0
BZO,BDS,0
CAI,SOF,0
CFU,GVA,0
CIT,MUC,0
COR,FLN,0
DAM,ATH,0
DBB,DXB,0
DEL,DYU,0
DFW,TPE,0
DSN,RIZ,0
DUS,KLX,0
DXB,DBB,0
DYU,DEL,0
DYU,PKX,0
DZH,HAK,0
EBL,MED,0
EMA,BJV,0
FCO,LRM,0
FLR,HAM,0
FNC,RIX,0
GBT,ZAH,0
GEM,BSG,0
GVA,CFU,0
GXF,JED,0
HAK,DZH,0
HAM,FLR,0
HAN,IKT,0
HAN,YIH,0
HDO,JAI,0
HER,MPL,0
HIR,LLM,0
HKT,KZN,0
HRG,RMO,0
IST,XIY,0
JAI,HDO,0
JDZ,KMG,0
JNB,INH,0
JTC,BPS,0
KIK,BGW,0
KLX,DUS,0
KOW,WNZ,0
KRW,TAZ,0
KTI,MNL,0
LBA,ADB,0
LBA,BJV,0
LCA,SPX,0
LGW,AES,0
LIL,TLM,0
LJG,WNZ,0
LPA,OTP,0
LUX,OLB,0
LZH,NGB,0
MAH,ZAZ,0
MBA,HRG,0
MCX,UGC,0
MLA,NCE,0
MNL,KTI,0
MPL,HER,0
MSP,GCM,0
MSP,JAC,0
MSY,RSW,0
MUC,CIT,0
MXP,NKG,0
NAG,LKO,0
NBE,AMS,0
NCE,DJE,0
NCE,MLA,0
NCL,BJV,0
NEK,DEM,0
NGB,LZH,0
NKG,MXP,0
NWI,PMI,0
OLB,LUX,0
ORY,BJV,0
ORY,TBS,0
OSL,LKN,0
OSL,SVJ,0
OTP,LPA,0
PEE,NJC,0
PKX,DYU,0
PMI,NWI,0
POL,APL,0
POL,BEW,0
POL,TET,0
PPT,RMT,0
PVG,BPL,0
PVK,FCO,0
RIX,FNC,0
RIZ,DSN,0
RMI,BSL,0
RMO,HRG,0
RSW,MSY,0
SAE,UMD,0
SPX,LCA,0
SSG,GEM,0
STR,ALC,0
STR,MIR,0
SVJ,OSL,0
TAO,JDZ,0
TAZ,KRW,0
TBS,DUS,0
TBS,ORY,0
TET,POL,0
TPE,DFW,0
TUN,ZRH,0
TZL,VIE,0
UEL,BEW,0
UEL,TET,0
UGC,MCX,0
VIE,TZL,0
WNZ,KOW,0
WNZ,LJG,0
XIY,IST,0
YGX,YTH,0
YHY,YSM,0
YIH,HAN,0
YPX,YZG,0
YZG,YPX,0
ZAH,GBT,0
ZAZ,MAH,0
ZRH,TUN,0
ZYI,NGB,0
AMM,CRL,0
AMS,PDL,0
ATH,DAM,0
ATZ,DMM,0
AVL,IAD,0
AVL,MDW,0
BER,BIA,0
BGO,FAE,0
BGW,KIK,0
BGY,SVG,0
BIA,BER,0
BIO,HAM,0
BIQ,BSL,0
BNY,RNL,0
BOJ,GLA,0
BOO,CPH,0
BSL,BIQ,0
BZE,CYC,0
CGQ,NBS,0
CHC,CHT,0
CHQ,GVA,0
CHQ,LYS,0
CHQ,PSA,0
CHT,CHC,0
CPH,BOO,0
CRL,AMM,0
CUN,GLA,0
DAU,UNG,0
DEL,TLV,0
DEN,PAE,0
DJE,NCE,0
DLM,HAJ,0
DMM,ATZ,0
DOH,JMK,0
DSM,JAX,0
DSM,PDX,0
DUB,SZG,0
DUS,TBS,0
DYU,LBD,0
EIN,RJK,0
ESU,RBA,0
FAE,BGO,0
FMI,GOM,0
FRA,KVA,0
FRA,PDX,0
FUE,ORK,0
GCM,MSP,0
GLA,BOJ,0
GLA,CUN,0
GOM,FMI,0
GOX,IXC,0
GUF,XNA,0
GVA,CHQ,0
HAJ,DLM,0
HAM,BIO,0
HAM,SBZ,0
HIR,BNY,0
HKT,AER,0
HPN,SAV,0
HRG,SKP,0
IAD,AVL,0
IKT,HAN,0
ILG,RDU,0
IXC,GOX,0
IXT,SHL,0
JAX,DSM,0
JAX,MSY,0
JDZ,TAO,0
JHB,KMG,0
JMK,DOH,0
JSI,NAP,0
JUV,KGQ,0
KHH,CNX,0
KMG,JDZ,0
KMG,JHB,0
KMG,NLH,0
KRR,KJA,0
KVA,FRA,0
KZN,HKT,0
KZN,SKD,0
LBD,DYU,0
LCA,VCE,0
LGI,ZSA,0
LKN,OSL,0
LKO,NAG,0
LNZ,HRG,0
LYS,CHQ,0
MDL,NYW,0
MDQ,TUC,0
MDW,AVL,0
MDW,TYS,0
MGQ,MED,0
MSY,JAX,0
NAP,JSI,0
NBS,CGQ,0
NCL,DBV,0
NGK,UUS,0
NLH,KMG,0
NLU,SLW,0
NNB,HIR,0
ORK,FUE,0
OSL,TIA,0
PAE,DEN,0
PDL,AMS,0
PDX,DSM,0
PDX,FRA,0
PSA,CHQ,0
RBA,ESU,0
RDU,ILG,0
RGI,AXR,0
RJK,EIN,0
RMF,BGY,0
SAV,HPN,0
SBZ,HAM,0
SHL,IXT,0
SJW,YSQ,0
SKD,KZN,0
SKP,HRG,0
SLW,NLU,0
STN,CMF,0
SVG,BGY,0
SXM,SVD,0
TIA,OSL,0
TLV,DEL,0
TUC,MDQ,0
TYS,MDW,0
UUS,NGK,0
VCE,LCA,0
VRN,HAM,0
XNA,GUF,0
YDF,YQX,0
YPJ,YVP,0
YQX,YDF,0
YSQ,SJW,0
AAL,PMI,0
ACE,VIE,0
ADB,GLA,0
AER,HKT,0
ATH,MPL,0
AUH,AYT,0
AYT,AUH,0
AYT,KGF,0
AYT,SPX,0
AZR,OGX,0
BHK,SVX,0
BJL,BRU,0
BKK,SYX,0
BLL,VNO,0
BLQ,SDR,0
BOM,IKA,0
BOS,UVF,0
BRI,CGN,0
BRQ,CFU,0
BRS,LYS,0
BZE,YYC,0
CAG,STR,0
CFU,BRQ,0
CFU,RTM,0
CGB,SJP,0
CGK,CKG,0
CGN,BRI,0
CGN,KVA,0
CGO,YLX,0
CHQ,LUX,0
CKG,CGK,0
CNX,KHH,0
DAL,MTJ,0
DBV,NCL,0
DUS,JTR,0
DUS,LRM,0
DUS,RJK,0
DXB,JMK,0
DXB,TIV,0
EWR,PMO,0
EZS,AYT,0
FNC,LBA,0
GLA,ADB,0
HAK,CXR,0
HAM,VRN,0
HER,BRE,0
HER,ERF,0
HER,OSR,0
HER,VRN,0
HGH,BAR,0
HJJ,PVG,0
HKT,JED,0
HKT,RGN,0
HKT,RUH,0
HRG,LNZ,0
HRG,MBA,0
IKA,BOM,0
IKA,PKX,0
ISB,ELQ,0
JED,HKT,0
JED,IFN,0
JFK,LFW,0
JTR,DUS,0
KEF,SPU,0
KER,NJF,0
KGF,AYT,0
KGP,KUF,0
KJA,KRR,0
KVA,CGN,0
KZN,OSS,0
LAL,USA,0
LAX,SGF,0
LBA,FNC,0
LFW,JFK,0
LGG,DJE,0
LGW,TAS,0
LOV,MTY,0
LPA,CWL,0
LPA,LGG,0
LRM,DUS,0
LUX,CHQ,0
LYS,BRS,0
MAN,MLB,0
MHD,BSR,0
MJI,TOB,0
MLB,MAN,0
MPL,ATH,0
MPL,PMI,0
MTJ,DAL,0
MTJ,SNA,0
MTY,LOV,0
MYR,ROC,0
NAA,NTL,0
NAT,PPB,0
NAT,UDI,0
NBE,LGG,0
NJF,KER,0
NUX,PEE,0
OPO,PMO,0
ORY,ZTH,0
OSL,SSJ,0
OSR,HER,0
OSS,KZN,0
PBI,YUL,0
PEE,NUX,0
PKX,IKA,0
PMI,AAL,0
PMI,MPL,0
PMO,EWR,0
PMO,OPO,0
PPB,NAT,0
PRG,SMI,0
PVG,HJJ,0
RGN,HKT,0
RJK,DUS,0
RTM,CFU,0
RUH,HKT,0
SDR,BLQ,0
SGF,LAX,0
SJP,CGB,0
SKB,SDQ,0
SKD,TLV,0
SMI,PRG,0
SNA,MTJ,0
SOF,DJE,0
SPX,AYT,0
SRY,THR,0
SSJ,OSL,0
STR,CAG,0
SVX,BHK,0
SYX,BKK,0
SZG,DUB,0
TAS,LGW,0
THR,SRY,0
TIV,DXB,0
TOB,MJI,0
TSN,ZHY,0
UDI,NAT,0
UMD,IKE,0
USA,LAL,0
UVF,BOS,0
VIE,ACE,0
VNO,BLL,0
VRN,HER,0
YLX,CGO,0
YPA,YVC,0
YUL,PBI,0
YYC,BZE,0
ZHY,TSN,0
ZTH,ORY,0
ADE,KWI,0
AER,STW,0
AES,CPH,0
AZA,COS,0
AZD,BND,0
BBU,BCN,0
BCN,BBU,0
BCN,SPC,0
BCN,YHZ,0
BDL,CVG,0
BEG,CTA,0
BGO,SPU,0
BHX,PUJ,0
BIO,BUD,0
BKI,KHH,0
BKK,KOS,0
BLV,LAS,0
BND,AZD,0
BRI,GVA,0
BTV,CHS,0
BUD,BIO,0
BUD,KTW,0
BUD,SSH,0
BZO,SUF,0
CEK,GOJ,0
CFU,LIL,0
CHS,BTV,0
CNS,HND,0
COS,AZA,0
CPH,AES,0
CPH,ICN,0
CTA,BEG,0
CVG,BDL,0
CVG,SAN,0
CWL,LPA,0
CXR,HAK,0
DDG,YTY,0
EDI,VRN,0
EEA,VCP,0
ERF,HER,0
FLN,COR,0
FLR,NCE,0
GLA,NAP,0
GVA,BRI,0
GVA,SEN,0
GVA,TIV,0
HEL,VBY,0
HIR,KGE,0
HKT,SZX,0
HND,CNS,0
HOU,TYS,0
IAH,TVC,0
ICN,CPH,0
ICN,MDG,0
JAX,RIC,0
JSI,LCY,0
JTR,LYS,0
KBL,TAS,0
KCY,BGS,0
KHH,BKI,0
KOS,BKK,0
KRR,TBS,0
KTW,BUD,0
KWI,ADE,0
KZI,ATH,0
LAS,BLV,0
LCY,JSI,0
LIL,CFU,0
LOD,SON,0
LPL,RHO,0
LYS,JTR,0
MAD,WRO,0
MCX,KWI,0
MDG,ICN,0
MDU,HGU,0
MUC,XRY,0
MUM,KDO,0
MXP,DWC,0
MYG,NAS,0
NAP,GLA,0
NAT,RAO,0
NCE,FLR,0
NCE,WRO,0
NGK,ZZO,0
NYW,MDL,0
OPO,KEF,0
OSR,RHO,0
OUA,DSS,0
PPT,MKP,0
PRS,HIR,0
PVR,YQB,0
RAO,NAT,0
REC,FLL,0
RHO,BRE,0
RHO,LPL,0
RHO,OSR,0
RHO,SOF,0
RIC,JAX,0
RMO,SKG,0
RMT,RUR,0
ROC,MYR,0
RTA,SUV,0
SAN,CVG,0
SEN,GVA,0
SIN,CTS,0
SKG,RMO,0
SOF,RHO,0
SPC,BCN,0
SPU,BGO,0
SSH,BUD,0
SSH,TLV,0
SSH,URA,0
SUF,BZO,0
SUV,RTA,0
SZX,HKT,0
TAS,KBL,0
TBS,KRR,0
TIV,GVA,0
TLV,SSH,0
TQI,AGM,0
TVC,IAH,0
TYS,HOU,0
URA,SSH,0
VBV,SUV,0
VBY,HEL,0
VCP,EEA,0
VRA,YWG,0
VRN,EDI,0
VVO,YNJ,0
WRO,AYT,0
WRO,MAD,0
WRO,NCE,0
XCH,PER,0
XRY,MUC,0
YHZ,BCN,0
YNJ,VVO,0
YTY,DDG,0
YWG,VRA,0
YYZ,ZAG,0
ZAG,YYZ,0
ZGU,SON,0
ZZO,NGK,0
ADB,EMA,0
ADE,ADD,0
AGM,TQI,0
AHO,CTA,0
ALC,BOD,0
ALG,BMW,0
AOK,VIE,0
ARN,YYZ,0
AYT,EZS,0
AZA,LAS,0
BAR,SWA,0
BCM,BCN,0
BCN,BCM,0
BCN,XPL,0
BER,SZF,0
BFS,HER,0
BGS,KJA,0
BGY,BVC,0
BGY,DSS,0
BGY,SID,0
BHX,TRN,0
BIA,LGW,0
BLJ,ORY,0
BNE,LRE,0
BNE,ROR,0
BNE,SON,0
BOD,ALC,0
BOD,ORK,0
BOH,VCE,0
BOJ,EDI,0
BRE,HER,0
BRI,RHO,0
BSA,MGQ,0
BSL,KGS,0
BSL,YUL,0
BSR,MHD,0
BSZ,GRV,0
BSZ,JAA,0
BTV,RSW,0
BUS,KZN,0
BVA,ZAD,0
BVJ,VKO,0
BWI,LIR,0
BWI,SJO,0
CAG,LUX,0
CBB,EZE,0
CBH,CZL,0
CBH,TIN,0
CDG,JIB,0
CFG,YUL,0
CFU,PSA,0
CGN,GZT,0
CGO,HEL,0
CHA,PGD,0
CIT,XIY,0
CJJ,PVG,0
CJU,RMQ,0
CKB,PIE,0
CKY,BJL,0
CMN,OZG,0
CMW,CUN,0
COL,CSA,0
CTA,AHO,0
CTS,SIN,0
CUN,CMW,0
CXH,YVR,0
CXI,HNL,0
CXI,NAN,0
CZX,LZO,0
DAR,MGQ,0
DJG,ELU,0
DLC,INC,0
DLM,HAM,0
DLM,SVX,0
DME,CXR,0
DUS,NQY,0
DWC,ATH,0
DWC,MXP,0
DYU,JED,0
DYU,MHD,0
ECP,IND,0
EDI,BOJ,0
EDN,NEI,0
ELU,DJG,0
EMA,ADB,0
ESB,TBS,0
EVN,PEE,0
FAO,LEJ,0
FDH,PMI,0
FLL,REC,0
FPO,YUL,0
FPO,YYZ,0
FRA,URA,0
GCM,LAX,0
GHA,CZL,0
GLN,LPA,0
GOA,MAN,0
GOA,OLB,0
GRV,BSZ,0
GYD,MLE,0
GZT,CGN,0
HEL,CGO,0
HEL,RAK,0
HER,BFS,0
HGA,WJR,0
HIR,RNA,0
HNL,APW,0
HRB,UUS,0
HRG,FMO,0
IFN,PGU,0
ILM,MSP,0
INC,DLC,0
IND,ECP,0
IOQ,AGM,0
ISP,SRQ,0
IST,RVN,0
JAA,BSZ,0
JIQ,WNZ,0
JJN,VTE,0
KBL,ESB,0
KEF,OPO,0
KGS,BLQ,0
KGS,BSL,0
KGS,GLA,0
KIX,KUH,0
KMG,SYM,0
KUH,KIX,0
KVA,PRG,0
KZN,BUS,0
LAS,AZA,0
LAX,GCM,0
LBA,LIG,0
LCY,CMF,0
LIG,LBA,0
LIL,PMO,0
LIL,RDZ,0
LIR,BWI,0
LNL,NKG,0
LPA,GLN,0
LRM,FCO,0
LUN,FBM,0
LUX,CAG,0
LUX,VAR,0
LZO,CZX,0
MAN,GOA,0
MAN,ZAG,0
MAR,VLN,0
MDW,SJU,0
MGQ,BSA,0
MHD,DYU,0
MHD,XBJ,0
MKE,PUJ,0
MKP,PPT,0
MKR,MMG,0
MLE,GYD,0
MMG,PER,0
MSP,ILM,0
MSQ,PEE,0
MUC,TRD,0
MUN,STD,0
MXP,BVC,0
NAS,MYG,0
NEI,EDN,0
NKG,LNL,0
NOC,TFS,0
NQY,DUS,0
OGS,RDU,0
OGX,AZR,0
OLB,GOA,0
ORB,STN,0
ORK,BOD,0
ORY,BLJ,0
OZG,OZZ,0
PBA,SSA,0
PEE,EVN,0
PEE,MSQ,0
PEE,USK,0
PES,SVX,0
PGD,CHA,0
PGU,IFN,0
PHE,ZNE,0
PIA,VPS,0
PIE,CKB,0
PIE,TRI,0
PMI,FDH,0
PMO,LIL,0
PNI,KWA,0
PNR,FIH,0
POM,MDU,0
PRG,KVA,0
PSA,CFU,0
PUJ,LIS,0
PUJ,MKE,0
PUY,VIE,0
PVG,CJJ,0
PWM,SRQ,0
RAK,HEL,0
RDU,OGS,0
RDZ,LIL,0
RHO,BRI,0
RIX,SPU,0
RIY,JED,0
ROR,BNE,0
RSW,BTV,0
RVN,IST,0
SCL,FOR,0
SHE,SVO,0
SJO,BWI,0
SJU,MDW,0
SOF,CAI,0
SON,SSR,0
SPD,CXB,0
SPU,RIX,0
SRQ,ISP,0
SRQ,PWM,0
SSR,SON,0
STD,MUN,0
STD,VLN,0
STN,ORB,0
STN,TPS,0
SUV,VBV,0
SVO,SHE,0
SVX,PES,0
SVX,YKS,0
SWA,BAR,0
SYM,KMG,0
SZF,BER,0
TFS,EWR,0
TFS,NOC,0
TMR,AZR,0
TMR,OGX,0
TNA,ZHA,0
TPS,STN,0
TRD,MUC,0
TRI,PIE,0
TRN,BHX,0
UBN,SYX,0
URA,FRA,0
UUS,HRB,0
VCE,BOH,0
VIE,AOK,0
VIE,PUY,0
VKO,BVJ,0
VLN,MAR,0
VLN,STD,0
VPS,PIA,0
VTE,JJN,0
WNZ,JIQ,0
XBJ,MHD,0
YFC,YYC,0
YQB,CCC,0
YQB,PVR,0
YQB,YMX,0
YUL,BSL,0
YUL,CFG,0
YUL,FPO,0
YVR,CXH,0
YYC,YFC,0
YYZ,ARN,0
YYZ,FPO,0
ZAD,BVA,0
ZAG,MAN,0
ZHA,TNA,0
ZYL,AUH,0
AAE,ELU,0
ACE,GLN,0
ACE,NOC,0
ACE,WAW,0
ADQ,KMY,0
AEM,NEI,0
AER,EGO,0
AER,KGD,0
AGM,IOQ,0
AHO,PSR,0
AJY,ZND,0
AMS,HYD,0
AMS,SPC,0
AOQ,JUV,0
APW,HNL,0
ARH,KGD,0
ARN,BDS,0
ASB,AUH,0
AUA,AMS,0
AUH,ASB,0
AUH,HAN,0
AUH,ZYL,0
AWZ,IFN,0
AYT,WRO,0
AZA,PDX,0
AZR,TMR,0
BAQ,BON,0
BAQ,CUR,0
BAR,XIY,0
BAX,SGC,0
BBK,FRW,0
BBN,BKM,0
BBN,LGL,0
BBN,ODN,0
BCN,ESU,0
BDS,ARN,0
BDS,CGN,0
BDS,MUC,0
BER,XRY,0
BFS,JER,0
BGO,LPA,0
BGY,DBV,0
BGY,PVK,0
BHO,JLR,0
BJV,STR,0
BKI,KMG,0
BKK,UBN,0
BKM,BBN,0
BLL,TLL,0
BLQ,KGS,0
BNA,SJU,0
BNE,MUA,0
BNE,WEI,0
BOG,LQM,0
BON,BAQ,0
BON,IAH,0
BRE,RHO,0
BRI,HAM,0
BRS,EGC,0
BRS,LIG,0
BSA,DXB,0
BSK,LYS,0
BSZ,IKT,0
BSZ,VOZ,0
BTS,ZTH,0
BUD,GRO,0
BUD,XIY,0
BUF,SRQ,0
CAI,ISU,0
CAN,JFK,0
CAN,PKZ,0
CBL,CCS,0
CCC,HAV,0
CCC,YQB,0
CCK,PER,0
CCK,XCH,0
CCS,CBL,0
CCS,NLU,0
CCS,TFN,0
CDG,ELU,0
CDG,QSF,0
CDG,TLM,0
CDG,XIY,0
CGB,JPR,0
CGN,BDS,0
CGN,RMO,0
CGO,LUX,0
CIT,URC,0
CLO,JFK,0
COO,ABV,0
COO,IST,0
COO,OUA,0
COR,FTE,0
CUN,RDU,0
CUR,BAQ,0
CUR,EWR,0
CYO,YUL,0
CZL,CBH,0
CZL,ELG,0
CZL,SXB,0
CZL,TGR,0
DAM,IKA,0
DBV,BGY,0
DEL,CAN,0
DHG,ETL,0
DJE,BRQ,0
DMK,VTZ,0
DMM,HMB,0
DMM,KHI,0
DMM,MUX,0
DRS,RHO,0
DSS,VRN,0
DUB,HER,0
DXB,ADE,0
DXB,BSA,0
DXB,GGR,0
EBL,MUC,0
EGC,BRS,0
EGL,ADD,0
EGO,AER,0
EKS,KHV,0
ELG,CZL,0
ELG,TMR,0
ELQ,ISB,0
ELS,HLA,0
ELU,AAE,0
ELU,CDG,0
EMA,FNC,0
ESB,KBL,0
ESU,BCN,0
ETL,DHG,0
EWR,CUR,0
EWR,TFS,0
EZE,CCC,0
EZE,CPC,0
FCO,BVC,0
FIH,LBV,0
FIH,PNR,0
FKQ,MKW,0
FLA,LQM,0
FLR,STN,0
FNC,EMA,0
FNC,GLA,0
FNC,LPL,0
FNC,NCL,0
FOC,KHH,0
FOR,SCL,0
FRA,JMK,0
FRA,SEZ,0
FRA,SHE,0
FRW,BBK,0
FTE,COR,0
FTE,REL,0
FUE,SPC,0
GCM,HAV,0
GGR,DXB,0
GGR,NBO,0
GHA,AZR,0
GLA,FNC,0
GLA,KGS,0
GLA,SID,0
GLN,ACE,0
GOJ,CEK,0
GRO,BUD,0
GVA,LRH,0
GXF,ADE,0
HAJ,SUF,0
HAM,BRI,0
HAM,DLM,0
HAM,TBZ,0
HAV,EZE,0
HAV,GCM,0
HAV,POS,0
HDM,MHD,0
HDN,SAN,0
HEL,OTP,0
HER,DUB,0
HER,PED,0
HGA,MGQ,0
HLA,ELS,0
HMB,DMM,0
HME,ORN,0
HNL,CXI,0
HNL,NAN,0
HNL,PPT,0
HNL,RAR,0
HRG,JED,0
HYD,AMS,0
IAH,BON,0
IBZ,LUX,0
ICI,SUV,0
IFN,AWZ,0
IKA,DAM,0
IKA,TBZ,0
IKT,BSZ,0
ISB,KHG,0
IST,URC,0
ISU,CAI,0
JED,BSZ,0
JED,RIY,0
JER,BFS,0
JFK,CAN,0
JFK,CLO,0
JFK,TAB,0
JIB,CDG,0
JLR,BHO,0
JMK,FRA,0
JPR,CGB,0
JTR,KRK,0
JUV,AOQ,0
JUV,IUI,0
KBL,SVO,0
KDV,SUV,0
KER,MHD,0
KEW,YRL,0
KGD,AER,0
KGD,ARH,0
KGD,MMK,0
KGQ,UPK,0
KGS,DRS,0
KHG,ISB,0
KHH,FOC,0
KHI,DMM,0
KHV,EKS,0
KMG,BKI,0
KMG,NRT,0
KRK,JTR,0
KUF,LBD,0
KUN,RHO,0
KWA,PNI,0
KXF,SUV,0
KZN,RMZ,0
KZN,SLY,0
LAE,MAS,0
LAX,SZX,0
LAX,YWG,0
LBD,KUF,0
LBD,MRV,0
LBP,MUR,0
LBV,FIH,0
LCR,LET,0
LCR,SJE,0
LET,LCR,0
LET,LPD,0
LET,TCD,0
LGL,BBN,0
LGW,BIA,0
LGW,SPC,0
LIG,BRS,0
LIL,BJA,0
LIL,OUD,0
LIS,PUJ,0
LIT,MIA,0
LKH,MYY,0
LPA,BGO,0
LPA,TRF,0
LPD,LET,0
LPL,FNC,0
LQM,BOG,0
LQM,FLA,0
LRH,GVA,0
LUR,OTZ,0
LUX,CGO,0
LUX,DSS,0
LUX,MAH,0
LUX,RMF,0
LUX,SUF,0
LYS,BSK,0
MAD,CBB,0
MAD,MCO,0
MAD,SCU,0
MAJ,TRW,0
MAN,SPC,0
MAO,PZO,0
MAR,PZO,0
MAS,LAE,0
MCO,MAD,0
MCX,NMA,0
MDL,NYT,0
MEH,HFT,0
MGQ,DAR,0
MGQ,HGA,0
MHD,HDM,0
MHD,KER,0
MHD,MRX,0
MIA,CYB,0
MIA,LIT,0
MKW,FKQ,0
MMK,KGD,0
MRS,ZAG,0
MRV,LBD,0
MRV,SLY,0
MRX,MHD,0
MRX,SYZ,0
MSQ,URC,0
MSQ,XIY,0
MUC,BDS,0
MUC,EBL,0
MUR,LBP,0
MUX,DMM,0
MWF,SON,0
MYY,LKH,0
NAN,CXI,0
NAN,HNL,0
NAN,PPT,0
NAN,RTA,0
NAN,WLS,0
NBO,HGA,0
NCL,FNC,0
NCL,SID,0
NEI,AEM,0
NIM,AJY,0
NJC,NMA,0
NJC,NYA,0
NKG,RMQ,0
NLU,CCS,0
NMA,MCX,0
NMA,NJC,0
NMA,OMS,0
NMA,PEE,0
NOC,ACE,0
NOC,PMI,0
NOJ,OMS,0
NRT,KMG,0
NVI,VKO,0
NYA,NJC,0
NYM,OMS,0
NZH,TYN,0
ODN,BBN,0
OGX,VVZ,0
OMA,SRQ,0
OMS,NMA,0
OMS,NOJ,0
OMS,NYM,0
OMS,RMZ,0
ORD,SXM,0
ORF,PWM,0
ORF,SFB,0
ORN,BRU,0
ORN,HME,0
OSI,STN,0
OTP,HEL,0
OUD,LIL,0
OVB,PWE,0
OVD,TFS,0
PBM,SCU,0
PDX,AZA,0
PED,HER,0
PEE,NMA,0
PEN,XIY,0
PHO,LUR,0
PHX,YQR,0
PHX,YXE,0
PKZ,CAN,0
PMI,NOC,0
PNK,SOC,0
POS,HAV,0
POZ,PUY,0
PPT,HNL,0
PPT,NAN,0
PPT,RVV,0
PSP,RDM,0
PSR,AHO,0
PUY,POZ,0
PVK,BGY,0
PVR,YQQ,0
PWE,OVB,0
PWE,YKS,0
PWM,ORF,0
PZO,MAO,0
PZO,MAR,0
PZO,STD,0
QRO,TLC,0
QSF,CDG,0
RAR,HNL,0
RBY,TAL,0
RDM,PSP,0
REC,SCL,0
RGK,SGC,0
RGN,KAW,0
RHO,DRS,0
RHO,KUN,0
RHO,TLL,0
RIY,SCT,0
RJK,WRO,0
RMO,CGN,0
RMQ,CJU,0
RMQ,NKG,0
RMZ,OMS,0
RMZ,OVB,0
ROR,PNI,0
RRG,RUN,0
RTA,NAN,0
RUN,RRG,0
RVV,TUB,0
SAN,HDN,0
SCL,REC,0
SCT,RIY,0
SEA,CKG,0
SEZ,FRA,0
SFB,ORF,0
SGC,BAX,0
SGC,RGK,0
SGC,TAS,0
SHE,FRA,0
SID,FCO,0
SID,GLA,0
SID,NCL,0
SID,STR,0
SID,VRN,0
SJE,LCR,0
SJU,BNA,0
SLY,KZN,0
SNE,VXE,0
SOC,PNK,0
SPC,AMS,0
SPC,FUE,0
SPC,LGW,0
SPC,MAN,0
SPP,SVP,0
SPU,KEF,0
SPU,WRO,0
SRQ,BUF,0
SRQ,OMA,0
STD,PZO,0
STN,FLR,0
STN,OSI,0
STR,BJV,0
STR,BVC,0
SUF,HAJ,0
SUF,LUX,0
SUV,ICI,0
SUV,KDV,0
SUV,KXF,0
SVD,SXM,0
SVO,KBL,0
SWA,SYX,0
SXB,CZL,0
SXM,ORD,0
SYX,SWA,0
SYX,UBN,0
SYZ,MRX,0
SZX,LAX,0
SZX,YVR,0
TAB,JFK,0
TAL,RBY,0
TAS,SGC,0
TBS,ESB,0
TBZ,HAM,0
TCD,LET,0
TFN,CCS,0
TFS,OVD,0
TGR,CZL,0
TIN,AZR,0
TIN,CBH,0
TLC,QRO,0
TLL,BLL,0
TLL,RHO,0
TLM,CDG,0
TLV,OPO,0
TMR,ELG,0
TMR,VVZ,0
TNR,WMN,0
TOS,HVG,0
TRC,QRO,0
TRF,LPA,0
TRZ,TRV,0
TUL,VPS,0
TYN,NZH,0
UBN,BKK,0
UMD,JUK,0
URC,IST,0
URC,MSQ,0
VNO,TIV,0
VOZ,BSZ,0
VPS,TUL,0
VRN,BVC,0
VTZ,DMK,0
VVZ,OGX,0
VVZ,TMR,0
VXE,CDG,0
WEI,BNE,0
WLS,NAN,0
WMN,TNR,0
WRO,RJK,0
WRO,SPU,0
XBE,YAX,0
XCH,CCK,0
XIY,BAR,0
XIY,BUD,0
XIY,CDG,0
XIY,CIT,0
XIY,MSQ,0
XIY,PEN,0
XPL,BCN,0
XRY,BER,0
YAB,YIO,0
YAX,XBE,0
YAX,YXL,0
YCO,YHI,0
YHI,YZF,0
YHP,YPM,0
YHR,ZLT,0
YKS,PWE,0
YKS,SVX,0
YMX,YQB,0
YNO,YXL,0
YPM,YHP,0
YPM,YRL,0
YPM,YVZ,0
YQB,YVP,0
YQQ,PVR,0
YQR,PHX,0
YRL,KEW,0
YRL,YPM,0
YRL,YVZ,0
YUL,CYO,0
YVP,YQB,0
YVQ,YWJ,0
YVR,SZX,0
YVZ,YNO,0
YVZ,YPM,0
YVZ,YRL,0
YWG,LAX,0
YXE,PHX,0
YXL,YAX,0
YXL,YHP,0
YXL,YVZ,0
YZF,YYH,0
ZAG,MRS,0
ZND,NIM,0
ZNE,PHE,0
ZNZ,EBB,0
ZSJ,KEW,0
ZTH,BTS,0
ZWL,YVC,0
ZWL,YXE,0
AAA,FAC,0
ABV,COO,0
AGA,HHN,0
AGA,LIS,0
AHO,BRI,0
AHO,DUB,0
AHO,ORK,0
AMS,JMK,0
ATH,HBE,0
ATH,KSO,0
ATZ,ELQ,0
AVA,SYX,0
AVA,XIY,0
AZR,GHA,0
AZR,INZ,0
AZR,TIN,0
BCN,CFU,0
BCN,TIV,0
BDS,MAN,0
BEG,ZAD,0
BEY,SSH,0
BFJ,HGH,0
BFJ,JHG,0
BGY,BIQ,0
BIA,CFR,0
BIA,DUS,0
BIQ,BGY,0
BJL,MAN,0
BLQ,RHO,0
BOH,CCF,0
BOH,EGC,0
BOS,GCM,0
BRI,AHO,0
BRI,CPH,0
BRI,GPA,0
BSL,OSL,0
BZN,IAD,0
CAN,DEL,0
CCF,BOH,0
CFR,BIA,0
CFU,BCN,0
CFU,FKB,0
CGN,KLU,0
CGN,VAR,0
CIA,ORK,0
CIA,TNG,0
CLT,FPO,0
CNF,UNA,0
CPH,BRI,0
CPH,DWC,0
CRL,VOL,0
CSX,WEH,0
CUN,NCL,0
CWL,RHO,0
CXB,SPD,0
CXR,DME,0
DAC,NRT,0
DBO,MEL,0
DEL,NRT,0
DLC,XFN,0
DRS,KGS,0
DTM,SKG,0
DTM,STN,0
DTW,ILM,0
DUB,AHO,0
DUB,OLB,0
DUB,RHO,0
DUS,BIA,0
DUS,KEF,0
EBL,RJK,0
EDI,KGS,0
EGC,BOH,0
ELQ,ATZ,0
ELQ,HMB,0
EYK,OVS,0
EZE,NAT,0
FCO,ZAD,0
FKB,CFU,0
FLL,LBE,0
FPO,CLT,0
GCM,BOS,0
GHA,VVZ,0
GLK,NBO,0
GPA,BRI,0
GUM,PNI,0
HAM,MIR,0
HAN,AUH,0
HBE,ATH,0
HEL,MIA,0
HEL,PSA,0
HEL,TIV,0
HGH,BFJ,0
HHN,AGA,0
HJR,BHO,0
HKG,SJW,0
HUZ,LZY,0
IAD,BZN,0
IBZ,TRN,0
IGA,MYG,0
ILM,DTW,0
INC,JBK,0
INN,LTN,0
ISB,YYZ,0
IST,JTR,0
JBK,INC,0
JED,GXF,0
JHG,BFJ,0
JMK,AMS,0
JTR,IST,0
JUV,UPK,0
KEF,DUS,0
KGD,REN,0
KGS,EDI,0
KHQ,NSQ,0
KJA,UBN,0
KLU,CGN,0
KSO,KZI,0
KSQ,VKO,0
KTN,KXA,0
KUF,OSS,0
KUL,BGW,0
KWI,IFN,0
KWL,XFN,0
KXA,KTN,0
LBA,RAK,0
LBD,UFA,0
LBE,FLL,0
LEI,LUX,0
LEJ,FAO,0
LEJ,MUC,0
LEJ,STN,0
LGW,EBL,0
LIS,AGA,0
LNL,XMN,0
LNL,XNN,0
LOS,EBB,0
LPA,SNN,0
LTN,INN,0
LTN,OLB,0
LTN,PUY,0
LZH,FOC,0
LZY,HUZ,0
MAA,MRU,0
MAH,TSF,0
MAN,BDS,0
MAN,BJL,0
MAO,TMT,0
MBA,FCO,0
MEL,DBO,0
MGT,DRW,0
MIA,HEL,0
MIR,HAM,0
MNG,MGT,0
MRS,PFO,0
MRU,MAA,0
MSP,BZE,0
NAO,TCZ,0
NAT,EZE,0
NBC,RMZ,0
NBO,GLK,0
NCL,CUN,0
NER,YKS,0
NRT,DAC,0
NRT,DEL,0
OLB,DUB,0
OLB,LTN,0
OPO,TLV,0
ORK,AHO,0
ORK,CIA,0
ORU,VVI,0
OSL,BSL,0
OSS,KUF,0
OTP,TRS,0
OVS,EYK,0
PFO,MRS,0
PHL,SXM,0
PMI,ANR,0
PPT,NIU,0
PSA,HEL,0
PUJ,BHX,0
PUY,LTN,0
PVG,SQJ,0
RAK,LBA,0
RDU,CUN,0
RDU,YVR,0
RDU,YYC,0
REN,KGD,0
RHO,CWL,0
RHO,DUB,0
RHO,RIX,0
RIX,RHO,0
RJK,LGW,0
RMZ,SGC,0
SJW,HKG,0
SKG,DTM,0
SLY,MRV,0
SNN,LPA,0
SPU,BRU,0
SPU,GLA,0
SQJ,PVG,0
SSH,BEY,0
STN,DTM,0
STN,LEJ,0
STW,AER,0
SUB,MED,0
SVP,SPP,0
SXM,PHL,0
SYX,AVA,0
SZX,MDC,0
TCZ,NAO,0
TIV,BCN,0
TIV,HEL,0
TIV,VNO,0
TMT,STM,0
TNG,CIA,0
TRN,IBZ,0
TRS,OTP,0
TRV,TRZ,0
TSF,MAH,0
UBN,KJA,0
UFA,LBD,0
UNA,CNF,0
URC,CIT,0
VAR,CGN,0
VAR,LUX,0
VDS,TOS,0
VKO,KSQ,0
VKO,NVI,0
VOL,CRL,0
VRA,FRA,0
VRA,YHZ,0
VVI,ORU,0
VVZ,GHA,0
WAW,ACE,0
WEH,CSX,0
XFN,DLC,0
XFN,KWL,0
XIY,AVA,0
XMN,LNL,0
XNN,LNL,0
XRY,LEJ,0
YHI,YCO,0
YHK,YYH,0
YIO,YAB,0
YKU,YNC,0
YLW,YWG,0
YNC,ZEM,0
YVC,ZWL,0
YVR,RDU,0
YWG,YLW,0
YYC,RDU,0
YYC,TPA,0
YYH,YCB,0
YYH,YHK,0
YYZ,ISB,0
YYZ,KHI,0
YZF,YHI,0
YZF,ZFN,0
ZAD,BEG,0
ZAD,FCO,0
ZEM,YKQ,0
ZYL,DXB,0
AAL,ALC,0
ADD,BUQ,0
AER,HRG,0
AGP,BTS,0
AJA,LUX,0
ALA,MCT,0
ALC,AAL,0
AMM,LYS,0
AMS,BOJ,0
ANR,PMI,0
AXA,SKB,0
BAR,DSN,0
BCN,JMK,0
BCN,JTR,0
BES,FCO,0
BGS,KCY,0
BGW,SSH,0
BGY,TLL,0
BHO,JAI,0
BHO,LKO,0
BHX,VIE,0
BIO,EWR,0
BJV,GLA,0
BNY,HIR,0
BOD,SPU,0
BOM,IXK,0
BOS,TER,0
BPL,KCA,0
BTS,AGP,0
BUD,CKG,0
BUD,PVK,0
BUS,NQZ,0
BZE,MSP,0
CAI,RIY,0
CDG,MAH,0
CDG,VXE,0
CFU,RIX,0
CHG,TSN,0
CIA,RIX,0
CKG,BUD,0
CKG,PEN,0
CNS,NTL,0
CRL,GLA,0
CSX,DZH,0
CTU,DDR,0
CTU,LGZ,0
CXR,NKG,0
CZX,YIH,0
DDR,LXA,0
DNH,KRL,0
DSN,BAR,0
DUS,GPA,0
DWC,CPH,0
DXB,GUW,0
DZH,CSX,0
DZH,INC,0
DZH,SYX,0
DZH,XIY,0
EBL,FRA,0
EDI,ZTH,0
ELQ,MUX,0
ESB,ZRH,0
EWR,BIO,0
EZE,ROS,0
FAO,KEF,0
FBM,KGA,0
FCO,BES,0
FCO,VNO,0
FOR,MCO,0
FRA,EBL,0
FRA,SJD,0
FRA,VRA,0
GAY,PBH,0
GLA,BJV,0
GLA,CRL,0
GLA,SPU,0
GOT,HRG,0
GPA,DUS,0
GUW,DXB,0
GYS,INC,0
HAJ,DJE,0
HAJ,IBZ,0
HAM,ZAG,0
HCZ,KWE,0
HET,ZHY,0
HET,ZUH,0
HGH,TGO,0
HKG,LJG,0
HKT,KNO,0
HMB,ELQ,0
HRB,JUZ,0
HRB,TGO,0
HRG,RIX,0
HRI,DME,0
HUZ,JUZ,0
IBZ,HAJ,0
IBZ,OST,0
IDR,HDO,0
IFN,KWI,0
ILG,PBI,0
INC,DZH,0
INC,GYS,0
IQM,KHG,0
ISK,NAG,0
IST,EBB,0
IUI,TQA,0
IXK,BOM,0
JAI,BHO,0
JED,CIT,0
JED,DYU,0
JED,HRG,0
JGS,WNZ,0
JJN,LJG,0
JMK,BCN,0
JTR,BCN,0
JTR,RHO,0
JUZ,HRB,0
JUZ,HUZ,0
KCA,BPL,0
KEF,FAO,0
KGA,FBM,0
KGP,PEE,0
KHG,IQM,0
KKR,PPT,0
KNO,HKT,0
KNO,MED,0
KRL,DNH,0
KSU,AES,0
KWE,HCZ,0
LCA,CWL,0
LEJ,VAR,0
LEJ,XRY,0
LGZ,CTU,0
LJG,JJN,0
LKO,BHO,0
LUX,AJA,0
LYG,XIY,0
LYS,AMM,0
MAH,CDG,0
MCO,FOR,0
MCT,ALA,0
MDC,SZX,0
MNL,SUG,0
MTV,SON,0
MUC,LEJ,0
MYG,IGA,0
NAG,ISK,0
NKC,EMN,0
NKG,CXR,0
NQZ,BUS,0
NSQ,KHQ,0
NTL,CNS,0
OAG,DBO,0
OGV,SWP,0
OKU,OGV,0
OLB,ZRH,0
OSL,SOF,0
OSS,TJM,0
OTI,TTE,0
PAZ,VER,0
PBH,GAY,0
PBI,ILG,0
PEE,KGP,0
PEN,CKG,0
PMA,ARK,0
PRG,BVC,0
PRG,YYZ,0
PSR,WRO,0
PUJ,TUC,0
RHO,JTR,0
RIC,SRQ,0
RIX,CFU,0
RIX,CIA,0
RIX,HRG,0
RIX,SKG,0
RIX,SSH,0
RLK,UYN,0
RLK,XIY,0
RNL,BNY,0
ROS,SLA,0
RRR,PPT,0
RSW,SBN,0
RUH,RZV,0
RZV,RUH,0
SBN,RSW,0
SDE,EZE,0
SFJ,JSU,0
SFO,CHC,0
SJD,FRA,0
SKD,UFA,0
SKG,RIX,0
SLA,ROS,0
SNU,YOW,0
SOF,OSL,0
SPU,BOD,0
SRQ,RIC,0
SSA,PBA,0
SSH,BGW,0
SSH,RIX,0
SUG,MNL,0
SWA,WHA,0
SWP,WDH,0
SYX,DZH,0
TER,BOS,0
TGO,HGH,0
TGO,HRB,0
TJM,OSS,0
TLL,BGY,0
TOS,VIE,0
TPA,YYC,0
TSN,CHG,0
TTE,OTI,0
TUC,PUJ,0
UFA,SKD,0
ULO,UBN,0
UUD,UUS,0
UUS,UUD,0
UYN,RLK,0
VAR,LEJ,0
VER,PAZ,0
VIE,BHX,0
VIE,TOS,0
VNO,FCO,0
WDH,OKU,0
WHA,SWA,0
WHA,XMN,0
WNZ,JGS,0
WRO,PSR,0
XIY,DZH,0
XIY,LYG,0
XIY,RLK,0
XMN,WHA,0
YIH,CZX,0
YYZ,PRG,0
ZAG,HAM,0
ZHY,HET,0
ZRH,ESB,0
ZRH,OLB,0
ZTH,EDI,0
ZUH,HET,0
ABJ,BZV,0
ABM,HID,0
ACX,KOW,0
ADB,ORK,0
ADB,SSH,0
AMS,MBJ,0
AOK,MXP,0
ATH,SVQ,0
ATH,WMI,0
ATW,FLL,0
AYT,CWL,0
BBU,WRO,0
BCM,BLQ,0
BGW,KHI,0
BGW,KUL,0
BHX,SZG,0
BJL,LGW,0
BJV,KTW,0
BKK,CEB,0
BLQ,BCM,0
BOD,BRI,0
BOD,CFU,0
BOD,CPH,0
BRI,BOD,0
BWX,SUB,0
CDG,KTT,0
CFU,BOD,0
CGH,SLZ,0
CGO,ZFL,0
CHC,SFO,0
CHQ,CRL,0
CIT,JED,0
CPH,BOD,0
CRL,CHQ,0
CVG,MSY,0
CWL,LCA,0
DJE,OPO,0
DLC,TOY,0
DLM,EXT,0
DME,KVK,0
DOU,GRU,0
DUS,VAR,0
DZH,WEH,0
EBH,ORN,0
FCO,OMO,0
FLL,ATW,0
FOC,LZH,0
FOC,NAO,0
FRA,TIV,0
GRU,DOU,0
GVA,RHO,0
GYD,KJA,0
HAJ,LIS,0
HET,LLV,0
HKT,LGW,0
HRG,AER,0
IAH,MZT,0
ICN,JMU,0
IKE,SAE,0
JEG,QGQ,0
JMU,ICN,0
JUK,NIQ,0
KHN,MFM,0
KJA,BGS,0
KJA,GYD,0
KMG,YLX,0
KOW,ACX,0
KRK,RUH,0
KSC,RHO,0
KTT,CDG,0
KTW,BJV,0
KVK,DME,0
KVX,MRV,0
KWI,LRR,0
KWI,MCX,0
LBA,SPU,0
LGW,BJL,0
LGW,HKT,0
LHR,PDL,0
LIS,HAJ,0
LJG,HKG,0
LLV,HET,0
LPA,RIX,0
LRR,KWI,0
LUM,SWA,0
MAD,PDL,0
MAH,FCO,0
MAN,MJT,0
MFM,KHN,0
MJT,MAN,0
MQF,MRV,0
MRV,KVX,0
MRV,MQF,0
MSY,CVG,0
MUC,AGA,0
MZT,IAH,0
NAO,FOC,0
NAP,NCL,0
NBE,STN,0
NCL,NAP,0
NCL,RAK,0
NGB,YCU,0
NIQ,UMD,0
NTL,PER,0
OMO,FCO,0
OPO,DJE,0
ORK,ADB,0
ORN,EBH,0
PDL,LHR,0
PDL,MAD,0
PER,NTL,0
PMI,VLL,0
PSM,SRQ,0
PYJ,YKS,0
RAK,NCL,0
RHO,GVA,0
RHO,KSC,0
RIX,LPA,0
RIY,CAI,0
RUH,KRK,0
RUR,TUB,0
SCZ,LLM,0
SDQ,ORY,0
SKB,AXA,0
SLZ,CGH,0
SPU,LBA,0
SRQ,PSM,0
SSH,ADB,0
STN,NBE,0
SUB,BWX,0
SVQ,ATH,0
SWA,LUM,0
SZG,BHX,0
TIA,LGW,0
TIA,TRF,0
TIV,FRA,0
TOY,DLC,0
TRF,TIA,0
VAR,DUS,0
VLL,PMI,0
WEH,DZH,0
WMI,ATH,0
WRO,BBU,0
YBI,YRF,0
YCU,NGB,0
YHZ,VRA,0
YLX,KMG,0
YOW,SNU,0
YRF,YBI,0
ZFL,CGO,0
AAR,AYT,0
ADB,EIN,0
AEH,NDJ,0
AGA,MUC,0
AMS,KTT,0
AUA,CLO,0
AXP,CRI,0
AYT,AAR,0
AZA,TVC,0
BAR,NGB,0
BEG,CFU,0
BHK,MCX,0
BLQ,ZAD,0
BLV,JAX,0
BOJ,KSC,0
BOS,POP,0
BPL,YTW,0
BRI,NCE,0
BTS,PFO,0
BUG,LAD,0
CEB,BKK,0
CFU,BEG,0
CHA,FLL,0
CLO,AUA,0
CLY,LUX,0
CNC,HID,0
CNC,MYI,0
CNF,FLL,0
CNS,HKG,0
CWL,AYT,0
CWL,MAH,0
DAL,MYR,0
DBV,DUS,0
DKS,NSK,0
DLC,HLH,0
DMK,HPH,0
DOM,EWR,0
DUS,EVN,0
DUS,PUY,0
EIN,ADB,0
EVN,DUS,0
EWR,DOM,0
EXT,DLM,0
EXT,MAN,0
EXT,ZTH,0
FCO,PER,0
FLL,CHA,0
FRA,BGI,0
FVM,KDO,0
GVA,MRU,0
HAK,NRT,0
HAM,TLV,0
HEL,JTR,0
HHN,ZAD,0
HID,CNC,0
HKG,CNS,0
HLH,DLC,0
HLH,RLK,0
HPH,DMK,0
HRG,GOT,0
IAG,MYR,0
IAH,RNO,0
IAR,PEE,0
ISB,PEK,0
IUI,JUV,0
JAX,BLV,0
JCH,JEG,0
JER,NCL,0
JTR,HEL,0
KGS,CWL,0
KHM,MDL,0
KIH,PGU,0
KJA,NMA,0
KMG,BAR,0
KSC,BOJ,0
KUF,KGP,0
KUF,PEE,0
KUN,ZAD,0
KWE,RIZ,0
LCY,MAD,0
LPL,MAH,0
LUX,CLY,0
MAH,LPL,0
MAN,EXT,0
MCO,YKF,0
MCO,YYT,0
MCX,BHK,0
MID,YYZ,0
MRS,SPU,0
MRU,GVA,0
MUX,ELQ,0
MYI,CNC,0
MYR,DAL,0
MYR,IAG,0
NAP,RIX,0
NBJ,SPP,0
NCE,BRI,0
NCL,JER,0
NDJ,AEH,0
NMA,KJA,0
NRT,HAK,0
NSK,DKS,0
ONG,CNS,0
ORD,UVF,0
OSL,RHO,0
PEE,IAR,0
PER,FCO,0
PFO,BTS,0
PGU,KIH,0
PMV,SVZ,0
POP,BOS,0
PUY,DUS,0
REL,FTE,0
RHO,OSL,0
RIX,NAP,0
RIZ,KWE,0
RLK,HLH,0
RNO,IAH,0
ROS,FLN,0
SPU,MRS,0
SVP,NBJ,0
SVZ,PMV,0
SZX,ZAT,0
TIA,RUH,0
TLV,HAM,0
TLV,YYZ,0
TQO,YQB,0
TVC,AZA,0
UVF,ORD,0
VNO,KEF,0
YBI,YHG,0
YBX,YMH,0
YFX,YHA,0
YFX,YMH,0
YHA,YFX,0
YHA,YHG,0
YHG,YBI,0
YHG,YHA,0
YMH,YBX,0
YMH,YFX,0
YQB,TQO,0
YRF,YYR,0
YTW,BPL,0
YUL,GUA,0
YVR,ZIH,0
YXY,YZF,0
YYR,YRF,0
YYT,MCO,0
YYZ,MID,0
YYZ,TLV,0
YZF,YXY,0
ZAD,BLQ,0
ZAD,HHN,0
ZAD,KUN,0
ZAT,SZX,0
ZIH,YVR,0
AAE,MED,0
ADB,HTY,0
AJA,MPL,0
AKN,DLG,0
AMD,PXN,0
APC,VNY,0
BAR,HGH,0
BAR,KMG,0
BES,DUB,0
BGI,PHL,0
BGY,TOS,0
BHX,KLX,0
BIO,NAP,0
BJL,CKY,0
BKN,TAZ,0
BLQ,PVK,0
BNA,CID,0
BOJ,FRA,0
BOJ,STN,0
BOM,SSE,0
BQS,GDX,0
BRU,BOJ,0
BSZ,MCX,0
BUD,SLL,0
BWA,DXB,0
CDG,JER,0
CEK,SSH,0
CID,BNA,0
CKG,SEA,0
CLJ,HRG,0
CLJ,ZTH,0
CNS,ONG,0
CRI,AXP,0
CWL,KGS,0
CZM,DEN,0
CZX,KHN,0
DEN,CZM,0
DLG,AKN,0
DME,HRI,0
DSS,TLS,0
DUB,BES,0
DUB,RNS,0
DUS,DBV,0
EFL,MUC,0
EWR,FNC,0
FCO,KGS,0
FLL,CNF,0
FNC,EWR,0
FNJ,SHE,0
FRA,BOJ,0
GEO,GND,0
GND,GEO,0
GWT,STR,0
GYD,PEE,0
HAK,HAN,0
HAN,HAK,0
HEL,FUE,0
HLE,JNB,0
HRG,CLJ,0
HTY,ADB,0
IBZ,SZG,0
ICN,MEL,0
ICN,WRO,0
JED,AAE,0
JER,CDG,0
JNB,NOS,0
JTR,VCE,0
KCA,TWC,0
KEF,VNO,0
KGL,SEU,0
KGS,FCO,0
KGS,WAW,0
KHI,YYZ,0
KHN,CZX,0
KHN,LZH,0
KJA,ULK,0
KLX,BHX,0
KND,FKI,0
LBA,NCE,0
LBV,IST,0
LGW,TIA,0
LPA,TRD,0
LPL,ZTH,0
LPM,VLI,0
LUX,BVC,0
LUX,IBZ,0
LZH,KHN,0
MAD,LCY,0
MAH,CWL,0
MAH,LUX,0
MBA,VRN,0
MBJ,MXP,0
MCO,YEG,0
MCX,BSZ,0
MCX,MSQ,0
MED,CIT,0
MEL,ICN,0
MLE,LMV,0
MPL,AJA,0
MSQ,MCX,0
MUC,EFL,0
MUC,PVK,0
NAP,BIO,0
NCE,LBA,0
NGB,BAR,0
NOS,JNB,0
NTE,TGD,0
OHS,SLL,0
OMS,AYT,0
OSR,VAR,0
PEE,GYD,0
PHL,BGI,0
PNH,PQC,0
POZ,TIA,0
PQC,PNH,0
PVG,HGH,0
PVK,BLQ,0
PVK,MUC,0
PXN,AMD,0
RGN,SWA,0
RNS,DUB,0
RTM,TLN,0
SEU,KGL,0
SLL,OHS,0
SSE,BOM,0
SSH,CEK,0
SSH,TJM,0
STN,BOJ,0
STR,GWT,0
SZG,IBZ,0
TAZ,BKN,0
TEN,ZYI,0
TGD,NTE,0
TIA,POZ,0
TJM,SSH,0
TLN,RTM,0
TOS,BGY,0
TRD,LPA,0
TRM,VNY,0
TUN,MED,0
TWC,KCA,0
UET,JED,0
VCE,JTR,0
VNY,APC,0
VNY,TRM,0
VRN,ZTH,0
VTE,HGH,0
WAW,KGS,0
WFB,HYG,0
WRO,ICN,0
YEG,MCO,0
YEG,YYT,0
YKF,MCO,0
YNZ,ZUH,0
YQR,YXE,0
YYT,YEG,0
ZTH,CLJ,0
ZTH,EXT,0
ZTH,LPL,0
ZTH,VRN,0
ZUH,YNZ,0
ZYI,TEN,0
AAE,JED,0
ABE,DEN,0
ACE,OVD,0
ALC,LUX,0
AMM,BVA,0
ASR,HAJ,0
ATW,PDX,0
AYT,OGZ,0
AYT,OMS,0
BDS,LUX,0
BEG,CIA,0
BJL,AMS,0
BKK,LYA,0
BKK,TYN,0
BNA,RFD,0
BOD,MLA,0
BOJ,CGN,0
BOJ,LPL,0
BOJ,STR,0
BQB,PER,0
BRS,SZG,0
BTS,NAP,0
BUD,WRO,0
BVA,AMM,0
BZE,ORD,0
BZO,IBZ,0
CAN,ZAT,0
CEK,MRV,0
CFU,CWL,0
CGN,BOJ,0
CIA,BEG,0
CPH,FNC,0
CTG,GYE,0
CTU,TCZ,0
DEN,ABE,0
DJE,HAJ,0
DSM,HOU,0
DXB,JUB,0
DXB,YVR,0
EXT,CFU,0
FNC,CPH,0
FSD,PGD,0
FUE,HEL,0
GPA,MUC,0
GYE,CTG,0
HER,KRK,0
HER,KSC,0
HFE,PNH,0
HGH,PVG,0
HGH,VTE,0
HHN,SBZ,0
HOU,DSM,0
IBZ,BZO,0
IBZ,SCQ,0
IKT,PKC,0
JSI,LBA,0
JUB,DXB,0
KHI,BGW,0
KJA,PKC,0
KJI,TLQ,0
KSC,HER,0
KTT,LGW,0
LBA,JSI,0
LGW,KTT,0
LIL,DSS,0
LPA,SVG,0
LPL,BOJ,0
LUX,ALC,0
LUX,BDS,0
LYA,BKK,0
MAN,SOF,0
MDW,PVU,0
MED,AAE,0
MHD,KHI,0
MRV,CEK,0
MSP,SXM,0
MUC,GPA,0
MUC,OUL,0
MXZ,WUH,0
NAP,BTS,0
NAP,SXB,0
NBJ,SVP,0
NZH,UBN,0
OGZ,AYT,0
OLB,NUE,0
ORD,BZE,0
ORY,SUF,0
OUL,MUC,0
OVD,ACE,0
PBG,PGD,0
PDX,ATW,0
PER,BQB,0
PGD,FSD,0
PGD,PBG,0
PKC,IKT,0
PKC,KJA,0
PMI,SLM,0
PNH,HFE,0
PVU,MDW,0
RFD,BNA,0
RHO,NRN,0
RIX,VCE,0
RJK,STR,0
SBZ,HHN,0
SCQ,IBZ,0
SDQ,TPA,0
SKP,VCE,0
SLL,BUD,0
SLM,PMI,0
SOF,MAN,0
SPC,STR,0
SPP,NBJ,0
SPU,SVG,0
SPU,TLL,0
STR,BOJ,0
STR,RJK,0
STR,SPC,0
SUF,ORY,0
SVG,LPA,0
SVG,SPU,0
SVQ,CPH,0
SWA,RGN,0
SXB,NAP,0
SXM,MSP,0
SZG,BRS,0
TCZ,CTU,0
TLL,SPU,0
TLQ,KJI,0
TPA,SDQ,0
TQA,IUI,0
TUN,NIM,0
TYN,BKK,0
UBN,NZH,0
USH,REL,0
VCE,RIX,0
VCE,SKP,0
WRO,BUD,0
WUH,MXZ,0
XNN,YIH,0
YIH,XNN,0
YUL,YQR,0
YXE,YUL,0
ZAT,CAN,0
ABQ,MCO,0
ABZ,DLM,0
ADB,RTM,0
ADB,VCE,0
AHA,PAB,0
AKF,BEN,0
ALA,MSQ,0
ALC,BTS,0
AMM,KRK,0
ARN,FNC,0
AYT,EXT,0
BAH,SKT,0
BEN,AKF,0
BER,SPC,0
BER,SSH,0
BES,RAK,0
BGO,FLR,0
BHX,PVK,0
BIO,PDL,0
BME,SYD,0
BOD,DJE,0
BOJ,WAW,0
BTS,ALC,0
CAE,MCO,0
CAI,NUM,0
CFU,CLJ,0
CFU,EXT,0
CFU,LUX,0
CID,SRQ,0
CLJ,CFU,0
CMN,HBE,0
CPH,SVQ,0
CPH,TIV,0
CWL,CFU,0
CZM,YUL,0
DAR,LOS,0
DHH,TLQ,0
DJE,BOD,0
DLM,ABZ,0
DSS,LIL,0
DUB,YYT,0
EDI,MAH,0
EXT,AYT,0
EZE,RES,0
FLN,ROS,0
FLR,BGO,0
FMO,HRG,0
GDX,BQS,0
GOJ,MMK,0
GOJ,TBS,0
GRR,TPA,0
HAJ,ASR,0
HAK,LYA,0
HBE,CMN,0
HDN,SEA,0
HND,UEO,0
HRG,KWI,0
HUZ,SJW,0
ICN,PKZ,0
INN,PMI,0
IXG,NAG,0
JJN,WXN,0
JMK,MAN,0
JMK,OTP,0
KHI,MHD,0
KLH,NAG,0
KRK,AMM,0
KRK,HER,0
KRK,SPU,0
KWI,HRG,0
LHR,RHO,0
LNB,VLI,0
LPL,RVN,0
LUW,PLW,0
LUX,CFU,0
LYA,HAK,0
MAH,EDI,0
MAN,JMK,0
MCO,ABQ,0
MCO,CAE,0
MJT,STN,0
MLA,BOD,0
MMK,GOJ,0
MSP,PLS,0
MSQ,ALA,0
MXP,SPU,0
NAG,IXG,0
NAG,KLH,0
NCE,TRF,0
NRN,RHO,0
NUE,OLB,0
NUM,CAI,0
OLB,WAW,0
OMS,RGK,0
ORD,SAL,0
ORY,VXE,0
OTP,JMK,0
PAB,AHA,0
PDL,BIO,0
PER,XCH,0
PGD,STC,0
PIE,MSP,0
PIT,SAN,0
PKZ,ICN,0
PLS,MSP,0
PLW,LUW,0
PLW,TLI,0
PMI,INN,0
PMO,ZTH,0
PSJ,UPG,0
PVK,BHX,0
RAK,BES,0
REL,USH,0
RGK,OMS,0
RHO,LHR,0
RNS,RAK,0
RTM,ADB,0
RVN,LPL,0
SAL,ORD,0
SAN,PIT,0
SEA,HDN,0
SHE,FNJ,0
SJW,HUZ,0
SKP,SPU,0
SON,BNE,0
SPC,BER,0
SPU,KRK,0
SPU,MXP,0
SPU,SKP,0
SRQ,CID,0
SSH,BER,0
STC,PGD,0
STN,MJT,0
SYD,BME,0
TAE,YNJ,0
TBS,GOJ,0
TFS,LGG,0
TIV,CPH,0
TLI,PLW,0
TLQ,DHH,0
TLS,DSS,0
TPA,GRR,0
TRF,NCE,0
ULK,KCY,0
UPG,PSJ,0
VAR,OSR,0
VCE,ADB,0
VLI,LNB,0
WAW,BOJ,0
WAW,OLB,0
WXN,JJN,0
YEG,PUJ,0
YNJ,TAE,0
YRB,YFB,0
YUL,YLW,0
YVR,DXB,0
YYT,DUB,0
ZTH,PMO,0
ACE,NRN,0
AER,ESL,0
AMM,PSA,0
AMS,BJV,0
ATQ,MXP,0
ATZ,AUH,0
AUH,ATZ,0
BEN,ZIS,0
BFJ,PKX,0
BGO,CHQ,0
BGY,OMO,0
BRU,INN,0
BTS,DXB,0
BTS,SUF,0
BUD,NCL,0
BWI,ECP,0
BWN,HGH,0
CGP,MED,0
CHQ,BGO,0
CIT,MED,0
CJJ,DPS,0
CRL,FCO,0
CVG,PDX,0
CXR,KWL,0
CZX,WEH,0
DBV,DXB,0
DCT,NAS,0
DLM,NWI,0
DXB,BTS,0
DXB,DBV,0
ECP,BWI,0
EDI,SPU,0
ENH,UYN,0
ESL,AER,0
EXT,RHO,0
FCO,CRL,0
FNC,ARN,0
FNC,OSL,0
FOC,TEN,0
FSC,LUX,0
GDX,PWE,0
GLA,SSH,0
GRR,LAL,0
GUW,SSH,0
HAM,RJK,0
HFE,WXN,0
HGH,BWN,0
HGH,HLH,0
HIA,LPQ,0
HIR,NNB,0
HKG,NTG,0
HLH,HGH,0
HTS,VPS,0
HUZ,TNA,0
ICN,MDC,0
INN,BRU,0
IST,JUB,0
JAV,JCH,0
JED,MHD,0
JJD,PHB,0
KAW,MGZ,0
KGE,HIR,0
KGL,LBV,0
KGS,SZG,0
KJA,TKM,0
KMG,KOS,0
KOS,KMG,0
KRR,SSH,0
KRR,TAS,0
KVX,SVX,0
KWL,IKT,0
LAL,GRR,0
LGG,RHO,0
LGI,DCT,0
LIS,TSF,0
LLM,SCZ,0
LOS,DAR,0
LPQ,HIA,0
LPQ,LYG,0
LUX,FSC,0
LXA,WXN,0
LYG,LPQ,0
MAD,SBZ,0
MDL,KHM,0
MIR,WRO,0
MLB,GLA,0
MUH,BTS,0
MVY,OWD,0
NAP,PVK,0
NBS,WUX,0
NCL,BUD,0
NCL,ZAD,0
NRN,ACE,0
NTG,HKG,0
NWI,DLM,0
OMO,BGY,0
OSL,FNC,0
OST,RHO,0
OWD,MVY,0
PDX,CVG,0
PKX,BFJ,0
PMO,LUX,0
POZ,MIR,0
PUJ,BRU,0
PUJ,YEG,0
PVK,ARN,0
PVK,NAP,0
PWE,GDX,0
QGQ,JEG,0
RAK,RNS,0
RHO,EXT,0
RJK,HAM,0
RSW,SEA,0
SBZ,MAD,0
SEA,RSW,0
SID,ARN,0
SJD,YLW,0
SKT,BAH,0
SPU,EDI,0
SSH,GUW,0
SSH,KRR,0
SUF,BTS,0
SVX,KVX,0
SZG,KGS,0
TAS,KRR,0
TEN,FOC,0
TNA,HUZ,0
TSF,LIS,0
TSR,HER,0
UYN,ENH,0
VPS,HTS,0
WEH,CZX,0
WOL,NTL,0
WUX,NBS,0
WXN,HFE,0
WXN,LXA,0
YLW,SJD,0
YLW,YUL,0
YUL,CZM,0
YXU,PUJ,0
ZAD,NCL,0
ZIS,BEN,0
ADD,EGL,0
ADL,TSV,0
AJR,STR,0
AMM,BLQ,0
AMM,CIA,0
AMS,FEZ,0
ARH,CEE,0
ARN,CFU,0
ARN,GZP,0
ARN,HAJ,0
ARN,HKT,0
ARN,PVK,0
ASF,SVX,0
AUA,SDQ,0
BDJ,LOP,0
BDJ,PNK,0
BFS,RAK,0
BGR,FLL,0
BJV,AMS,0
BLQ,AMM,0
BOB,MOZ,0
BRE,ZAD,0
BRI,OMO,0
BRU,MAH,0
BTS,MUH,0
BUS,KUF,0
BVA,RVN,0
BZR,SNN,0
CEK,MCX,0
CEN,LAP,0
CFU,ARN,0
CFU,SOF,0
CIA,AMM,0
CKG,KTM,0
CLT,CZM,0
COK,SLL,0
CPH,PRN,0
CTA,QSR,0
CWL,HER,0
CYC,BZE,0
CZM,CLT,0
DBV,ORK,0
DOH,TRZ,0
DPS,CJJ,0
EHU,KMG,0
EHU,TNA,0
EIN,SID,0
EMN,NKC,0
EWR,POS,0
EXT,MAH,0
FCO,HAV,0
FEG,IKT,0
FEZ,AMS,0
FEZ,SXB,0
FLL,BGR,0
FLN,PET,0
FRA,KTT,0
GLA,MLB,0
GRU,NBJ,0
GYD,UGC,0
GYS,SJW,0
GZP,ARN,0
HAJ,ARN,0
HAN,HGH,0
HER,INN,0
HER,LGG,0
HER,TSR,0
HGH,HAN,0
HHN,LPA,0
HKG,XNN,0
IKT,FEG,0
INC,WUX,0
INN,HER,0
JED,DSS,0
JED,MZR,0
JIQ,TFU,0
JNG,XMN,0
JPA,EZE,0
JSI,OTP,0
KCY,ULK,0
KMG,EHU,0
KTM,CKG,0
KTT,AMS,0
KTW,SKG,0
KUF,BUS,0
KUT,RIX,0
KWI,PRG,0
LAD,LBV,0
LAP,CEN,0
LBA,PGF,0
LJU,TIV,0
LOP,BDJ,0
LPA,HHN,0
MAH,EXT,0
MAH,NWI,0
MCX,CEK,0
MDC,ICN,0
MIR,POZ,0
MJT,TLV,0
MMK,SVX,0
MSP,PIE,0
MSY,XPL,0
MUH,VRN,0
NBJ,GRU,0
NBJ,WDH,0
NCL,NQY,0
NQY,NCL,0
NWI,MAH,0
OMO,BRI,0
OMO,PMO,0
ORK,DBV,0
ORN,PGF,0
OTP,JSI,0
PAB,JGB,0
PET,FLN,0
PGF,LBA,0
PGF,ORN,0
PMO,BRU,0
PMO,OMO,0
PMV,VLV,0
PNK,BDJ,0
POS,EWR,0
PRG,KWI,0
PRN,CPH,0
PSA,AMM,0
PTY,SLA,0
PTY,TUC,0
PUJ,YXU,0
QSR,CTA,0
RAK,BFS,0
RIX,KUT,0
RIX,TIA,0
RMF,KTW,0
RMF,LUX,0
RVN,BVA,0
SDQ,SKB,0
SFA,MJI,0
SGC,VOG,0
SJW,GYS,0
SKG,KTW,0
SLA,PTY,0
SLL,COK,0
SNN,BZR,0
SOF,BJV,0
SOF,CFU,0
SSH,GLA,0
STT,DOM,0
SVX,ASF,0
SVX,MMK,0
SVX,ULV,0
SVZ,VLN,0
SXB,FEZ,0
TFU,JIQ,0
TIA,RIX,0
TIA,WRO,0
TIA,ZAG,0
TIV,LJU,0
TLV,MJT,0
TNA,EHU,0
TRZ,DOH,0
TSV,ADL,0
UGC,GYD,0
ULV,SVX,0
VLI,LPM,0
VLN,SVZ,0
VLV,PMV,0
VOG,SGC,0
WDH,NBJ,0
WRO,MIR,0
WRO,TIA,0
WUX,INC,0
XMN,JNG,0
XNN,HKG,0
XPL,MSY,0
XRY,LUX,0
YGX,YYQ,0
ZAD,BRE,0
ZAG,TIA,0
ACE,OSL,0
ACE,TRN,0
AGP,KWI,0
AHO,FMM,0
ALG,MZW,0
AMM,FMM,0
ARN,CAG,0
ARN,MRS,0
ARN,TRS,0
ATH,SXB,0
AUH,HKG,0
AZA,XNA,0
BAH,CNN,0
BDJ,KUL,0
BER,MIA,0
BGI,IAD,0
BGY,JSI,0
BHK,OQN,0
BJV,SOF,0
BOH,CHQ,0
BOH,ZTH,0
BOJ,KUN,0
BOJ,RIX,0
BON,EWR,0
BRI,JMK,0
BRI,OPO,0
BRM,SVZ,0
BZO,KSF,0
CAG,ARN,0
CAN,ADL,0
CDG,VAR,0
CEE,ARH,0
CFU,FMO,0
CFU,GOT,0
CFU,INI,0
CFU,SNN,0
CFU,TRN,0
CFU,VRN,0
CFU,ZAG,0
CGN,EZS,0
CHQ,BOH,0
CHQ,FMM,0
CHQ,NUE,0
CHQ,TSF,0
CJU,XIY,0
CLT,GND,0
CLT,SKB,0
CNN,BAH,0
CPH,SCR,0
DBB,PRG,0
DBV,PRG,0
DEN,NAS,0
DLM,AMM,0
DLM,KTW,0
DME,TMJ,0
DOM,STT,0
DUB,KGS,0
DUS,KZR,0
DWC,KRR,0
DWC,MUC,0
DZH,NNG,0
DZH,TAO,0
EGC,LPL,0
ELG,OGX,0
ENH,HAN,0
EWR,BON,0
EWR,SKB,0
EZS,CGN,0
FEG,SKD,0
FMM,AHO,0
FMM,AMM,0
FMM,CHQ,0
FMO,CFU,0
FRA,JSI,0
GBT,JED,0
GND,CLT,0
GOT,CFU,0
GOT,PUY,0
GOY,KCY,0
GRO,HEL,0
GRO,PED,0
GRO,RIX,0
GSM,KIH,0
GSV,NUX,0
GYD,TGD,0
HAJ,KLU,0
HAM,AGA,0
HAN,ENH,0
HEL,GRO,0
HER,CWL,0
HER,SBZ,0
HKT,ARN,0
HPH,KMG,0
IAD,BGI,0
IAR,AER,0
IKA,KZN,0
IKT,KWL,0
INI,CFU,0
IRJ,EZE,0
ISG,ITM,0
ITM,ISG,0
ITM,MMB,0
IWA,MRV,0
IXZ,KUL,0
JED,RZV,0
JMK,BRI,0
JSI,BGY,0
JSI,FRA,0
KCY,THX,0
KCY,VAQ,0
KGD,KVK,0
KGS,DUB,0
KGS,PSA,0
KIH,GSM,0
KLU,HAJ,0
KMG,HPH,0
KRK,KWI,0
KRR,DWC,0
KSF,BZO,0
KTW,DLM,0
KTW,RMF,0
KUL,BDJ,0
KUL,IXZ,0
KUN,BOJ,0
KVK,KGD,0
KWI,AGP,0
KWI,KRK,0
KWL,CXR,0
KZN,IKA,0
KZR,DUS,0
LBJ,SIN,0
LPL,EGC,0
LRH,ORK,0
LUX,XRY,0
LYS,OUD,0
MAN,TPS,0
MDC,NKG,0
MED,TUN,0
MIA,BER,0
MIA,ZSA,0
MKS,ADD,0
MMB,ITM,0
MRS,ARN,0
MRV,IWA,0
MTJ,SFO,0
MTY,JFK,0
MUC,DWC,0
MZW,ALG,0
NAS,DEN,0
NCU,SCO,0
NKG,MDC,0
NNG,DZH,0
NUE,CHQ,0
NUX,GSV,0
OPO,BRI,0
OPO,TPS,0
OQN,BHK,0
OQN,TMJ,0
ORK,LRH,0
ORK,RHO,0
OSL,ACE,0
OUD,LYS,0
PED,GRO,0
PIE,PSM,0
POP,YHZ,0
PRG,DBV,0
PRG,TIV,0
PSA,KGS,0
PSM,PIE,0
PSM,RSW,0
PUY,GOT,0
RHO,ORK,0
RIX,BOJ,0
RIX,GRO,0
RSW,PSM,0
RZV,JED,0
SBZ,HER,0
SCO,NCU,0
SCR,CPH,0
SFO,MTJ,0
SID,EIN,0
SIN,LBJ,0
SJD,YUL,0
SKB,CLT,0
SKB,EWR,0
SKD,FEG,0
SNN,CFU,0
SVZ,BRM,0
SWF,VRB,0
SXB,ATH,0
SYX,HAN,0
SZG,RUH,0
TAO,DZH,0
TGD,GYD,0
TIV,PRG,0
TKM,KJA,0
TMJ,DME,0
TMJ,OQN,0
TPS,MAN,0
TPS,OPO,0
TRN,ACE,0
TRN,CFU,0
TRS,ARN,0
TSF,CHQ,0
TUC,PTY,0
VAR,CDG,0
VCP,BRC,0
VRB,SWF,0
VRN,CFU,0
VRN,DJE,0
VRN,MUH,0
XIY,CJU,0
XNA,AZA,0
XNN,XUZ,0
XUZ,XNN,0
YUL,SJD,0
YWG,YYJ,0
YYJ,YWG,0
ZAG,CFU,0
ZNZ,FRA,0
ZSA,MIA,0
ZTH,BOH,0
ADL,CAN,0
AER,IAR,0
AKU,PKX,0
ALA,TGD,0
ARN,SCR,0
ARN,ZTH,0
ASF,MRV,0
ASF,UFA,0
ATW,SAV,0
AUH,VAR,0
BDS,STR,0
BJV,DOH,0
BKK,LHW,0
BRC,VCP,0
BRE,TFS,0
BRS,PVK,0
BRU,BDS,0
BRU,REU,0
BSA,SHJ,0
CCS,POS,0
CHQ,OST,0
CPH,RMO,0
CUN,SDQ,0
CUN,YHM,0
CVU,PDL,0
CWL,IBZ,0
CWL,ZTH,0
DBV,LUX,0
DBV,RIX,0
DMK,PKX,0
DOH,BJV,0
DOH,ZYL,0
DQA,TSN,0
EVN,NAP,0
EXT,HER,0
GOX,BBI,0
GRR,SAV,0
GUW,SVO,0
HGH,LYA,0
HKG,AUH,0
HKT,UBN,0
HRG,AMM,0
ILG,JAX,0
IWA,MCX,0
IXM,SIN,0
JAX,ILG,0
JED,JHB,0
JED,PDG,0
JFK,MTY,0
JHB,MED,0
JSI,NCL,0
KEF,YHZ,0
KGD,SSH,0
KNY,KJA,0
KRR,UFA,0
LUX,DBV,0
LUX,PMO,0
LYA,HGH,0
LYA,XNN,0
MAH,PRG,0
MCT,ZYL,0
MCX,IWA,0
MIA,SYR,0
MRV,ASF,0
NAP,EVN,0
NCL,JSI,0
ORY,SCQ,0
OST,HER,0
OST,HRG,0
PEK,MLE,0
PKX,AKU,0
PKX,DMK,0
POS,CCS,0
PRG,MAH,0
PRG,RUH,0
PUJ,PRG,0
PVK,BRS,0
PVR,SMF,0
QSF,LIL,0
QSR,VRN,0
RIX,DBV,0
RMO,CPH,0
RTB,YYZ,0
RUH,PRG,0
RUH,SVO,0
SAV,ATW,0
SAV,GRR,0
SCQ,ORY,0
SCR,ARN,0
SDQ,CUN,0
SHJ,BSA,0
SIN,IXM,0
SKP,STR,0
SMF,PVR,0
SSH,KGD,0
STR,AJR,0
STR,BDS,0
STR,SKP,0
SVO,GUW,0
SVO,RUH,0
TFS,BRE,0
TGD,ALA,0
TSN,DQA,0
TZX,MED,0
UBN,HKT,0
UFA,ASF,0
UFA,KRR,0
VAR,AUH,0
VRN,FUE,0
VRN,LXR,0
VRN,QSR,0
XNN,LYA,0
YHM,CUN,0
YHZ,KEF,0
YHZ,POP,0
YYZ,RTB,0
ZTH,ARN,0
ABA,LED,0
ADB,TBS,0
AER,OSS,0
AGA,HAM,0
ALG,BEY,0
ALG,BSL,0
ARN,CAI,0
AVA,PVG,0
AVL,HOU,0
AXM,EOH,0
AYT,OST,0
BAH,BTS,0
BAH,JFK,0
BCN,ESB,0
BDA,CHS,0
BEY,ALG,0
BFJ,LJG,0
BFJ,NGB,0
BGY,LMP,0
BGY,OMR,0
BGY,PNL,0
BIO,CDT,0
BIQ,LUX,0
BKA,KCY,0
BKK,CZX,0
BLQ,LMP,0
BLQ,PNL,0
BOO,HEL,0
BRS,ORY,0
BSL,ALG,0
BTS,BAH,0
CAI,ARN,0
CAJ,PZO,0
CAJ,SNV,0
CDT,BIO,0
CHQ,EMA,0
CHS,BDA,0
CKG,BAR,0
CPC,EZE,0
CPH,NRN,0
CUN,PIT,0
CZM,ORD,0
CZX,BKK,0
DEN,MBJ,0
DFW,LTO,0
DTM,FCO,0
DUS,KTT,0
DXB,NBJ,0
EGC,EMA,0
EMA,CHQ,0
EMA,EGC,0
EOH,AXM,0
ESB,BCN,0
EVN,PRG,0
EZV,TJM,0
FCA,SAN,0
FCO,DTM,0
FLR,ARN,0
FUE,VRN,0
GHV,NAP,0
GOX,MAN,0
HAK,LHR,0
HAN,SYX,0
HEL,BOO,0
HER,EXT,0
HOU,AVL,0
HRG,NAP,0
HRG,OST,0
HSN,WHA,0
IBZ,CWL,0
IXT,JRH,0
JAV,QUP,0
JED,PRN,0
JFK,BAH,0
JHG,XUZ,0
JMK,NCE,0
JNG,YNT,0
JRH,IXT,0
KCY,GOY,0
KGS,NAP,0
KTT,DUS,0
KUL,VTZ,0
KWL,ICN,0
KYZ,KCY,0
LED,ABA,0
LHR,HAK,0
LHW,BKK,0
LJG,BFJ,0
LMP,BGY,0
LMP,BLQ,0
LMP,NAP,0
LMP,VCE,0
LMP,VRN,0
LPL,SPU,0
LPL,WMI,0
LTO,DFW,0
LUX,BIQ,0
LUX,LEI,0
MAH,OPO,0
MAN,GOX,0
MBJ,DEN,0
MHM,HIR,0
MJT,BRU,0
MPN,PUQ,0
MUU,PBA,0
NAP,GHV,0
NAP,HRG,0
NAP,KGS,0
NAP,LMP,0
NBJ,DXB,0
NCE,JMK,0
NGB,BFJ,0
NRN,CPH,0
NYR,SUY,0
OMR,BGY,0
OPO,MAH,0
ORD,CZM,0
ORY,BRS,0
OSS,AER,0
OTP,ZAG,0
PBI,USA,0
PDG,JED,0
PDL,CVU,0
PHX,YLW,0
PIT,CUN,0
PMO,WMI,0
PNL,BGY,0
PNL,BLQ,0
PNL,VRN,0
PRG,DBB,0
PRG,EVN,0
PRN,JED,0
PSP,YWG,0
PUQ,MPN,0
PZO,CAJ,0
RHO,BLL,0
RHO,CTA,0
SAN,FCA,0
SNV,CAJ,0
SPU,LPL,0
SSH,STN,0
STN,SSH,0
SUF,BRU,0
SYR,MIA,0
TAO,YIW,0
TBS,ADB,0
TJM,EZV,0
USA,PBI,0
VCE,LMP,0
VRN,LMP,0
VRN,PNL,0
VTZ,KUL,0
VVI,IQQ,0
WHA,HSN,0
WMI,LPL,0
WMI,PMO,0
XUZ,JHG,0
YEG,YHY,0
YHY,YEG,0
YIW,TAO,0
YLW,PHX,0
YNT,JNG,0
YSM,YHY,0
YWG,PSP,0
ZAG,OTP,0
ZNZ,FCO,0
ZTH,CWL,0
AAT,ACF,0
AAT,QSZ,0
ABV,NSI,0
ACF,AAT,0
ACX,BHY,0
ADB,KRK,0
AEY,MAN,0
ARN,FLR,0
ARN,SMI,0
ASU,FLN,0
ATZ,CAI,0
AUH,KNO,0
AYT,ERZ,0
AYT,MCX,0
AZN,OVB,0
BAR,CZX,0
BEN,DXB,0
BER,KUN,0
BES,PMI,0
BHY,ACX,0
BIO,RMU,0
BOD,EDI,0
BOJ,HUY,0
BRN,HER,0
BRU,GPA,0
BRU,TIV,0
BSK,CDG,0
BVA,EVN,0
BZO,CTA,0
BZX,CGO,0
CAI,ATZ,0
CAI,MRS,0
CAN,HSN,0
CBR,DRW,0
CDG,BSK,0
CFU,TLS,0
CGO,BZX,0
CGO,LUM,0
CGO,SQD,0
CHQ,LEJ,0
CIT,KSN,0
CKG,KHH,0
CKG,LIJ,0
CKG,ZHY,0
CLJ,AYT,0
CPH,KRN,0
CRK,WNP,0
CTA,BZO,0
CTU,HYN,0
CZX,BAR,0
DAT,WNZ,0
DLC,WHA,0
DLM,BEY,0
DMK,KHN,0
DRW,CBR,0
DXB,BEN,0
DXJ,HUZ,0
DYG,HUZ,0
EAS,MAH,0
EAS,PMI,0
EBB,LGW,0
EDI,BOD,0
EDI,GNB,0
EGE,SAN,0
EGE,SEA,0
ENY,HGH,0
ERZ,AYT,0
EVN,BVA,0
EVN,MRS,0
FLL,PDX,0
FLN,ASU,0
FRA,MPL,0
GCM,PHL,0
GNB,EDI,0
GOX,OVB,0
GRU,SLA,0
GRZ,KGS,0
GUW,TBS,0
HAK,WUT,0
HAM,TOS,0
HDN,MSP,0
HER,BRN,0
HGH,ENY,0
HRB,JXA,0
HRG,KSC,0
HSN,CAN,0
HUY,BOJ,0
HUZ,DXJ,0
HYN,CTU,0
IBZ,OVD,0
ICN,KWL,0
IFN,JED,0
ISB,TAS,0
JBK,YTW,0
JHG,WDS,0
JXA,HRB,0
JXA,OHE,0
KDH,MHD,0
KGS,GRZ,0
KGS,ORY,0
KHH,CKG,0
KHN,DMK,0
KIX,MMB,0
KMG,LIJ,0
KNO,AUH,0
KRK,ADB,0
KRN,CPH,0
KSC,HRG,0
KSN,CIT,0
KTT,MAN,0
KUN,BER,0
LAE,RAB,0
LGW,EBB,0
LIJ,CKG,0
LIJ,KMG,0
LIJ,TAO,0
LIJ,TFU,0
LIL,MAH,0
LIN,TFS,0
LLA,ORY,0
LPA,LYS,0
LUM,CGO,0
LYS,LPA,0
MAH,EAS,0
MAH,LIL,0
MAH,SDR,0
MAN,AEY,0
MAN,KTT,0
MAN,ORY,0
MCX,AYT,0
MHD,KDH,0
MIG,XIC,0
MLA,TIA,0
MMB,KIX,0
MPL,FRA,0
MRS,CAI,0
MRS,EVN,0
MSL,PNS,0
MSP,HDN,0
MSP,ZIH,0
MSQ,DEL,0
MZR,JED,0
NBO,RUH,0
NCE,VNO,0
NGB,YYA,0
NSI,ABV,0
OHE,JXA,0
OLB,TLS,0
ORD,YHZ,0
ORY,KGS,0
ORY,LLA,0
ORY,MAN,0
ORY,PFO,0
ORY,ZSA,0
OTP,SPU,0
OVB,AZN,0
OVB,GOX,0
OVD,IBZ,0
OVD,RMU,0
PDX,FLL,0
PED,BOJ,0
PEK,PZI,0
PFO,ORY,0
PGU,SYZ,0
PHL,GCM,0
PMI,BES,0
PMI,EAS,0
PMI,OST,0
PNS,MSL,0
PZI,PEK,0
QSZ,AAT,0
RMU,BIO,0
RMU,OVD,0
ROB,ABJ,0
RSD,GGT,0
RUH,NBO,0
SAN,EGE,0
SDR,MAH,0
SEA,EGE,0
SES,KCY,0
SHA,AAT,0
SJU,STL,0
SLA,GRU,0
SMI,ARN,0
SPR,CYC,0
SPU,OTP,0
SPU,TRD,0
SQD,CGO,0
STL,SJU,0
STR,XRY,0
STW,SVX,0
SVX,STW,0
SYZ,PGU,0
TAO,LIJ,0
TAS,ISB,0
TBS,GUW,0
TFS,LIN,0
TFU,LIJ,0
TGO,WUA,0
TIA,MLA,0
TLM,LIL,0
TLS,CFU,0
TLS,OLB,0
TNA,YCU,0
TOS,HAM,0
TYN,XFN,0
UIO,SCY,0
UYN,YYA,0
VNO,NCE,0
VRN,TFS,0
WDS,JHG,0
WDS,WUX,0
WHA,DLC,0
WMT,WNZ,0
WNP,CRK,0
WNZ,DAT,0
WNZ,WMT,0
WUA,TGO,0
WUT,HAK,0
WUX,WDS,0
XFN,TYN,0
XIC,MIG,0
XMN,YYA,0
XRY,STR,0
YCU,TNA,0
YHZ,ORD,0
YKS,PYJ,0
YON,GLU,0
YTW,JBK,0
YYA,NGB,0
YYA,UYN,0
YYA,XMN,0
ZHY,CKG,0
AMD,CJB,0
AMM,DLM,0
AQG,KWE,0
AQG,TAO,0
ARN,NAP,0
ATH,BTS,0
AUA,DFW,0
AYT,KRR,0
BAR,JGS,0
BAR,SJW,0
BAR,WHA,0
BAV,KWE,0
BBU,NCE,0
BCN,HER,0
BCN,TRF,0
BET,DLG,0
BEY,DLM,0
BFS,BOJ,0
BJV,MRV,0
BKI,MDC,0
BNA,YWG,0
BOD,CLY,0
BOJ,BFS,0
BOJ,PED,0
BOM,MEL,0
BRS,RVN,0
BTS,ATH,0
CAN,ZHY,0
CAY,FOR,0
CCC,SVO,0
CDG,FUE,0
CDG,SSH,0
CGN,PUY,0
CGO,HNY,0
CGQ,JNG,0
CHQ,KTW,0
CIH,FOC,0
CIH,HRB,0
CJB,AMD,0
CJU,MFM,0
CKG,DYG,0
CLE,PBI,0
CLE,PIT,0
CLT,HOU,0
CLY,BOD,0
COK,LGW,0
COR,REC,0
COV,GYD,0
CPH,HRG,0
CTU,LUM,0
DEL,KBV,0
DFW,AUA,0
DLG,BET,0
DSN,ENY,0
DXB,INC,0
DYG,CKG,0
DYG,HNY,0
DYU,TZX,0
DZH,SJW,0
EBB,PZU,0
EHU,PKX,0
ENY,DSN,0
FCO,MBA,0
FCO,PNL,0
FIH,NBJ,0
FOC,CIH,0
FOC,YNJ,0
FOR,CAY,0
FRA,SZF,0
FUE,CDG,0
FYN,KRY,0
GCI,LBA,0
GDN,HER,0
GDN,TIA,0
GEL,VCP,0
GRU,MDE,0
GRV,KZN,0
GVA,SSH,0
GYD,COV,0
HAK,PNH,0
HAK,SQJ,0
HCJ,SZX,0
HER,BCN,0
HER,GDN,0
HER,KLX,0
HET,HUZ,0
HGH,JGS,0
HHH,ORD,0
HHN,OTP,0
HIA,HUZ,0
HIA,NGB,0
HKG,XUZ,0
HNY,CGO,0
HNY,DYG,0
HNY,TYN,0
HOU,CLT,0
HRB,CIH,0
HRB,SQJ,0
HUZ,DYG,0
HUZ,HET,0
HUZ,HIA,0
IKT,NZH,0
INC,DXB,0
IST,SXB,0
IXU,NAG,0
JCL,RHO,0
JEG,QPW,0
JGS,BAR,0
JGS,HGH,0
JGS,KWE,0
JGS,TNA,0
JHG,KOW,0
JNG,CGQ,0
KBV,DEL,0
KGE,MUA,0
KJA,NZH,0
KJA,SKD,0
KLX,HER,0
KMG,LYA,0
KOW,JHG,0
KOW,TYN,0
KRY,FYN,0
KTI,WUH,0
KTW,CHQ,0
KWE,AQG,0
KWE,BAV,0
KWE,JGS,0
KWE,SQD,0
KZN,GRV,0
LBA,GCI,0
LED,VVO,0
LEJ,CHQ,0
LGW,COK,0
LHR,LXR,0
LHR,UVF,0
LIN,OPO,0
LPA,SZG,0
LPQ,WNZ,0
LTN,TRN,0
LUM,CTU,0
LXR,LHR,0
LXR,ORY,0
LYA,KMG,0
LYG,NNG,0
LZO,ZHA,0
MAH,MPL,0
MAN,PDV,0
MDC,BKI,0
MDL,YTY,0
MED,TZX,0
MEL,BOM,0
MFM,CJU,0
MPL,MAH,0
MRV,BJV,0
MUA,KGE,0
MUC,SPC,0
MVF,REC,0
MXP,DJE,0
MXP,MIR,0
MXP,NCE,0
MXP,ZAG,0
MYR,SDF,0
NAG,IXU,0
NAP,ARN,0
NCE,BBU,0
NCE,MXP,0
NGB,HIA,0
NGO,OKD,0
NGO,SHE,0
NNG,LYG,0
NQN,ROS,0
NZH,KJA,0
OGG,YEG,0
OKD,NGO,0
OPO,LIN,0
ORD,HHH,0
ORY,LXR,0
OTP,HHN,0
OUA,TUN,0
PBA,MUU,0
PBI,CLE,0
PDV,MAN,0
PKX,EHU,0
PKX,SQD,0
PNH,HAK,0
PNL,FCO,0
PNZ,SSA,0
PUJ,YWG,0
PUY,CGN,0
PVG,AVA,0
PZU,EBB,0
QUP,JAV,0
REC,COR,0
REC,MVF,0
RHO,JCL,0
RMZ,UFA,0
ROS,NQN,0
RVN,BRS,0
SDF,MYR,0
SHA,YYA,0
SHE,NGO,0
SHE,YIC,0
SJW,BAR,0
SJW,DZH,0
SKD,KJA,0
SPC,MUC,0
SPU,TLS,0
SQD,KWE,0
SQD,PKX,0
SQJ,HAK,0
SQJ,HRB,0
SSA,PNZ,0
SSH,CDG,0
SSH,GVA,0
STR,TIV,0
SXB,IST,0
SYD,DMK,0
SZF,FRA,0
SZG,LPA,0
SZX,HCJ,0
TAO,AQG,0
TFU,ZYI,0
TIA,GDN,0
TIV,BRU,0
TIV,STR,0
TJL,VCP,0
TLS,SPU,0
TNA,JGS,0
TRD,SPU,0
TRF,BCN,0
TRN,LTN,0
TYN,HNY,0
TYN,KOW,0
TYN,WUA,0
TZX,MUC,0
UBN,PVG,0
ULK,KJA,0
UVF,LHR,0
VAQ,KCY,0
VCP,GEL,0
VCP,TJL,0
VTE,WNZ,0
VVO,LED,0
WMT,ZUH,0
WNZ,LPQ,0
WNZ,VTE,0
WUA,TYN,0
WUH,KTI,0
XUZ,HKG,0
YEG,OGG,0
YIC,SHE,0
YNJ,FOC,0
YQY,YYC,0
YSB,YYC,0
YTY,MDL,0
YWG,BNA,0
YWG,PUJ,0
YYA,SHA,0
YYC,YQY,0
YYC,YSB,0
ZAG,MXP,0
ZHA,LZO,0
ZIH,MSP,0
ZUH,WMT,0
ZYI,TFU,0
ADB,SKG,0
AEP,NAT,0
AGP,HAU,0
AHO,SOF,0
AMD,LHR,0
ASU,PDP,0
ATL,RAK,0
ATL,SKB,0
AZN,VKO,0
BER,YYZ,0
BFJ,PVG,0
BGO,PMI,0
BGY,BTS,0
BHD,PMI,0
BHX,GNB,0
BIA,FCO,0
BKO,NKC,0
BLQ,CHQ,0
BOM,CPH,0
BRQ,KGS,0
BRS,CMF,0
BSL,CLY,0
BTS,BGY,0
BUS,UFA,0
CDT,OVD,0
CGO,JGS,0
CHQ,BLQ,0
CIT,KUT,0
CLY,BSL,0
CMF,BRS,0
CMF,LCY,0
CPH,BOM,0
DAD,TAS,0
DLU,KUL,0
DLU,WMT,0
DMK,SYD,0
DSN,LFQ,0
DSN,YIE,0
DUS,GOA,0
DUS,PMO,0
EDI,INN,0
ESB,GVA,0
EZE,RGA,0
FCO,BIA,0
FLL,SBN,0
FLN,IGU,0
FTU,TLE,0
GCI,NCL,0
GNB,BHX,0
GOA,DUS,0
GPA,PRG,0
GVA,ESB,0
HAJ,PUY,0
HAU,AGP,0
HEL,SOF,0
HKT,RMQ,0
HNL,YEG,0
HRG,CPH,0
HUY,MME,0
IAH,ZLO,0
ICT,SFB,0
IGU,FLN,0
INN,EDI,0
JER,NWI,0
JGS,CGO,0
JGS,SWA,0
KCY,SES,0
KEF,VRN,0
KGS,BRQ,0
KGS,OSR,0
KHH,LZN,0
KHN,KUL,0
KIX,UBN,0
KRR,AYT,0
KTT,MXP,0
KUL,DLU,0
KUL,KHN,0
KUT,CIT,0
KWE,LFQ,0
LAS,PVR,0
LAX,MTJ,0
LFQ,DSN,0
LFQ,KWE,0
LHR,AMD,0
LJU,PRN,0
LKO,SXR,0
LUX,ADB,0
LXA,PHH,0
LYP,MED,0
LZH,CGQ,0
LZN,KHH,0
MDE,GRU,0
MLB,NCL,0
MME,HUY,0
MPY,XAU,0
MTJ,LAX,0
MUX,RUH,0
MXP,KTT,0
MXP,NOS,0
MXP,YYZ,0
NAT,AEP,0
NCL,GCI,0
NCL,MLB,0
NKC,BKO,0
NLU,UPN,0
NOS,FCO,0
NOS,MXP,0
NWI,JER,0
OSL,SJJ,0
OSR,KGS,0
OVD,CDT,0
PBG,SRQ,0
PGZ,VCP,0
PHH,LXA,0
PMI,BGO,0
PMI,BHD,0
PMO,DUS,0
PNS,XNA,0
PRG,GPA,0
PRG,VNO,0
PRN,LJU,0
PUY,HAJ,0
PUY,STR,0
PVG,BFJ,0
PVG,UBN,0
PVR,LAS,0
RMQ,HKT,0
RTB,GJA,0
RUH,MUX,0
RUH,VCE,0
SBN,FLL,0
SFB,ICT,0
SHF,TFU,0
SJJ,OSL,0
SKB,ATL,0
SKG,ADB,0
SOF,AHO,0
SOF,HEL,0
SRQ,PBG,0
STR,PUY,0
SVO,CCC,0
SWA,JGS,0
TAS,DAD,0
TCZ,WUX,0
TFU,SHF,0
TFU,WEF,0
THX,KCY,0
TLL,VIE,0
UFA,BUS,0
VCE,RUH,0
VCP,PGZ,0
VIE,TLL,0
VKO,AZN,0
VNO,PRG,0
WEF,TFU,0
WHA,BAR,0
WMT,DLU,0
WUX,TCZ,0
XNA,PNS,0
YEG,HNL,0
YFH,YXL,0
YIE,DSN,0
YLH,YXL,0
YQG,YYC,0
YYC,YQG,0
YYZ,BER,0
YYZ,MXP,0
ZLO,IAH,0
ZTH,BRQ,0
ACF,LHW,0
AGA,ARN,0
AHB,KWI,0
AHU,EIN,0
AMS,EFL,0
AMS,SCQ,0
ANR,AYT,0
AOI,OLB,0
AQG,TFU,0
AQG,WNZ,0
ARN,AGA,0
AUS,SRQ,0
AYT,ANR,0
AYT,CLJ,0
BAQ,VUP,0
BAR,CSX,0
BGO,NCL,0
BHX,RVN,0
BHY,HET,0
BKK,DLU,0
BKK,HFE,0
BNA,YEG,0
BOH,EFL,0
BOJ,CPH,0
BOO,MUC,0
BRI,CHQ,0
BRQ,ZTH,0
BUS,GOJ,0
BVA,BIA,0
BZO,CFU,0
CAI,CIT,0
CAK,PBI,0
CAN,YKH,0
CDG,TFU,0
CFU,BZO,0
CFU,OSR,0
CGQ,DYG,0
CGQ,RIZ,0
CHQ,BRI,0
CIT,CAI,0
CIY,PMF,0
CRW,MYR,0
CSX,BAR,0
CTA,HER,0
DAT,XIY,0
DJE,LIS,0
DJE,STR,0
DJE,VIE,0
DLM,VIE,0
DLU,BKK,0
DMK,NNG,0
DOM,SVD,0
DSM,MCO,0
DYG,CGQ,0
EFL,BOH,0
EIN,AHU,0
ELQ,SJJ,0
EVN,KLF,0
EWR,MDW,0
FCO,NOS,0
FLL,FSD,0
FSD,FLL,0
GOJ,BUS,0
GRO,LGW,0
GRR,PDX,0
GSI,CAY,0
GSP,HPN,0
GYD,REN,0
HAD,PRN,0
HAK,XNN,0
HER,CTA,0
HET,BHY,0
HFE,BKK,0
HIR,PRS,0
HLD,OHE,0
HMB,TUU,0
HPN,GSP,0
HVN,VPS,0
ILG,MYR,0
JAX,SAN,0
JTR,PRG,0
KBL,URC,0
KCY,NOZ,0
KGS,VRN,0
KIH,JED,0
KLF,EVN,0
KVA,LGW,0
KWI,AHB,0
KZN,SCO,0
LAS,VPS,0
LAX,MFE,0
LAX,PVD,0
LBA,VRN,0
LCA,RUH,0
LGW,GRO,0
LHW,ACF,0
LIL,TLN,0
LIS,DJE,0
MAD,RVN,0
MBJ,YWG,0
MCO,DSM,0
MDL,WNZ,0
MDW,EWR,0
MFE,LAX,0
MGZ,KAW,0
MIR,VIE,0
MJC,ABJ,0
MRS,QSF,0
MUA,RBV,0
MUC,BOO,0
MXP,TAS,0
MYR,CRW,0
MYR,ILG,0
NCE,RUH,0
NCL,BGO,0
NGE,DLA,0
NGQ,QSZ,0
NMA,OVB,0
NNG,DMK,0
OHE,HLD,0
OLB,AOI,0
OSR,CFU,0
OSR,ZTH,0
OVB,NMA,0
OVB,UTP,0
PBI,CAK,0
PDP,ASU,0
PDX,GRR,0
PMF,CIY,0
PMF,TPS,0
PMI,OSR,0
PMI,RIX,0
PPT,TKV,0
PRG,JTR,0
PTP,DOM,0
PVD,LAX,0
QSF,MRS,0
QSZ,NGQ,0
QSZ,XNN,0
RAK,ATL,0
RBV,MUA,0
REN,GYD,0
RGK,UUD,0
RHO,VRN,0
RIX,PMI,0
RIZ,HGH,0
RUH,LCA,0
RUH,NCE,0
RVN,BHX,0
RVN,MAD,0
SAN,JAX,0
SCO,KZN,0
SCO,SVX,0
SCQ,AMS,0
SJJ,ELQ,0
SJU,YUL,0
SRQ,AUS,0
STR,YEI,0
SVX,SCO,0
TBZ,JED,0
TFU,AQG,0
TFU,CDG,0
TLN,LIL,0
TNV,TNQ,0
TPS,PMF,0
TUU,HMB,0
UFA,HKT,0
URC,KBL,0
UUD,RGK,0
VIE,DJE,0
VIE,DLM,0
VIE,MIR,0
VPS,HVN,0
VPS,LAS,0
VRN,LBA,0
VUP,BAQ,0
WNZ,AQG,0
WRO,RMF,0
XIY,DAT,0
XNN,HAK,0
XNN,QSZ,0
YEG,BNA,0
YEI,STR,0
YIH,HKT,0
YTH,YGX,0
YUL,SJU,0
YUL,ZSA,0
YVR,YXU,0
YWG,MBJ,0
YXU,YVR,0
ZSA,YUL,0
ZTH,OSR,0
ADB,ARN,0
AGP,RUH,0
AHO,HHN,0
AJA,BES,0
AOI,NRN,0
APD,UPG,0
ARN,ADB,0
ARN,BZR,0
ARN,PUY,0
AUH,BGW,0
AUH,SVX,0
BCN,RMI,0
BCN,ZAD,0
BDS,GOA,0
BDS,PEG,0
BEG,PMO,0
BES,AJA,0
BGW,AUH,0
BGY,KLX,0
BHX,ZAD,0
BIA,BVA,0
BJZ,PMI,0
BKK,YNT,0
BME,SIN,0
BOH,FNC,0
BOH,NTE,0
BOJ,LUZ,0
BOJ,POZ,0
BOS,HDN,0
BRI,JSI,0
BRI,KGS,0
BRS,SKG,0
BTS,JSI,0
BTS,ZAD,0
BUD,JMK,0
BVA,OLB,0
BVE,SVQ,0
BYO,GRU,0
BZR,ARN,0
BZR,EDI,0
CAG,CCF,0
CAK,DAB,0
CAN,PER,0
CAN,TLQ,0
CAN,UYN,0
CCC,YOW,0
CCF,CAG,0
CCF,EMA,0
CCF,ORK,0
CDT,OPO,0
CEK,KRR,0
CFU,TSF,0
CGK,MWS,0
CGN,NOC,0
CGQ,LZH,0
CHQ,NAP,0
CHQ,RHO,0
CLV,CNF,0
CMN,NDJ,0
CNF,CLV,0
CPH,BOJ,0
CRL,LRH,0
CRZ,TAZ,0
CUN,MXP,0
CWB,FLN,0
DAB,CAK,0
DEN,GCM,0
DEN,RTB,0
DFW,KOA,0
DLU,FOC,0
DUB,MAH,0
DUB,RDZ,0
DUS,OMO,0
DUS,ZAD,0
DWC,OSL,0
DWC,SGC,0
DYG,HGH,0
DYG,SIN,0
DZH,KMG,0
EDI,BZR,0
EDI,PIS,0
EDI,ZAD,0
EFL,PSA,0
ELU,MED,0
EMA,CCF,0
EVN,RTW,0
FCO,MUH,0
FLN,CWB,0
FMA,EZE,0
FMM,PUY,0
FMO,ZAD,0
FNC,BOH,0
FOC,DLU,0
FRL,TBS,0
FWA,MYR,0
GCM,DEN,0
GDL,ZIH,0
GHV,NUE,0
GOA,BDS,0
GOH,YFB,0
GOM,KND,0
GRU,BYO,0
GVA,KRK,0
HAK,RIZ,0
HDN,BOS,0
HEL,ZAD,0
HER,KGS,0
HER,KTW,0
HER,NRN,0
HET,KOW,0
HGH,DYG,0
HHN,AHO,0
HHN,RJK,0
HKT,YIH,0
HNY,TNA,0
HTN,SHA,0
HUZ,TEN,0
HYN,YYA,0
IBZ,OTP,0
IJK,MCX,0
IKU,TAS,0
ILI,PDB,0
JED,ELU,0
JFK,TER,0
JMK,BUD,0
JMK,VCE,0
JSI,BRI,0
JSI,BTS,0
JSI,PRG,0
KEO,MJC,0
KGS,BRI,0
KGS,HER,0
KGS,TSF,0
KGS,ZAG,0
KLX,BGY,0
KMG,DZH,0
KMG,SZB,0
KMJ,PVG,0
KND,GOM,0
KOA,DFW,0
KOW,HET,0
KRK,GVA,0
KRK,VAR,0
KRR,CEK,0
KSU,MOL,0
KTW,SSH,0
KWE,YNJ,0
KWI,LCA,0
KWI,TRZ,0
LBA,ZAD,0
LCA,KWI,0
LED,OVS,0
LEI,PRG,0
LEJ,MIR,0
LEX,VPS,0
LGW,KVA,0
LIN,PNL,0
LNE,SSR,0
LPA,VRN,0
LPL,ZAD,0
LPM,NUS,0
LRH,CRL,0
LTN,TGM,0
LUZ,BOJ,0
MAH,DUB,0
MAH,SCQ,0
MAH,VRN,0
MAN,RNS,0
MAN,ZAD,0
MBZ,RBB,0
MCX,IJK,0
MDG,OHE,0
MED,ELU,0
MED,LYP,0
MFM,NTG,0
MIA,ARN,0
MIR,BRQ,0
MIR,LEJ,0
MLA,STR,0
MWS,CGK,0
MXP,RVN,0
MYI,HID,0
MYR,FWA,0
NAJ,VKO,0
NAP,CHQ,0
NDR,TLS,0
NGK,NLI,0
NJF,LHE,0
NLI,NGK,0
NOC,CGN,0
NRN,AOI,0
NTE,BOH,0
NTG,MFM,0
NUE,GHV,0
NUE,PVK,0
NUS,LPM,0
OHE,MDG,0
OLB,BVA,0
OMO,DUS,0
OPO,CDT,0
OPO,VRN,0
ORD,TLV,0
ORK,CCF,0
ORK,ZAD,0
OSR,MIR,0
OSR,PMI,0
OTP,IBZ,0
OVS,LED,0
PDB,KNK,0
PEG,BDS,0
PER,CAN,0
PIS,EDI,0
PMI,BJZ,0
PMO,BEG,0
PNL,LIN,0
POZ,BOJ,0
PRG,JSI,0
PRG,LEI,0
PSA,EFL,0
PUK,REA,0
PUY,ARN,0
PUY,FMM,0
PVG,KMJ,0
PVK,NUE,0
RDZ,DUB,0
RDZ,STN,0
REA,HOI,0
REN,MRV,0
RHO,CHQ,0
RJK,HHN,0
RJK,VIE,0
RMF,WRO,0
RMI,BCN,0
RNS,MAN,0
RTB,DEN,0
RTW,EVN,0
RUH,AGP,0
RVN,MXP,0
SCQ,MAH,0
SGC,DWC,0
SGN,UBN,0
SHA,HTN,0
SIN,BME,0
SIN,DYG,0
SJJ,SKG,0
SKG,BRS,0
SKG,SJJ,0
SOF,ZAD,0
SSR,LNE,0
STN,RDZ,0
STR,DJE,0
STR,MLA,0
SVQ,BVE,0
SVX,AUH,0
SYX,VTE,0
SZB,KMG,0
SZX,VTE,0
SZX,WEF,0
TAS,IKU,0
TAZ,CRZ,0
TBS,FRL,0
TEN,HUZ,0
TFU,YIC,0
TGM,LTN,0
TIA,TLL,0
TIA,VNO,0
TKV,PUK,0
TLL,TIA,0
TLS,NDR,0
TNA,HNY,0
TRZ,KWI,0
TSF,CFU,0
TSF,KGS,0
UBN,SGN,0
UPG,APD,0
UUD,YKS,0
UYN,CAN,0
UYN,XNN,0
VAR,KRK,0
VCE,JMK,0
VIE,RJK,0
VKO,NAJ,0
VKO,UTP,0
VNO,TIA,0
VPS,LEX,0
VRN,JMK,0
VRN,OPO,0
VRN,RHO,0
VRN,ZNZ,0
VTE,SYX,0
VTE,SZX,0
VTE,XIY,0
VXO,ZAD,0
WEF,SZX,0
WNZ,MDL,0
WRO,HRG,0
WUX,ZYI,0
XIY,VTE,0
XNN,UYN,0
YFB,GOH,0
YIC,TFU,0
YKS,UUD,0
YYA,HYN,0
ZAD,BCN,0
ZAD,BHX,0
ZAD,BTS,0
ZAD,DUS,0
ZAD,EDI,0
ZAD,FMO,0
ZAD,HEL,0
ZAD,LBA,0
ZAD,LPL,0
ZAD,MAN,0
ZAD,ORK,0
ZAD,SOF,0
ZAD,VXO,0
ZAG,KGS,0
ZAH,JED,0
ZIH,GDL,0
ZYI,WUX,0
ABJ,ROB,0
ADB,OSL,0
AGS,LGA,0
ALC,KRS,0
ALC,MAH,0
APL,LLW,0
ARN,BOJ,0
ARN,DWC,0
ARN,MIA,0
ARN,RJK,0
ATH,OLB,0
ATL,TVC,0
AUH,CNX,0
AUS,SJU,0
AYT,KLV,0
BCM,MAD,0
BCN,TTU,0
BEG,JMK,0
BEN,FCO,0
BGO,RIX,0
BHX,MLB,0
BHX,PGF,0
BIA,STR,0
BJV,BTS,0
BKI,NGB,0
BKI,TFU,0
BKK,XUZ,0
BND,JED,0
BOH,ZAD,0
BOI,STS,0
BOJ,ARN,0
BRI,CFU,0
BRQ,TIA,0
BSL,CZL,0
BSZ,NMA,0
BTS,BJV,0
BUD,JSI,0
BUD,RMF,0
BUF,DAL,0
CFU,BRI,0
CFU,KTW,0
CGN,SUF,0
CIA,HHN,0
CIT,URA,0
CJJ,KKJ,0
CLV,GRU,0
CMF,EDI,0
CTA,RHO,0
CUN,YQM,0
CZL,BSL,0
CZX,HLD,0
DAL,BUF,0
DEF,THR,0
DEL,MAN,0
DGH,PAT,0
DOM,PTP,0
DSN,WEH,0
DWC,ARN,0
EDI,CMF,0
ELU,JED,0
EVN,HAM,0
EZS,FRA,0
FCO,BEN,0
FCO,NUE,0
FMO,LPA,0
FOR,PHB,0
FRA,EZS,0
FRA,HAV,0
FRA,RVN,0
FRA,TQO,0
GHV,HER,0
GRU,CLV,0
GVA,LCA,0
HAM,EVN,0
HAM,MLA,0
HAV,FCO,0
HAV,FRA,0
HER,GHV,0
HER,IAS,0
HER,TLS,0
HFE,TSN,0
HGH,RIZ,0
HGH,TEN,0
HHN,CIA,0
HKT,UFA,0
HLD,CZX,0
HPN,JAX,0
IAS,HER,0
IKT,RGK,0
IND,SAV,0
IST,ISU,0
ISU,IST,0
ITM,TNE,0
IXD,LKO,0
JAX,HPN,0
JFK,PMO,0
JMK,BEG,0
JSI,BUD,0
JSI,PSA,0
JSI,SOF,0
KKJ,CJJ,0
KLV,AYT,0
KRS,ALC,0
KTW,CFU,0
KTW,HER,0
LAL,MHT,0
LAX,MKE,0
LCA,GVA,0
LCG,TFN,0
LKO,IXD,0
LNE,SON,0
LPA,FMO,0
LUZ,SPU,0
LZO,FOC,0
LZO,TSN,0
MAD,BCM,0
MAH,ALC,0
MAN,DEL,0
MCO,PBG,0
MED,GBT,0
MED,NMA,0
MEM,PNS,0
MHT,LAL,0
MIR,PED,0
MIR,SJJ,0
MKE,LAX,0
MLA,HAM,0
MLB,BHX,0
MLE,PEK,0
MRV,REN,0
MSY,SAV,0
MYR,MSY,0
NAS,SEA,0
NBO,APL,0
NDJ,CMN,0
NGB,BKI,0
NMA,BSZ,0
NRN,HER,0
NTE,QSR,0
NTG,WDS,0
NUE,FCO,0
OLB,ATH,0
OSL,ADB,0
OSL,DWC,0
OTP,RHO,0
PAT,DGH,0
PBG,MCO,0
PBI,RIC,0
PDG,PKU,0
PDX,STL,0
PED,MIR,0
PGF,BHX,0
PHB,FOR,0
PHL,UVF,0
PKY,UPG,0
PMO,TLS,0
PNS,MEM,0
PSA,JSI,0
PSA,ZAD,0
QSR,NTE,0
RGI,MVT,0
RGK,IKT,0
RHO,OTP,0
RIC,PBI,0
RIX,BGO,0
RIZ,CGQ,0
RJA,TIR,0
RJK,ARN,0
RJK,STN,0
RMU,ANR,0
RMU,OST,0
RVN,FRA,0
SAV,IND,0
SAV,MSY,0
SCY,UIO,0
SHJ,KBV,0
SJJ,MIR,0
SJU,AUS,0
SLC,STS,0
SOF,JSI,0
SON,LNE,0
SPU,LUZ,0
SSH,KTW,0
STL,PDX,0
STN,RJK,0
STR,BIA,0
STS,BOI,0
STS,SLC,0
SUF,CGN,0
TEN,HGH,0
TFN,LCG,0
TFU,BKI,0
THR,DEF,0
TIA,BRQ,0
TIR,RJA,0
TLS,HER,0
TLS,PMO,0
TLV,ORD,0
TNE,ITM,0
TQO,FRA,0
TSN,HFE,0
TSN,LZO,0
TTU,BCN,0
TVC,ATL,0
UAP,UAH,0
UPG,PKY,0
URA,CIT,0
UVF,PHL,0
VAR,DRS,0
VRN,MAH,0
WDS,NTG,0
WDS,ZUH,0
WEH,DSN,0
XNN,YCU,0
YCU,XNN,0
YNT,BKK,0
YOW,CCC,0
YQM,CUN,0
YQM,PUJ,0
YVP,YPH,0
ZAD,BOH,0
ZAD,PSA,0
ZAG,PRG,0
ZUH,WDS,0
ADB,BTS,0
ADB,LUX,0
AEP,FOR,0
AHO,BEG,0
AKN,KPV,0
AKN,PTH,0
ANU,SJU,0
ARN,OLB,0
AUS,PVR,0
AVA,NGB,0
AYT,KSN,0
BAS,MNY,0
BCN,VIT,0
BEG,AHO,0
BEN,MRA,0
BND,SYZ,0
BOG,BEL,0
BOG,LMC,0
BOI,MCO,0
BPN,TJS,0
BPS,MOC,0
BTS,ADB,0
BUD,EFL,0
BUG,SDD,0
CDG,TTU,0
CGN,LCA,0
CGQ,ZUH,0
CIA,SKP,0
CMN,SID,0
CNX,AUH,0
COK,FJR,0
CRL,EGC,0
CRL,RJK,0
CUN,FCO,0
CXR,NOZ,0
DAR,LLW,0
DFW,ZLO,0
DWC,SRY,0
DYU,ISB,0
DYU,TBS,0
EBL,TBS,0
EGC,CRL,0
FAC,RRR,0
FCO,CUN,0
FJR,COK,0
FKI,KND,0
FMI,KND,0
FOC,LZO,0
FOR,AEP,0
FOR,VIX,0
FRA,OUL,0
FYJ,LDS,0
GOX,TAS,0
GSV,HMA,0
GSV,SUI,0
GXH,TSN,0
HAM,NTE,0
HER,JNX,0
HER,VOL,0
HFE,TLQ,0
HHZ,HOI,0
HKT,NNG,0
HMA,GSV,0
HNL,YYZ,0
HOG,YHZ,0
HRG,WRO,0
IBZ,ANR,0
ICN,TXN,0
INC,SYX,0
ISB,DYU,0
IST,KEF,0
IVL,LGW,0
JMU,KHV,0
JMU,TSN,0
JNN,XEQ,0
JNX,HER,0
JPR,PVH,0
KBV,SHJ,0
KCG,AKN,0
KCL,KCG,0
KCQ,KCL,0
KEF,IST,0
KHV,JMU,0
KND,FMI,0
KOS,WUX,0
KPV,KCQ,0
KSN,AYT,0
KTI,SYX,0
KWE,SHF,0
LCA,CGN,0
LDS,FYJ,0
LGA,AGS,0
LGW,IVL,0
LHE,NJF,0
LIS,PMO,0
LMC,BOG,0
MAD,TAS,0
MAH,VIE,0
MAO,MIA,0
MCO,BOI,0
MIA,MAO,0
MJI,MXP,0
MKP,HHZ,0
MNY,GZO,0
MOC,BPS,0
MRV,NOJ,0
MSY,MYR,0
MXP,AOK,0
MXP,MJI,0
MYJ,PVG,0
NGB,AVA,0
NGB,TLQ,0
NJF,SRY,0
NNG,HKT,0
NOJ,MRV,0
NOZ,CXR,0
NTE,HAM,0
OGX,MED,0
OLB,ARN,0
PBI,STL,0
PDP,SCL,0
PED,RHO,0
PKU,PDG,0
PMO,JFK,0
PMO,LIS,0
PPT,ZTA,0
PQT,JAV,0
PRG,PUJ,0
PRG,ZAG,0
PUJ,YQM,0
PVG,MYJ,0
PVH,JPR,0
PVR,AUS,0
QFN,JNN,0
RHO,PED,0
RIZ,HAK,0
RJK,CRL,0
RMF,BUD,0
SCL,PDP,0
SHF,KWE,0
SID,CMN,0
SJU,ANU,0
SKP,CIA,0
SON,WLH,0
SRY,DWC,0
SRY,NJF,0
STL,PBI,0
SUI,GSV,0
SYX,INC,0
SYX,KTI,0
SYZ,BND,0
TAS,GOX,0
TBS,DYU,0
TER,JFK,0
TJS,BPN,0
TLQ,HFE,0
TLQ,NGB,0
TOF,KCY,0
TSN,GXH,0
TSN,JMU,0
TTU,CDG,0
TXN,ICN,0
UTP,OVB,0
UTP,VKO,0
VIE,MAH,0
VIT,BCN,0
VIX,FOR,0
VLI,WLH,0
VOL,HER,0
VVO,CXR,0
WEH,YTY,0
WLH,SON,0
WLH,VLI,0
WUT,YNT,0
WUX,KOS,0
XEQ,QUV,0
YNT,WUT,0
YTY,WEH,0
YUL,ZIH,0
YYZ,HNL,0
ZGU,MTV,0
ZIH,YUL,0
ZLO,DFW,0
ZYL,SHJ,0
ABA,KCY,0
AKS,ATD,0
ALG,TLN,0
ANR,IBZ,0
ANR,RMU,0
ASM,PZU,0
ATD,MHM,0
ATH,GYD,0
ATH,HAJ,0
AYT,JCL,0
AYT,VAR,0
BAQ,MTR,0
BAR,CKG,0
BAV,NGB,0
BDS,LYS,0
BEG,CHQ,0
BEG,RJK,0
BEL,BOG,0
BEN,DWC,0
BEN,SEB,0
BER,DJE,0
BKK,CGO,0
BLL,GOH,0
BOJ,LUX,0
BOJ,TLL,0
BRQ,MIR,0
BRS,PMO,0
BRS,TOS,0
BRU,OLB,0
BRU,ROB,0
BSL,FSC,0
BTS,KVA,0
BWA,DMK,0
CAK,VPS,0
CGO,BKK,0
CGQ,AAT,0
CHQ,BEG,0
CPH,EVE,0
CPH,RVN,0
CUN,LHR,0
CUU,LAP,0
CUU,LMM,0
CXR,CZX,0
CXR,VVO,0
CZX,CXR,0
DJE,BER,0
DMB,HKT,0
DMK,BWA,0
DMM,RSI,0
DPS,NTL,0
DRS,VAR,0
DUB,ZTH,0
DWC,BEN,0
DXB,LBD,0
DYG,KUL,0
EDI,HRG,0
EDI,YUL,0
EVE,CPH,0
FLL,MAO,0
FLN,RIA,0
FSC,BSL,0
FSC,MXP,0
GHA,JED,0
GUW,TAS,0
GYD,ATH,0
HAJ,ATH,0
HAV,SVO,0
HID,ABM,0
HKT,DMB,0
HKT,MAN,0
HOU,ILM,0
HRG,EDI,0
IAD,VPS,0
IAS,RHO,0
ILG,SRQ,0
ILM,HOU,0
ISP,LAL,0
JAK,PAP,0
JCL,AYT,0
JED,OGX,0
JEE,PAP,0
KEF,UAK,0
KSC,LCA,0
KSC,MIR,0
KTI,XIY,0
KTT,MUC,0
KUL,DYG,0
KVA,BTS,0
LAL,ISP,0
LAP,CUU,0
LAS,SLE,0
LAX,MSN,0
LBD,DXB,0
LCA,KSC,0
LER,PER,0
LHR,CUN,0
LIL,MIR,0
LIM,MCO,0
LMM,CUU,0
LWS,DEN,0
LYS,BDS,0
MAD,VIT,0
MAN,HKT,0
MAO,FLL,0
MBJ,YHZ,0
MBJ,YOW,0
MCO,LIM,0
MCO,YXU,0
MED,GHA,0
MIR,KSC,0
MIR,LIL,0
MIR,OSR,0
MOT,SFB,0
MSN,LAX,0
MSQ,ULV,0
MTR,BAQ,0
MUC,KTT,0
MUC,PFO,0
MUC,TIV,0
MXP,FSC,0
MYR,PBG,0
MYR,TTN,0
NBJ,TMS,0
NBO,NBJ,0
NGB,BAV,0
NIM,COO,0
NUK,VHZ,0
OHD,MAN,0
OLB,BRU,0
OMO,STR,0
OSR,DJE,0
OST,RMU,0
OUD,RMU,0
PAP,JAK,0
PAP,JEE,0
PBG,MYR,0
PBM,HAV,0
PEE,TJM,0
PER,LER,0
PFO,MUC,0
PGD,SAV,0
PMO,BRS,0
PUS,TAS,0
PUS,TXN,0
RAK,RIX,0
RDM,STS,0
RHO,IAS,0
RIA,FLN,0
RIX,RAK,0
RJK,BEG,0
RMU,OUD,0
RSI,DMM,0
RUH,TIA,0
RVN,CPH,0
SAV,PGD,0
SBN,TYS,0
SEA,NAS,0
SEB,BEN,0
SFB,MOT,0
SJJ,TIA,0
SLE,LAS,0
SRQ,ILG,0
STR,OMO,0
STS,RDM,0
SVO,HAV,0
SYX,NQZ,0
SYZ,JED,0
TAS,GUW,0
TAS,PUS,0
TAS,PVG,0
THR,YES,0
TIV,MUC,0
TJM,PEE,0
TLL,BOJ,0
TLN,ALG,0
TLQ,CAN,0
TMS,NBJ,0
TOS,BRS,0
TSR,ZTH,0
TTN,MYR,0
TXN,PUS,0
TYS,SBN,0
UAK,KEF,0
ULV,MSQ,0
VIT,MAD,0
VPS,CAK,0
VPS,IAD,0
VRN,IBZ,0
VRN,KEF,0
WUH,XIC,0
XIC,WUH,0
XIY,KTI,0
YES,THR,0
YHZ,HOG,0
YHZ,MBJ,0
YKH,CAN,0
YNJ,KWE,0
YOW,MBJ,0
YUL,EDI,0
YXU,MCO,0
ZTH,DUB,0
ZTH,TSR,0
ZUH,CGQ,0
AAT,CGQ,0
AAT,HRB,0
ACC,DSS,0
ADD,WUH,0
ADU,MHD,0
AER,UGC,0
AMM,POZ,0
ANR,HER,0
ARN,SID,0
ATH,IBZ,0
ATL,ACC,0
AXD,HER,0
AYT,ARH,0
AYT,DBB,0
AYT,GSV,0
AYT,NTE,0
BAX,CXR,0
BCN,ODB,0
BCN,QSR,0
BES,BIA,0
BES,FSC,0
BES,HER,0
BES,OLB,0
BES,PMO,0
BEY,BJV,0
BFS,TRN,0
BGY,VAR,0
BIA,BES,0
BJV,BEY,0
BKI,DYG,0
BLL,ZRH,0
BNA,SJD,0
BOD,RVN,0
BOJ,GOT,0
BOJ,HEL,0
BOS,VPS,0
BRS,MUC,0
BUF,MIA,0
CAN,YVR,0
CFU,GDN,0
CFU,HER,0
CFU,NRN,0
CGO,GYS,0
CGO,SYD,0
CIT,OVB,0
CJU,FOC,0
CLT,TQO,0
CLY,LIL,0
CMN,ZRH,0
COV,IKA,0
CPH,INN,0
CPH,TLV,0
CTU,SYM,0
CWB,REC,0
CXR,BAX,0
DBB,AYT,0
DEN,LWS,0
DIL,XMN,0
DJE,VRN,0
DOD,IRI,0
DOH,RSI,0
DSS,ACC,0
DUB,GNB,0
DWC,SVO,0
DYG,BKI,0
DYU,XIY,0
EDI,HAM,0
ENH,HKG,0
EVN,HER,0
FAO,SOU,0
FEZ,NCE,0
FHZ,FGU,0
FLN,REC,0
FOC,CJU,0
FPO,MCO,0
FSC,BES,0
FTE,SCL,0
GDN,CFU,0
GEG,SNA,0
GNB,DUB,0
GOT,BOJ,0
GRO,NCL,0
GRZ,LPA,0
GSV,AYT,0
GYS,CGO,0
GYS,KWE,0
HAJ,SZF,0
HAJ,VAR,0
HAM,EDI,0
HEL,BOJ,0
HER,ANR,0
HER,AXD,0
HER,BES,0
HER,CFU,0
HER,EVN,0
HKG,ENH,0
HKT,CPH,0
HRB,AAT,0
HUY,PMI,0
IAD,ILM,0
IAD,MYR,0
IBZ,ATH,0
IBZ,VRN,0
IFN,MED,0
IKT,BQS,0
ILM,IAD,0
INN,CPH,0
IRI,DOD,0
ITM,MMJ,0
KGD,ZIA,0
KRK,TLL,0
KTI,NNG,0
KUF,NOJ,0
KUL,RUH,0
KUL,TXN,0
KWE,GYS,0
LCA,TSR,0
LIL,CLY,0
LIL,OLB,0
LIN,RHO,0
LPA,GRZ,0
LPF,TEN,0
LTN,VCE,0
LYI,XNN,0
MAN,OHD,0
MCO,FPO,0
MCO,SNA,0
MHD,ADU,0
MIA,BUF,0
MIR,MXP,0
MLE,MCT,0
MMJ,ITM,0
MUC,BRS,0
MUC,OMO,0
MUN,TUV,0
MXP,PUJ,0
MYR,IAD,0
NAP,OMO,0
NBJ,NBO,0
NCE,FEZ,0
NCL,GRO,0
NNG,KTI,0
NOJ,KUF,0
NRN,CFU,0
NRT,PKX,0
NTL,DPS,0
ODB,BCN,0
OLB,BES,0
OLB,LIL,0
OLB,SXB,0
OMA,VPS,0
OMO,MUC,0
OMO,NAP,0
ORY,SDQ,0
OUD,MPL,0
OVB,CIT,0
PHX,ZLO,0
PKX,NRT,0
PMI,HUY,0
PMO,BES,0
PMO,SXB,0
PMW,AUX,0
POP,YOW,0
POZ,AMM,0
PVG,TAS,0
QSR,BCN,0
QUV,QFN,0
REC,CWB,0
REC,FLN,0
RHO,LIN,0
RSI,DOH,0
RUH,KUL,0
RVN,BOD,0
SAW,NAJ,0
SCL,FTE,0
SJD,BNA,0
SJD,STL,0
SNA,GEG,0
SNA,MCO,0
SOU,FAO,0
SSH,EIN,0
STL,SJD,0
SVO,DWC,0
SWA,VTE,0
SXB,OLB,0
SXB,PMO,0
SYM,CTU,0
SZF,HAJ,0
TBS,EBL,0
TEN,LPF,0
TLL,KRK,0
TLV,CPH,0
TQO,CLT,0
TRN,BFS,0
TRW,NIG,0
TSN,CGO,0
TSR,LCA,0
TUV,MUN,0
TXN,KUL,0
UBN,LTI,0
UGC,AER,0
VAR,AYT,0
VAR,BGY,0
VAR,BRU,0
VAR,HAJ,0
VCE,LTN,0
VHZ,HOI,0
VPS,BOS,0
VPS,OMA,0
VTE,SWA,0
XIY,DYU,0
XMN,DIL,0
XNN,LYI,0
YIK,YPX,0
YOW,POP,0
YVR,CAN,0
ZIA,KGD,0
ZLO,PHX,0
ZNZ,MXP,0
ZRH,CMN,0
AAR,ALC,0
AAY,ADE,0
ACA,YUL,0
ACC,ATL,0
ACE,BUD,0
ACE,TSF,0
ACZ,THR,0
AER,PES,0
AGA,BOH,0
AGP,VXO,0
AKU,TCG,0
ALC,AAR,0
ALC,LGG,0
AMM,ULH,0
AMS,DAR,0
ARH,AYT,0
ARN,KYA,0
ATH,BES,0
AUH,CLJ,0
AUH,KBL,0
AUX,PMW,0
AYT,MRS,0
AYT,SCO,0
BER,PUY,0
BES,ATH,0
BEY,BRE,0
BFS,FNC,0
BFS,PFO,0
BGY,HAM,0
BIA,RDZ,0
BKK,YIH,0
BKO,TUN,0
BLL,RHO,0
BNA,PUJ,0
BOD,GLA,0
BOD,IBZ,0
BOD,PRG,0
BOH,AGA,0
BOJ,HAJ,0
BQS,IKT,0
BRE,BEY,0
BRU,XRY,0
BSL,ZAD,0
BTS,GPA,0
BUD,ACE,0
BUD,JTR,0
BYC,CBB,0
CAK,LAX,0
CAP,FLL,0
CBB,BYC,0
CCJ,FJR,0
CFU,SXB,0
CGK,NNG,0
CGN,DBV,0
CGN,FEZ,0
CGO,KTI,0
CGO,TSN,0
CIY,TIA,0
CKG,DHH,0
CKG,RKZ,0
CLJ,AUH,0
CLJ,PMI,0
COV,SKP,0
CPH,OSD,0
CPH,UAK,0
CTG,EOH,0
CTG,YYZ,0
CZX,NRT,0
DBV,CGN,0
DBV,LIL,0
DBV,OSI,0
DEL,KTI,0
DEN,SCK,0
DHH,CKG,0
DLU,SGN,0
DMK,TSN,0
DOL,OLB,0
DPS,PKY,0
DXB,IAS,0
EIN,SSH,0
EOH,CTG,0
EOH,LMC,0
ESB,MAD,0
ETZ,ORN,0
EVV,VPS,0
EWR,GOH,0
EWR,RZE,0
EZE,AKL,0
FAO,FNC,0
FBM,MJM,0
FEZ,CGN,0
FLL,CAP,0
FLL,YHZ,0
FNC,BFS,0
FNC,FAO,0
FNT,PDX,0
FSC,RDZ,0
FUE,FMO,0
FUE,OVD,0
FUE,RTM,0
GDN,RZE,0
GDN,SPU,0
GDX,HTA,0
GLA,BOD,0
GLU,YON,0
GOH,BLL,0
GOH,EWR,0
GPA,BTS,0
GPA,LIL,0
GRR,MYR,0
GVA,MXP,0
HAJ,BOJ,0
HAM,BGY,0
HDM,THR,0
HET,KWL,0
HKT,KUF,0
HLD,WNZ,0
HSV,LAX,0
HTA,GDX,0
HTA,NOZ,0
HVN,PWM,0
IAS,DXB,0
IBZ,BOD,0
ICT,PIE,0
IDA,OAK,0
IJK,MRV,0
IKT,KUF,0
IND,PDX,0
IQQ,VVI,0
JAV,PQT,0
JED,HEA,0
JTR,BUD,0
JTR,NTE,0
JTR,WAW,0
KBL,AUH,0
KMV,NYW,0
KNO,MEQ,0
KOZ,ORI,0
KTI,DEL,0
KUF,HKT,0
KUF,IKT,0
KWI,MAD,0
KWI,TIV,0
KWL,HET,0
KYA,ARN,0
LAP,MTY,0
LAS,XWA,0
LAX,CAK,0
LAX,HSV,0
LIL,DBV,0
LIL,GPA,0
LIL,SPU,0
LMC,EOH,0
LOD,MWF,0
LPA,PDL,0
LUX,BOJ,0
LXA,YUS,0
LYS,PRN,0
LYS,RVN,0
MAD,ESB,0
MAD,KWI,0
MCT,MLE,0
MEQ,KNO,0
MPL,OUD,0
MRS,AYT,0
MRV,IJK,0
MTY,LAP,0
MXP,GVA,0
MYR,GRR,0
NAJ,SAW,0
NAP,TSR,0
NAS,SUA,0
NNG,CGK,0
NOZ,HTA,0
NRT,CZX,0
NTE,AYT,0
NTE,JTR,0
NTE,VAR,0
NYW,KMV,0
NZH,SHA,0
OAK,IDA,0
OLB,DOL,0
ORN,ETZ,0
OSD,CPH,0
OSI,DBV,0
OSI,SPU,0
OSI,ZAD,0
OSS,TAS,0
OVD,FUE,0
PDL,LPA,0
PDL,STN,0
PDX,FNT,0
PDX,IND,0
PEI,TLU,0
PES,AER,0
PFO,BFS,0
PIE,ICT,0
PKX,PQC,0
PKY,DPS,0
PMI,CLJ,0
PQC,PKX,0
PRG,BOD,0
PRN,LYS,0
PUJ,BNA,0
PUY,BER,0
PWM,HVN,0
QMK,JEG,0
RAK,RTM,0
RDZ,BIA,0
RDZ,FSC,0
RJK,ZAD,0
RKZ,CKG,0
RNA,HIR,0
RTM,ACE,0
RTM,RAK,0
RTM,SVQ,0
RVN,LYS,0
RVN,VIE,0
RZE,EWR,0
RZE,GDN,0
SCK,DEN,0
SCO,AYT,0
SGN,DLU,0
SHA,NZH,0
SJW,YNZ,0
SKP,COV,0
SPU,GDN,0
SPU,LIL,0
SPU,OSI,0
STN,PDL,0
SUA,NAS,0
SVQ,RTM,0
SXB,CFU,0
SXR,LKO,0
SYD,CGO,0
TAS,OSS,0
TCG,AKU,0
TER,YYZ,0
THR,ACZ,0
THR,HDM,0
THR,IMQ,0
TIA,CIY,0
TIF,IKA,0
TIV,KWI,0
TLU,PEI,0
TSF,ACE,0
TSN,DMK,0
TSR,NAP,0
UAK,CPH,0
UGC,MAD,0
ULH,AMM,0
USM,XIY,0
VAR,NTE,0
VIE,RVN,0
VIE,WMI,0
VPS,EVV,0
VXO,AGP,0
WAW,JTR,0
WMI,VIE,0
WNZ,HLD,0
XIY,USM,0
XWA,LAS,0
YHZ,CCC,0
YHZ,FLL,0
YHZ,SNU,0
YIH,BKK,0
YIH,ICN,0
YNZ,SJW,0
YUS,LXA,0
YVR,CCU,0
YYC,TQO,0
YYZ,CTG,0
YYZ,TER,0
ZAD,BSL,0
ZAD,OSI,0
ZAD,RJK,0
ZRH,BLL,0
AAM,JNB,0
AAT,INC,0
ABV,LGW,0
ACE,SEN,0
ACP,THR,0
ADB,BUD,0
ADE,AAY,0
AER,BJV,0
AER,NSK,0
AJA,RDZ,0
AKL,EZE,0
AKX,SAW,0
ALG,CAN,0
AMS,BEY,0
ARN,ACE,0
ARN,LYS,0
ATH,BBU,0
ATL,BGR,0
ATQ,JAI,0
AUU,EDR,0
BAR,WNZ,0
BBU,ATH,0
BBU,GRO,0
BCN,BEY,0
BCN,RVN,0
BEL,NAT,0
BER,ZTH,0
BEY,AMS,0
BEY,BCN,0
BGR,ATL,0
BGW,TUN,0
BHY,NAO,0
BIA,CGN,0
BJV,AER,0
BLL,BUD,0
BRI,OLB,0
BRI,RMO,0
BRU,JMK,0
BSL,TSR,0
BUD,ADB,0
BUD,BLL,0
BZJ,SZX,0
CAI,FJR,0
CAN,IKT,0
CCC,YHZ,0
CCU,KTM,0
CDG,CLY,0
CFU,CPH,0
CGH,PET,0
CGN,BIA,0
CGN,OTP,0
CLJ,TLV,0
CLY,CDG,0
CLY,SXB,0
CMH,MCI,0
COO,NIM,0
CPH,CFU,0
CRL,PDL,0
CTA,LBA,0
CXR,KZN,0
DEN,GRB,0
DHH,KHG,0
DJE,MXP,0
DPS,HGH,0
DXB,TBZ,0
EWR,KRK,0
EXT,LPA,0
FJR,CAI,0
FJR,CCJ,0
FMO,FUE,0
FUE,LIL,0
GDZ,SVX,0
GPB,VCP,0
GRB,DEN,0
GRO,BBU,0
HCZ,XMN,0
HFA,RHO,0
HGH,DPS,0
HHN,TSR,0
HRB,KIJ,0
HRG,OSL,0
HRG,RZE,0
ICN,YIH,0
IGR,SFN,0
INC,AAT,0
INH,JNB,0
INN,MAD,0
IST,MBA,0
IST,YNB,0
IXE,TRV,0
JAI,ATQ,0
JGO,JCH,0
JHG,LYI,0
JNB,AAM,0
KEF,MIA,0
KGF,PLX,0
KGF,SCO,0
KGF,URA,0
KHG,DHH,0
KIJ,HRB,0
KRK,EWR,0
KTI,CGO,0
KTM,CCU,0
KZN,CXR,0
LBA,CTA,0
LCE,PEU,0
LCY,SKG,0
LGW,ABV,0
LGW,ZAD,0
LHW,NTG,0
LIL,FUE,0
LIL,TFS,0
LIN,LMP,0
LMP,LIN,0
LPA,EXT,0
LPA,TLL,0
LTO,YYC,0
LYI,JHG,0
LYS,ARN,0
MAD,INN,0
MCI,CMH,0
MDG,TSN,0
MDW,SJD,0
MED,KIK,0
MHD,MZR,0
MIA,KEF,0
MJM,FBM,0
MLB,MSP,0
MPM,NBO,0
MPM,VJB,0
MSO,SNA,0
MSY,IND,0
MUC,OVD,0
MVT,RGI,0
MZR,MHD,0
NAO,BHY,0
NAT,BEL,0
NBE,PRG,0
NBO,MPM,0
NQZ,TGD,0
NSR,REC,0
NTG,LHW,0
NUE,TSR,0
NZH,IKT,0
OLB,BRI,0
OSL,HRG,0
OTP,CGN,0
OVD,MUC,0
PDL,CRL,0
PET,CGH,0
PEU,LCE,0
PKX,SYD,0
PLX,KGF,0
PRG,NBE,0
PRN,VXO,0
QFI,JEG,0
RDZ,AJA,0
REC,NSR,0
RIB,VVI,0
RMO,BRI,0
RUH,SZG,0
RVN,BCN,0
RZE,HRG,0
SAW,AKX,0
SCO,KGF,0
SCT,AAY,0
SEN,ACE,0
SFN,IGR,0
SFN,SLA,0
SHE,VVO,0
SJD,MDW,0
SKG,LCY,0
SLA,SFN,0
SLH,ZGU,0
SNA,MSO,0
SVX,GDZ,0
SXB,CLY,0
SYD,PKX,0
SZX,BZJ,0
TBZ,DXB,0
TFS,LIL,0
TFU,VTE,0
TGD,NQZ,0
THR,ACP,0
TLL,LPA,0
TLV,CHQ,0
TLV,CLJ,0
TQO,YYC,0
TSN,MDG,0
TSR,BSL,0
TSR,HHN,0
TSR,NUE,0
TUN,BGW,0
UBN,KIX,0
URA,KGF,0
VCP,GPB,0
VCP,MDZ,0
VJB,BEW,0
VNO,NBE,0
VRN,MIR,0
VTE,TFU,0
VVI,RIB,0
VVO,SHE,0
VXO,PRN,0
WNZ,BAR,0
XMN,HCZ,0
YNB,IST,0
YYC,LTO,0
YYR,YYT,0
ZAD,LGW,0
ZGU,SLH,0
ZTH,BER,0
AAY,SCT,0
AGA,OSL,0
AKJ,ITM,0
AQG,SZX,0
AQG,TSN,0
ARN,SZG,0
ATH,INI,0
ATQ,FCO,0
AUH,NCE,0
AUS,HNL,0
AYT,LYS,0
AYT,SKX,0
BAR,TSN,0
BAV,TNA,0
BBI,GOX,0
BER,SXB,0
BEW,VJB,0
BFS,DBV,0
BGO,LSI,0
BGY,HBE,0
BHX,CIA,0
BIS,SFB,0
BJV,HAJ,0
BLL,HER,0
BLL,MAN,0
BLL,RMO,0
BLV,TYS,0
BOJ,MUC,0
BOS,DAB,0
BQS,PKC,0
BQS,YKS,0
BRS,CGN,0
BSD,SZX,0
BTS,PMO,0
BZG,KRK,0
BZJ,SHE,0
BZX,HGH,0
BZX,LHW,0
CAI,VRN,0
CAN,ALG,0
CGK,RUH,0
CGN,BRS,0
CGN,JTR,0
CHQ,TLV,0
CIA,BHX,0
CIF,UCB,0
CIH,SHE,0
CKG,JIC,0
CPH,HKT,0
CRA,HER,0
CRK,SJI,0
CSX,LIJ,0
CTA,GDN,0
CTS,TAE,0
CTU,YIC,0
CWJ,TFU,0
DAB,BOS,0
DAB,JFK,0
DAM,DWC,0
DBV,BFS,0
DHH,XIY,0
DLU,TYN,0
DME,CEK,0
DME,CMN,0
DNH,IQN,0
DNH,JIC,0
DOL,CDG,0
DWC,DAM,0
DWC,IQA,0
DYU,MUC,0
ENH,NNG,0
ENH,TAO,0
EVN,IST,0
FDF,FRA,0
FKB,RMO,0
FLL,YKF,0
FNC,TFS,0
FOC,YYA,0
FRA,FDF,0
FSC,LGW,0
FSZ,KMJ,0
FUE,PAD,0
GDN,CTA,0
GFK,SFB,0
GOI,ALA,0
GVA,SKG,0
GZP,NQZ,0
HBE,BGY,0
HEA,MHD,0
HER,BLL,0
HGH,BZX,0
HGH,JIC,0
HGH,XIC,0
HMI,HTN,0
HMI,LYA,0
HNY,NTG,0
HRB,TXN,0
HSA,SKD,0
HSN,LIJ,0
HSV,MIA,0
HTN,HMI,0
HTN,WUH,0
HUZ,LPF,0
IKT,CAN,0
IND,MSY,0
INI,ATH,0
IQA,DWC,0
IQN,DNH,0
ISB,BGW,0
IST,EVN,0
IST,JMK,0
IST,RHO,0
ITM,AKJ,0
IVL,ORY,0
JED,DJE,0
JFK,DAB,0
JGN,WUH,0
JIC,CKG,0
JIC,DNH,0
JIC,HGH,0
JIC,URC,0
JMK,DXB,0
JMK,IST,0
JRJ,ZYI,0
JTR,CGN,0
JUH,SHE,0
JUZ,LHW,0
KDI,MOH,0
KJA,UTP,0
KRK,BZG,0
KUL,SAW,0
KUU,IXC,0
KVO,SKG,0
LFW,BRU,0
LGW,FSC,0
LHW,BZX,0
LHW,JUZ,0
LIJ,CSX,0
LIJ,HSN,0
LPA,PSA,0
LPF,HUZ,0
LRM,YYZ,0
LSI,BGO,0
LUM,SZX,0
LXA,XIC,0
LYA,HMI,0
LYA,PVG,0
LYS,AYT,0
LYS,PFO,0
MAD,SKP,0
MAD,SZG,0
MAN,BLL,0
MBA,IST,0
MCO,XNA,0
MDZ,VCP,0
MHD,HEA,0
MHD,JED,0
MIA,HSV,0
MLA,PEV,0
MOH,KDI,0
MSP,MLB,0
MUC,BOJ,0
MUC,PEV,0
NBE,VNO,0
NCE,AUH,0
NGB,ZYI,0
NJC,GYD,0
NNG,ENH,0
NQZ,GZP,0
NTG,HNY,0
OGZ,SSH,0
OPO,OTP,0
ORY,IVL,0
OSL,AGA,0
OTP,OPO,0
PAD,FUE,0
PEK,WHA,0
PEV,MLA,0
PEV,MUC,0
PFO,LYS,0
PFQ,THR,0
PKC,BQS,0
PMI,TLL,0
PMO,BTS,0
PSA,LPA,0
PUJ,SFB,0
PVG,LYA,0
RDP,VNS,0
RHO,HFA,0
RHO,IST,0
RMO,BLL,0
RMO,FKB,0
RMO,WRO,0
RUH,CGK,0
SAW,KUL,0
SFB,BIS,0
SFB,GFK,0
SFB,PUJ,0
SHE,BZJ,0
SHE,CIH,0
SHE,JUH,0
SHS,YTY,0
SJI,CRK,0
SKD,HSA,0
SKD,VVO,0
SKG,GVA,0
SKG,KVO,0
SKP,MAD,0
SKX,AYT,0
SKX,SVX,0
SLC,LIM,0
SNU,YHZ,0
SSH,OGZ,0
STR,ZTH,0
SVX,SKX,0
SXB,BER,0
SYX,TXN,0
SZG,ARN,0
SZG,MAD,0
SZG,TFS,0
SZX,AQG,0
SZX,BSD,0
SZX,LUM,0
SZX,ZYI,0
TAE,CTS,0
TAO,ENH,0
TCZ,WHA,0
TCZ,WUH,0
TFS,FNC,0
TFS,SZG,0
TFU,CWJ,0
TGO,UCB,0
THR,PFQ,0
TLL,PMI,0
TNA,BAV,0
TRV,IXE,0
TSN,AQG,0
TSN,BAR,0
TXN,HRB,0
TXN,SYX,0
TYN,DLU,0
TYS,BLV,0
UCB,CIF,0
UCB,TGO,0
UCB,WUH,0
UCB,XIL,0
UCB,XIY,0
URC,JIC,0
VJB,MPM,0
VNO,SSH,0
VNS,RDP,0
VRN,AOK,0
VRN,SLL,0
VTE,HFE,0
VTE,ZHA,0
VVO,SKD,0
WHA,PEK,0
WHA,TCZ,0
WNZ,YKH,0
WRO,RMO,0
WUH,HTN,0
WUH,JGN,0
WUH,TCZ,0
WUH,UCB,0
WXN,ZUH,0
XIC,HGH,0
XIC,LXA,0
XIC,YBP,0
XIL,UCB,0
XIY,DHH,0
XIY,UCB,0
XNA,MCO,0
YBP,XIC,0
YIC,CTU,0
YKF,FLL,0
YKH,WNZ,0
YKS,BQS,0
YQM,MCO,0
YTY,SHS,0
YUL,ACA,0
YYA,FOC,0
YYT,YYR,0
ZHA,VTE,0
ZTH,STR,0
ZUH,WXN,0
ZYI,JRJ,0
ZYI,SZX,0
ACK,ORD,0
ACY,MIA,0
AHB,HMB,0
AJR,HAJ,0
ALA,GOI,0
AOK,NAP,0
AOK,VRN,0
ASR,BSL,0
ATW,GUF,0
AUH,JTR,0
AVV,CBR,0
AYT,SVG,0
BDA,FLL,0
BEN,JED,0
BFS,SZG,0
BHX,XRY,0
BIS,PIE,0
BJA,LIL,0
BLL,VIE,0
BLR,MED,0
BRQ,FUE,0
BRU,LXR,0
BSL,ASR,0
BTH,JED,0
BUD,TRN,0
BWI,BZE,0
BWI,GCM,0
BWI,PLS,0
BZE,BWI,0
BZV,DLA,0
CAG,HAM,0
CAN,CIF,0
CAN,YSQ,0
CBR,AVV,0
CDG,KGS,0
CGN,RJK,0
CGN,SZF,0
CGO,CJJ,0
CHQ,FCO,0
CJJ,CGO,0
CMH,MYR,0
CMN,DME,0
CSX,NZH,0
CTU,ZHY,0
DBV,GLA,0
DLU,HKG,0
DLU,ZYI,0
DOL,RHO,0
DSM,GUF,0
DSN,ICN,0
DSN,TAE,0
DTW,NAS,0
DUS,SID,0
EYW,TYS,0
FAE,LGW,0
FCO,CHQ,0
FLL,BDA,0
FLL,LIR,0
FMO,TFS,0
FRA,ANU,0
FRA,TZX,0
FUE,BRQ,0
GCM,BWI,0
GKK,KDO,0
GRZ,LCA,0
GUF,ATW,0
GUF,DSM,0
GYD,OMS,0
HAJ,BJV,0
HAM,CAG,0
HET,LYA,0
HET,RIZ,0
HET,YNZ,0
HFE,VTE,0
HFE,ZYI,0
HKG,DLU,0
HMB,AHB,0
HNL,AUS,0
HRG,OTP,0
HRG,PEE,0
ICN,DSN,0
IFN,BGW,0
INI,TIV,0
JAE,LIM,0
JED,BEN,0
JED,BTH,0
JSI,VCE,0
JTR,DXB,0
KCA,SHA,0
KGS,GOT,0
KGS,LIL,0
KHG,LBD,0
KJA,PYJ,0
KMJ,FSZ,0
KVO,TIV,0
LBA,LEI,0
LBA,WMI,0
LBD,KHG,0
LCA,GRZ,0
LCA,SZG,0
LCY,OLB,0
LEI,LBA,0
LGW,FAE,0
LIL,KGS,0
LIM,JAE,0
LIM,SLC,0
LIR,FLL,0
LIT,VPS,0
LJG,NGB,0
LJU,MIR,0
LLV,NKG,0
LLW,DAR,0
LPA,BLL,0
LPL,VIE,0
LYA,HET,0
LYI,PEK,0
MAN,XRY,0
MCO,SBY,0
MCO,YQM,0
MIA,ACY,0
MJZ,NER,0
MLA,TLL,0
MSQ,UFA,0
MYR,CMH,0
NAP,AOK,0
NAS,DTW,0
NBE,PDV,0
NGB,LJG,0
NKG,LLV,0
NOZ,UUD,0
NZH,CSX,0
OLB,LCY,0
OLB,PEG,0
OMS,GYD,0
ORD,ACK,0
OVB,SSH,0
PEE,HRG,0
PEG,OLB,0
PEG,SUF,0
PEK,LYI,0
PIE,BIS,0
PIE,SAV,0
PKX,TLQ,0
PLS,BWI,0
PPT,NAU,0
PVK,HAM,0
PYJ,KJA,0
RHO,DOL,0
RIZ,HET,0
RJK,CGN,0
RMF,SZG,0
SAV,PIE,0
SBY,MCO,0
SCV,VIE,0
SHA,KCA,0
SSH,OVB,0
SSH,VNO,0
STN,ZRH,0
SUF,PEG,0
SVD,DOM,0
SVG,AYT,0
SZF,CGN,0
SZG,BFS,0
SZG,LCA,0
SZG,RMF,0
TAE,DSN,0
TFS,FMO,0
TIV,INI,0
TIV,KVO,0
TLL,MLA,0
TLQ,PKX,0
TLQ,ZHY,0
TRN,BUD,0
TSN,YSQ,0
TUN,BKO,0
TYS,EYW,0
TZX,FRA,0
UDR,AMD,0
UFA,MSQ,0
UTP,KJA,0
UUD,NOZ,0
VBP,MGZ,0
VCE,JSI,0
VIE,BLL,0
VIE,LPL,0
VIE,SCV,0
VNO,HRG,0
VPS,LIT,0
WMI,LBA,0
XNN,YNT,0
XRY,BHX,0
XRY,MAN,0
YDF,YYC,0
YGW,YMT,0
YKU,YMT,0
YMT,YKU,0
YNT,XNN,0
YNZ,HET,0
YSQ,TSN,0
YYC,YDF,0
YYZ,LRM,0
ZHY,CTU,0
ZHY,TLQ,0
ZNZ,PRG,0
ZNZ,TLV,0
ZRH,STN,0
ZTA,NUK,0
ZYI,DLU,0
ZYI,HFE,0
ZYL,DOH,0
ZYL,MED,0
AAN,KWI,0
AAR,ZAD,0
ABZ,CFU,0
ACE,ARN,0
ACE,FAO,0
ADB,BRS,0
ADD,ADE,0
AHJ,CTU,0
AHJ,WNZ,0
AJF,ATZ,0
ALG,VLC,0
AMD,UDR,0
AMS,PRN,0
ANR,INN,0
ARN,ZAD,0
ATW,EWR,0
ATZ,AJF,0
ATZ,TUU,0
AUH,JMK,0
AUH,TUN,0
BAH,PRG,0
BCN,CIY,0
BDL,USA,0
BER,AUH,0
BER,KRK,0
BFS,BJV,0
BGR,DTW,0
BGW,ISB,0
BGY,BLL,0
BHX,OLB,0
BIA,HAJ,0
BJV,BFS,0
BLL,BGY,0
BLL,CHQ,0
BLL,LPA,0
BLL,MLA,0
BLV,MYR,0
BNA,SHV,0
BOJ,DRS,0
BRS,ADB,0
BRS,KLX,0
BRU,MPL,0
BRU,TOS,0
BSG,NBN,0
BUR,FCA,0
BZN,DAL,0
CAI,LIS,0
CEK,GYD,0
CFE,AJA,0
CFU,ABZ,0
CFU,DXB,0
CFU,NWI,0
CGN,CPH,0
CID,LAX,0
CIT,PLX,0
CIY,BCN,0
CKB,MYR,0
CLY,SZG,0
CNF,EZE,0
CPH,CGN,0
CPH,ZTH,0
CRA,IST,0
CRK,TBH,0
CRL,TLV,0
CRW,TPA,0
CTU,AHJ,0
CWL,DBV,0
CXJ,GIG,0
CYX,SEK,0
DAL,BZN,0
DJE,MED,0
DJG,OGX,0
DLU,HAN,0
DOY,DSN,0
DRS,LPA,0
DSM,SAN,0
DSM,VPS,0
DSN,DOY,0
DTW,BGR,0
DUS,KYA,0
DXB,CFU,0
DXB,URC,0
DYG,TAO,0
EDI,JTR,0
EDI,PVK,0
EIS,SVD,0
ELM,SRQ,0
ENH,HET,0
ESL,SVX,0
EWR,ATW,0
EYW,RDU,0
EZE,CNF,0
FCA,BUR,0
FEG,JED,0
FNC,JER,0
FNC,KEF,0
FRA,GPA,0
FRA,RJK,0
GDN,MAD,0
GGT,YYZ,0
GIG,CXJ,0
GLA,DBV,0
GOI,VKO,0
GOX,KWI,0
GPA,FRA,0
GPA,HAJ,0
GUF,TYS,0
GYD,CEK,0
GYD,KOO,0
HAJ,AJR,0
HAJ,BIA,0
HAJ,GPA,0
HAJ,MAH,0
HAM,PVK,0
HAM,RVN,0
HAN,DLU,0
HAQ,NMF,0
HEA,JED,0
HEK,MDG,0
HEL,HRG,0
HER,CRA,0
HER,LIN,0
HET,ENH,0
HRG,HEL,0
HTA,YKS,0
HUO,XIL,0
HUZ,ZHA,0
IAD,TLV,0
IAR,KZN,0
IBZ,LYS,0
IBZ,SDR,0
IGU,REC,0
IKA,TIF,0
INN,ANR,0
INN,WAW,0
IST,CRA,0
IST,KGF,0
IST,KLF,0
IST,TSR,0
ITU,VVO,0
JED,NIM,0
JED,TMJ,0
JER,FNC,0
JMK,VRN,0
JTR,EDI,0
JUB,KGL,0
KEF,FNC,0
KGF,IST,0
KGL,HRE,0
KHV,MJZ,0
KLF,IST,0
KLX,BRS,0
KLX,TLV,0
KMG,TLQ,0
KNO,SRG,0
KOO,GYD,0
KRK,BER,0
KVA,VIE,0
KWI,AAN,0
KWI,GOX,0
KYA,DUS,0
KZN,IAR,0
LAS,YQR,0
LAS,YXE,0
LAX,CID,0
LAX,ORF,0
LBA,XRY,0
LCA,LWN,0
LCA,TIA,0
LGW,XRY,0
LHW,JHG,0
LIL,VAR,0
LIN,HER,0
LLK,VKO,0
LLV,HAK,0
LUX,TIV,0
LWN,LCA,0
LYS,IBZ,0
MAD,GDN,0
MAD,TOS,0
MAH,HAJ,0
MDG,HEK,0
MED,KDH,0
MEM,TYS,0
MFE,PIE,0
MIR,LJU,0
MIR,SKP,0
MJZ,KHV,0
MLA,BLL,0
MLI,SRQ,0
MPL,BRU,0
MRS,RHO,0
MRU,ZSE,0
MSP,STT,0
MST,ZAD,0
MUC,RVN,0
MYR,BLV,0
MYR,CKB,0
NBJ,BZV,0
NGB,NZH,0
NMF,HAQ,0
NWI,CFU,0
NZH,NGB,0
OGX,DJG,0
OLB,BHX,0
OLB,RIX,0
ORF,LAX,0
ORK,TSF,0
OTP,ZAD,0
PFO,TLS,0
PIE,MFE,0
PIE,TUL,0
PLX,CIT,0
PMI,VNO,0
PNR,POG,0
PRN,AMS,0
PVK,EDI,0
PVK,ZTH,0
RAK,SXB,0
RDU,EYW,0
REC,IGU,0
RGN,VBP,0
RHO,MRS,0
RHO,RTM,0
RIX,OLB,0
RJK,FRA,0
RTM,RHO,0
RVN,HAM,0
RVN,MUC,0
SAN,DSM,0
SAV,SDF,0
SCL,CTG,0
SCL,SSA,0
SDF,SAV,0
SDR,IBZ,0
SEK,CYX,0
SHV,BNA,0
SJD,YYJ,0
SKG,TBS,0
SKP,MIR,0
SLL,VRN,0
SRG,KNO,0
SRQ,ELM,0
SRQ,MLI,0
SSA,SCL,0
SUN,VNY,0
SVD,EIS,0
SVX,ESL,0
SWA,XNN,0
SXB,RAK,0
SZG,CLY,0
TAO,DYG,0
TBH,CRK,0
TBS,SKG,0
TIA,LCA,0
TIV,LUX,0
TLK,ULK,0
TLQ,KMG,0
TLS,PFO,0
TLV,CRL,0
TLV,KLX,0
TMJ,JED,0
TNA,YIW,0
TNG,MED,0
TOS,MAD,0
TPA,CRW,0
TSF,ORK,0
TSR,IST,0
TUL,PIE,0
TUN,AUH,0
TUU,ATZ,0
TYS,GUF,0
TYS,MEM,0
ULK,TLK,0
URC,DXB,0
USA,BDL,0
VAR,LIL,0
VIE,KVA,0
VIE,SZG,0
VKO,LLK,0
VLC,ALG,0
VNO,PMI,0
VPS,DSM,0
VRA,YEG,0
VVO,ITU,0
WAW,INN,0
WAW,SSH,0
WAW,XRY,0
WNZ,AHJ,0
XIL,HUO,0
XNN,SWA,0
XRY,LBA,0
XRY,LGW,0
YCD,YYZ,0
YEG,VRA,0
YIW,TNA,0
YKS,HTA,0
YKU,YKQ,0
YQM,VRA,0
YQR,LAS,0
YXE,LAS,0
YYJ,SJD,0
YYZ,GGT,0
YYZ,YCD,0
YYZ,ZIH,0
ZAD,AAR,0
ZAD,ARN,0
ZAD,MST,0
ZAD,OTP,0
ZHA,HUZ,0
ZIH,YYZ,0
ZSE,MRU,0
AAL,STN,0
ABA,IKT,0
ADE,BOM,0
AER,SKX,0
AGP,DOL,0
AHB,ATZ,0
AJA,CFE,0
AJF,HMB,0
ANR,LPA,0
ARN,TSF,0
ATZ,AHB,0
AUH,BER,0
AUH,HAK,0
AWZ,BND,0
BAR,ICN,0
BAS,GZO,0
BGO,TFS,0
BGW,IFN,0
BHO,UDR,0
BHX,MXP,0
BIO,FAO,0
BIO,XRY,0
BJL,SID,0
BJV,POZ,0
BKK,LYG,0
BLI,SAN,0
BLL,KTW,0
BND,AWZ,0
BOD,OSL,0
BOM,ADE,0
BRI,HER,0
BRI,SPU,0
BRS,TIA,0
BUD,KWI,0
BUD,RUH,0
BWA,KWI,0
BZJ,HRB,0
BZJ,NNG,0
CAI,ICN,0
CAN,FCO,0
CEI,KUL,0
CEK,DME,0
CEK,HRG,0
CFU,FMM,0
CGQ,XNN,0
CHQ,BLL,0
CIA,CRA,0
CIA,TLL,0
CIY,LIL,0
CIY,ORY,0
CLY,CRL,0
CNN,IXE,0
CPH,SPX,0
CPH,TSF,0
CQW,NKG,0
CRA,CIA,0
CRL,CLY,0
CRL,GOT,0
CTG,SCL,0
CUN,PDX,0
DAC,ICN,0
DBV,CWL,0
DGH,IXR,0
DJE,POZ,0
DMK,SJW,0
DOH,AAE,0
DOL,HER,0
DOL,PMO,0
DRS,TFS,0
DSS,LGW,0
DTM,KVA,0
DUS,LXR,0
DWC,HAJ,0
DXB,OLB,0
DYR,KJA,0
DYU,SKD,0
EDI,EIN,0
EDR,AUU,0
EIN,EDI,0
ESU,TNG,0
EVE,PMI,0
FAI,HKB,0
FAO,BIO,0
FAO,GOT,0
FCO,CAN,0
FDH,LGW,0
FLL,HDN,0
FLL,YVR,0
FMM,CFU,0
FOG,VCE,0
FRA,TAB,0
FSZ,TAO,0
GDN,MIR,0
GDN,RHO,0
GLA,GRO,0
GOI,NQZ,0
GOT,CRL,0
GOT,FAO,0
GOT,KEF,0
GOT,KGS,0
GPA,VIE,0
GRO,GLA,0
GRR,LAX,0
GSV,MRV,0
GSV,UFA,0
GUF,MCI,0
GYD,NJC,0
HAJ,DWC,0
HAK,AUH,0
HAK,LLV,0
HDN,FLL,0
HER,BRI,0
HER,DOL,0
HER,NWI,0
HKB,TKJ,0
HLD,WHA,0
HMB,AJF,0
HOF,RUH,0
HOI,MKP,0
HOU,RSW,0
HRB,BZJ,0
HRG,CEK,0
IBZ,NWI,0
ICN,BAR,0
ICN,CAI,0
ICN,DAC,0
ICN,WUS,0
ICT,MIA,0
IKT,ABA,0
IST,TNG,0
IXE,CNN,0
IXR,DGH,0
JAV,XIQ,0
JED,FEG,0
JED,OTP,0
JHG,LHW,0
JJU,JRK,0
JNN,LLU,0
JRK,JJU,0
JTR,PMO,0
KEF,GOT,0
KEF,RAK,0
KGL,JUB,0
KGS,ARN,0
KJA,DYR,0
KLO,PUS,0
KNH,MZG,0
KTT,ORY,0
KTW,BLL,0
KUL,CEI,0
KVA,DTM,0
KWI,BUD,0
KWI,BWA,0
KYA,STR,0
LAX,GRR,0
LGW,DSS,0
LGW,FDH,0
LIL,CIY,0
LIR,SEA,0
LIS,CAI,0
LLU,JJU,0
LMV,NMF,0
LPA,ANR,0
LUX,SPC,0
LUX,ZAD,0
LXR,DUS,0
LXR,MAN,0
MAD,MRU,0
MAN,LXR,0
MCI,GUF,0
MED,ISU,0
MIA,ICT,0
MIG,TAO,0
MRV,GSV,0
MSP,OAK,0
MSY,SDF,0
MXP,BHX,0
MZG,KNH,0
NAP,SZG,0
NAP,TPS,0
NBN,BSG,0
NCE,RVN,0
NCL,SZG,0
NFO,VAV,0
NKG,CQW,0
NNG,BZJ,0
NQZ,GOI,0
NRT,WUX,0
NWI,HER,0
NWI,IBZ,0
NWI,PFO,0
NYU,KMV,0
NZH,PVG,0
OAK,MSP,0
OLB,DXB,0
OLB,PMO,0
ORY,CIY,0
ORY,KTT,0
OSL,BOD,0
OSL,SZG,0
OTP,HRG,0
OTP,JED,0
OVB,PQC,0
OVD,STN,0
OZZ,TNG,0
PDV,NBE,0
PDX,CUN,0
PFO,NWI,0
PFO,TLL,0
PLM,JED,0
PMI,EVE,0
PMO,DOL,0
PMO,JTR,0
PMO,OLB,0
POZ,BJV,0
PRG,BAH,0
PUS,KLO,0
PVG,NZH,0
QPW,QMK,0
RAK,KEF,0
RAK,RMU,0
RHO,GDN,0
RIC,SFB,0
RMO,SOF,0
RMU,RAK,0
ROK,SIN,0
RSW,HOU,0
RUH,BUD,0
RUH,HOF,0
RVN,NCE,0
SAN,BLI,0
SDF,MSY,0
SEA,LIR,0
SFB,RIC,0
SHV,VPS,0
SID,RAK,0
SJW,DMK,0
SKD,DYU,0
SKX,AER,0
SOF,RMO,0
SPU,BRI,0
SPX,CPH,0
SSG,CDG,0
SSH,WAW,0
STN,AAL,0
STN,OVD,0
STR,KYA,0
SUB,FOC,0
SVG,TFS,0
SZG,NAP,0
SZG,NCL,0
SZG,OSL,0
TAO,FSZ,0
TAO,MIG,0
TBS,TZX,0
TFS,BGO,0
TFS,DRS,0
TFS,SVG,0
TGD,TLV,0
TIA,BRS,0
TKJ,FAI,0
TLL,CIA,0
TLL,PFO,0
TLL,TSF,0
TLV,IAD,0
TNG,ESU,0
TNG,IST,0
TNG,OZZ,0
TOS,BRU,0
TPS,NAP,0
TRF,VNO,0
TSF,ARN,0
TSF,CPH,0
TSF,TLL,0
TSF,ZAZ,0
TZX,TBS,0
UDR,BHO,0
UFA,GSV,0
ULZ,UBN,0
VAV,NFO,0
VCE,FOG,0
VIE,GPA,0
VNO,TRF,0
VNY,SUN,0
VPS,SHV,0
VRA,YQM,0
WHA,HLD,0
WRO,DJE,0
WUS,ICN,0
WUX,NRT,0
XNN,CGQ,0
XRY,BIO,0
YMT,YGW,0
YSQ,CAN,0
YVR,FLL,0
YYZ,BOM,0
ZAD,LUX,0
ZAZ,TSF,0
AAL,GOH,0
AAT,WUH,0
ADB,SOF,0
AKL,TFU,0
ALB,MIA,0
AMM,MRS,0
AMM,PRN,0
ARN,KGS,0
ASB,ICN,0
ASR,STN,0
AUS,SFB,0
BEY,TBS,0
BGI,DUS,0
BJV,GDN,0
BJV,WRO,0
BKN,CRZ,0
BKN,MYP,0
BRB,PHB,0
BRB,SLZ,0
BRE,LPA,0
BRS,VIE,0
BRU,KTT,0
BRU,ZAD,0
BUS,AMM,0
BZE,SFO,0
CEE,MCX,0
CHS,LCK,0
CIF,CAN,0
CPH,TNG,0
CRP,DEN,0
CRZ,BKN,0
CXR,KHV,0
CZL,HME,0
DEN,CRP,0
DRS,BOJ,0
DSS,DUS,0
DSS,NCE,0
DUS,BGI,0
DUS,IVL,0
DUS,VOL,0
DZH,HFE,0
EBL,TZX,0
EDI,SKG,0
EUN,RAK,0
FAO,ACE,0
FLL,GCM,0
FOR,JJD,0
FRA,SXB,0
FSD,LAX,0
FUO,SJW,0
GAU,IXD,0
GCM,FLL,0
GDN,BJV,0
GLA,MXP,0
GOH,AAL,0
GOM,NBO,0
GUF,HOU,0
GWD,MCT,0
GZO,EGM,0
HAK,NTG,0
HDN,SFO,0
HEL,INN,0
HFE,DZH,0
HMA,MRV,0
HME,CZL,0
HOU,GUF,0
HOU,LIT,0
HRG,KRR,0
HRG,VNO,0
HTS,PGD,0
HVN,TVC,0
HZA,NNG,0
ICN,ASB,0
ICT,LAX,0
IJK,IKT,0
IKA,SCO,0
IKT,IJK,0
IKU,OVB,0
INN,HEL,0
IVL,DUS,0
IXD,GAU,0
IXE,PNQ,0
JEG,QJE,0
JER,MUC,0
JJD,FOR,0
JJN,SYM,0
JJU,LLU,0
JTR,NCL,0
KGL,ABV,0
KGS,LUX,0
KHV,CXR,0
KJA,OLZ,0
KOS,SZX,0
KRR,HRG,0
KRR,SGC,0
KRS,TRD,0
KUL,SYX,0
LAX,FSD,0
LAX,ICT,0
LAX,LIT,0
LCK,CHS,0
LCY,SPU,0
LEX,MYR,0
LFW,NIM,0
LGW,SUF,0
LHW,WEF,0
LIT,HOU,0
LIT,LAX,0
LIT,PIE,0
LLU,QUW,0
LPA,BRE,0
LPA,DRS,0
LUX,KGS,0
LXR,MED,0
LYG,BKK,0
MAN,SUF,0
MCT,GWD,0
MCX,CEE,0
MCX,VOG,0
MED,GYD,0
MED,ZAH,0
MEM,VPS,0
MIA,ALB,0
MIA,SGF,0
MIR,GDN,0
MIR,VRN,0
MRS,AMM,0
MRU,MAD,0
MRV,HMA,0
MSY,YUL,0
MUC,JER,0
MVD,VCP,0
MXP,CUN,0
MXP,GLA,0
MYP,BKN,0
MYR,LEX,0
MZT,YYZ,0
NAS,YYC,0
NBO,GOM,0
NBS,SZX,0
NBS,TSN,0
NCL,JTR,0
NNG,HZA,0
NSI,BGF,0
NSK,PEE,0
NSK,TJM,0
NTG,HAK,0
NTT,VAV,0
NYM,VKO,0
NYT,HEH,0
NZH,WUH,0
OVB,IKU,0
PEE,NSK,0
PGD,HTS,0
PHB,BRB,0
PHB,JJD,0
PIE,LIT,0
PNQ,IXE,0
PQC,IST,0
QUW,JNN,0
RAB,LAE,0
RAK,EUN,0
RAK,SOF,0
RSW,SFO,0
SCO,IKA,0
SFB,AUS,0
SFO,BZE,0
SFO,HDN,0
SFO,RSW,0
SGC,KRR,0
SGF,MIA,0
SIN,ROK,0
SJO,TQO,0
SJW,FUO,0
SKD,UGC,0
SKG,EDI,0
SLZ,BRB,0
SPU,LCY,0
SSH,MED,0
STN,ASR,0
SUF,LGW,0
SUF,MAN,0
SXB,FRA,0
SYM,JJN,0
SYM,TCZ,0
SYX,KUL,0
SZX,KOS,0
SZX,NBS,0
TAS,FCO,0
TBS,BEY,0
TCZ,SYM,0
TFU,AKL,0
TJM,NSK,0
TJM,TLK,0
TLK,TJM,0
TLV,TGD,0
TLV,ZNZ,0
TNG,CPH,0
TQO,SJO,0
TRD,KRS,0
TSN,NBS,0
TVC,HVN,0
TZX,EBL,0
UGC,SKD,0
VAO,MUA,0
VAV,NTT,0
VCP,MVD,0
VIE,BRS,0
VKO,GOI,0
VOG,MCX,0
VOL,DUS,0
VPS,MEM,0
VRN,KGS,0
VRN,WAW,0
WAW,VRN,0
WEF,LHW,0
WRO,BJV,0
WUH,AAT,0
WUH,NZH,0
XIQ,JAV,0
YKS,NER,0
YUL,MSY,0
YYC,NAS,0
YYZ,MZT,0
ZAD,BRU,0
ZTH,CPH,0
AER,KWI,0
AGA,NCL,0
AKY,KYP,0
AKY,MDL,0
ARN,BIA,0
AUH,GBB,0
BCN,CUN,0
BCN,RUH,0
BDQ,MAA,0
BHY,HNY,0
BIA,ARN,0
BIA,CPH,0
BIA,DLE,0
BIA,NUE,0
BJL,ROB,0
BJV,BER,0
BJV,IKA,0
BNE,KUL,0
BOD,FUE,0
BOD,HRG,0
BRQ,FNC,0
BRU,DBV,0
BSL,DBV,0
BSL,ORN,0
BSZ,NQZ,0
BTS,DOH,0
BTS,VAR,0
BTW,UPG,0
BWK,LUX,0
CAG,LYS,0
CDG,YYT,0
CEK,HKT,0
CHS,IND,0
CHY,HIR,0
COV,MUC,0
CPH,BIA,0
CUN,BCN,0
CUN,MID,0
CVG,PUJ,0
CXR,TNA,0
DBV,BSL,0
DCA,SBN,0
DED,SXR,0
DEL,PVG,0
DLE,BIA,0
DMK,YTY,0
DOH,BTS,0
DUB,WAW,0
EFL,GLA,0
EMA,VRN,0
ESM,UIO,0
ESU,SVQ,0
FCO,UGC,0
FNC,BRQ,0
FOC,HUZ,0
FOC,SUB,0
FUE,BOD,0
FUE,LYS,0
GBB,AUH,0
GDZ,OVB,0
GHV,MXP,0
GIG,ASU,0
GLA,EFL,0
GOT,RAK,0
GPA,STR,0
GPA,WAW,0
GZO,CHY,0
HAK,YNT,0
HET,HNY,0
HET,LZO,0
HKT,CEK,0
HMB,MED,0
HNY,BHY,0
HNY,HET,0
HOU,PUJ,0
HQQ,PVG,0
HRG,BOD,0
HUZ,FOC,0
IFU,HAQ,0
IKA,BJV,0
IND,CHS,0
ISB,MAN,0
JED,DME,0
JED,TBZ,0
JED,VCE,0
JHS,QJG,0
KAW,RGN,0
KBL,MED,0
KER,JED,0
KRK,VRN,0
KUL,BNE,0
KUL,YNT,0
KWI,AER,0
LBA,SKG,0
LHR,NUE,0
LIN,MAH,0
LUX,BWK,0
LUX,SKG,0
LUX,TLN,0
LXR,MXP,0
LYI,ZUH,0
LYS,CAG,0
LYS,FUE,0
LZO,HET,0
MAA,BDQ,0
MAH,LIN,0
MAN,ISB,0
MBJ,STL,0
MED,COK,0
MED,HMB,0
MED,KBL,0
MIA,ROC,0
MID,CUN,0
MIR,TSR,0
MRV,UCT,0
MSP,RTB,0
MUC,COV,0
MXP,GHV,0
NCE,DSS,0
NCE,SVG,0
NCL,AGA,0
NCL,SKG,0
NGB,PNH,0
NQZ,BSZ,0
NUE,BIA,0
NUE,LHR,0
NYT,KMV,0
OLB,PMF,0
ORN,BSL,0
OSL,TLS,0
OVB,GDZ,0
PLW,UOL,0
PMF,OLB,0
PMI,LGG,0
PNH,NGB,0
PRG,PQC,0
PUJ,CVG,0
PUJ,HOU,0
PVG,DEL,0
PVG,HQQ,0
PVR,YOW,0
QJG,JHS,0
RAK,GOT,0
RAK,VIL,0
ROB,BJL,0
ROC,MIA,0
ROS,CPC,0
RTB,MSP,0
RTM,ZTH,0
RUH,BCN,0
SBN,DCA,0
SBZ,HRG,0
SHJ,TUK,0
SKB,YYZ,0
SKD,URC,0
SKG,LBA,0
SKG,LUX,0
SKG,NCL,0
SMI,WAW,0
SOF,ADB,0
SOF,RAK,0
STL,MBJ,0
STR,GPA,0
SVG,NCE,0
SVO,WUH,0
SVQ,ESU,0
SXR,DED,0
SYZ,MED,0
TLN,LUX,0
TLS,OSL,0
TLV,KUN,0
TNA,CXR,0
TSR,MIR,0
TUK,SHJ,0
TYN,YTY,0
UCT,MRV,0
UNA,GRU,0
UOL,PLW,0
UPG,BTW,0
URC,SKD,0
VAR,BTS,0
VCE,JED,0
VIL,RAK,0
VKO,CXR,0
VRN,EMA,0
VRN,KRK,0
VXE,RAK,0
WAW,DUB,0
WAW,GPA,0
WAW,SMI,0
WUH,SVO,0
YNT,HAK,0
YNT,KUL,0
YOW,PVR,0
YTY,DMK,0
YTY,TYN,0
YYT,CDG,0
YYZ,SKB,0
ZTH,RTM,0
ZUH,LYI,0
AAL,TFS,0
ACE,NCE,0
ACE,TLS,0
ADE,SCT,0
ADL,HKG,0
AER,BSZ,0
AER,UCT,0
AGA,HEL,0
AJR,MUC,0
ALB,RSW,0
AMM,CMN,0
AOK,SZG,0
ARN,SKP,0
ASF,AYT,0
ASU,GIG,0
ATH,INN,0
AWZ,MED,0
AYT,ASF,0
BER,BJV,0
BEY,JMK,0
BFS,VRN,0
BFS,ZTH,0
BIQ,MXP,0
BLB,UIO,0
BRI,SKP,0
BRU,MJT,0
BSD,KHN,0
BSZ,AER,0
BTS,OTP,0
BUR,MSY,0
BVC,LUX,0
BZJ,HAK,0
BZJ,PKX,0
CDG,GPA,0
CGI,DFW,0
CGN,EDO,0
CGN,ONQ,0
CKG,KCH,0
CLO,UIB,0
CMN,AMM,0
CQD,THR,0
CTS,TSN,0
CWL,REU,0
CXR,SZX,0
CXR,VKO,0
DBV,HAM,0
DEL,MSQ,0
DFW,CGI,0
DIL,MEL,0
DLH,RSW,0
DLM,NUE,0
DLM,ZRH,0
DME,MED,0
DMK,ENH,0
DSY,PNH,0
DUS,MBJ,0
DUS,PDL,0
EDO,CGN,0
EFL,FRA,0
ENH,DMK,0
ESB,SSH,0
EVN,DEL,0
EWR,FNT,0
EXT,IBZ,0
EZS,HAJ,0
FLL,FNT,0
FLL,YWG,0
FNT,EWR,0
FNT,FLL,0
FOC,WEH,0
FRA,EFL,0
GPA,CDG,0
GRU,UNA,0
GYD,MRV,0
HAJ,EZS,0
HAK,BZJ,0
HAM,DBV,0
HAM,KTT,0
HEL,AGA,0
HIR,SON,0
HKG,ADL,0
HLD,UBN,0
HRG,PED,0
HRG,SBZ,0
HUX,YWG,0
HYN,HUZ,0
IBR,ICN,0
IBZ,EXT,0
ICN,IBR,0
ICN,TYN,0
IFU,DRV,0
IKA,MZR,0
INN,ATH,0
JED,SYZ,0
JHG,JUZ,0
JMK,BEY,0
JRO,AMS,0
JUZ,JHG,0
KCH,CKG,0
KEF,LPL,0
KEF,NCL,0
KHN,BSD,0
KHV,SKD,0
KRR,SKD,0
KTT,HAM,0
KUN,TLV,0
KWE,LZO,0
LCY,PRG,0
LGG,PMI,0
LIR,PHL,0
LLV,YIW,0
LPA,VNO,0
LPL,KEF,0
LYS,PIS,0
LZO,KWE,0
MBJ,DUS,0
MCO,OGS,0
MCT,PLM,0
MCZ,EZE,0
MDL,OVB,0
MED,IFN,0
MEL,DIL,0
MPL,SXB,0
MRV,GYD,0
MRV,NYM,0
MSQ,SYX,0
MST,ZTH,0
MSY,BUR,0
MUC,ORK,0
MUC,PUJ,0
MUC,STN,0
MUU,SSA,0
MXP,BIQ,0
MZR,IKA,0
NAS,RCY,0
NCE,ACE,0
NCL,KEF,0
NOZ,KCY,0
NSK,GOJ,0
NTL,WOL,0
NUE,DLM,0
NYM,MRV,0
OGS,MCO,0
OKC,SFB,0
ONQ,CGN,0
OOM,SYD,0
ORF,SYR,0
ORK,MUC,0
ORY,VAR,0
OSL,TIV,0
OTP,BTS,0
OVB,MDL,0
PDL,DUS,0
PED,RMF,0
PGD,RIC,0
PHL,LIR,0
PIS,LYS,0
PKX,BZJ,0
PNH,DSY,0
PRG,LCY,0
PUJ,MUC,0
RCY,NAS,0
RCY,SML,0
REU,CWL,0
RIC,PGD,0
RMF,PED,0
RSW,ALB,0
RSW,DLH,0
SFB,OKC,0
SFB,SHV,0
SFO,ZIH,0
SHV,SFB,0
SKD,KHV,0
SKD,KRR,0
SKP,ARN,0
SKP,BRI,0
SMI,BRU,0
SML,RCY,0
SOC,JED,0
SOF,TRN,0
SON,MWF,0
SSA,MUU,0
SSH,ESB,0
STN,MUC,0
SVG,WAW,0
SXB,MPL,0
SYD,OOM,0
SYR,ORF,0
SZC,JHS,0
SZG,AOK,0
SZX,CXR,0
TAS,TGD,0
TFS,AAL,0
TGD,TAS,0
THR,CQD,0
TIV,OSL,0
TLS,ACE,0
TLV,BSL,0
TRN,SOF,0
TSN,CTS,0
TYN,ICN,0
UBN,HLD,0
UCT,AER,0
UIB,CLO,0
UIO,BLB,0
VAR,ORY,0
VNO,LPA,0
VRN,BFS,0
WAW,SVG,0
WEH,FOC,0
XRY,WAW,0
XUZ,BKK,0
YIW,LLV,0
YTY,HUZ,0
YWG,FLL,0
YWG,HUX,0
ZIH,SFO,0
ZRH,DLM,0
ZTH,BFS,0
ZTH,MST,0
AAL,NAP,0
ACE,BES,0
ACE,BRE,0
ACE,GOT,0
ACE,LIL,0
ACE,SXB,0
ANC,YYC,0
AOK,GRZ,0
ARN,SUF,0
ASR,BRU,0
AUH,GOX,0
AWZ,SYZ,0
AYT,SHJ,0
BES,ACE,0
BES,TFS,0
BEY,ZRH,0
BIQ,RAK,0
BLL,KGS,0
BLZ,ADD,0
BON,YYZ,0
BOS,VRB,0
BRE,ACE,0
BRQ,TIV,0
BRS,JTR,0
BRS,LRH,0
BRU,ASR,0
BSL,GZT,0
BTK,OLZ,0
CAI,ABS,0
CCU,SAI,0
CFU,MME,0
CGB,MCZ,0
CGQ,HSN,0
CGQ,HYN,0
CHQ,HHN,0
CID,MIA,0
CLT,GHB,0
CMB,VKO,0
CMN,MUC,0
CPC,ROS,0
CSY,KGD,0
CSY,MCX,0
CUN,HRL,0
CVG,ORF,0
CWL,EFL,0
DJE,LEJ,0
DLC,NZH,0
DMB,PQC,0
DMK,DSN,0
DSN,DMK,0
DUS,ERZ,0
DUS,MLX,0
DUS,TRS,0
EFL,CWL,0
ENH,ICN,0
ERZ,DUS,0
FRA,SMI,0
FYJ,MDG,0
GDN,VLC,0
GHB,CLT,0
GNJ,IST,0
GOJ,NSK,0
GOT,SMI,0
GOX,AUH,0
GRV,IKA,0
GRX,SDR,0
GRZ,AOK,0
GZT,BSL,0
GZT,HAJ,0
HAJ,GZT,0
HEL,ACE,0
HER,SOF,0
HGH,OKA,0
HHN,CHQ,0
HRL,CUN,0
HSN,CGQ,0
HSS,JAI,0
HUZ,HYN,0
HUZ,YTY,0
HYN,CGQ,0
IFN,KER,0
IGR,JUJ,0
IHR,THR,0
IKA,GRV,0
INC,LXA,0
INN,RHO,0
INN,SUF,0
IST,NAJ,0
IVR,BNE,0
JAI,HSS,0
JED,SOC,0
JFK,VRB,0
JHS,SZC,0
JSI,MUC,0
JTR,BRS,0
JUJ,IGR,0
JYR,THR,0
KCY,TKM,0
KER,IFN,0
KGD,CSY,0
KGS,LNZ,0
KGS,LTN,0
KGS,NRN,0
KMG,YYA,0
KTT,TMP,0
KUT,ZIA,0
KVA,MAN,0
KWL,ZUH,0
LAD,NBO,0
LAP,LTO,0
LAX,RSW,0
LEJ,DJE,0
LGA,SBN,0
LIL,ACE,0
LIS,TUN,0
LLV,YNT,0
LNZ,KGS,0
LRH,BRS,0
LRM,MAN,0
LTN,KGS,0
LTO,LAP,0
LXA,INC,0
LYS,TGD,0
MAH,STR,0
MAN,KVA,0
MAN,LRM,0
MBJ,MKE,0
MCX,CSY,0
MCZ,CGB,0
MDG,FYJ,0
MED,DEL,0
MFM,TSN,0
MIA,CID,0
MIA,MSN,0
MKE,MBJ,0
MKE,SRQ,0
MLH,OHD,0
MLX,DUS,0
MME,CFU,0
MSN,MIA,0
MUC,AJR,0
MUC,CMN,0
MUC,JSI,0
MUC,SMI,0
MUH,WAW,0
NAP,AAL,0
NIM,LFW,0
NMA,MED,0
NRN,KGS,0
NWI,RHO,0
NZH,DLC,0
OHD,MLH,0
OKA,HGH,0
OMA,TPA,0
ORF,CVG,0
ORY,QSR,0
PQC,DMB,0
PRG,SPC,0
PVR,YXS,0
QSR,ORY,0
RAK,BIQ,0
RHO,INN,0
RHO,NWI,0
SAI,CCU,0
SBN,LGA,0
SCT,ADE,0
SDR,GRX,0
SHJ,AYT,0
SHJ,PRG,0
SIN,VGA,0
SJU,USA,0
SMI,FRA,0
SMI,GOT,0
SMI,MUC,0
SPC,PRG,0
SRQ,MKE,0
STR,MAH,0
SUF,ARN,0
SUF,INN,0
SUF,SZG,0
SXB,ACE,0
SYX,MSQ,0
SYZ,KER,0
SZG,SUF,0
SZG,ZTH,0
TBZ,IFN,0
TFS,BES,0
TGD,BRQ,0
TGD,LYS,0
THR,IHR,0
THR,JYR,0
TIV,BRQ,0
TKM,KCY,0
TLL,TMP,0
TLV,LGW,0
TMP,KTT,0
TMP,TLL,0
TNA,YYA,0
TPA,OMA,0
TRS,DUS,0
TSN,MFM,0
TUN,LIS,0
USA,SJU,0
VGA,SIN,0
VKO,CMB,0
VLC,GDN,0
VRB,BOS,0
VRB,JFK,0
VRN,MBA,0
WAW,MUH,0
WIL,LAU,0
WMI,ZTH,0
XFN,ZHY,0
YCD,YEG,0
YEG,YCD,0
YIH,ZHA,0
YNT,LLV,0
YOW,YVP,0
YVP,YOW,0
YWG,YYT,0
YXS,PVR,0
YYA,KMG,0
YYA,TNA,0
YYC,ANC,0
YYT,YWG,0
ZHA,YIH,0
ZHY,XFN,0
ZIA,KUT,0
ZRH,BEY,0
ZTH,SZG,0
ZTH,WMI,0
ZUH,KWL,0
AAA,MKP,
AAN,TUK,
ADB,TBZ,
AGA,RNS,
AHO,ARN,
AMS,BGI,
AMS,EVE,
AMS,PUY,
AMS,RBA,
AOK,INN,
ARN,AHO,
ARN,BIO,
ARN,BOO,
ARN,PRN,
AUS,OMA,
AYT,IAS,
AYT,TAT,
BCM,MXP,
BCN,PSA,
BER,PVK,
BER,QSR,
BFS,BOD,
BFS,KGS,
BFS,NCE,
BGO,WMI,
BHX,MJT,
BIO,ARN,
BKN,MSQ,
BKS,PDG,
BLL,SZG,
BOD,BFS,
BOI,PSP,
BOO,ARN,
BPE,CSX,
BRI,EVN,
BRI,JFK,
BRN,DJE,
BRN,LCA,
BRN,MIR,
BRN,RHO,
BRQ,CHQ,
BRQ,MUH,
BRS,TIV,
BSB,JDO,
BSL,CHQ,
BSL,JSI,
BTS,MCT,
BTS,PDV,
BUD,SKP,
BUQ,BEW,
BVA,CRA,
CDG,NKG,
CEB,MFM,
CFU,SZG,
CHQ,BRQ,
CHQ,BSL,
CHQ,GLA,
CLY,TLS,
CMH,SNA,
CPH,JTR,
CRA,BVA,
CSX,BPE,
DEN,PGA,
DJB,PDG,
DJE,BRN,
DJE,SXB,
DLM,SOF,
DMB,SVX,
DMK,TNA,
DMM,SLL,
DSN,PUS,
EAS,EDI,
EAU,RSW,
EDI,EAS,
EFL,NCE,
EVE,AMS,
EVN,BRI,
EZE,FMA,
FCA,STS,
FRA,IVL,
FSC,LIN,
GLA,CHQ,
GLA,PUY,
GOJ,IST,
GOT,ACE,
GOT,OPO,
GPA,KTW,
GRB,RSW,
GSO,SFB,
GTO,MDC,
GTO,PLW,
GVA,QSR,
GVA,SUF,
GZT,ZRH,
HAM,TRS,
HFE,JGS,
HOG,FRA,
HRG,MED,
HRG,VRN,
HUY,JER,
IAS,AYT,
IBZ,NTE,
ICN,ENH,
INN,AOK,
INN,KGS,
IST,AKX,
IVL,FRA,
JCH,QJI,
JDO,BSB,
JED,KER,
JED,MIR,
JED,SAH,
JEG,QFI,
JER,HUY,
JER,MME,
JFK,BRI,
JGS,HFE,
JGS,LJG,
JMK,STR,
JSI,BSL,
JSI,LCA,
JTR,CPH,
JTR,NCE,
KAO,LGW,
KCY,CZR,
KDH,MED,
KEF,TLL,
KGS,BFS,
KGS,BLL,
KGS,INN,
KRR,MCX,
KTW,GPA,
KTW,OPO,
KVA,NUE,
KVA,WAW,
LAS,YLW,
LCA,BRN,
LCA,JSI,
LCA,PVK,
LCA,RHO,
LDE,SXB,
LEN,LPA,
LGG,TNG,
LGW,RMF,
LGW,SMI,
LGW,TLV,
LIN,FSC,
LIS,TIA,
LIS,VRA,
LJG,JGS,
LKO,MED,
LPA,LEN,
LRH,MAN,
LYS,ZAD,
MAN,LRH,
MBA,OTP,
MCT,BTS,
MDC,GTO,
MDG,NGB,
MED,GZT,
MED,NUM,
MEL,PKX,
MEM,MSY,
MFM,CEB,
MIR,BRN,
MIR,EVN,
MJT,BHX,
MLE,OTP,
MME,JER,
MSQ,BKN,
MSY,MEM,
MUH,BRQ,
MUH,OSR,
MXP,BCM,
MXP,PVK,
NBO,LAD,
NBO,NDE,
NCE,BFS,
NCE,EFL,
NCE,JTR,
NCE,SUF,
NDE,NBO,
NGB,MDG,
NKG,CDG,
NTE,IBZ,
NUE,KVA,
NUM,MED,
OGU,STR,
OLZ,BTK,
OMA,AUS,
OPO,GOT,
OPO,KTW,
OPO,SPU,
ORF,PIE,
OSR,MUH,
OTP,MLE,
OTP,ZNZ,
PDG,BKS,
PDV,BTS,
PDX,TPA,
PGA,DEN,
PGQ,TTE,
PHB,CNF,
PHX,RSW,
PIE,ORF,
PKX,MEL,
PLW,GTO,
PMI,PMO,
PMI,SIR,
PMO,PMI,
PNK,UPG,
PNL,VCE,
POZ,RHO,
PRG,TLS,
PRN,ARN,
PSA,BCN,
PSP,BOI,
PUS,DSN,
PUY,AMS,
PUY,GLA,
PVK,BER,
PVK,LCA,
PVK,MXP,
PVR,YXX,
QJI,JAV,
QSR,BER,
QSR,GVA,
RAI,OPO,
RBA,AMS,
RHO,BRN,
RHO,LCA,
RHO,POZ,
RMF,LGW,
RNS,AGA,
RSW,EAU,
RSW,GRB,
RSW,LAX,
RSW,PHX,
SCU,PBM,
SFB,GSO,
SHJ,MCX,
SIR,PMI,
SJC,STL,
SJD,YWG,
SKP,BUD,
SLL,DMM,
SLL,FCO,
SMI,LGW,
SNA,CMH,
SNA,TPA,
SNN,TRN,
SOF,HER,
SPU,OPO,
SSH,VAR,
STL,SJC,
STR,JMK,
STS,FCA,
SUF,GVA,
SUF,NCE,
SVB,TMM,
SVX,DMB,
SXB,DJE,
SXB,LDE,
SZG,BLL,
SZG,CFU,
TAT,AYT,
TBZ,ADB,
TIA,LIS,
TIV,BRS,
TLL,KEF,
TLS,CLY,
TLS,DWC,
TLS,PRG,
TLV,GHV,
TNA,DMK,
TPA,PDX,
TPA,SNA,
TRN,SNN,
TRS,HAM,
TUK,AAN,
TVY,MGZ,
UPG,PNK,
VCE,PNL,
VKO,NYM,
VRA,LIS,
WAW,KVA,
WMI,BGO,
YLW,LAS,
YLW,YXE,
YWG,SJD,
YXE,YLW,
YXX,PVR,
YYZ,BON,
ZAD,LYS,
ZRH,GZT,
ZTH,BLL,
AAT,CGO,
ABS,CAI,
ABZ,CDG,
ACE,CPH,
ACF,HGH,
ADB,AUH,
ADB,LHR,
ADL,CHC,
AGA,KTW,
AGA,WAW,
AGP,TIA,
AKX,IST,
ALC,SDR,
ALG,RTM,
AMM,TSF,
AOK,PRG,
ARH,SVX,
ARN,BIQ,
ARN,KBV,
ARN,VCE,
ATH,CRA,
AUH,ADB,
AYT,GHV,
AYT,MQM,
AZN,IST,
AZN,LED,
BBU,BRI,
BBU,CRL,
BBU,FKB,
BBU,HHN,
BBU,TRN,
BCN,RNS,
BCN,SEN,
BCN,SOU,
BDA,LGA,
BER,SVQ,
BGC,CAT,
BHD,NCL,
BHD,NQY,
BHK,UGC,
BHX,SBZ,
BIQ,ARN,
BKS,BTH,
BLL,CLJ,
BOD,BUD,
BOD,OTP,
BRI,BBU,
BRN,KGS,
BRQ,MXP,
BRS,ZRH,
BRU,LAD,
BTH,BKS,
BUD,BOD,
BUD,NTE,
BUD,QSR,
BUR,SAT,
BUS,KRR,
BVB,GRU,
BVH,CGB,
BZN,DTW,
CAT,BGC,
CCC,YXU,
CDG,ABZ,
CFU,GRZ,
CGB,BVH,
CGB,OAL,
CGK,KWE,
CGN,MIR,
CGN,TRS,
CGO,AAT,
CHC,ADL,
CLJ,BLL,
CLJ,NYO,
CLJ,RAK,
CLJ,TRF,
COS,SAT,
COV,ALP,
COV,STN,
CPH,ACE,
CPH,IAS,
CRA,ATH,
CRA,NAP,
CRL,BBU,
CRL,NCL,
DJE,BUD,
DJE,WRO,
DLC,LYA,
DMK,LHW,
DMK,NKG,
DSY,KTI,
DTM,SZY,
DTW,BZN,
DTW,VPS,
EBL,ALP,
EVN,FMM,
EVN,MIR,
EVN,OTP,
EZE,CTC,
FAO,SXB,
FCO,MRU,
FCO,TFN,
FGU,PPT,
FKB,BBU,
FMM,EVN,
FMM,GHV,
FOC,FUO,
FRA,HOG,
FRA,KAO,
FUE,KEF,
FUE,NAP,
FUO,FOC,
GDN,OTP,
GHV,AYT,
GHV,FMM,
GNB,NCL,
GOT,MLA,
GRU,BVB,
GRZ,CFU,
GRZ,TFS,
GSM,TBZ,
GVA,ZTH,
GWT,LUX,
HAJ,TRS,
HAM,RMF,
HDF,LUX,
HGH,ACF,
HHN,BBU,
HKT,BAX,
HRB,LLV,
IAS,CPH,
IAS,PRG,
IKG,OSS,
IKT,PYJ,
IST,AZN,
IST,GOJ,
IXA,IXS,
IXS,IXA,
JAN,MCO,
JED,NDJ,
JHG,WUX,
KAO,FRA,
KAO,MAN,
KAZ,MDC,
KBR,SIN,
KGA,KWZ,
KGS,BRN,
KGS,OST,
KIK,MED,
KOW,KWL,
KRR,BUS,
KRR,NMA,
KSN,SSH,
KTI,DSY,
KTW,AGA,
KTW,PMI,
KTW,PMV,
KWL,KOW,
KWZ,KGA,
LBA,PSA,
LBD,URC,
LCA,SKP,
LED,AZN,
LEI,LPL,
LGA,BDA,
LGA,SLC,
LGW,KAO,
LHR,ADB,
LHW,DMK,
LLV,HRB,
LOP,SRG,
LOS,MXP,
LPL,LEI,
LRM,BHX,
LUX,GWT,
LUX,HDF,
LUZ,MIR,
LXA,NKG,
LYA,DLC,
MAD,SNN,
MAN,KAO,
MCO,JAN,
MCX,KRR,
MCX,SHJ,
MDC,KAZ,
MED,BND,
MIR,CGN,
MIR,LUZ,
MIR,RZE,
MLA,GOT,
MLA,PMI,
MQM,AYT,
MRU,FCO,
MSY,SJU,
MUH,BLQ,
MXP,LOS,
MXP,PDV,
MXP,SID,
MZT,YLW,
NAP,CRA,
NAP,FUE,
NBE,VAR,
NCL,BHD,
NCL,CRL,
NKG,DMK,
NKG,LXA,
NMA,KRR,
NQY,BHD,
NRT,ROR,
NTE,BUD,
NYO,CLJ,
OAL,CGB,
OHS,SHJ,
OPO,RAI,
ORK,PRG,
ORY,ERH,
ORY,MED,
OSL,SZZ,
OSS,IKG,
OTP,BOD,
OTP,EVN,
OTP,GDN,
OTP,SDR,
OTP,TKU,
OUD,SXB,
PDG,DJB,
PDV,MXP,
PMI,KTW,
PMI,MLA,
PMV,KTW,
POZ,DJE,
PRG,AOK,
PRG,IAS,
PRG,ORK,
PSA,LBA,
PYJ,IKT,
QSR,BUD,
RAK,CLJ,
RAQ,UPG,
RIX,TRD,
RMF,BRU,
RMF,HAM,
RNS,BCN,
RTM,ALG,
RZE,MIR,
SAT,BUR,
SAT,COS,
SBZ,BHX,
SDR,ALC,
SDR,OTP,
SEN,BCN,
SHI,TPE,
SHJ,OHS,
SIN,KBR,
SJU,MSY,
SKP,LCA,
SLC,LGA,
SLL,WAW,
SNN,MAD,
SOF,DLM,
SOU,BCN,
SRG,LOP,
STN,COV,
STR,OGU,
SVQ,BER,
SVX,ARH,
SXB,FAO,
SXB,OUD,
SZY,DTM,
SZZ,OSL,
TBZ,GSM,
TFN,FCO,
TFS,GRZ,
TFU,USM,
TIA,AGP,
TKU,OTP,
TNG,LGG,
TPE,SHI,
TRD,RIX,
TRF,CLJ,
TRN,BBU,
TRS,CGN,
TRS,HAJ,
TSF,AMM,
TTE,PGQ,
UPG,RAQ,
URC,LBD,
USM,TFU,
VAR,NBE,
VCE,ARN,
VPS,DTW,
VRA,YXU,
VRN,LRM,
WAW,AGA,
WAW,SLL,
WEH,WNZ,
WEH,XMN,
WNZ,WEH,
WUX,JHG,
XMN,WEH,
YEG,YQM,
YLW,MZT,
YLW,YQR,
YQB,AZS,
YQM,YEG,
YQR,YLW,
YVP,YPJ,
YXU,CCC,
YXU,VRA,
ZBR,SYZ,
ZRH,BRS,
ZTH,GVA,
ABZ,REU,
ACA,MTY,
ACE,VGO,
ADB,TIV,
ADZ,YUL,
AGA,MED,
AGA,STR,
ALA,IKU,
ALP,COV,
ALP,EBL,
AMM,PRG,
APD,BPN,
ARN,TIV,
ASF,GYD,
AYT,PDV,
AYT,SGC,
AZS,YQB,
BAX,HKT,
BAY,HRG,
BEY,MRS,
BHX,KVA,
BHX,LRM,
BIO,SAW,
BIQ,MUC,
BKN,KEA,
BLL,ZTH,
BOD,TIA,
BOJ,VNO,
BPE,WUH,
BPN,APD,
BRQ,DJE,
BRU,JTR,
BSL,TLV,
BTS,DBB,
BTS,MAH,
BUD,DJE,
BUU,DJB,
BZE,FLL,
CAN,CQW,
CGD,HUZ,
CGK,WDB,
CHQ,TSR,
CMF,LBA,
CPH,KUT,
CQW,CAN,
CTG,MXP,
CTS,IZO,
CXR,TAO,
CYO,YQB,
CZX,LUM,
DAL,FAT,
DAL,GEG,
DBB,BTS,
DEB,TIA,
DHH,LHW,
DIN,SGN,
DJB,BUU,
DLM,GDN,
DMK,ALA,
DMK,SDJ,
DWC,BTS,
DXB,UTP,
EDI,RZE,
EDO,STR,
EFL,OTP,
EGC,LBA,
EMA,GVA,
ESB,ICN,
ESB,SKP,
EVN,KJA,
EVN,SGC,
FAC,PPT,
FAT,DAL,
FCA,OAK,
FCO,FDF,
FDF,FCO,
FDF,NTE,
FDF,YYZ,
FDH,HRG,
FLL,BZE,
FLL,PIA,
FNC,RAK,
GBT,MED,
GDN,DLM,
GEG,DAL,
GIL,LHE,
GOJ,SUI,
GRO,LTN,
GRO,PRG,
GRO,WAW,
GRZ,LGW,
GSM,SYZ,
GVA,EMA,
GVA,RNS,
GYD,ASF,
HER,OMR,
HRB,DMK,
HRG,BAY,
HRG,FDH,
HUZ,CGD,
ICN,ESB,
ICN,UBJ,
IKU,ALA,
IXD,MAA,
IZO,CTS,
JED,AGA,
JED,TNG,
JSI,ORY,
KBV,ARN,
KEA,BKN,
KEF,FUE,
KEF,LBA,
KGL,ZNZ,
KGS,DOL,
KJA,EVN,
KJT,JED,
KOA,ORD,
KTN,WMK,
KTW,MJT,
KUT,CPH,
KVA,BHX,
KWE,CGK,
KWL,YIH,
LBA,CMF,
LBA,EGC,
LBA,KEF,
LCJ,TIA,
LGW,GRZ,
LHE,GIL,
LHW,DHH,
LIS,MBJ,
LTN,GRO,
LTN,VRN,
LUM,CZX,
LVP,SYZ,
LYS,RMO,
MAA,IXD,
MAD,RMU,
MAH,BTS,
MBJ,LIS,
MBJ,VRN,
MCT,SJJ,
MDG,PVG,
MDQ,ROS,
MDZ,JUJ,
MED,ORY,
MJT,KTW,
MJT,PRG,
MPL,RBA,
MRS,BEY,
MRS,DWC,
MRV,OMS,
MSO,OAK,
MTY,ACA,
MTY,SJO,
MUC,BIQ,
MUH,FCO,
MXP,BRQ,
MZT,YUL,
NCL,GNB,
NGO,OBO,
NKG,TWU,
NSK,OMS,
NTE,TIA,
NTE,TLN,
NTE,TNG,
OAK,FCA,
OAK,MSO,
OBO,NGO,
OMS,HKT,
OMS,MRV,
OMS,NSK,
ORD,KOA,
ORY,JSI,
ORY,RMO,
OST,AYT,
OTP,EFL,
PEE,HKT,
PEE,RGK,
PEZ,SVX,
PIA,FLL,
PRG,AMM,
PRG,GRO,
PRG,KLX,
PRG,MJT,
PRG,TAS,
PRG,VRN,
PTP,BOD,
PVG,MDG,
QJI,JCH,
RAK,FNC,
RBA,MPL,
REU,ABZ,
REU,BRU,
RGK,PEE,
RMO,LYS,
RMO,ORY,
RMU,MAD,
RNS,GVA,
ROR,NRT,
ROS,MDQ,
RTB,YUL,
RVN,SNN,
RZE,EDI,
SAW,BIO,
SAW,ISU,
SBT,TJM,
SDJ,DMK,
SGC,AYT,
SGC,EVN,
SGC,STW,
SID,VIE,
SJJ,MCT,
SJO,MTY,
SJO,XPL,
SKP,ESB,
SMI,VIE,
SNN,RVN,
SSR,VLI,
STR,AGA,
STR,EDO,
STW,SGC,
SUI,GOJ,
SVX,PEZ,
SYZ,GSM,
SYZ,LVP,
TAG,TPE,
TAO,CXR,
TAS,PRG,
TBZ,MED,
TGP,KJA,
TIA,BOD,
TIA,DEB,
TIA,LCJ,
TIA,NTE,
TIV,ARN,
TJM,HKT,
TJM,SBT,
TLN,NTE,
TNG,NTE,
TOF,CXR,
TPE,TAG,
TRK,YIA,
TSR,CHQ,
TWU,NKG,
UTP,DXB,
VAR,SSH,
VCE,VLC,
VGO,ACE,
VIE,SID,
VIE,SMI,
VLC,VCE,
VLI,SSR,
VNO,BOJ,
VRN,LTN,
VRN,PRG,
WAW,GRO,
WDB,CGK,
WMK,KTN,
WUH,BPE,
XPL,SJO,
YHM,PUJ,
YIA,TRK,
YIH,KWL,
YQB,CYO,
YUL,ADZ,
YUL,MZT,
YUL,RTB,
YXE,ZWL,
YYZ,FDF,
ZNZ,KGL,
AAR,CFU,
ACE,LEJ,
AER,HMA,
AER,IKA,
AGP,PED,
AHO,BOD,
AHO,FLR,
AHO,TRN,
AKL,NLK,
ALA,DMK,
AMA,HOU,
ANC,SAN,
ANX,OSL,
APD,KDI,
ATL,FAR,
ATL,ILG,
ATL,ZLO,
AUC,CUC,
AUS,PSP,
AYT,ESL,
AYT,OMR,
AYT,TSR,
BCN,LJU,
BCN,SID,
BEG,DJE,
BEG,NQZ,
BEL,CGH,
BFS,LYS,
BGO,EVE,
BHX,CGN,
BHX,PDV,
BIO,BRI,
BIO,OLB,
BJV,BUD,
BJV,RZE,
BKI,SWA,
BLQ,MIR,
BOD,AHO,
BOD,PTP,
BOJ,MME,
BOS,GND,
BRI,BIO,
BRI,OSL,
BRQ,KVA,
BRQ,SUF,
BRU,BVE,
BRU,CKG,
BRU,CKY,
BSL,ESB,
BTS,BVC,
BTS,DJE,
BTS,PVK,
BUD,BJV,
BUS,EBL,
BVC,DSS,
BVE,BRU,
BZO,MAH,
CAG,MRS,
CAN,NBO,
CAP,ANU,
CBT,SDD,
CDB,PML,
CDG,NBJ,
CDG,TIA,
CDG,UGC,
CFU,AAR,
CFU,TSR,
CGH,BEL,
CGH,THE,
CGN,BHX,
CIY,VRN,
CKG,BRU,
CLT,SVD,
CMF,GLA,
COV,HAM,
COV,SZF,
COV,YEI,
CTA,OLB,
CUC,AUC,
CUN,VRN,
CXR,TOF,
CZR,KCY,
DAR,BKZ,
DBV,SVG,
DEB,MIR,
DIY,FRA,
DIY,STR,
DJE,BEG,
DJE,BLQ,
DJE,BTS,
DJE,JED,
DMK,HRB,
DMK,RUH,
DRW,TCA,
DSS,PRG,
DTW,PLS,
DUS,JER,
DUS,SSH,
DXB,NMA,
ESB,BSL,
ESL,AYT,
ETZ,HER,
EVE,BGO,
EVN,GSV,
EZE,IRJ,
FAE,LPA,
FAO,RIX,
FAR,ATL,
FDF,SLU,
FEG,SGC,
FLR,AHO,
FRA,DIY,
FSC,OLB,
GLA,CMF,
GLA,NQY,
GND,BOS,
GPA,MXP,
GPA,NTE,
GSV,EVN,
GVA,SKP,
GYD,MED,
GZT,JED,
GZT,MUC,
HAM,COV,
HEH,MWQ,
HER,ETZ,
HER,SCV,
HGH,YIN,
HKT,OMS,
HKT,TJM,
HLP,JBB,
HMA,AER,
HOU,AMA,
HRG,NCE,
HRG,TSR,
HRI,OVB,
HRI,SVX,
HYN,YNZ,
IAH,SAF,
IBZ,PRG,
IBZ,WAW,
ICN,DAT,
IKA,AER,
IKA,MIR,
ILG,ATL,
ILG,USA,
INN,STN,
INU,SUV,
ISU,SAW,
IVC,WLG,
JAI,MED,
JBB,HLP,
JED,JAI,
JER,DUS,
KAO,BRU,
KCY,BAX,
KDI,APD,
KDI,WNI,
KJA,TGP,
KLX,PRG,
KSC,PMI,
KTW,TBJ,
KTW,ZTH,
KVA,BRQ,
KVA,OSR,
KWI,NCE,
LBV,KGL,
LEJ,ACE,
LGB,MSY,
LGW,LRM,
LGW,RBA,
LIR,LGW,
LJU,BCN,
LJU,MAN,
LOP,PKY,
LPA,FAE,
LPA,MAH,
LRM,LGW,
LXS,PRG,
LYS,BFS,
LYS,ORK,
LYS,QSR,
MAH,BZO,
MAH,LPA,
MAN,LJU,
MCO,YQR,
MCO,YXE,
MED,DJE,
MED,LXR,
MED,TBZ,
MGZ,TVY,
MIA,OSL,
MIR,DEB,
MIR,IKA,
MIR,MED,
MIR,SBZ,
MIR,SZG,
MIR,TAT,
MLA,OSL,
MME,BOJ,
MMK,MSQ,
MPL,OSL,
MPL,ZRH,
MRS,CAG,
MRS,QSR,
MSQ,MMK,
MSY,LGB,
MUC,GZT,
MUC,SHJ,
MUC,SZF,
MWQ,RGN,
MYT,NYT,
MZR,MED,
MZT,YWG,
NBO,CAN,
NCE,HRG,
NCE,TRD,
NLG,PML,
NLK,AKL,
NMA,DXB,
NQY,GLA,
NQZ,BEG,
NTE,FDF,
NTE,GPA,
NUE,SSH,
OLB,BIO,
OLB,CTA,
OLB,FSC,
OLB,OSL,
OMR,AYT,
OMR,HER,
ORF,STL,
ORK,LYS,
ORY,TOS,
OSL,ANX,
OSL,BRI,
OSL,MIA,
OSL,MLA,
OSL,MPL,
OSL,OLB,
OSL,PVK,
OSL,SKG,
OSL,VAR,
OSL,VRN,
OSR,KVA,
OSR,SUF,
OVB,HRI,
OXB,ABJ,
PDL,TFN,
PDV,BHX,
PED,AGP,
PED,SUF,
PKY,LOP,
PLS,DTW,
PMI,KSC,
PMI,SVG,
PMI,TSR,
PML,CDB,
PML,NLG,
POP,SJU,
POZ,ZTH,
PPT,HHZ,
PRG,IBZ,
PRG,LXS,
PSP,AUS,
PUJ,YHM,
PUJ,YQR,
PUJ,YXE,
PVK,BTS,
PVK,OSL,
QCU,JEG,
QJE,QCU,
QSR,LYS,
QSR,MRS,
RAK,SZG,
RBA,LGW,
REL,EZE,
RHO,TSR,
RIH,YQB,
RIX,FAO,
RUH,DMK,
RZE,BJV,
SAF,IAH,
SAN,ANC,
SDD,CBT,
SGC,FEG,
SHJ,MUC,
SID,BCN,
SID,BTS,
SID,CPH,
SID,EMA,
SIN,UBN,
SJU,POP,
SKG,OSL,
SKP,GVA,
SLH,MTV,
SLL,TAS,
SLU,FDF,
SPU,SXB,
SRG,TRK,
SRY,JED,
SSH,DUS,
SSH,KSN,
SSH,NUE,
STL,ORF,
STN,INN,
STR,DIY,
STR,JED,
SUF,BRQ,
SUF,OSR,
SUF,PED,
SUF,YYZ,
SUV,INU,
SVD,CLT,
SVG,DBV,
SVG,PMI,
SWA,BKI,
SXB,SPU,
SZF,COV,
SZF,MUC,
SZG,MIR,
SZG,RAK,
TAS,SLL,
TAS,TZX,
TAT,MIR,
TBJ,KTW,
TCA,DRW,
TFN,PDL,
TFS,JER,
TFS,TSR,
TGP,KCY,
TIA,CDG,
TOS,ORY,
TRD,NCE,
TRK,SRG,
TRN,AHO,
TSR,AYT,
TSR,CFU,
TSR,HRG,
TSR,PMI,
TSR,RHO,
TSR,TFS,
TZX,TAS,
UAK,JNN,
UBJ,ICN,
UBN,SIN,
USA,ILG,
VAR,OSL,
VRA,YQG,
VRN,CIY,
VRN,OSL,
WAW,IBZ,
WNI,KDI,
YEG,YKA,
YEI,COV,
YIN,HGH,
YKA,YEG,
YNZ,HYN,
YQB,RIH,
YQG,VRA,
YQR,MCO,
YQR,PUJ,
YQT,CUN,
YWG,MZT,
YXE,MCO,
YXE,PUJ,
YYZ,SUF,
ZLO,ATL,
ZRH,MPL,
ZTH,KTW,
ZTH,POZ,
ABJ,OXB,
ABV,NIM,
ABZ,GVA,
ADB,KSC,
ADD,GOM,
AGP,TLV,
AIS,TRW,
AJA,OSL,
ARN,HER,
ARN,INN,
ASW,MED,
ATH,SSH,
ATL,RAP,
AYT,SBZ,
BAR,CGO,
BAR,NNG,
BAV,LLV,
BDS,PRG,
BEL,SSA,
BER,SEN,
BEY,LYS,
BGO,LKN,
BGR,RSW,
BGY,AOK,
BJV,RMO,
BLQ,MUH,
BOD,VLC,
BOJ,BRU,
BRC,CNF,
BRC,POA,
BRQ,LEI,
BTH,SIQ,
BTS,CPH,
BTS,DWC,
BTS,EFL,
BTS,KGS,
BTS,OLB,
BTS,TIA,
BUS,RIX,
BZO,CPH,
BZO,EFL,
CAK,ILM,
CAY,PBM,
CEE,ULV,
CFU,OSL,
CFU,PED,
CGO,BAR,
CGO,HKT,
CIY,PRG,
CKY,OXB,
CMN,SMW,
CNF,BRC,
COR,CPC,
CPH,BTS,
CPH,BZO,
CRL,NCE,
CSX,LLV,
CUN,YQG,
CUN,YQT,
CXR,SIN,
DAT,ICN,
DEB,AYT,
DEL,MED,
DJE,FCO,
DLM,RMO,
EBL,BUS,
EFL,BTS,
EFL,BZO,
EMA,SID,
ENY,HAK,
EZE,CNQ,
EZE,SDE,
EZE,SFN,
FAO,PRG,
FAO,WAW,
FCO,ATQ,
FCO,FNC,
FCO,MIR,
FCO,SLL,
FDF,SFG,
FNC,FCO,
FRA,SSH,
GNB,LHR,
GOM,ADD,
GVA,ABZ,
GVA,RVN,
GYS,HFE,
GYS,XIC,
HAJ,RAK,
HAK,ENY,
HER,ARN,
HER,OSL,
HER,TGM,
HFE,GYS,
HKT,CGO,
HKT,PEE,
HRI,KUF,
HRI,KZN,
ILM,CAK,
IND,PBI,
INI,ZRH,
INN,ARN,
JED,BND,
JED,STR,
JEG,QRY,
JER,TFS,
JNB,LIS,
JNG,NGB,
JTC,MCZ,
JTR,OSL,
JTR,STR,
KEJ,KCY,
KGL,BRU,
KGS,BTS,
KGS,PED,
KIX,YNZ,
KSC,ADB,
KSC,TIA,
KSC,ZTH,
KVK,VKO,
KWL,PUS,
LBA,VIE,
LEI,BRQ,
LGW,LIR,
LHR,GNB,
LHR,PLS,
LIL,QSF,
LIS,JNB,
LIS,LRM,
LKN,BGO,
LLV,BAV,
LLV,CSX,
LRM,LIS,
LTN,RVN,
LXR,SAW,
LYI,NRT,
LYS,BEY,
LYS,SSH,
MCI,SRQ,
MCO,YSJ,
MCX,ULV,
MCZ,JTC,
MDK,GMA,
MED,ASW,
MED,JIB,
MED,KJT,
MED,SYZ,
MIR,IAS,
MJT,WAW,
MRS,RMU,
MRV,ULV,
MXP,SXB,
MZT,SFO,
NAO,YTY,
NBE,MXP,
NBE,VRN,
NBJ,CDG,
NCE,CRL,
NDR,FRA,
NGB,JNG,
NIM,ABV,
NNG,BAR,
NRT,LYI,
NUX,VKO,
NYK,WIL,
OLB,BTS,
OMA,SAN,
ONT,STS,
OSL,AJA,
OSL,CFU,
OSL,HER,
OSL,JTR,
OSL,SKP,
OSR,PVK,
OSR,TIA,
PBI,IND,
PBM,CAY,
PDV,AYT,
PED,CFU,
PED,KGS,
PER,TEF,
PGU,RAS,
PLS,LHR,
PRG,BDS,
PRG,CIY,
PRG,FAO,
PRG,RMU,
PUJ,ROS,
PUS,KWL,
PVK,BRQ,
PVK,RDO,
PVR,YKF,
QRY,JEG,
RAK,HAJ,
RAK,STR,
RAP,ATL,
RAS,PGU,
RDO,BCN,
RDO,PVK,
RGA,EZE,
RGK,KCY,
RIX,BUS,
RMF,SAW,
RMO,BJV,
RMO,DLM,
RMU,MRS,
RMU,PRG,
ROS,PUJ,
RSW,BGR,
RSW,SWF,
RVN,GVA,
RVN,LTN,
SAN,OMA,
SAW,LXR,
SAW,RMF,
SBZ,MIR,
SCV,HER,
SEN,BER,
SFO,MZT,
SFO,TER,
SHA,ZHA,
SIN,CXR,
SIQ,BTH,
SKP,OSL,
SKT,MED,
SMW,CMN,
SOC,KNO,
SRQ,MCI,
SSA,BEL,
SSH,FRA,
SSH,LYS,
STR,JTR,
STR,RAK,
STR,TUN,
STS,ONT,
SVX,HRI,
SWF,RSW,
SXB,MXP,
SXB,WAW,
TEF,PER,
TER,SFO,
TGM,HER,
THE,CGH,
TIA,BTS,
TIA,KSC,
TIA,OSR,
TMN,TRW,
TQO,YOW,
TRW,AIS,
TRW,TMN,
TUN,STR,
ULV,CEE,
ULV,MCX,
ULV,MRV,
VIE,LBA,
VKO,KVK,
VKO,NUX,
VLC,BOD,
VLC,YUL,
VNY,TEB,
VRA,YVR,
VRA,YXE,
WAW,FAO,
WAW,MJT,
WAW,SXB,
WLG,IVC,
XIC,GYS,
YKF,PVR,
YNL,YXE,
YNZ,KIX,
YOW,TQO,
YQG,CUN,
YSJ,MCO,
YTY,NAO,
YUL,VLC,
YVR,VRA,
YXE,VRA,
ZRH,INI,
ZTH,KSC,
ABE,RSW,
AKU,DHH,
ALA,ZIA,
ALG,CFE,
ANU,CAP,
AOK,BLQ,
ASU,REC,
AUA,LGA,
AYT,DEB,
BAH,ULH,
BCN,RDO,
BFJ,CAN,
BIQ,FRA,
BJA,EBU,
BLQ,AOK,
BLQ,TLV,
BON,JBQ,
BQS,CXR,
BRQ,VOL,
BRU,SID,
BSL,SPC,
BSL,TNG,
BSZ,CCU,
BTS,LEI,
BWK,BZO,
BYN,LTI,
BZN,LGA,
BZO,BWK,
CAC,MCZ,
CAN,BFJ,
CCC,YHM,
CCU,BSZ,
CDG,HKT,
CFE,ALG,
CFG,YYZ,
CFU,LIN,
CGH,EEA,
CGQ,CJJ,
CIY,MXP,
CJJ,CGQ,
CMN,DUS,
CNF,NVT,
COK,TRZ,
CPC,COR,
CRA,AYT,
CRK,ROR,
CTC,EZE,
DAR,SEU,
DHH,AKU,
DJE,LJU,
DLC,ENY,
DMM,LHR,
DOL,AGP,
DUB,INN,
DUS,CMN,
EBU,BJA,
EEA,CGH,
EFL,BUD,
ELH,PBI,
ENY,DLC,
ENY,LHW,
EQS,EZE,
ERH,ORY,
EZS,STR,
FDE,SDN,
FEG,URC,
FRA,BIQ,
FRA,FSC,
FRA,HDF,
FRA,NDR,
FRE,VAO,
FSC,FRA,
GCI,ZRH,
GPA,KSC,
GVA,RIX,
GVA,RTM,
HAJ,MXP,
HAN,HFE,
HAV,VVI,
HDF,FRA,
HDN,IAD,
HFE,HAN,
HKG,OOL,
HKT,CDG,
HLE,CPT,
HOG,YOW,
HRB,XNN,
HRF,HDK,
HRG,SJJ,
IAD,HDN,
IAS,MIR,
IAS,VLC,
ICN,OBO,
IKA,COV,
IKA,KHI,
INN,DUB,
JBQ,BON,
JED,ABJ,
JED,BLJ,
JED,UGC,
KCY,YAE,
KHI,IKA,
KJA,PQC,
KSC,GPA,
KUF,HRI,
KUF,UFA,
KYA,AYT,
KYZ,IKT,
KZN,HRI,
LEI,BTS,
LEX,MIA,
LGA,AUA,
LGA,BZN,
LHR,DMM,
LHW,ENY,
LIN,CFU,
LJU,DJE,
LPL,SZG,
LRM,MAD,
LTO,SFO,
LUX,RTM,
LUX,VXE,
LYS,DWC,
MAD,LRM,
MCZ,CAC,
MDQ,EZE,
MED,AWZ,
MED,IKA,
MED,PDG,
MED,SKT,
MIA,LEX,
MIR,OPO,
MJN,NOS,
MRU,MXP,
MSP,TQO,
MUH,BGY,
MXP,CIY,
MXP,HAJ,
MXP,MRU,
NSK,MRV,
NVT,CNF,
OBO,ICN,
ODB,PMI,
OOL,HKG,
OOT,TBF,
OPO,MIR,
ORD,ZIH,
ORY,RVN,
OXB,CKY,
PBI,ELH,
PMI,ODB,
POA,BRC,
PQC,OVB,
PUJ,YKF,
QUP,PQT,
REC,ASU,
RHO,TIA,
RIX,GVA,
RIX,VRN,
RLK,TGO,
ROR,CRK,
RSW,ABE,
RTM,GVA,
RTM,LUX,
RVN,ORY,
SBZ,AYT,
SCL,USH,
SDN,FDE,
SES,KJA,
SFO,LTO,
SGN,SYX,
SID,SFL,
SJJ,HRG,
SPC,BSL,
SSH,ATH,
STR,EZS,
STR,TOS,
SUI,VKO,
SVX,PQC,
SYX,SGN,
SZG,LPL,
TBF,TSU,
TBS,STR,
TEB,VNY,
TFS,VRN,
TGO,RLK,
TIA,RHO,
TLV,BLQ,
TLV,TRN,
TNG,BSL,
TOS,STR,
TQO,MSP,
TRN,TLV,
TRZ,COK,
TSU,OOT,
UBN,BYN,
UGC,JED,
ULH,BAH,
URC,FEG,
USH,SCL,
VKO,SUI,
VLC,IAS,
VOL,BRQ,
VRA,YHM,
VRN,CUN,
VRN,RIX,
VVI,HAV,
XNN,HRB,
YAE,KCY,
YIF,YZV,
YKF,PUJ,
YNA,YIF,
YOW,HOG,
YYZ,CFG,
ZIA,ALA,
ZIH,ORD,
ZRH,JER,
AAL,FNC,
ABV,CDG,
ABZ,BOJ,
ACE,FNC,
ADD,ASM,
AGA,BCN,
AGS,BOS,
AMD,GWL,
AMM,GYD,
AMM,STR,
AOE,OST,
ARN,BVC,
ATH,LXR,
ATW,PHX,
AUH,DBB,
AYT,LBC,
BAR,YBP,
BCN,AGA,
BCN,FAE,
BDA,PVD,
BER,LBA,
BEY,HAJ,
BJV,NQZ,
BKI,TAE,
BLJ,MED,
BOJ,ABZ,
BOS,AGS,
BRI,TLV,
BRU,LCA,
BTH,MED,
BTS,PQC,
BUD,LEI,
BUD,TAS,
BUU,KRC,
CCU,PQC,
CDG,LHE,
CDT,PMI,
CGH,PFB,
CLT,EGE,
CSX,ZUH,
CTU,YSQ,
CZX,ZHA,
DBB,AUH,
DEL,NMI,
DJB,SRG,
DSS,JED,
DTW,TQO,
DYG,HET,
EDI,TRN,
EGE,CLT,
ENO,EZE,
EVE,KTT,
EVE,VIE,
EVN,MCT,
EWR,PSP,
EZE,ENO,
FAE,BCN,
FAR,MCO,
FKB,TLV,
FLL,YHM,
FNC,AAL,
FNC,ACE,
FNC,FUE,
FSP,YGR,
FUE,FNC,
FUE,TLS,
GCM,MBJ,
GDN,VAR,
GLA,TRN,
GWL,AMD,
GYD,AMM,
GZP,CGN,
HAJ,BEY,
HAM,KLU,
HAV,MXP,
HDM,JED,
HEA,IKA,
HET,DYG,
HRB,KWL,
HRG,OPO,
HRG,OVB,
HRG,VOG,
HUN,ICN,
ICN,HUN,
IKA,HEA,
INN,RIX,
IOM,LTN,
IVL,AMS,
JED,KJT,
JFK,ADD,
JHS,JSU,
JUJ,MDZ,
KCY,KYZ,
KCY,TGP,
KDO,MUM,
KGS,PAD,
KJA,SES,
KLU,HAM,
KRC,BUU,
KUF,UTP,
KWL,HRB,
LAD,MSZ,
LBA,BER,
LBC,AYT,
LCA,BRU,
LDE,LIS,
LEI,BUD,
LGB,MCO,
LHE,CDG,
LIN,RLG,
LIS,LDE,
LIS,PTP,
LPA,TLS,
LTN,IOM,
LXR,ATH,
MAA,JED,
MAD,SNU,
MAD,SSG,
MBJ,GCM,
MCO,FAR,
MCO,LGB,
MCT,EVN,
MDC,HIR,
MED,MAA,
MED,MHD,
MED,MZR,
MIA,VPS,
MSZ,LAD,
MTY,SLC,
MZT,YXE,
NBE,LEJ,
NBS,WUH,
NMI,DEL,
NQZ,BJV,
NTG,PNH,
NVT,VIX,
NYT,MYT,
OPO,HRG,
ORD,SAF,
OST,AOE,
OVB,HRG,
PER,LNO,
PFB,CGH,
PGK,SRG,
PHX,ATW,
PHX,SUN,
PMI,CDT,
PNH,NTG,
POP,YQR,
POP,YWG,
PQC,CCU,
PRG,RAK,
PSP,EWR,
PTP,CCS,
PTP,PUJ,
PUJ,PTP,
PVD,BDA,
RAK,PRG,
RGN,NYU,
RHO,PAD,
RIX,INN,
RNA,NNB,
SAF,ORD,
SAT,TRC,
SCR,AMS,
SLC,MTY,
SNU,MAD,
SOF,AQJ,
SRG,DJB,
SRG,PGK,
SSG,MAD,
SSH,VOG,
STR,AMM,
STR,TBS,
SUB,SUP,
SUP,SUB,
SVX,UTP,
TAS,BUD,
TLS,FUE,
TLS,LPA,
TLV,AGP,
TLV,BRI,
TLV,FKB,
TPA,YYT,
TQO,DTW,
TRC,SAT,
TRN,EDI,
TRN,GLA,
UBN,CAN,
UET,ZAH,
UFA,UTP,
VAR,GDN,
VEY,RKV,
VIE,EVE,
VIX,NVT,
VOG,HRG,
VRA,YQR,
VRA,YQT,
WUH,NBS,
YBP,BAR,
YGR,FSP,
YHM,CCC,
YHM,FLL,
YHM,VRA,
YMM,YVR,
YSQ,CTU,
YVR,YMM,
YWJ,YVQ,
YYT,TPA,
ZAH,UET,
ZHA,CZX,
ZUH,CSX,
AAL,KEF,
ABJ,BJL,
ADD,HUE,
ADU,JED,
AER,BTK,
AGH,SCR,
AGS,PHL,
AJR,CGN,
AMS,SCR,
AOK,BGY,
ARN,KLX,
ASR,BER,
ATZ,HMB,
AUH,PNQ,
AVL,VPS,
AYT,CRA,
BAX,UTP,
BDJ,PDG,
BER,ASR,
BER,DIY,
BES,KIR,
BHD,IOM,
BHK,OVB,
BLJ,CDG,
BLV,SAV,
BNA,GUF,
BNE,CEB,
BOS,HHH,
BQS,HKT,
BRI,PVK,
BTS,PUJ,
BZV,KGL,
CAE,MIA,
CAI,HMB,
CAN,DRW,
CAN,MAD,
CAN,UBN,
CCC,YQM,
CCS,SFD,
CCU,IXJ,
CDG,BLJ,
CEB,BNE,
CEB,HAN,
CFR,KIR,
CGN,AJR,
CHA,MIA,
CKB,VPS,
CLY,GVA,
CMB,IKA,
CMF,EMA,
CMF,EXT,
CMN,TLV,
CNF,STM,
COR,SSA,
COS,CUN,
CPH,IBZ,
CTS,TKS,
CUN,COS,
CUN,HMO,
CUR,LIM,
CXR,BQS,
CXR,LHW,
CZL,TLS,
DAM,VKO,
DEN,ILM,
DFW,YQB,
DIY,BER,
DWC,TSR,
DYR,PKC,
EAS,VLC,
EMA,CMF,
EXT,CMF,
EYW,HVN,
EZE,EQS,
EZV,NYA,
FCA,LGA,
FEG,MED,
FIH,LAD,
FLL,FWA,
FLL,HSV,
FLL,OMA,
FLN,LIM,
FLR,OSL,
FMM,TLV,
FUE,MRS,
FWA,FLL,
GDN,JTR,
GHC,NAS,
GOT,HKT,
GOX,NMI,
GTF,ORD,
GUF,BNA,
GVA,CLY,
GVA,TLL,
GVN,VVO,
GYN,JPA,
HAN,CEB,
HBA,NTL,
HCQ,LGE,
HGA,MED,
HHH,BOS,
HKT,BQS,
HKT,NGB,
HMB,ATZ,
HMB,CAI,
HME,IAM,
HME,INZ,
HMO,CUN,
HRG,LIS,
HSV,FLL,
HUE,ADD,
HUZ,TYN,
HVN,EYW,
IAH,PWM,
IAM,HME,
IBZ,CPH,
IBZ,LEN,
IGR,TUC,
IGT,KZN,
IKA,CMB,
IKA,LHE,
ILM,DEN,
ILM,PBI,
IND,MYR,
INN,NCL,
INZ,HME,
INZ,OGX,
IOM,BHD,
IST,BTS,
IXJ,CCU,
JED,LAQ,
JED,PLM,
JEG,QJI,
JPA,GYN,
JTC,REC,
JTR,GDN,
KDO,GAN,
KEF,AAL,
KEF,AYT,
KER,MED,
KGL,BZV,
KIR,BES,
KIR,CFR,
KLX,ARN,
KRK,OTP,
KTM,TAO,
KTT,BRU,
KTT,VIE,
KUH,NGO,
KZN,IGT,
LAD,FIH,
LAD,NOV,
LAD,VPE,
LAO,CEB,
LAQ,JED,
LAS,TIJ,
LEJ,NBE,
LEN,IBZ,
LGA,FCA,
LGA,YYC,
LGB,MCI,
LGE,HCQ,
LGG,AGP,
LHW,CXR,
LIM,CUR,
LIM,FLN,
LJU,MAD,
LPA,KSF,
MAD,CAN,
MAD,LJU,
MAD,ZNZ,
MBJ,YQM,
MCI,LGB,
MCO,SXM,
MCX,NNM,
MDE,STI,
MED,BLJ,
MED,CMN,
MED,FEG,
MED,HDM,
MED,SJJ,
MFM,TYN,
MIA,CAE,
MIA,CHA,
MRS,FUE,
MRS,SID,
MYR,IND,
NAS,GHC,
NBN,SSG,
NBS,WNZ,
NCL,INN,
NGB,HKT,
NGO,KUH,
NLI,VVO,
NNM,MCX,
NOV,LAD,
NTL,HBA,
NYA,EZV,
OGX,INZ,
OLZ,KJA,
OMA,FLL,
OMH,JED,
OMH,MED,
OMS,YKS,
ORD,GTF,
OSL,FLR,
OSL,STR,
OTP,KRK,
OVB,BHK,
PAD,KGS,
PAD,RHO,
PBI,ILM,
PDG,BDJ,
PDG,MED,
PDP,VCP,
PHL,AGS,
PHL,VPS,
PHX,TPE,
PKC,DYR,
PMI,RJL,
PNH,SWA,
PNQ,AUH,
POP,YQM,
POZ,TLV,
PQC,KJA,
PRG,KBV,
PUJ,BTS,
PVK,BRI,
PWM,IAH,
REC,JTC,
RJL,PMI,
RLG,LIN,
SAV,BLV,
SBT,UFA,
SCR,AGH,
SDQ,STI,
SDR,VGO,
SDR,XRY,
SFD,CCS,
SHA,YBP,
SID,GOT,
SID,HEL,
SRQ,TOL,
SSG,NBN,
STI,MDE,
STI,SDQ,
STM,CNF,
STR,OSL,
SUN,PHX,
SWA,PNH,
SXM,FDF,
SXM,MCO,
SZG,TLL,
TAE,BKI,
TAE,VTE,
TAO,KTM,
TIJ,LAS,
TKS,CTS,
TLK,OMS,
TLL,GVA,
TLL,SZG,
TLS,CZL,
TLV,FMM,
TLV,POZ,
TOL,SRQ,
TPE,PHX,
TSN,KHV,
TSR,DWC,
TUC,IGR,
TYN,HUZ,
TYN,MFM,
UFA,SBT,
UTP,KUF,
UTP,SVX,
UTP,UFA,
UTP,VVO,
VCP,PDP,
VGO,SDR,
VIE,KTT,
VKO,DAM,
VKO,PQC,
VLC,EAS,
VOG,SSH,
VPE,LAD,
VPS,AVL,
VPS,CKB,
VPS,MIA,
VPS,PHL,
VRA,KTW,
VVO,GVN,
VVO,NLI,
WNZ,NBS,
WVB,HLE,
XRY,SDR,
YBP,SHA,
YKS,OMS,
YNJ,LZH,
YOW,YZF,
YQB,DFW,
YQM,CCC,
YQM,MBJ,
YQM,POP,
YQR,POP,
YQR,VRA,
YQT,VRA,
YWG,POP,
YXE,MZT,
YYC,LGA,
YZF,YOW,
ZIA,SVX,
ZNZ,MAD,
AAL,SCR,
ABT,MED,
AER,OGZ,
AGP,LEN,
AGS,ORD,
AJA,BVE,
ALA,IKG,
AMM,BUS,
ANU,AUA,
ASR,GVA,
ATH,PSA,
ATL,GND,
ATL,SVD,
ATW,RSW,
AUA,ANU,
AUH,KZN,
AZD,JED,
BAX,KCY,
BER,VRN,
BGO,DUS,
BLJ,JED,
BNE,GTS,
BOJ,SEN,
BPN,SOC,
BTK,AER,
BVE,AJA,
BVE,KIR,
BVE,NCE,
BVJ,UFA,
CAG,CPH,
CAI,EVN,
CCC,YFC,
CDG,FSP,
CGO,CXR,
CGQ,PUS,
CMF,CWL,
CNS,GTE,
COK,NMI,
CPH,CAG,
CTG,MCO,
CTG,WAW,
CUN,YFC,
CWL,CMF,
CXR,CGO,
CXR,LED,
DLU,SIN,
DRW,CAN,
DSM,RSW,
DUS,BGO,
EBL,SSH,
EDI,RVN,
EGE,MSP,
EMA,TRN,
EVN,CAI,
EYK,EZV,
EZV,EYK,
FDF,PUJ,
FDF,SXM,
FEG,SSH,
FNC,MRS,
FOR,JCS,
FRA,NBJ,
FSP,CDG,
FUO,LZO,
GDN,VRN,
GIG,YYZ,
GNB,VNO,
GNB,WAW,
GND,ATL,
GRQ,HER,
GRQ,PMI,
GSV,KZN,
GTE,CNS,
GTS,BNE,
GVA,ASR,
GYD,HER,
HAK,MNL,
HAK,PUS,
HEL,KLX,
HER,GYD,
HET,NTG,
HKT,GOT,
HKT,WUH,
HOI,GMR,
HRG,JCL,
HRI,TAS,
IBZ,ILD,
IKG,ALA,
IKT,KYZ,
ILD,IBZ,
ILD,MAH,
ISB,PXH,
JAX,MCI,
JCL,HRG,
JCS,FOR,
JED,GGR,
JED,TOB,
JPA,SJP,
KBV,PRG,
KCY,TOF,
KEF,SZG,
KEF,VLC,
KHV,UTP,
KIR,BVE,
KJT,MED,
KLX,HEL,
KOA,SLC,
KSF,LPA,
KTT,RIX,
KTW,VRA,
KWE,PEN,
KZN,AUH,
LAS,PVU,
LAS,YYJ,
LED,CXR,
LEN,AGP,
LIS,HRG,
LVO,PER,
LYS,MED,
LYS,SID,
LZH,YNJ,
LZO,FUO,
MAH,ILD,
MCI,JAX,
MCO,CTG,
MCT,WAW,
MED,ABT,
MED,BTH,
MNL,HAK,
MOQ,TLE,
MQP,BBK,
MRS,FNC,
MRS,MED,
MRV,NSK,
MSP,EGE,
MSY,PGD,
MVD,EZE,
NAS,TBI,
NBJ,FRA,
NCE,BVE,
NCL,TRN,
NCL,VIE,
NJF,MCT,
NMI,COK,
NMI,GOX,
NOZ,UTP,
NTG,HET,
NTG,WNZ,
OGZ,AER,
OJU,PLW,
OMS,TLK,
ORD,AGS,
OSL,PMO,
OTP,SXB,
PEN,KWE,
PGD,MSY,
PLW,OJU,
PMI,GRQ,
PMO,OSL,
PMW,REC,
POP,YXE,
PQC,PVG,
PQT,QUP,
PRG,SHJ,
PSA,ATH,
PTY,SJD,
PUJ,BCN,
PUJ,CLO,
PUJ,FDF,
PUJ,YFC,
PUS,CGQ,
PUS,HAK,
PVG,PQC,
PVU,LAS,
PXH,ISB,
REC,PMW,
RIX,KTT,
RIX,SZG,
RMO,WMI,
RSW,ATW,
RSW,DSM,
RVN,EDI,
RVN,STR,
SCR,AAL,
SDD,BUG,
SEN,BOJ,
SFA,JED,
SFL,SID,
SHJ,WMI,
SIN,DLU,
SJD,PTY,
SJP,JPA,
SLC,KOA,
SNU,YFC,
SOC,BPN,
SSA,COR,
SSH,EBL,
SSH,FEG,
STR,RVN,
STT,BOS,
SVD,ATL,
SVQ,VRN,
SXB,OTP,
SZG,RIX,
TAS,HRI,
TBI,NAS,
TJM,OMS,
TKU,VNO,
TOB,JED,
TRN,EMA,
TRN,NCL,
TRN,WAW,
UFA,BVJ,
UFA,KUF,
UTP,BAX,
UTP,KHV,
UTP,NOZ,
VIE,NCL,
VLC,KEF,
VNO,GNB,
VNO,TKU,
VRN,BER,
VRN,GDN,
VRN,LPA,
VRN,SVQ,
VTE,TAE,
VVO,UTP,
WAW,GNB,
WAW,MCT,
WAW,TRN,
WMI,RMO,
WMI,SHJ,
WNZ,NTG,
WUH,HKT,
XBJ,JED,
YFC,CCC,
YFC,CUN,
YFC,PUJ,
YFC,SNU,
YIH,KHN,
YXE,POP,
YYJ,LAS,
YYZ,GIG,
AAL,SZG,
AAT,DHH,
ACK,CLT,
AER,GYD,
AGA,MPL,
AKX,DMB,
AOK,FCO,
ARN,SVQ,
ASR,NUE,
ATR,CDG,
AXR,MVT,
AYT,KEF,
AZN,MED,
BAR,KUL,
BCN,PUJ,
BCN,TOS,
BCN,VVI,
BHX,KAO,
BHX,KTT,
BNA,HDN,
BOJ,SZG,
BQN,SDQ,
BUZ,JED,
CAU,QGP,
CDG,ATR,
CDG,PRN,
CGN,GZP,
CGQ,CJU,
CIT,SSH,
CJU,CGQ,
CLO,PUJ,
CLT,ACK,
CLT,MVY,
CMN,ALG,
CMN,LGG,
CNX,SZX,
COR,EQS,
COV,NUE,
CRZ,KRW,
CUL,LTO,
DHH,AAT,
DMB,AKX,
DMB,URA,
DSN,KUL,
DWC,FCO,
DZH,YBP,
EQS,COR,
FEG,SVO,
FOR,JSB,
FOR,QIG,
FUE,ACE,
GLA,BGI,
GOT,BZO,
GPT,MSP,
GUC,ORD,
GWT,VIE,
GYD,AER,
HAJ,NUE,
HAQ,BLR,
HDM,MED,
HDN,BNA,
HEL,SZG,
HER,GRQ,
HET,ICN,
HRG,VAR,
HRI,AER,
HTA,UUS,
HYA,ORD,
HYD,GWL,
IBE,TLU,
ICN,HET,
IFN,ZAH,
IFU,NMF,
JCL,MIR,
JED,FEZ,
JED,RAK,
JED,SFA,
JED,SRY,
JIC,NGB,
JJN,KTI,
JPO,CJZ,
JSB,FOR,
KAO,BHX,
KCY,NZG,
KEF,INN,
KER,SYZ,
KGE,VAO,
KHN,YIH,
KIX,MWX,
KOS,MFM,
KQT,KZN,
KRW,CRZ,
KRW,MYP,
KTI,JJN,
KTT,BHX,
KTT,ZRH,
KUL,BAR,
KUL,DSN,
KYZ,UBN,
KZN,KQT,
LBA,SZG,
LEN,MAH,
LGG,CMN,
LGG,NDR,
LHW,NAO,
LIJ,XIY,
LIR,YOW,
LTO,LMM,
LXS,VIE,
MAH,BRU,
MAH,LEN,
MCI,PVR,
MCX,PES,
MCZ,PPB,
MDT,MIA,
MED,AZN,
MED,LYS,
MED,SRY,
MFM,KOS,
MIA,MDT,
MIR,JCL,
MJI,NIM,
MLA,HEL,
MLE,RSI,
MPL,AGA,
MSP,GPT,
MVY,CLT,
MVY,ORD,
MWX,KIX,
MWX,NRT,
MXP,PTP,
MXP,RSI,
MYP,KRW,
NAA,WOL,
NAO,LHW,
NBC,SGC,
NDR,LGG,
NGB,JIC,
NIM,MJI,
NRT,MWX,
NUE,ASR,
NUE,COV,
NYW,KHM,
OLZ,KCY,
ORD,GUC,
ORD,HYA,
ORD,MVY,
PES,MCX,
PLM,MED,
PMV,WAW,
PPB,MCZ,
PQC,VKO,
PRG,ASR,
PRN,CDG,
PTP,MXP,
PVR,MCI,
PVR,STL,
QIG,FOR,
RAK,MED,
RKV,VEY,
RSI,MXP,
RUN,HAH,
RYL,JEK,
RZR,THR,
SCQ,ZRH,
SDQ,BQN,
SGC,NBC,
SLL,MXP,
SSH,CIT,
STL,PVR,
SVO,FEG,
SVQ,ARN,
SVX,ZIA,
SYZ,AWZ,
SZG,AAL,
SZG,BOJ,
SZG,HEL,
SZG,KEF,
SZG,LBA,
SZH,XNN,
SZX,CNX,
TCX,THR,
TEC,UMU,
THR,RZR,
THR,TCX,
TLS,JED,
TLU,IBE,
TOS,BCN,
TOY,ICN,
TPE,MWX,
TWC,WNZ,
UBN,KYZ,
URA,DMB,
UUS,HTA,
VIE,GWT,
VIE,LXS,
VKO,CCS,
VKO,NER,
VVI,BCN,
VVO,DYR,
VXE,BVC,
WAW,CTG,
WDS,HKG,
WNZ,TWC,
XIY,LIJ,
XNN,SZH,
YBP,DZH,
YHZ,YQR,
YHZ,YXE,
YOW,LIR,
YQR,YHZ,
YWJ,YGH,
YXE,YHZ,
YYC,PTY,
YYQ,YTH,
ZAH,IFN,
ZRH,KTT,
ZRH,SCQ,
AAT,SZX,
ADB,RVN,
ADL,MOO,
AER,HRI,
AGA,BES,
AGS,DTW,
AJA,PUF,
AKS,PRS,
AKV,YPH,
ALA,KUF,
ALG,CMN,
AMM,NJF,
AMS,IVL,
ANC,SMF,
ANR,OUD,
ARN,BRI,
ARN,SSH,
ASR,CPH,
ASR,PRG,
AYT,BOJ,
BBK,MQP,
BBK,WDH,
BEJ,YIA,
BES,AGA,
BES,ETZ,
BEY,ABJ,
BEY,NUE,
BEY,SJJ,
BFS,RVN,
BGI,NCL,
BGW,BOM,
BGY,SCV,
BJV,VAR,
BJZ,VLC,
BLA,PZO,
BLL,BZO,
BLL,LCY,
BLR,HAQ,
BOD,BVC,
BOD,CTA,
BOD,VIE,
BOD,VIL,
BOJ,AYT,
BOJ,LEJ,
BOJ,MST,
BOJ,TAT,
BPS,LDB,
BQS,UTP,
BRI,ARN,
BRS,KTT,
BVB,VCP,
BVC,OPO,
BWI,SJD,
BXY,ZIA,
BZO,BLL,
BZO,GOT,
CDG,KRN,
CDG,LAS,
CDG,PUJ,
CEK,LBD,
CGN,SKP,
CHQ,NTE,
CIF,HUO,
CIT,HKT,
CIT,PQC,
CJF,PER,
CNS,ICN,
COO,BKO,
CPH,ASR,
CPH,KLX,
CPH,LBA,
CTA,BOD,
CUN,MEM,
CZR,HTA,
DAM,COV,
DBB,EVN,
DEB,BCN,
DIY,SKP,
DJG,GHA,
DMB,KSN,
DMB,OVB,
DNH,KUL,
DOL,RAK,
DTW,AGS,
DUS,FDF,
DUS,HAJ,
DYR,VVO,
EBB,ABV,
EBB,LLW,
EDI,SZG,
EMA,VIE,
ESB,NUE,
ETZ,BES,
ETZ,TLS,
EVE,MXP,
EVN,DBB,
FCA,IAH,
FCO,DWC,
FDF,DUS,
FEN,NAT,
FLG,LAX,
FNC,CCS,
FNC,TLL,
FOR,JSO,
FRC,BAT,
FUE,TFS,
GCH,THR,
GHA,DJG,
GHA,INZ,
GLA,KTT,
GLA,SZG,
GMR,HOI,
GWL,HYD,
GYD,KZN,
HAJ,SSH,
HBE,TIF,
HEL,MLA,
HKT,TOF,
HRG,ALA,
HRI,MSQ,
HRI,TJM,
HTA,CZR,
HUO,CIF,
IAH,FCA,
ICN,CNS,
ICN,OSL,
ICN,TOY,
IDR,REW,
IFN,TBZ,
IGU,MCZ,
IKA,ISB,
IMQ,THR,
INC,WMT,
INN,KEF,
INZ,CZL,
IOM,TFS,
IQQ,LPB,
ISB,IKA,
ISU,MED,
IXC,IXD,
IXD,IXC,
JED,GZT,
JED,NQZ,
JED,OMH,
JED,TLS,
JED,ZAH,
JGO,QJI,
JSK,THR,
JSO,FOR,
KHM,NYW,
KHV,YNT,
KHY,THR,
KLX,CPH,
KMG,PEN,
KRN,CDG,
KSH,JED,
KSN,DMB,
KTT,BRS,
KTT,GLA,
KUF,ALA,
KUL,DNH,
KWL,VTE,
KZN,GYD,
LAX,FLG,
LBA,CPH,
LBD,CEK,
LCA,NTE,
LCY,BLL,
LDB,BPS,
LEJ,BOJ,
LEN,OPO,
LJU,LPA,
LLW,EBB,
LUX,RVN,
LYS,RAI,
MAN,SXB,
MAN,TLL,
MCT,NJF,
MCT,PKX,
MCT,PRG,
MCZ,IGU,
MCZ,UBA,
MED,MRS,
MED,UGC,
MEM,CUN,
MIR,CRA,
MOL,LPA,
MOO,ADL,
MRS,VIL,
MSO,SAN,
MSQ,HRI,
MST,BOJ,
MWX,TPE,
MXP,EVE,
MXP,HAV,
MXP,SMI,
NAT,FEN,
NCL,BGI,
NER,VKO,
NJC,NUX,
NJF,AMM,
NMF,IFU,
NQZ,JED,
NSI,BSG,
NTE,BVC,
NTE,CHQ,
NTE,LCA,
NUE,BEY,
NUE,ESB,
NUX,NJC,
OPO,BVC,
OPO,LEN,
OSL,ICN,
OUD,ANR,
OVB,DMB,
PBZ,JNB,
PEN,KMG,
PER,CJF,
PKX,MCT,
PPB,REC,
PRG,MCT,
PSR,BRI,
PTY,VLN,
PTY,YYC,
PUF,AJA,
QJI,JEG,
QPW,QRY,
REC,NVT,
REC,PPB,
REW,IDR,
RGN,SZX,
RKT,SVX,
RKT,TAS,
RNA,PRS,
RSI,MLE,
RSW,SLC,
RTB,YQB,
RTM,BOJ,
RVN,ADB,
RVN,BFS,
RVN,LUX,
RVN,WAW,
SAN,MSO,
SCV,BGY,
SET,JAW,
SID,BOD,
SID,LYS,
SID,NTE,
SID,OSL,
SJD,BWI,
SJJ,BEY,
SKP,CGN,
SKP,DIY,
SLC,RSW,
SMF,ANC,
SMI,MJT,
SMI,MXP,
SOC,KUL,
SSH,ARN,
SSH,HAJ,
SVQ,WRO,
SVX,RKT,
SXB,MAN,
SZG,EDI,
SZG,EMA,
SZG,GLA,
SZX,AAT,
SZX,RGN,
TAS,RKT,
TAT,BOJ,
TFS,IOM,
THR,GCH,
THR,JSK,
THR,KHY,
TIF,HBE,
TJM,HRI,
TLL,FNC,
TLL,MAN,
TLS,ETZ,
TLS,TLV,
TLV,CMN,
TLV,TLS,
TLV,WMI,
TRV,JED,
TUR,JPE,
UBA,MCZ,
UTP,BQS,
VAR,BRE,
VAR,DJE,
VCP,BVB,
VIE,BOD,
VIE,EMA,
VIG,VLN,
VIL,BOD,
VIL,MRS,
VKO,VKT,
VKT,VKO,
VLC,BJZ,
VLN,BLA,
VLN,PTY,
VLN,VIG,
VTE,KWL,
VVO,YNT,
WAW,PMV,
WAW,RVN,
WDH,BBK,
WMI,TLV,
WMT,INC,
WRO,SVQ,
YIA,BEJ,
YND,YUL,
YNT,KHV,
YNT,VVO,
YUL,YND,
YUY,YND,
ZNZ,VRN,
ZSA,GGT,
AAE,TMR,
ABJ,BEY,
ABQ,SAT,
ADL,SFO,
AGP,FNC,
AGS,MIA,
AGS,MSP,
AHB,MCT,
AHU,ANR,
ALA,HRG,
ALA,KOS,
ALA,UTP,
ALG,ABV,
ALG,NDJ,
ANR,AHU,
ASU,EZE,
AUS,PNS,
AWZ,TBZ,
BCN,DEB,
BES,PUF,
BEY,MCT,
BFM,MCO,
BFS,FDH,
BGI,GLA,
BGO,DBV,
BHY,WNZ,
BIA,BIQ,
BIA,CDG,
BIA,MPL,
BIA,OUD,
BIQ,BIA,
BIQ,FSC,
BJX,HMO,
BJX,MZT,
BJZ,TFN,
BKK,SJW,
BKS,TKG,
BLA,VLN,
BOI,DAL,
BOJ,JCL,
BQN,MIA,
BRE,VAR,
BRU,SZG,
BSL,BTS,
BSR,DAM,
BTS,BSL,
BTS,INI,
BUD,TLL,
BZV,LAD,
CDG,BIA,
CDG,RAI,
CDG,TBZ,
CGH,GEL,
CGN,DIY,
CGN,NCL,
CGN,TZL,
CGR,REC,
CHS,MCI,
CJU,DYG,
CKG,HLD,
CMB,LED,
CMB,OVB,
CMB,TLV,
CNX,LHW,
COV,DAM,
CPH,BVC,
CPH,FUE,
CRA,MIR,
CUC,EOH,
CXR,OMS,
CZX,DMK,
DAB,DCA,
DAL,BOI,
DAL,PVD,
DAM,BSR,
DBV,BGO,
DCA,DAB,
DFW,PXM,
DIE,NOS,
DIY,CGN,
DMB,KOS,
DMK,CZX,
DMK,LYI,
DMK,SYX,
DUB,TOS,
DUS,KAO,
DUS,TFN,
DWC,UFA,
DYG,CJU,
DYG,PEN,
EFL,ORY,
EFL,OSL,
EMA,KTT,
EMA,SZG,
EOH,CUC,
ESU,NTE,
EVN,VOZ,
EZE,ASU,
FCO,DJE,
FCO,PTP,
FDH,BFS,
FEZ,MED,
FNC,AGP,
FNC,VLC,
FRA,TFN,
FSC,BIQ,
FUE,CPH,
FUE,GVA,
GCI,GNB,
GEL,CGH,
GNB,GCI,
GOB,EGL,
GOI,KZN,
GOI,PEE,
GOI,SVX,
GOT,SID,
GOX,STV,
GVA,FUE,
GYS,NGB,
HAN,LHW,
HBE,HRG,
HDF,ZRH,
HKG,WDS,
HKT,HTA,
HKT,LHW,
HLD,CKG,
HMO,BJX,
HNA,PVG,
HRB,IKT,
HRG,TLS,
HTA,HKT,
IBZ,OSL,
IJK,NJC,
IKA,CDG,
IKT,HRB,
IKT,PQC,
INF,ALG,
INI,BTS,
IXD,PNQ,
JCL,BOJ,
JED,BUZ,
JED,GBT,
JED,SCO,
JPA,AEP,
JQA,JUV,
JSU,SFJ,
KAJ,KAO,
KAO,DUS,
KAO,RTM,
KBV,HEL,
KGS,CDG,
KOS,ALA,
KOS,DMB,
KOS,NQZ,
KTT,EMA,
KTT,OTP,
KUF,SBT,
KUT,VCE,
KZN,REN,
KZN,RKT,
KZN,SAW,
LAD,BZV,
LAS,CDG,
LAS,NRT,
LED,CMB,
LHR,SCR,
LHW,CNX,
LHW,HAN,
LHW,HKT,
LIN,LPA,
LIS,MAO,
LPA,LIN,
LPA,LJU,
LPA,MOL,
LUQ,EZE,
LVP,THR,
LXR,HRG,
LXR,LUX,
LYI,DMK,
MCI,CHS,
MCI,MYR,
MCO,BFM,
MCO,YHM,
MCT,AHB,
MCT,BEY,
MCT,TUK,
MED,KER,
MED,OMH,
MFM,TNA,
MIA,AGS,
MIA,BQN,
MIR,BRE,
MIR,FCO,
MIR,ORN,
MLA,RMI,
MNL,MED,
MPL,BIA,
MRS,RAI,
MSP,AGS,
MST,TZL,
MUC,RMI,
MYR,MCI,
MZT,BJX,
NCL,CGN,
NGB,GYS,
NJC,IJK,
NOJ,HMA,
NOS,MJN,
NQZ,KOS,
NQZ,UTP,
NRT,LAS,
NTE,ESU,
NTE,OUD,
NVT,REC,
OMS,CXR,
ORY,EFL,
ORY,PVK,
ORY,SXM,
OSL,EFL,
OSL,IBZ,
OSL,VLC,
OTP,KTT,
OUD,BIA,
OUD,DUS,
OUD,NTE,
OVB,CMB,
PEN,DYG,
PGU,SRY,
PMI,RDZ,
PNQ,IXD,
PNS,AUS,
PQC,IKT,
PQC,SHJ,
PTP,FCO,
PUF,BES,
PUJ,CDG,
PVD,DAL,
PVG,HNA,
PVK,ORY,
PXM,DFW,
PZO,BLA,
QRY,QFI,
RAK,DOL,
RDZ,PMI,
REC,CGR,
RKT,KZN,
RMI,MLA,
RMI,MUC,
RNM,MCT,
RTM,KTT,
RVN,SEN,
SAT,ABQ,
SAW,KZN,
SBT,KUF,
SCR,LHR,
SDQ,VLN,
SEN,RVN,
SFO,ADL,
SID,MRS,
SID,TLS,
SIN,PBH,
SJW,BKK,
SKP,SZG,
SPN,PUS,
SRY,PGU,
STR,GZP,
STV,GOX,
SVX,GOI,
SYX,DMK,
SYZ,ZBR,
SZG,BRU,
SZG,SKP,
TAM,VSA,
TBZ,AWZ,
TCG,TWC,
TFN,BJZ,
TFN,DUS,
TFN,FRA,
TFS,FUE,
THR,LVP,
TJN,RRR,
TKG,BKS,
TLL,BUD,
TLL,VCE,
TLS,BVC,
TLS,HRG,
TLV,CMB,
TMR,AAE,
TMS,LFW,
TNA,MFM,
TOF,UTP,
TOS,DUB,
TUK,MCT,
TWC,TCG,
TZL,CGN,
TZL,MST,
UFA,CXR,
UFA,DWC,
UKX,KJA,
UTP,ALA,
UTP,NQZ,
UTP,TOF,
VAR,BJV,
VCE,KUT,
VCE,TLL,
VLC,FNC,
VLC,OSL,
VLN,SDQ,
VOZ,EVN,
VSA,TAM,
VTE,LHW,
VVZ,DJG,
WNZ,BHY,
YEG,YYG,
YHM,MCO,
YND,YUY,
YON,BUT,
YQB,RTB,
YQQ,YYZ,
YTH,YYQ,
YXY,YYZ,
YYG,YEG,
YYZ,YQQ,
YYZ,YXY,
ZIA,BXY,
ZRH,HDF,
AAE,CZL,
AAL,LPA,
AAL,RHO,
ABV,ALG,
ADB,FMO,
ADB,NAV,
ADB,OPO,
AFA,EZE,
ALP,DAM,
AMD,BGW,
AMD,MHD,
AMS,DSS,
AMS,GEO,
AMS,KAJ,
AOI,PMO,
AOK,GOT,
AOK,VCE,
ARN,CUN,
ARN,FUE,
ARN,LXS,
ATH,LPA,
ATW,MKE,
AYT,CRL,
AYT,KZO,
AZA,TOL,
AZN,IKT,
AZR,JED,
BCN,OSR,
BGI,AMS,
BGI,SJU,
BGW,AMD,
BGW,TIF,
BHK,KZN,
BHK,MRV,
BHK,VVO,
BHX,GDN,
BHX,SCV,
BHX,TLL,
BIA,ABV,
BJV,OSL,
BLL,TFS,
BLQ,HAJ,
BMA,VBY,
BNA,USA,
BOH,LYS,
BOH,PRG,
BOH,VIE,
BOJ,RTM,
BOM,BGW,
BRC,MVD,
BRE,MIR,
BRI,EFL,
BRQ,BCN,
BRQ,HKT,
BSR,MCT,
BTS,OSL,
BYP,PER,
CAI,VLC,
CAP,SWF,
CBB,RIB,
CEB,LAO,
CEK,HMA,
CGK,TAS,
CGN,LBA,
CIY,TRN,
CJU,MWX,
CPH,JSH,
CPH,VAR,
CRL,AYT,
CTS,SYD,
CUN,ARN,
CUN,OKC,
CXR,UFA,
CXR,WUH,
CZM,MID,
DAL,PSP,
DAM,ALP,
DBB,NQZ,
DEL,IXY,
DJE,VAR,
DSN,JHG,
DUS,DWC,
DUS,KRN,
DUS,OUD,
DWC,DUS,
DXB,SCO,
EBL,EVN,
EDI,TLL,
EFL,BRI,
EMA,SSH,
EOH,VUP,
ERS,NDU,
EVN,EBL,
EZE,MDQ,
FAE,PMI,
FCO,VRN,
FKB,SCV,
FMO,ADB,
FPR,MHH,
FRW,JNB,
FSZ,HGH,
FUE,ARN,
GAN,FVM,
GDN,BHX,
GHV,IST,
GIG,VVI,
GLA,VIE,
GOA,MAD,
GOT,HER,
GOT,PRN,
GYD,KUF,
GZP,BER,
HAJ,BLQ,
HAK,LPQ,
HAV,LAD,
HER,GOT,
HER,PMO,
HER,SXB,
HET,WNZ,
HGH,FSZ,
HMA,CEK,
HRG,HBE,
HRL,ORD,
HYD,MLE,
HZK,RKV,
IAD,TVC,
IKT,AZN,
INV,PMI,
IST,GHV,
IXD,IDR,
IXY,DEL,
JED,RBA,
JEK,LUN,
JGS,TEN,
JHG,DSN,
JNB,FRW,
JPA,RAO,
JSH,CPH,
KAO,AMS,
KCY,KEJ,
KCY,NJC,
KCY,RGK,
KIK,EBL,
KJA,SSH,
KLF,SVX,
KRB,NTN,
KRB,ONG,
KRN,DUS,
KUF,GYD,
KZN,BHK,
KZN,GOI,
KZO,AYT,
LBA,CGN,
LCA,UME,
LDB,MCZ,
LFW,TMS,
LGG,LPA,
LHW,VTE,
LIM,TUC,
LOS,DSS,
LPA,AAL,
LPA,ATH,
LPA,WRO,
LPQ,HAK,
LXS,ARN,
LYS,BOH,
LYS,NCL,
MAD,CTG,
MAD,GOA,
MBJ,MCI,
MCI,MBJ,
MCT,BSR,
MCT,RNM,
MCZ,LDB,
MED,ADU,
MED,BSZ,
MED,DYU,
MED,SCO,
MHD,AMD,
MHH,FPR,
MID,CZM,
MIR,JED,
MKE,ATW,
MKP,RRR,
MKP,TJN,
MLE,HYD,
MLN,SCQ,
MPN,RGL,
MRV,BHK,
MUC,GLA,
MVD,BRC,
MWX,CJU,
MXZ,WMT,
NAS,YOW,
NAV,ADB,
NCE,KWI,
NCL,LYS,
NDU,ERS,
NGB,VTE,
NGS,PUS,
NJF,RAS,
NMI,AMD,
NOS,WAW,
NQZ,DBB,
NRK,PVK,
NTG,JHG,
NTN,KRB,
NUE,HAJ,
NZG,UUD,
OKC,CUN,
OMS,SSH,
ONG,KRB,
OPO,ADB,
ORD,HRL,
OSL,BJV,
OSL,BTS,
OSL,SID,
OSR,BCN,
PDG,RKI,
PEE,GOI,
PER,BYP,
PHH,TFU,
PHQ,TSV,
PMI,FAE,
PMI,INV,
PMI,VXO,
PMO,AOI,
PMO,HER,
PMO,PRG,
PMV,SVO,
PPT,TKX,
PRG,BOH,
PRG,PMO,
PRG,SKP,
PRG,SNU,
PRN,GOT,
PSP,DAL,
PUJ,YVR,
PUQ,RGL,
PUS,NGS,
PUS,SPN,
PVK,GOT,
PVK,NRK,
PVK,TRD,
QPW,JEG,
RAO,JPA,
RAS,NJF,
REN,KZN,
RGL,EZE,
RGL,MPN,
RGL,PUQ,
RHO,AAL,
RKI,PDG,
RKV,HZK,
RMI,SSH,
SCO,DXB,
SCO,JED,
SCO,MED,
SCQ,MLN,
SCV,BHX,
SCV,FKB,
SFG,FDF,
SGN,CPH,
SGN,PBH,
SJU,BGI,
SKP,PRG,
SNU,PRG,
SSH,EMA,
SSH,KJA,
SSH,RMI,
SVO,PMV,
SVX,KLF,
SVX,NBC,
SXB,HER,
SXM,ORY,
SYD,CTS,
TAG,TFU,
TAS,CGK,
TAS,MAD,
TEN,JGS,
TFS,BLL,
TFU,PHH,
TFU,TAG,
TIF,BGW,
TLL,BHX,
TLL,EDI,
TLV,STR,
TOE,DJE,
TOF,HKT,
TOL,AZA,
TQP,TSV,
TRN,CIY,
TSV,PHQ,
TUC,LIM,
TVC,IAD,
URC,MED,
USA,BNA,
UUD,NZG,
VAR,CPH,
VAR,HRG,
VBY,BMA,
VCE,AOK,
VEO,SES,
VIE,BOH,
VIE,GLA,
VTE,NGB,
VUP,EOH,
VVI,GIG,
VVO,BHK,
VXO,PMI,
WMT,MXZ,
WNZ,HET,
WNZ,JHG,
WRO,LPA,
WUH,CXR,
YOW,NAS,
YZY,CAN,
ZNZ,AMS,
ZTH,PVK,
AAR,SCR,
ADB,JED,
ALP,KWI,
AMD,NMI,
AMS,DWC,
AMS,OUD,
ANU,GND,
AOK,ARN,
AOK,MMX,
AQJ,SOF,
ARN,IBZ,
ARN,PUJ,
AZR,MED,
BAV,UBN,
BBI,KUL,
BCN,BRQ,
BDS,WMI,
BER,GZP,
BFS,VIE,
BGO,MXP,
BIA,AJA,
BIK,NBX,
BIO,KRK,
BIQ,CPH,
BJV,BRU,
BKO,COO,
BLQ,CIY,
BLQ,SCV,
BLR,NMI,
BMU,LBJ,
BMW,ORN,
BOS,BRU,
BPL,HTN,
BPS,VIX,
BRI,FLR,
BSR,KWI,
BTH,MWK,
BXY,DME,
BZO,DRS,
BZV,COO,
CCC,YYT,
CCS,IKA,
CCS,VKO,
CCU,SFO,
CEB,GUM,
CEE,PES,
CGN,STR,
CGQ,JHG,
CHY,MUA,
CIT,DAC,
CIY,BLQ,
CIY,FLR,
CJU,FUK,
CKG,RGN,
CNX,KWE,
COO,BZV,
CPH,BIQ,
CPH,GOA,
CPH,KBV,
CPH,PVK,
CPH,SGN,
CPH,SID,
CTG,KTW,
CUN,YYT,
CWB,MCZ,
DAB,USA,
DAC,HAN,
DBB,SOF,
DED,IXD,
DLA,GOU,
DLM,TUN,
DMB,KOV,
DME,BXY,
DOL,FAO,
DPS,TAS,
DRS,BZO,
DYU,IKT,
DYU,TJM,
EMN,KFA,
EWR,SBN,
EZE,AFA,
FAO,DOL,
FCO,GHV,
FDF,YQB,
FIH,LOS,
FKB,MLA,
FKB,PUF,
FLR,BRI,
FLR,CIY,
FUK,CJU,
FVM,GAN,
GAY,KTI,
GBE,MPM,
GDL,YYC,
GHV,FCO,
GHV,MUC,
GHV,STR,
GLA,MUC,
GMO,MIU,
GNJ,MRV,
GOA,CPH,
GOT,AOK,
GOT,PVK,
GOU,DLA,
GRQ,KGS,
GUM,CEB,
GYD,NAJ,
GZP,STR,
HAJ,STR,
HAN,DAC,
HAN,NGB,
HEA,MED,
HEL,KBV,
HEL,MIR,
HEL,SID,
HRG,OMR,
HTN,BPL,
HYD,NMI,
HZA,WUH,
IBZ,ARN,
IDR,IXD,
IKA,CCS,
IKT,DYU,
INN,LCY,
IOA,GOT,
ITM,IWJ,
IVL,MAN,
IWJ,ITM,
IXE,NMI,
JED,AZD,
JED,KZN,
JED,LHW,
JED,NKC,
JED,SOF,
JED,TLM,
JED,TRV,
JED,XBJ,
JED,XNN,
JOG,SUB,
KAJ,MAN,
KBV,CPH,
KBV,GOT,
KFA,NKC,
KGS,GRQ,
KOV,DMB,
KRK,BIO,
KTI,GAY,
KTW,LPA,
KTW,POP,
KUF,ZIA,
KUL,BBI,
KWE,CNX,
KWI,ALP,
KWI,BSR,
KZN,KWI,
LAD,HAV,
LAX,NLU,
LBD,NJC,
LBJ,BMU,
LCY,INN,
LGK,TFU,
LGW,SCR,
LHW,MED,
LKO,NMI,
LNK,MCO,
LOO,MED,
LPA,KTW,
LXR,BCN,
LXR,HBE,
LXR,SOF,
MAN,IVL,
MAN,KAJ,
MBJ,YYT,
MCO,LNK,
MCZ,CWB,
MDL,AKY,
MDL,NYU,
MED,ADB,
MED,AZR,
MED,KYA,
MEU,PTQ,
MIR,HEL,
MIU,GMO,
MLA,FKB,
MLA,TLV,
MRV,GNJ,
MUC,GHV,
MWK,BTH,
MXP,BGO,
MXP,GUW,
MXP,SVG,
NAG,NMI,
NAJ,GYD,
NBC,SVX,
NBJ,OPO,
NBX,BIK,
NCL,RVN,
NGB,HAN,
NJC,LBD,
NJF,TBZ,
NLU,LAX,
NMA,SKD,
NMA,TMJ,
NMI,BLR,
NMI,HYD,
NMI,IXE,
NMI,LKO,
NMI,NAG,
NNG,WMT,
NYU,MDL,
NYU,NYT,
OMR,HRG,
OMS,UUD,
OPO,NBJ,
ORN,BMW,
OUD,AMS,
PER,PVG,
PES,CEE,
PKU,RGT,
PKU,TRV,
PPK,TDK,
PQC,SAI,
PRG,MLE,
PTQ,BVS,
PUF,FKB,
PUJ,ARN,
PUJ,YDF,
PUJ,YYT,
PVG,PER,
PVK,CPH,
QJE,JEG,
RGN,CKG,
RGT,PKU,
RMF,BRI,
RMU,BRQ,
RVN,NCL,
SAI,PQC,
SAI,SZX,
SBN,EWR,
SCL,YUL,
SCR,AAR,
SCV,BLQ,
SCV,TSF,
SES,TGP,
SEZ,RUN,
SIN,TWU,
SKD,NMA,
SKD,TMJ,
SLM,VLC,
SOF,DBB,
SON,HIR,
SSH,OMS,
STR,GHV,
SUB,JOG,
SVG,MXP,
SWF,CAP,
SZX,SAI,
TAO,WMT,
TAS,DPS,
TBZ,NJF,
TDK,PPK,
TFU,LGK,
TJM,DYU,
TLV,MLA,
TLV,TSF,
TLV,WRO,
TMJ,NMA,
TRD,PVK,
TSF,SCV,
TSF,TLV,
TUN,DLM,
TUN,TNG,
TWU,SIN,
UBN,BAV,
UGC,MED,
ULK,UKX,
UMD,SAE,
UME,LCA,
USA,DAB,
UUD,OMS,
VIE,BFS,
VIX,BPS,
VKO,DAC,
VLC,SLM,
VRA,YQX,
VRA,YYT,
WMI,BDS,
WMT,NNG,
WMT,TAO,
WRO,TLV,
WUH,HZA,
XBJ,MED,
YDF,VRA,
YKS,TSN,
YNY,YNJ,
YQB,FDF,
YQX,PUJ,
YUL,SCL,
YVO,YGW,
YVR,PUJ,
YYC,GDL,
YYT,CCC,
YYT,CUN,
YYT,MBJ,
YYT,PUJ,
YYT,VRA,
ZER,HGI,
ABQ,CLT,
ABQ,PHL,
ACC,COO,
ACC,NSI,
ADE,AXK,
AEP,MCZ,
AER,ZIA,
AGA,EBB,
AGA,RIX,
AGS,AUS,
AJA,OPO,
ALA,PUS,
AOK,HEL,
ARN,AOK,
ASE,CLT,
ASW,LXR,
ATH,GOT,
AUS,AGS,
AXK,ADE,
AXM,PTY,
AYT,GRQ,
AYT,TUN,
BBL,MOO,
BCN,SPX,
BER,IAS,
BGI,CWL,
BGW,OSM,
BIM,NAS,
BIO,VRN,
BLL,GZP,
BLR,DIB,
BNE,CNJ,
BNE,TQP,
BOJ,KLV,
BRQ,RMU,
BSX,AKY,
BTK,TJM,
BTK,TLK,
BTS,CCE,
BVC,MMO,
BWN,LGW,
BWN,MED,
BWN,ROK,
CCE,BTS,
CDG,MED,
CDG,MLE,
CGK,HGH,
CGK,XCH,
CGO,NZH,
CJU,MNL,
CLT,ABQ,
CLT,ASE,
CNF,ASU,
CNF,LEC,
CNJ,BNE,
COK,GOX,
COO,ACC,
CPH,DLM,
CPH,KTW,
CSX,SZX,
CWL,BGI,
DAC,LHR,
DAD,KTI,
DDR,TFU,
DEL,KUF,
DLM,CPH,
DRW,GTS,
DSS,LUX,
DTW,OKC,
DUS,INN,
DWC,BOJ,
DXB,KDU,
EBB,AGA,
EBL,NJF,
EDI,INV,
ERF,KAO,
EVN,IAS,
EZE,JPA,
EZE,SDQ,
FUO,YIW,
GAU,KUL,
GGR,MED,
GOT,ATH,
GOT,IOA,
GOT,KBV,
GOX,RPR,
GTS,DRW,
GUW,MXP,
GYD,MCT,
GYU,TFU,
GZP,BLL,
GZT,MED,
HDO,IXJ,
HEL,LXS,
HER,JED,
HER,RZE,
HGH,CGK,
HOG,PRG,
HOG,SVO,
HRI,LED,
HRI,UFA,
HUI,SZX,
IAS,BER,
IAS,EVN,
ICN,NGB,
IKA,KDH,
IKE,UMD,
INC,MED,
INN,DUS,
INV,EDI,
IOA,HEL,
IVL,VIE,
IXD,DED,
IXJ,HDO,
JED,HER,
JED,INC,
JED,LOO,
JED,OUD,
JGN,JUZ,
JUV,JQA,
JUZ,JGN,
JWN,MED,
KAO,ERF,
KDH,IKA,
KHV,TSN,
KLV,BOJ,
KTI,DAD,
KTW,CPH,
KUL,GAU,
LEC,CNF,
LEN,TFN,
LEN,VLC,
LGW,BWN,
LHR,DAC,
LPL,OSL,
LPQ,SZX,
LUX,RAI,
LYS,VNO,
MAN,BKK,
MCO,TRI,
MCT,GYD,
MED,AZD,
MED,BWN,
MED,NQZ,
MED,TLM,
MED,XBJ,
MFM,VVO,
MGZ,VBP,
MLE,CDG,
MLN,TFN,
MMX,AOK,
MMX,BMA,
MMX,TZL,
MNL,CJU,
MOO,BBL,
MPM,GBE,
MUA,CHY,
MWX,SAI,
NAS,BIM,
NDJ,ALG,
NER,BTK,
NGB,ICN,
NJF,EBL,
NQZ,MED,
NRK,CHQ,
NTE,VIE,
NZG,KCY,
NZH,CGO,
OGG,VNY,
OPO,AJA,
ORN,MIR,
OSL,LPL,
OSM,BGW,
OSS,URC,
OUD,MED,
PBZ,CPT,
PEN,PNH,
PHL,ABQ,
PLJ,INB,
PMI,LLA,
PNH,PEN,
POP,KTW,
POZ,WRO,
PPQ,WAG,
PPT,PKP,
PPT,XMH,
PRG,HOG,
PRG,UBN,
PSA,SSH,
PSM,RDU,
PTY,AXM,
PTY,TQO,
PUS,ALA,
PZO,SNV,
QGQ,QPW,
RDU,PSM,
RGN,BSX,
RHO,LLA,
RIB,CBB,
RIX,AGA,
RUN,SEZ,
RZE,HER,
SAI,MWX,
SAN,SUN,
SCR,LGW,
SDF,AUS,
SDQ,EZE,
SHE,BKK,
SIN,SRG,
SJP,SSA,
SNV,PZO,
SOF,JED,
SOF,LXR,
SPX,BCN,
SRG,SIN,
SSA,SJP,
SSH,TRN,
STR,CGN,
STR,HAJ,
SUF,VNO,
SUN,SAN,
SVO,HOG,
SZX,CSX,
SZX,HUI,
SZX,LPQ,
TBS,BGW,
TCE,TLV,
TFN,LEN,
TFN,MLN,
TFU,DDR,
TFU,GYU,
TJM,BTK,
TJM,HRG,
TKP,PPT,
TLK,NER,
TLM,MED,
TLV,TCE,
TMR,MED,
TQO,PTY,
TQP,BNE,
TRI,MCO,
TRV,PKU,
TSV,TQP,
TUN,AYT,
TZA,CYC,
TZL,MMX,
UBN,PRG,
UFA,HRI,
UIO,ESM,
URC,OSS,
VAO,EGM,
VBP,RGN,
VIE,IVL,
VIE,NTE,
VLC,LEN,
VLC,LXR,
VNO,LYS,
VNO,SUF,
VNY,OGG,
VRN,BIO,
VVO,MFM,
XCH,CGK,
YIW,FUO,
YNJ,YNY,
YQX,YWK,
ZAH,MED,
ZNZ,JED,
ZTA,GMR,
ABJ,BYK,
ADB,TAS,
AJA,BIA,
AKS,MHM,
ALA,BAH,
ALF,FRA,
ALG,AUH,
APB,LPB,
ARU,BPS,
ARU,MCZ,
ASU,CNF,
ATH,BGW,
AUH,ALG,
AUS,MTJ,
AUS,SDF,
AXA,BOS,
AZD,MED,
BAH,ALA,
BBK,CPT,
BCN,DTM,
BDS,TIA,
BEY,PRG,
BGA,TLU,
BGW,ATH,
BGW,SLL,
BGY,EVE,
BGY,LGW,
BHM,OKC,
BHX,WMI,
BJL,MED,
BKK,CIT,
BKK,MAN,
BKK,SHE,
BMA,MMX,
BNE,GYB,
BOJ,GRQ,
BOS,AXA,
BPS,ARU,
BPS,CGB,
BPS,CGR,
BRU,DLM,
BUD,FUE,
BXB,SOQ,
CAN,USN,
CCS,FNC,
CGB,BPS,
CGQ,HKG,
CGR,BPS,
CHQ,NRK,
CIT,BKK,
CIT,TBS,
CIY,CUF,
CIY,PEG,
CMN,PVG,
CNQ,EZE,
CPT,BBK,
CRL,SCV,
CSK,BJL,
CUF,CIY,
CUF,TPS,
CUN,CPH,
CUN,DUB,
CUZ,PIO,
DAC,VKO,
DAD,SZX,
DIL,FOC,
DJE,SJJ,
DLU,DZH,
DME,LCA,
DMM,BGW,
DMM,FCO,
DPS,JBB,
DPS,WUH,
DSS,LOS,
DTM,BCN,
DUB,CUN,
DUB,KTT,
DUS,JFK,
DWC,KTW,
DWC,RMO,
DWC,WAW,
DZH,DLU,
EBL,BAH,
EGM,RBV,
EVE,BGY,
FAE,TFS,
FAU,RNM,
FNA,BRU,
FOC,DIL,
FOR,MVD,
FRA,ALF,
FRA,GOA,
FUE,BUD,
FYN,SHF,
GDL,YUL,
GOA,FRA,
GOA,HAJ,
GOA,HAM,
GOJ,DME,
GRQ,BOJ,
GYB,KYB,
HAJ,GOA,
HAJ,OPO,
HAK,SGN,
HAM,GOA,
HAM,TZL,
HAV,NBJ,
HBE,ASW,
HEL,AOK,
HEL,BVC,
HEL,IOA,
HIJ,NRT,
HKG,CGQ,
HKT,NOZ,
HRG,TAT,
HRG,TJM,
IAD,TRI,
IBZ,MLA,
IFN,RAS,
INB,PLJ,
ITM,KUH,
JAI,NMI,
JBB,DPS,
JCH,XIQ,
JED,HDY,
JED,JWN,
JED,KMG,
JED,TMR,
JED,ZNZ,
JEG,QCU,
JFK,DUS,
JHG,CGQ,
JNB,PBZ,
JPA,PPB,
JPA,UBA,
KAN,ABJ,
KGQ,JUV,
KIE,BUA,
KRL,XNN,
KSC,SLL,
KTM,PVG,
KTT,DUB,
KUF,CEK,
KUH,ITM,
KWI,KZN,
KYB,BNE,
KYP,AKY,
KZN,MED,
LAD,SVP,
LAU,WIL,
LAX,MID,
LCA,NRK,
LCJ,TBS,
LDB,REC,
LED,HRI,
LGW,BGY,
LGW,TRS,
LLA,PMI,
LLA,RHO,
LNV,RAB,
LPB,APB,
LUX,LXR,
LXR,ASW,
LXS,HEL,
LZO,PEK,
MAD,UGC,
MBJ,YEG,
MCX,ZIA,
MCY,BNE,
MCZ,ARU,
MED,LOO,
MED,SFA,
MID,LAX,
MLA,IBZ,
MLE,TAS,
MMO,BVC,
MNL,YNY,
MRV,OSS,
MTJ,AUS,
MVD,FOR,
MZL,TLU,
NAU,PKP,
NBC,DME,
NBE,MED,
NBJ,HAV,
NJC,KCY,
NLU,PTY,
NMI,JAI,
NOZ,HKT,
NRK,LCA,
NRT,HIJ,
NSI,ACC,
NUM,LHR,
OKC,BHM,
OKC,DTW,
OMH,SAW,
OPO,HAJ,
OSS,MRV,
PEG,CIY,
PEK,LZO,
PIO,CUZ,
PKP,FHZ,
PPB,JPA,
PPT,NUK,
PRG,BEY,
PTY,NLU,
PVG,CMN,
PVG,KTM,
QCU,QJI,
RAB,KIE,
RAB,LNV,
RAO,SSA,
RAS,IFN,
RBA,MED,
RBV,HIR,
RDZ,SXB,
REC,LDB,
RGN,LUM,
RLG,MUC,
RMO,DWC,
SAW,OMH,
SCO,UGC,
SCV,CRL,
SEZ,TFU,
SFA,MED,
SGN,HAK,
SHF,FYN,
SLL,KSC,
SLZ,THE,
SOQ,BXB,
SPP,LAD,
SSA,RAO,
SSA,UDI,
SXB,RDZ,
SZX,DAD,
SZX,VDO,
TAS,ADB,
TAS,MLE,
TAT,HRG,
TBG,POM,
TBS,CIT,
TFS,TIA,
TFU,MED,
TFU,SEZ,
THE,SLZ,
TIA,BDS,
TIA,TFS,
TLU,BGA,
TLU,MZL,
TMR,JED,
TNN,DMK,
TPS,CUF,
TRI,IAD,
TRS,LGW,
TSN,VVO,
TZL,HAM,
UBA,JPA,
UDI,SSA,
UFA,MJZ,
UGC,SCO,
ULZ,ULO,
VDO,SZX,
VRN,NOS,
VVO,TSN,
WFB,KTB,
WMI,BHX,
WUH,DPS,
XIQ,JCH,
XNN,KRL,
YEG,MBJ,
YNY,MNL,
YUL,GDL,
YWK,YYT,
ZIA,AER,
ZIA,KUF,
ZIA,MCX,
ZRH,LDE,
AAL,GZP,
ABQ,DTW,
ACF,HYN,
ACY,SFB,
ADB,SPX,
AGH,BMA,
AGR,JAI,
AHU,AMS,
AJI,AYT,
ALP,EVN,
ALP,OTP,
AMM,SOF,
AMS,AHU,
AOI,MAD,
AQJ,AUH,
ASP,GTS,
ASW,HBE,
AUH,AQJ,
AUH,LUX,
AXA,BWI,
AXA,EWR,
AYT,AJI,
AYT,NBC,
AYT,SCV,
BAH,EBL,
BFS,CUN,
BFS,MLB,
BGO,BHX,
BGO,LBA,
BGW,TBS,
BHX,BGO,
BJV,NUE,
BLQ,FOG,
BMA,AGH,
BMA,UME,
BND,MED,
BNE,MCY,
BNE,MOO,
BOC,LIO,
BOG,MBJ,
BOI,MIA,
BOJ,MIR,
BOM,PBH,
BOS,MSN,
BOS,PNS,
BQB,ZNE,
BRN,JER,
BRU,BLL,
BSR,RAS,
BSZ,TJM,
BUZ,MED,
BWI,AXA,
BWI,OAK,
BYN,UBN,
BZE,YUL,
CAG,FMO,
CBR,DPS,
CCP,PUQ,
CCS,SCL,
CEK,CXR,
CEK,SVX,
CJU,VTE,
CLT,GRB,
CNJ,CNS,
CPH,CUN,
CSL,VNY,
CUN,BFS,
CUR,ORD,
CXR,CEK,
CXR,PEE,
CXR,TJM,
DAC,CIT,
DEN,HRL,
DIY,MED,
DLA,BRU,
DLM,BJV,
DME,NJC,
DMK,HUN,
DMK,TNN,
DMK,TTT,
DNH,SZX,
DOM,UVF,
DPS,PLM,
DTW,ABQ,
DUS,STR,
DYG,CGK,
DZH,XIC,
EBL,DEL,
EBL,NUE,
EGM,VAO,
ELH,FPR,
ELQ,RZV,
EMD,MCY,
ERH,OZZ,
EVN,ALP,
EVN,ICN,
EWR,AXA,
EWR,OMA,
EZE,LUQ,
EZE,MVD,
FAO,VNO,
FCO,RMI,
FMO,CAG,
FOG,BLQ,
FOR,IGU,
FPR,ELH,
GCI,BRN,
GNY,JED,
GOT,BVC,
GRB,CLT,
GRQ,AYT,
GRX,NTE,
GTS,ASP,
GTS,PER,
GYD,UFA,
GZP,AAL,
HAV,YYZ,
HEH,MDL,
HEH,MOG,
HEL,WRO,
HER,JCL,
HID,TSV,
HKT,OSL,
HOF,RZV,
HPH,SZX,
HRF,HAQ,
HRL,DEN,
IBZ,RGS,
ICN,AGP,
ICN,EVN,
ICN,MRS,
ICN,TBS,
ICN,WDS,
IFN,TIF,
IGU,FOR,
IND,PUJ,
IST,PNR,
ISU,JED,
ITM,TKN,
JCL,HER,
JED,ADB,
JED,ADU,
JED,ASR,
JED,AZR,
JED,VKO,
JEG,QMK,
JFK,SDF,
JRO,SEU,
JUK,UMD,
JWN,JED,
KAO,MAD,
KCH,SZX,
KOJ,PUS,
KSC,MCT,
KTT,KAO,
KTW,DWC,
KUF,PQC,
KUZ,SGG,
KWI,NAL,
KYA,MED,
KZN,PQC,
KZN,YKS,
LAD,SPP,
LBA,BGO,
LCA,SCV,
LDE,ZRH,
LED,NAL,
LHE,ISB,
LHE,MUX,
LHR,NUM,
LIO,BOC,
LOS,FIH,
LRM,VRN,
LTI,BYN,
LUX,AUH,
MAD,AOI,
MAD,KAO,
MBJ,BOG,
MBJ,YQB,
MCT,KSC,
MCY,EMD,
MDC,TRT,
MDL,HEH,
MED,KNO,
MED,MIR,
MED,MLE,
MED,NBO,
MED,OGX,
MED,RZV,
MED,TMR,
MEL,SZX,
MEX,SJU,
MHD,MED,
MIA,BOI,
MIR,BOJ,
MJZ,UFA,
MLB,BFS,
MLN,OVD,
MOG,HEH,
MOO,BNE,
MPN,USH,
MQF,SVX,
MRS,ICN,
MRV,HKT,
MSN,BOS,
MWX,BKK,
NAL,KWI,
NAL,LED,
NAS,YHZ,
NBC,AYT,
NBE,JED,
NOS,KTW,
NOS,POZ,
NOS,VRN,
NOS,WRO,
NOZ,PQC,
NTE,GRX,
NUE,BJV,
NUE,EBL,
OAK,BWI,
OAK,STL,
OIA,BEL,
OMA,EWR,
OMM,RNM,
ORD,CUR,
ORD,STX,
OSL,HKT,
OSR,MXP,
OTP,ALP,
OVD,MLN,
PEE,CXR,
PER,GTS,
PHL,STI,
PIT,PUJ,
PLM,DPS,
PMI,RGS,
PNS,BOS,
PQC,KZN,
PRN,SZG,
PTY,STI,
PUJ,CUR,
PUJ,IND,
PUJ,PIT,
PUQ,USH,
PUS,KOJ,
PUS,TOY,
PVG,PZI,
PVH,REC,
PVK,GKE,
PVK,MOL,
PVR,YHM,
PZI,PVG,
RAS,BSR,
RBA,JED,
REC,PVH,
RGS,IBZ,
RGS,PMI,
RGS,VLC,
RHO,SFT,
RIL,VNY,
RIX,RZE,
RMI,FCO,
RMI,MUH,
RNM,FAU,
RNM,OMM,
ROK,BWN,
RTM,TTU,
RZE,RIX,
RZV,ELQ,
RZV,HOF,
RZV,MED,
SCL,CCS,
SCV,AYT,
SCV,LCA,
SCV,TLV,
SDF,JFK,
SEN,SZG,
SFB,ACY,
SFT,RHO,
SGC,HKT,
SJJ,DJE,
SJU,MEX,
SJW,YNT,
SOF,AMM,
SPX,ADB,
SSH,QSR,
STI,PHL,
STI,PTY,
STL,OAK,
STR,LEJ,
STR,SCN,
STR,TLV,
STX,ORD,
SVP,LAD,
SVQ,CAI,
SVX,MQF,
SYX,TAO,
SYZ,NJF,
SZG,PRN,
SZG,SEN,
SZX,HPH,
SZX,KCH,
SZX,MEL,
SZX,TWU,
TAE,TAO,
TAO,SYX,
TAO,TAE,
TBJ,ALG,
TBS,ICN,
TBS,LEJ,
TFS,FAE,
TJM,BSZ,
TJM,CXR,
TKN,ITM,
TLV,CGN,
TLV,SCV,
TMJ,SKD,
TMM,SVB,
TOY,PUS,
TRT,MDC,
TTT,DMK,
TTU,RTM,
TUU,TZX,
TWU,SZX,
TZX,TUU,
UME,BMA,
USH,MPN,
USH,PUQ,
USN,CAN,
UVF,DOM,
VAO,FRE,
VAR,CAI,
VCE,PRG,
VKO,JED,
VLC,CAI,
VLC,RGS,
VNO,FAO,
VNY,CSL,
VNY,RIL,
VTE,CJU,
VTE,MWX,
WAW,DWC,
WDS,ICN,
WRO,HEL,
XIC,DZH,
XMN,JJN,
YHM,PVR,
YHZ,NAS,
YKQ,YKU,
YKS,KZN,
YNT,SJW,
YQB,MBJ,
YUL,BZE,
YWK,YQX,
YYZ,HAV,
ZNE,BQB,
ABJ,RAK,
ACE,NRK,
ADU,MED,
AEP,JPA,
AER,CMB,
AGA,BGF,
AGA,JED,
AGP,ICN,
AGS,HPN,
AGS,JFK,
AGS,PHX,
AHB,BGW,
AHE,PPT,
AIP,NDC,
AJA,LDE,
AKX,DOH,
ALG,TBJ,
AMM,FKB,
ANF,FLN,
ANU,PTP,
AOI,BRI,
ARH,KZN,
ARN,NRK,
ATH,BVE,
ATW,IAH,
AUS,XNA,
BCM,LPL,
BEL,OIA,
BES,ORY,
BEY,TRN,
BFS,KEF,
BGF,COO,
BGO,STN,
BGW,AHB,
BHM,MSN,
BHX,BLQ,
BHX,SCQ,
BIO,GLA,
BJM,GOM,
BKK,MWX,
BKK,XNN,
BKO,LBV,
BKO,NIM,
BKS,MPC,
BLQ,TBS,
BMA,GOT,
BOD,FDF,
BOI,SBN,
BOJ,BLL,
BPS,CAC,
BQS,PKX,
BRE,SKP,
BRU,GZP,
BRU,IVL,
BRU,KAO,
BRU,LBV,
BTJ,TRV,
BTS,HKT,
BVE,ATH,
BWE,OLB,
BWE,PMO,
BWN,TFU,
CAC,BPS,
CAI,AOI,
CBB,CIJ,
CCJ,CNN,
CCS,SVD,
CEE,GOJ,
CEK,NQZ,
CHQ,VBY,
CIJ,CBB,
CJU,CTS,
CJU,GUM,
CKG,CNX,
CMB,AER,
CMB,KJA,
CNX,CKG,
COO,BGF,
COO,NKC,
CPH,VRN,
CPT,PBZ,
CRV,MXP,
CTS,CJU,
CUN,HEL,
CUR,PUJ,
CXR,MWX,
DAB,DFW,
DAD,MWX,
DBB,DME,
DCA,GRB,
DEB,DRS,
DEL,EBL,
DFW,DAB,
DJE,DOL,
DLA,AGA,
DME,GOJ,
DME,IAR,
DME,NBC,
DOH,AKX,
DOL,DJE,
DPS,CBR,
DRS,HAM,
DRS,NAP,
DRS,SOB,
DSS,COO,
DTM,HAM,
DTM,TRN,
DUS,ISU,
DWC,SOF,
EBL,TUN,
EWR,OGG,
EWR,RNO,
EZE,RSA,
FCO,LIL,
FCO,RVN,
FKB,AMM,
FLN,ANF,
FLN,LSC,
FNJ,SVO,
FOR,RAO,
GAN,KDM,
GDZ,KZN,
GEO,SVD,
GKE,PVK,
GLA,BIO,
GMO,YOL,
GNB,SEN,
GOM,BJM,
GOT,BMA,
GOT,VBY,
GRB,DCA,
GRB,LGA,
GRB,PHX,
GRV,GYD,
GSM,TIF,
GSP,MSY,
GUM,CJU,
GYD,GRV,
GZP,BRU,
HAN,PBH,
HAV,VKO,
HEL,CUN,
HGH,JZH,
HJB,KHG,
HKT,INC,
HKT,MRV,
HKT,SGC,
HOG,MXP,
HOI,NAU,
HPN,AGS,
HUN,DMK,
HVN,MDW,
IAA,VKO,
IAH,ATW,
IAR,DME,
IBZ,VIT,
IBZ,ZAZ,
ICN,PUS,
ICN,SHM,
INC,HKT,
ISB,LHE,
ISU,DUS,
IVL,KAO,
JED,BSA,
JED,COV,
JED,DIY,
JED,GHA,
JED,KYA,
JED,LFW,
JED,NBE,
JED,TML,
JFK,AGS,
JLR,IXD,
JMU,OHE,
JMU,XIY,
JNN,QFN,
JZH,HGH,
KAO,LEJ,
KDM,KDO,
KDU,DXB,
KEF,BFS,
KET,NYT,
KGL,CAI,
KHG,HJB,
KIK,NJF,
KMJ,TNN,
KRK,OSR,
KUF,NBC,
KVG,HKN,
KYA,JED,
KZN,ARH,
KZN,GDZ,
LBD,VKO,
LBV,BRU,
LDE,AJA,
LEJ,KAO,
LEJ,TBS,
LGK,TAS,
LGW,TAO,
LIR,YVR,
LPA,TMP,
LPL,BCM,
LPL,TRN,
LRH,SNN,
LRM,GLA,
LVI,MQP,
LXR,BIO,
LXR,SVQ,
LXR,VLC,
MAH,PNA,
MAN,SCQ,
MCX,SSH,
MDL,KYP,
MDW,HVN,
MED,AYT,
MED,GNY,
MED,GSM,
MED,HEA,
MED,KSH,
MED,LBD,
MED,NBE,
MNA,NAH,
MOL,PVK,
MPC,BKS,
MQF,DME,
MQF,KJA,
MSN,BHM,
MSN,SLC,
MSY,GSP,
MUH,RMI,
MWX,CXR,
MWX,DAD,
MXP,CRV,
MXP,CTG,
MXP,OSR,
MXP,SLL,
MXP,VRN,
NAH,MDC,
NAP,DRS,
NAQ,SVR,
NBC,OMS,
NIM,BKO,
NJC,DME,
NJF,SYZ,
NKC,COO,
NMA,SVO,
NOU,PPT,
NQZ,MQF,
NRK,ACE,
NRK,ARN,
NRN,ARN,
NSK,KZN,
NTE,PTP,
OGG,EWR,
OGX,JED,
OHE,JMU,
OKC,TYS,
OLB,BWE,
OMO,RMI,
ORY,AZS,
ORY,BES,
OSR,KRK,
OTP,SSH,
OTP,SZG,
OTP,WRO,
PHX,AGS,
PHX,GRB,
PLS,SLX,
PMF,FCO,
PMO,BWE,
PNA,MAH,
PNI,GUM,
POP,YYC,
PPT,NOU,
PQC,KUF,
PQC,NOZ,
PQC,SVX,
PRG,AEY,
PRG,VCE,
PUJ,SXM,
PVK,VBY,
PXM,YYC,
PXM,YYZ,
QUV,JNN,
RAI,CDG,
RAK,TUN,
RAO,FOR,
RHO,OST,
RKT,MED,
RNO,EWR,
ROC,RSW,
RSW,ROC,
RVN,FCO,
SBN,BOI,
SBT,VKO,
SEN,GNB,
SHM,ICN,
SKP,BRE,
SLC,MSN,
SLX,PLS,
SNN,LRH,
SOB,DRS,
SRG,TKG,
SSH,MCX,
SSH,OTP,
SSH,PMO,
STN,BGO,
SVD,CCS,
SVO,FNJ,
SVR,NAQ,
SVX,HRB,
SXM,PUJ,
SYZ,TIF,
SZG,OTP,
SZX,DNH,
TAE,RMQ,
TAO,LGW,
TAS,LGK,
TBS,BLQ,
TBS,FRA,
TBS,HAJ,
TEB,ASE,
TFU,BWN,
THL,MYT,
TIF,SYZ,
TKM,UUD,
TLM,JED,
TMP,LPA,
TNN,KMJ,
TOF,UUD,
TPQ,YYC,
TRN,BEY,
TRN,LPL,
TUN,EBL,
TUN,RAK,
TYS,OKC,
UET,MED,
UFA,GYD,
UFA,MQF,
UGC,NMA,
UUD,TKM,
UUD,TOF,
VBY,CHQ,
VBY,PVK,
VIT,IBZ,
VIT,VLC,
VKO,HAV,
VKO,IAA,
VKO,LBD,
VKO,SBT,
VLC,VIT,
VRN,CPH,
VRN,FCO,
WAG,PPQ,
WRO,OTP,
XIY,JMU,
XNA,AUS,
XNN,BKK,
YNL,ZWL,
YOL,GMO,
YPA,YNL,
YQT,PUJ,
YVR,LIR,
YWG,CCC,
YYC,POP,
YYC,PXM,
YYC,TPQ,
YYT,YWK,
YYZ,PXM,
ZAZ,IBZ,
ZIA,NBC,
ZTH,NRN,
AAX,GRU,
AAY,JED,
ABJ,MVB,
ACC,BZV,
ACC,FIH,
ACF,KCA,
AEY,PRG,
AEY,TFS,
AGP,BWE,
AKR,QUO,
AKU,FYN,
ALA,GOX,
ALC,CAI,
AMM,QOW,
AMS,GYD,
AMS,KNO,
ANC,TPE,
ANR,VLC,
ANU,LOS,
ARW,AYT,
ASE,TEB,
ASR,JED,
ASR,MED,
ASU,POA,
ATL,BER,
ATL,LAL,
AUS,GNV,
AUS,LEX,
AYT,ARW,
AYT,BAY,
AYT,BCM,
AYT,CND,
AYT,DWC,
AYT,INN,
AYT,LCJ,
AYT,LUZ,
AYT,POZ,
AYT,RZE,
AYT,SZY,
AYT,SZZ,
AYT,TGM,
AYT,TZL,
BAH,BSR,
BAR,HAK,
BAR,JMJ,
BAY,AYT,
BAY,HER,
BBL,BNE,
BCM,AYT,
BCM,BVA,
BCM,DTM,
BCN,BWE,
BCN,KAO,
BDL,HOU,
BDL,LAL,
BDS,VIE,
BER,ATL,
BEY,DUB,
BEY,HRG,
BEY,ICN,
BEY,SZG,
BFS,BGI,
BGI,BFS,
BGI,BOH,
BGI,EMA,
BGW,DMM,
BGY,FCO,
BGY,FLR,
BGY,FRL,
BHM,BTR,
BHM,MKE,
BHM,TYS,
BIA,GCI,
BIA,LDE,
BIO,LYS,
BJV,HAM,
BJV,JED,
BJZ,CAI,
BKI,HND,
BKI,JED,
BKI,MWX,
BKO,MED,
BLL,BOJ,
BLL,BRU,
BLL,INN,
BLQ,DTM,
BLQ,LGG,
BLR,PBH,
BMA,RNB,
BNA,BTR,
BNA,EYW,
BNE,BBL,
BNE,GTE,
BOD,LPA,
BOH,BGI,
BOJ,SVG,
BOM,GAY,
BOS,GSP,
BQB,CJF,
BRI,LXR,
BRQ,NBE,
BRU,BJV,
BRU,KUN,
BRU,MED,
BRU,SCR,
BSA,MED,
BSG,GEM,
BSR,NJF,
BTR,BHM,
BTR,BNA,
BTS,GZP,
BTS,PRG,
BUD,GZP,
BUF,CUN,
BUF,PUJ,
BUR,PSP,
BVA,BCM,
BVI,CTL,
BWE,AGP,
BWE,BCN,
BWE,FAO,
BWE,FNC,
BWE,JTR,
BWE,NAP,
BWE,PFO,
BWE,SKG,
BWE,SUF,
BWE,ZTH,
BWI,CGI,
BWN,KNH,
BXY,SVX,
BZO,WAW,
BZV,ABJ,
BZV,ACC,
CAC,JPA,
CAG,PTP,
CAG,RAK,
CAG,TUN,
CAI,BJZ,
CAI,SCQ,
CAI,VAR,
CAI,ZAZ,
CAN,YIN,
CCC,LIS,
CCC,YWG,
CCJ,CCU,
CCU,JDH,
CDG,KAO,
CDG,LYR,
CEB,NGO,
CEK,IAR,
CEK,KHV,
CEK,KUF,
CEK,NJC,
CFE,HER,
CGI,BWI,
CGN,GRZ,
CGN,RLG,
CHR,HER,
CHR,JIB,
CID,DTW,
CIT,KJA,
CJF,BQB,
CJJ,HNA,
CJJ,MMJ,
CJU,DAD,
CJU,HIJ,
CJU,TKS,
CKG,USM,
CKH,CYX,
CLT,PSP,
CLV,VCP,
CMH,MSN,
CND,AYT,
CNS,BUC,
CNS,CNJ,
CNS,MKY,
CNS,ROK,
CNS,ROR,
CNS,TQP,
CNX,TTT,
CPH,DTM,
CTL,BVI,
CUN,BUF,
CWL,FUE,
CWL,SZG,
CXT,CNS,
CYX,CKH,
CZM,YYC,
DAB,DTW,
DAC,PVG,
DAC,TFU,
DAD,CJU,
DEB,HER,
DEL,AGR,
DHX,JED,
DIE,SVB,
DJE,OSR,
DME,MQF,
DME,TJM,
DOH,SCO,
DOH,TPS,
DOM,PUJ,
DRS,DEB,
DRS,JTR,
DRS,KAO,
DSN,INC,
DTB,KNO,
DTM,BCM,
DTM,BLQ,
DTM,CPH,
DTM,MAN,
DTW,CID,
DTW,DAB,
DTW,GCM,
DTW,LIR,
DUB,BEY,
DUE,VHC,
DUS,HTY,
DUS,SCR,
DUS,ZAG,
DWC,AYT,
DWC,POZ,
EBL,JED,
EGE,IAD,
EGM,GZO,
ELQ,GYD,
EMA,BGI,
EMA,KEF,
EOH,MZL,
ERF,RLG,
EUG,MSN,
EVN,SYZ,
EWR,XNA,
EYW,BNA,
FAC,AAA,
FAO,BWE,
FAO,LEH,
FAO,LRH,
FCO,BGY,
FCO,HKT,
FCO,LNZ,
FCO,PMF,
FCO,SZG,
FDF,BOD,
FEZ,VAR,
FIH,ACC,
FKB,PRN,
FLR,BGY,
FLR,TRN,
FMT,KDO,
FNC,BWE,
FOR,SJP,
FRA,STN,
FRA,TBS,
FSZ,TPE,
FVM,GKK,
FYN,AKU,
GCI,BIA,
GCM,DTW,
GCM,POS,
GCM,YOW,
GDN,MMX,
GDN,TAT,
GEM,SSG,
GGR,JED,
GKE,SQQ,
GLA,LRM,
GLA,SCQ,
GND,DOM,
GNV,AUS,
GOJ,GYD,
GOJ,NBC,
GOJ,ZIA,
GOT,LYS,
GOX,ALA,
GRB,PHL,
GRB,SLC,
GRQ,RTM,
GRU,AAX,
GRZ,CGN,
GRZ,PFO,
GSM,MED,
GSP,BOS,
GSV,DME,
GTE,BNE,
GVA,ORK,
GYD,ELQ,
GYD,GOJ,
GYD,OGZ,
GZP,BTS,
GZP,BUD,
HAJ,DUS,
HAJ,TBS,
HAM,DTM,
HAM,TBS,
HAN,KOJ,
HBE,LXR,
HER,BAY,
HER,DEB,
HER,MLH,
HFE,KHG,
HIJ,CJU,
HIJ,SIN,
HIR,MDC,
HKG,LGK,
HKN,KVG,
HKT,CXR,
HKT,FCO,
HNA,CJJ,
HND,BKI,
HND,XMN,
HOG,BTS,
HOU,BDL,
HRB,KUL,
HRB,SVX,
HRG,BEY,
HRG,GRQ,
HRG,OMS,
HSA,KWI,
HTY,DUS,
HVN,STL,
HYN,ACF,
IAD,EGE,
IAD,JAC,
IAH,SBN,
IAH,TPQ,
IAR,SVX,
IBZ,SLM,
ICN,BEY,
IDR,RKT,
IGA,PLS,
IJK,RGK,
IKT,NJC,
ILG,MSY,
ILM,PUJ,
INC,DSN,
INN,AYT,
IST,GNJ,
ISU,NJF,
IXD,JLR,
IXE,CCJ,
JAC,IAD,
JAI,AGR,
JDH,CCU,
JED,ABV,
JED,BHO,
JED,BJV,
JED,BKI,
JED,DHX,
JED,HAH,
JED,KCH,
JED,PEK,
JED,SZF,
JED,YEI,
JED,ZRH,
JEG,SFJ,
JHS,JEG,
JIB,CHR,
JMJ,BAR,
JPA,CAC,
JQA,SAE,
JTR,BWE,
JTR,DRS,
JUB,ICN,
KAO,DRS,
KAO,KSF,
KBV,LLA,
KCA,ACF,
KCH,JED,
KDO,FVM,
KEF,EMA,
KEF,LEI,
KHN,MAQ,
KHV,CEK,
KHV,PVG,
KHZ,KXU,
KJA,CIT,
KJA,CMB,
KJA,MQF,
KLX,NCL,
KLX,TBS,
KNH,BWN,
KNO,DTB,
KOJ,HAN,
KSF,KAO,
KTT,NCL,
KUL,DWC,
KUL,HRB,
KUL,MZG,
KUN,ATH,
KWI,HSA,
KZN,NSK,
LAL,ATL,
LAL,BDL,
LAN,MSP,
LAS,LGA,
LAX,TYS,
LBG,TLS,
LCA,DME,
LCA,LLA,
LCJ,AYT,
LDE,BIA,
LDE,SNN,
LED,ZIA,
LEH,FAO,
LEJ,DUS,
LEJ,STR,
LEX,AUS,
LGA,GRB,
LGA,SJU,
LGA,TLH,
LGK,HKG,
LHE,BGW,
LIL,FCO,
LIL,VCE,
LIR,DTW,
LIR,YWG,
LIS,CCC,
LLA,KBV,
LLA,LCA,
LOO,JED,
LOS,ANU,
LPA,BOD,
LRH,FAO,
LRM,PLS,
LSC,FLN,
LUZ,AYT,
LXR,ALC,
LXR,MAD,
LXR,ZAZ,
LYR,CDG,
LYS,BIO,
LYS,GOT,
MAD,QRO,
MAD,SPX,
MAN,DTM,
MAN,SCR,
MAN,TLV,
MAQ,KHN,
MBB,PER,
MBJ,ANU,
MBJ,MAD,
MCO,MHH,
MCX,JED,
MDC,NAH,
MDZ,POA,
MED,CBH,
MED,COV,
MED,DNZ,
MED,GGR,
MED,HGA,
MED,HRG,
MED,MCX,
MED,MRU,
MED,UET,
MED,ZYL,
MGZ,NYT,
MHH,MCO,
MHH,TPA,
MIR,DJE,
MKE,BHM,
MKP,HOI,
MLE,MED,
MLH,PRG,
MMJ,CJJ,
MMX,GDN,
MMX,RHO,
MQF,CEE,
MQF,KUF,
MRS,NCL,
MSN,CMH,
MSN,EUG,
MSN,SEA,
MSP,LAN,
MSP,NAS,
MST,MLA,
MSY,ILG,
MSY,OAK,
MUC,OST,
MUC,SCN,
MUC,SSH,
MUC,SXB,
MUH,SOF,
MUX,LHE,
MVT,TIH,
MWX,LPQ,
MWX,NGS,
MWX,VTE,
MXQ,MUU,
MZG,KUL,
MZL,EOH,
NAH,MNA,
NAJ,IST,
NAP,BLQ,
NAP,BRI,
NAP,BWE,
NAP,LCA,
NAP,RVN,
NAS,MSP,
NAU,MKP,
NAU,PPT,
NAV,SOF,
NBC,IAR,
NBC,KHV,
NBC,KUF,
NBC,KZN,
NBC,ZIA,
NBE,OST,
NBJ,MEG,
NBO,MED,
NCE,RAI,
NCL,KLX,
NCL,KTT,
NCL,MRS,
NCL,SOF,
NGO,BAH,
NGO,CEB,
NGS,MWX,
NIM,MED,
NIU,PPT,
NJC,CEK,
NJF,HDM,
NLU,AUS,
NLU,CZM,
NLU,ORD,
NNG,RGN,
NOS,DIE,
NPY,DAR,
NQZ,CEK,
NQZ,KUF,
NQZ,MXP,
NQZ,SKP,
NQZ,UFA,
NRN,ZTH,
NRT,DUB,
NRT,SAI,
NUE,TBS,
OAK,MSY,
OGZ,GYD,
OKA,DAD,
OKA,TNN,
OMS,KHV,
ORD,NLU,
ORK,GVA,
ORY,CHR,
OSL,BVC,
OSR,HKT,
OSR,NBE,
OST,AGA,
OST,DJE,
OST,MUC,
OTP,CRA,
PBH,BOM,
PDV,BRI,
PEK,MED,
PER,MBB,
PFO,BWE,
PFO,GRZ,
PHL,GRB,
PIT,SDF,
PKX,BQS,
PLS,IGA,
PLS,LRM,
PLS,POP,
PMO,SSH,
PMO,TLV,
PNA,CAI,
PNH,WNZ,
POA,ASU,
POM,VLI,
POP,PLS,
POS,GCM,
POZ,AYT,
POZ,BKK,
POZ,PQC,
PPT,FAC,
PPT,TJN,
PQC,DWC,
PQC,PRG,
PQC,VTE,
PRG,SYX,
PRN,TIA,
PRS,RNA,
PSP,BUR,
PSP,CLT,
PTP,NTE,
PTP,YYZ,
PUJ,BUF,
PUJ,DOM,
PUJ,ILM,
PUJ,MXP,
PUJ,YQT,
PUY,TLV,
PVG,KHV,
QOW,AMM,
QRO,MAD,
RAI,NCE,
RAK,ABJ,
RAK,CAG,
REA,PUK,
RGK,IJK,
RGN,NNG,
RHO,MMX,
RIB,LPB,
RIY,AAY,
RKA,KHZ,
RKT,IDR,
RLG,ERF,
RLO,EZE,
RMI,OMO,
RNA,IRA,
ROR,CNS,
RRR,MKP,
RUH,TRN,
RVN,NAP,
RZE,AYT,
RZE,RNN,
SAI,NRT,
SBN,IAH,
SBN,SYR,
SCN,FUE,
SCN,LPA,
SCO,DOH,
SCO,SSH,
SCR,BRU,
SCR,DUS,
SCR,MAN,
SDF,PIT,
SDF,SLC,
SEA,MSN,
SFL,VXE,
SFN,EZE,
SFO,XNA,
SHJ,SOF,
SIN,HIJ,
SJP,FOR,
SJU,LGA,
SKG,BWE,
SKP,NQZ,
SLC,GRB,
SLC,SDF,
SLI,NLA,
SLL,SSH,
SLM,IBZ,
SNN,LDE,
SOF,DWC,
SOF,EBL,
SOF,MUH,
SOF,NAV,
SOF,SHJ,
SPX,MAD,
SSH,HKT,
SSH,MUC,
SSH,SCO,
SSH,ZNZ,
STL,HVN,
STN,FRA,
STN,VIT,
SUF,BWE,
SVD,GEO,
SVG,BOJ,
SVG,SZG,
SVX,BXY,
SVX,CEK,
SVX,IAR,
SWA,ZUH,
SWL,CRK,
SXB,CFE,
SXB,MUC,
SXM,AUA,
SYR,SBN,
SYX,BAR,
SYX,PRG,
SYZ,EVN,
SZG,BEY,
SZG,FCO,
SZG,SVG,
SZY,AYT,
SZZ,AYT,
TAS,BRU,
TAT,GDN,
TBS,HAM,
TBS,KLX,
TBS,NUE,
TFS,AEY,
TFU,DAC,
TGM,AYT,
TGP,SES,
TIF,KHD,
TIH,MVT,
TIJ,NRT,
TKM,UKX,
TKS,CJU,
TKX,TKP,
TLH,LGA,
TLK,VKO,
TLL,HAM,
TLS,LBG,
TLV,MAN,
TLV,PMO,
TLV,PUY,
TMM,MOQ,
TMM,WMN,
TMP,VNO,
TNN,OKA,
TPA,MHH,
TPE,FSZ,
TPQ,IAH,
TRN,DTM,
TRN,FLR,
TSV,HID,
TTT,CNX,
TUB,RMT,
TUN,CAG,
TYN,ZHA,
TYS,BHM,
TZA,BZE,
TZL,AYT,
UEL,MNC,
UPK,KGQ,
USM,CKG,
VAR,DLM,
VBY,GOT,
VCE,LIL,
VCP,CLV,
VIT,STN,
VKO,PMV,
VLI,POM,
VNO,TMP,
VRA,CCS,
VRN,HRG,
VTE,PQC,
WAW,BZO,
WMN,TMM,
XGR,YDP,
XNA,EWR,
XNA,SFO,
YBB,YUT,
YBB,YZF,
YCS,YBK,
YDF,ZUM,
YDP,XGR,
YEI,MED,
YGT,YUT,
YMN,YYR,
YOW,GCM,
YQG,PUJ,
YQR,MZT,
YRB,YIO,
YTE,YZG,
YTE,YZS,
YTS,YAT,
YUL,MGA,
YUT,YBB,
YUT,YGT,
YUT,YZS,
YWG,LIR,
YXE,YQR,
YXN,YEK,
YYC,CZM,
YYQ,YGX,
YYR,YMN,
YYZ,PTP,
YZG,YTE,
YZS,YTE,
ZAG,DUS,
ZBR,JED,
ZHA,TYN,
ZIA,GOJ,
ZNZ,MWZ,
ZRH,MED,
ZTH,BWE,
ZTH,CFU,
ZUH,SWA,
ZUM,YDF,
ZWL,YPA,
AAA,PPT,
AAA,RRR,
AAL,CHQ,
AAL,RZE,
AAP,UPG,
AAZ,RER,
ABC,LXR,
ABJ,FEZ,
ABJ,MRU,
ABJ,OUD,
ABJ,RAI,
ABJ,TLS,
ABV,AMM,
ABZ,BFS,
ABZ,BRU,
ABZ,PRG,
ACA,SAN,
ACE,FUE,
ACE,HAD,
ACE,SVG,
ACT,BHM,
ADB,DOH,
ADB,MED,
ADB,MST,
ADB,VAR,
ADD,BEW,
ADD,PNR,
ADD,SOF,
ADJ,STN,
ADU,BGW,
AER,GRV,
AER,NQZ,
AEY,DRS,
AEY,GOH,
AEY,KEF,
AEY,KRK,
AEY,VRN,
AGP,CAI,
AGP,DRS,
AGP,GRZ,
AGP,KTT,
AHG,MRU,
AHO,HAM,
AHU,OST,
AJA,BVA,
AJA,CHR,
AJA,EGC,
AJA,LRH,
AJA,RAK,
AJR,LYC,
AKU,HGH,
AKU,YTW,
ALA,TLV,
ALG,COO,
ALG,INF,
ALG,OST,
AMD,GOP,
AMD,JSA,
AMD,PQC,
AMM,ABV,
AMM,DWC,
AMM,YOL,
AMS,BRN,
AMS,FDH,
AOE,CGN,
AOI,HAM,
AOI,LXR,
AOQ,TQA,
APW,HBA,
AQJ,HRG,
ARI,LPB,
ARN,LJU,
ARN,VXO,
ASR,CDG,
ASU,BAQ,
ASU,GYE,
ASV,KEU,
ATH,BEN,
ATH,BLL,
ATH,BRN,
ATH,KSC,
ATH,KUN,
ATH,VIT,
ATR,NKC,
AUA,SXM,
AUS,MSN,
AUY,TAH,
AWA,AMH,
AWZ,TIF,
AXA,BGI,
AXA,GND,
AXR,RGI,
AYT,BJV,
AYT,KGD,
AYT,KSF,
AYT,PZY,
AYT,SLL,
AZD,NJF,
BAH,BHX,
BAH,BLQ,
BAH,LGG,
BAQ,ASU,
BBU,RTM,
BCM,KEF,
BCM,TLV,
BCN,BRN,
BCN,DRS,
BCN,IVL,
BCN,KIX,
BCN,KRS,
BCN,KSF,
BCN,SGD,
BDJ,PKN,
BDS,KEF,
BDS,OTP,
BES,KGS,
BES,LCA,
BES,RHO,
BEY,GOT,
BEY,LDE,
BEY,ULH,
BEY,ZAG,
BFS,FCO,
BGI,AXA,
BGI,BRS,
BGI,EDI,
BGI,GCM,
BGI,PLS,
BGI,STN,
BGO,BLQ,
BGO,BRS,
BGO,LCA,
BGW,ADU,
BGW,BUS,
BGW,TBZ,
BGY,OST,
BGY,TRS,
BHH,MED,
BHM,ACT,
BHM,CLL,
BHM,COU,
BHM,TLH,
BHO,GOX,
BHO,MED,
BHO,RKT,
BHX,BAH,
BHX,TIA,
BIA,PIS,
BIA,RNS,
BIA,SVQ,
BIO,CAI,
BIO,FMO,
BIO,KTT,
BIO,LNZ,
BIO,LXR,
BIO,NCL,
BJB,NJF,
BJL,ACC,
BJR,LLI,
BJV,AYT,
BJV,HRG,
BJZ,PRG,
BJZ,RIX,
BKI,HIJ,
BKK,DWC,
BKK,KOP,
BLL,ATH,
BLL,GLA,
BLL,LCA,
BLL,MXP,
BLQ,BAH,
BLQ,BGO,
BLQ,BHX,
BLQ,BRQ,
BLQ,DRS,
BLQ,FAO,
BLQ,GRO,
BLQ,GRQ,
BLQ,GRZ,
BLQ,GYD,
BLQ,HAM,
BLQ,NAP,
BLQ,OXF,
BLQ,RIX,
BLQ,SOB,
BLQ,TRN,
BLQ,TUF,
BLQ,XRY,
BLQ,ZAG,
BLQ,ZAZ,
BMA,HAD,
BMA,KLR,
BMA,OSD,
BMA,SCR,
BMA,VXO,
BNA,ELP,
BNA,GNV,
BNA,OAK,
BNE,XTG,
BNN,MQN,
BOB,XMH,
BOD,CGN,
BOD,HAJ,
BOG,TIJ,
BOH,KEF,
BOM,PNQ,
BOS,OMA,
BPE,JIU,
BPN,KNO,
BPN,RTU,
BPS,MVD,
BRC,CCP,
BRC,LSC,
BRE,KAO,
BRE,LCG,
BRI,DRS,
BRI,PDV,
BRI,PMI,
BRI,PSR,
BRI,SKG,
BRI,TFS,
BRI,ZAZ,
BRN,BCN,
BRN,TIA,
BRQ,BLQ,
BRQ,PRG,
BRS,BGI,
BRS,BGO,
BRS,DUS,
BRS,PUF,
BRU,EBB,
BRU,FDH,
BRU,LTN,
BRU,RJK,
BRU,RZE,
BRU,SUF,
BSB,LOS,
BSG,CNS,
BSL,GVA,
BTK,KJA,
BTK,UFA,
BTR,CAE,
BTR,GSP,
BTR,OKC,
BTR,XNA,
BTS,CAI,
BTS,CDG,
BTS,FCO,
BTS,HOG,
BTS,LPA,
BTS,PDL,
BTS,WAW,
BUC,CNS,
BUD,JFK,
BUF,HOU,
BUF,IAH,
BUF,MCI,
BUF,MSY,
BUS,SVO,
BUS,TBS,
BUT,YON,
BVE,FAO,
BWB,PER,
BWE,FRL,
BWE,OHD,
BWE,TOS,
BWI,LDE,
BWN,CAN,
BYK,HGO,
BZG,SKG,
BZO,OMO,
BZO,PIS,
BZV,ADD,
CAE,BTR,
CAE,MEM,
CAG,KSF,
CAG,SSH,
CAG,TFS,
CAI,ABC,
CAI,BJV,
CAI,BRI,
CAI,CTA,
CAI,GRX,
CAI,HBE,
CAI,LEN,
CAI,PMI,
CAI,PSR,
CAI,SDR,
CAI,VIT,
CAN,BWN,
CAP,MAO,
CAP,YUL,
CBH,JED,
CCF,BIA,
CCJ,TRV,
CCP,BRC,
CCP,FLN,
CCS,VRA,
CDG,ASR,
CDG,ERH,
CDG,ETM,
CDG,SKD,
CDT,CGN,
CEE,CSH,
CEE,KLF,
CEE,KRR,
CEE,KUF,
CEE,MQF,
CEI,KBV,
CEK,CEE,
CEK,KRO,
CEK,MQF,
CEK,NBC,
CEK,UFA,
CER,EBU,
CFE,BES,
CFE,PRG,
CFE,RHO,
CFE,RIX,
CFR,DUS,
CGB,SSA,
CGK,DAD,
CGN,AOE,
CGN,BLL,
CGN,BOD,
CGN,CDT,
CGN,DRS,
CGN,NUE,
CGN,SZG,
CGN,TLL,
CGQ,YNY,
CHQ,CDG,
CHQ,MMX,
CHQ,SVG,
CHR,BIA,
CHR,FAO,
CID,PDX,
CID,PHL,
CIT,DOH,
CIY,CTA,
CJL,ISB,
CKZ,NKT,
CLE,MKE,
CLL,BHM,
CLL,GNV,
CLY,AJA,
CMA,BNE,
CMB,JED,
CMB,VTZ,
CMF,NCL,
CMH,SAT,
CMH,SCE,
CMN,BUD,
CMN,OST,
CMN,SCL,
CNM,DFW,
CNS,BSG,
CNS,CXT,
CNX,TNN,
COO,ALG,
COO,FIH,
COO,NSI,
COU,BHM,
COV,JED,
COV,MED,
CPH,TAS,
CRA,FRA,
CRA,HRG,
CSH,CEE,
CSX,KHG,
CSX,XIL,
CTA,CIY,
CTA,IBZ,
CTA,LPA,
CTA,OST,
CTA,PIS,
CTU,RGN,
CTU,WHA,
CUR,DUS,
CVG,GRB,
CWL,KRK,
CWL,MXP,
CXR,HKT,
CYD,SPR,
CZM,NLU,
CZX,HKT,
DAB,LGA,
DAD,CGK,
DAD,MLE,
DAD,OKA,
DAR,MBA,
DBV,PUY,
DBV,SKG,
DEB,MXP,
DEE,ITU,
DFW,CNM,
DIE,MJN,
DIJ,FAO,
DJB,PNK,
DJE,FEZ,
DJE,ORN,
DLA,JNB,
DLA,RBA,
DLC,RUH,
DLE,HER,
DLE,KLU,
DLE,NTE,
DLM,BRU,
DME,BJV,
DME,DBB,
DME,HMA,
DME,SBT,
DME,ULY,
DMK,HIJ,
DMK,PEK,
DMK,RMQ,
DMK,TXN,
DMM,MXP,
DMM,SSH,
DNZ,JED,
DOH,ADB,
DOH,CIT,
DOH,GUW,
DOH,KSC,
DOH,PMO,
DOH,QSR,
DOM,GEO,
DOM,GND,
DPS,LAD,
DRS,AEY,
DRS,AGP,
DRS,BCN,
DRS,BLQ,
DRS,BRI,
DRS,CGN,
DRS,HAJ,
DRS,LCG,
DRS,MAD,
DRS,OLB,
DRS,PFO,
DRS,PMO,
DRS,SKG,
DRS,SUF,
DRS,TGD,
DRS,TIA,
DRV,HAQ,
DRV,LMV,
DSS,XLS,
DTM,FRA,
DTM,LEJ,
DTM,LIL,
DTM,LIS,
DTM,SZG,
DTW,LNK,
DUR,FRA,
DUR,LUN,
DUS,AUA,
DUS,BRS,
DUS,CFR,
DUS,CUN,
DUS,LCJ,
DUS,NUE,
DVO,LAO,
DWC,AMM,
DWC,AMS,
DWC,CGO,
DWC,TAS,
DXB,UDR,
DYG,SHA,
EAM,AJF,
EBL,KWI,
EBL,SOF,
EBU,HER,
EBU,LYS,
EBU,RHO,
EBU,XCR,
EDI,BGI,
EGC,AJA,
EGC,FAO,
EGM,KGE,
EGS,LJU,
EIN,BDU,
EIN,BYJ,
EIN,FRL,
EIN,OLB,
EIN,TRN,
ELP,BNA,
EMA,RVN,
ENU,KAN,
EOH,RON,
ERF,DUS,
ERF,JTR,
ERF,LCG,
ERF,NAP,
ERF,OLB,
ERF,SKG,
ERF,SSH,
ERF,TOS,
ETM,CDG,
ETZ,TBS,
EUG,IND,
EUG,MDT,
EUG,OKC,
EVE,LGW,
EVN,MCX,
EXT,KRK,
EXT,TIA,
EZE,VDM,
FAE,KUN,
FAE,LUX,
FAO,BLQ,
FAO,BVE,
FAO,CHR,
FAO,DIJ,
FAO,EGC,
FAO,KSF,
FAO,LIG,
FAO,PAD,
FAV,TIH,
FCO,BFS,
FCO,DMM,
FCO,FRL,
FCO,NOC,
FCO,PSA,
FCO,SCN,
FCO,SCQ,
FCO,TAS,
FCO,VBS,
FDH,AMS,
FDH,KAO,
FEZ,ABJ,
FEZ,NBE,
FEZ,SOF,
FEZ,TNG,
FGU,FHZ,
FGU,HHZ,
FHZ,PPT,
FJR,GOX,
FKB,KAO,
FKB,STR,
FKB,TBS,
FKB,VIE,
FLN,CCP,
FLN,IQQ,
FLN,NQN,
FLR,DEB,
FLR,RMO,
FLR,TLL,
FMM,HRG,
FMO,DTM,
FNC,KSF,
FNC,OST,
FNC,SGD,
FNC,ZAZ,
FOC,HIR,
FOC,POM,
FRA,CRA,
FRA,DUR,
FRA,KIN,
FRA,LCJ,
FRL,BGY,
FRL,BWE,
FRL,EIN,
FRL,FCO,
FRL,GOA,
FRL,GVA,
FRL,LIS,
FRL,MUC,
FRL,NCE,
FRL,SZG,
FRL,TLS,
FRL,VIE,
FTU,MOQ,
FUE,CWL,
FUO,TAO,
GCM,BGI,
GDN,STR,
GGT,ZSA,
GHA,ELU,
GHA,MED,
GHB,RSD,
GIG,IOS,
GLA,BLL,
GLA,TLS,
GMA,MDK,
GMP,TAE,
GND,KIN,
GNV,BNA,
GNV,CLL,
GNV,IAH,
GNV,TYS,
GNY,MED,
GOA,FRL,
GOA,LUX,
GOH,AEY,
GOI,IKA,
GOJ,MQF,
GOT,BEY,
GOT,INN,
GOT,TRN,
GOX,FJR,
GOX,NQZ,
GPA,BRU,
GRB,CVG,
GRB,LAX,
GRB,MCO,
GRB,PIT,
GRO,BLQ,
GRQ,AMS,
GRQ,BLQ,
GRQ,HRG,
GRR,MCI,
GRR,OKC,
GRU,CBB,
GRU,ROS,
GRV,AER,
GRV,ZIA,
GRX,CAI,
GRX,LXR,
GRZ,AGP,
GRZ,BHX,
GRZ,BLQ,
GRZ,PRG,
GRZ,SVQ,
GSM,JED,
GSP,BTR,
GSP,TLH,
GSV,GYD,
GSV,KUF,
GUA,ACA,
GUW,DOH,
GVA,LDE,
GVA,RMI,
GYD,AMS,
GYD,BLQ,
GYD,GSV,
GYD,UBN,
GYD,VOG,
HAD,ACE,
HAD,BMA,
HAJ,BOD,
HAJ,LCG,
HAJ,LCJ,
HAJ,LEJ,
HAJ,SCN,
HAJ,SZG,
HAM,AHO,
HAM,AOI,
HAM,BLQ,
HAM,LYS,
HAM,PMO,
HAM,PSA,
HAM,PSR,
HAM,SUF,
HAM,TLL,
HAS,DWD,
HBA,DPS,
HBE,LPA,
HDM,NJF,
HDY,JED,
HER,CFE,
HER,CHR,
HER,DLE,
HER,EBU,
HER,FKB,
HER,HRG,
HER,MAD,
HER,RNS,
HER,VCE,
HFE,HKT,
HGH,AKU,
HGI,SHL,
HHN,CAI,
HHN,TAS,
HHZ,MKP,
HIJ,BKI,
HIJ,DMK,
HIR,FOC,
HJR,JAI,
HKT,CZX,
HKT,HFE,
HKT,MXP,
HLP,TKG,
HMA,DME,
HMA,NSK,
HOI,HHZ,
HOI,REA,
HOU,BUF,
HOU,SBN,
HRA,SHW,
HRF,FND,
HRG,CRA,
HRG,CTA,
HRG,FMM,
HRG,HER,
HRG,IAS,
HRG,SPX,
HRI,DWC,
HRI,SHJ,
HSR,UDR,
HUN,CEI,
IAD,MSN,
IAH,BUF,
IAH,GNV,
IAH,MSN,
IAR,CEK,
IAR,GOJ,
IAR,UFA,
IAR,VVO,
IAS,HRG,
IFU,HDK,
IGT,ZIA,
IJK,SGC,
IKA,GOI,
IKA,PRG,
INB,BZE,
IND,EUG,
INN,BLL,
INN,GOT,
IOM,VRN,
IOS,GIG,
IQQ,CNF,
IQQ,FLN,
ISB,CJL,
IST,PMI,
IST,REG,
ISU,KIH,
IVL,BCN,
IVL,LUX,
IVL,MAD,
IXD,GOP,
JAI,BDQ,
JAI,HJR,
JAI,PBH,
JAN,LAS,
JAV,THU,
JAX,SEA,
JDH,AGR,
JED,BLQ,
JED,CMB,
JED,DUS,
JED,NDR,
JED,NOS,
JED,TBJ,
JED,URC,
JED,VAS,
JED,YOL,
JEG,JHS,
JEG,JSU,
JEK,RYL,
JER,AGP,
JFK,RZE,
JHG,NAO,
JIB,MED,
JIU,BPE,
JNB,BZV,
JNB,DLA,
JQA,JUK,
JSA,AYJ,
JTR,ERF,
JTR,KSF,
JTR,PAD,
JUV,JEG,
JXA,LDS,
KAJ,CDG,
KAN,ENU,
KAO,BCN,
KAO,BRE,
KAO,CDG,
KAO,FDH,
KAO,FKB,
KAO,LBC,
KAO,RLG,
KAO,TOS,
KAO,VLC,
KBL,ZAJ,
KDI,YIA,
KDO,GKK,
KDO,KDM,
KEF,AEY,
KEF,BDS,
KEF,BIO,
KEF,BOH,
KEF,HER,
KEF,OSR,
KEF,PMO,
KEF,PUY,
KEF,YYR,
KEF,ZAG,
KGL,MUB,
KGQ,AOQ,
KHD,JED,
KHD,TIF,
KHG,KHN,
KHG,KWE,
KHT,KWI,
KID,VXO,
KIK,BSR,
KIN,FRA,
KJA,HMA,
KLF,CEE,
KLR,BMA,
KLU,LIS,
KLU,MLA,
KLX,DBV,
KLX,MXP,
KMG,KRL,
KMG,NYT,
KRK,AEY,
KRK,CWL,
KRK,EXT,
KRO,OVB,
KRR,CEE,
KRS,BCN,
KRS,RHO,
KRS,SPU,
KRS,VRN,
KSC,ATH,
KSC,DOH,
KSF,BCN,
KSF,FAO,
KSF,FNC,
KSF,JTR,
KSF,OLB,
KSF,PFO,
KSF,PMI,
KSF,PMO,
KTM,PEK,
KTT,AGP,
KTT,BCN,
KTT,BIO,
KTT,IVL,
KTT,MAD,
KTT,SCQ,
KTT,STN,
KTW,GDN,
KTW,MXP,
KTW,RVN,
KUF,CEE,
KUF,GSV,
KUF,MQF,
KUF,NSK,
KUF,OMS,
KUF,STW,
KUL,NMF,
KUL,PBH,
KUL,TTT,
KUN,BRU,
KUN,FAE,
KUT,BTS,
KUZ,IOQ,
KUZ,TQI,
KVX,DME,
KWI,HEA,
KWI,KHT,
KXU,MKP,
LAO,DVO,
LAS,DOH,
LAS,JAN,
LAS,SYD,
LAX,GRB,
LAX,LNK,
LAX,MDT,
LAX,NCE,
LAX,RAP,
LAX,SBN,
LBB,SLC,
LBC,KAO,
LBC,LCG,
LBD,JED,
LCA,BES,
LCA,BGO,
LCA,BLL,
LCA,ORB,
LCA,PFO,
LCG,BRE,
LCG,CAI,
LCG,DRS,
LCG,ERF,
LCG,HAJ,
LCG,LBC,
LCG,NUE,
LCG,PRG,
LCG,RLG,
LDE,BEY,
LDE,BFS,
LDE,BWI,
LDE,GVA,
LDE,MXP,
LDE,NRN,
LDE,STR,
LDE,SZG,
LDE,VIE,
LDS,JXA,
LED,NCU,
LED,VRA,
LEH,LCA,
LEI,OST,
LEJ,HAM,
LEJ,LCJ,
LEJ,PAD,
LEJ,SUF,
LEJ,SVQ,
LEJ,SZG,
LEJ,ZAD,
LEJ,ZTH,
LEN,LXR,
LFW,BGF,
LFW,JNB,
LGA,DAB,
LGG,BAH,
LGG,BLQ,
LGG,BUD,
LGG,TGD,
LGW,EVE,
LGW,VIL,
LGW,ZAG,
LHE,MHD,
LHE,PEW,
LHR,NJF,
LIG,FAO,
LIG,VCE,
LIL,EMA,
LIL,PAD,
LIM,BAQ,
LIM,BCN,
LIM,TLC,
LIR,CUZ,
LIS,DTM,
LIS,FRL,
LIS,KLU,
LIS,LXR,
LIS,OST,
LIS,SSH,
LJU,EGS,
LLI,BJR,
LNK,DTW,
LNK,LAX,
LNY,KOA,
LNY,MKK,
LNZ,AMS,
LNZ,BIO,
LNZ,FCO,
LNZ,PDL,
LOP,HRI,
LOP,TWU,
LOS,SKB,
LOS,YOL,
LPA,BTS,
LPA,CAI,
LPA,LXR,
LPA,OUL,
LPB,ARI,
LPF,NNG,
LPL,MXP,
LRH,AJA,
LRT,BTS,
LSC,BRC,
LTI,ULO,
LTN,BRU,
LTN,GRZ,
LTN,MUC,
LUM,RGN,
LUN,DUR,
LUN,MNS,
LUV,TIM,
LUX,DTM,
LUX,GOA,
LUX,IVL,
LUX,PFO,
LVI,MLE,
LWN,SVX,
LXR,CAG,
LXR,LCG,
LXR,OVD,
LXR,PMI,
LXR,PNA,
LXR,RMU,
LXR,SLM,
LXR,TUN,
LXR,VLL,
LYC,AJR,
LYS,HAM,
LZY,PVG,
MAA,MLE,
MAD,ERH,
MAD,HER,
MAD,IVL,
MAD,KTT,
MAD,MBJ,
MAO,CAP,
MCI,BUF,
MCI,GRR,
MCO,GRB,
MCT,BJV,
MCT,BTH,
MCX,EVN,
MCX,REN,
MCY,NTL,
MDC,MNA,
MDC,OTI,
MDT,EUG,
MDT,LAX,
MDZ,TUC,
MED,AGA,
MED,ASR,
MED,BKO,
MED,BUZ,
MED,DIY,
MED,HAS,
MED,HDY,
MED,KZR,
MED,YEI,
MEG,DLA,
MEM,CAE,
MFU,RYL,
MGA,YUL,
MGM,STL,
MHD,LHE,
MHM,PRS,
MIA,MYR,
MIA,RBA,
MIR,SOF,
MJI,ATH,
MJN,DIE,
MKE,CLE,
MKE,PIT,
MKK,KOA,
MKK,LNY,
MKP,NAU,
MKY,CNS,
MLA,FEZ,
MLA,LNZ,
MLA,MST,
MLE,MAA,
MLE,RKT,
MNS,LUN,
MOZ,FAV,
MQF,MSQ,
MQF,NBC,
MQF,NOZ,
MQF,NQZ,
MQF,OMS,
MQF,OVB,
MQF,UFA,
MRU,ABJ,
MRU,ADD,
MRU,AHG,
MSN,AUS,
MSN,IAH,
MSN,PDX,
MSQ,MQF,
MST,ADB,
MST,RMO,
MSY,BUF,
MSY,OKC,
MUB,LVI,
MUC,FRL,
MUC,LTN,
MUC,OHD,
MUH,VAR,
MVB,ABJ,
MVD,BPS,
MWX,BKI,
MXP,DTM,
MXP,HKT,
MXP,KLX,
MXP,LPL,
MXP,MBJ,
MXP,NQZ,
MXP,PLQ,
MZT,YQR,
NAG,COK,
NAL,NNM,
NAN,PPG,
NAO,JHG,
NAP,BDS,
NAP,ERF,
NAP,LNZ,
NAU,HHZ,
NAU,HOI,
NAV,KGL,
NAV,SCQ,
NBC,GOJ,
NBC,KRR,
NBC,MQF,
NBC,OVB,
NBC,UFA,
NBE,HRG,
NBJ,DUR,
NBO,AYT,
NCE,FRL,
NCE,GRO,
NCE,LAX,
NCE,SZG,
NCL,BIO,
NCL,CMF,
NCL,LRM,
NCU,LED,
NDB,BTS,
NDB,CMN,
NDR,MED,
NER,MJZ,
NER,PYJ,
NJC,IKT,
NJC,NOJ,
NJF,AZD,
NJF,BJB,
NJF,LHR,
NJF,RUD,
NJF,SNX,
NKC,ATR,
NKC,LFW,
NKC,OUZ,
NKT,CKZ,
NLA,RBA,
NMF,PRG,
NMF,RKT,
NNB,IRA,
NNB,RNA,
NNG,AEB,
NNM,USK,
NOC,FCO,
NOS,JED,
NOS,PRG,
NQN,FLN,
NQZ,GOX,
NQZ,IAR,
NQZ,KMG,
NQZ,NBC,
NQZ,PEE,
NRN,BRU,
NRT,NLU,
NRT,SAL,
NSI,COO,
NSK,GSV,
NSK,HMA,
NTE,CHR,
NTE,EBU,
NTE,ORY,
NTL,MCY,
NUE,CGN,
NUE,DTM,
NUE,LCG,
OAK,BNA,
ODE,RHO,
OHD,BWE,
OHD,MUC,
OHD,MXP,
OKC,BTR,
OKC,EUG,
OKC,GRR,
OKC,MSY,
OLB,DRS,
OLB,EIN,
OLB,ERF,
OLB,KSF,
OLB,PAD,
OMA,BOS,
OMO,SAW,
OMR,SBZ,
OMS,CEK,
OMS,HRG,
OMS,NBC,
OMS,TJM,
OMS,ZIA,
OOL,BNE,
OPO,PIS,
ORB,LCA,
OSD,BMA,
OSL,DEL,
OSL,SSH,
OST,ACE,
OST,BGY,
OST,BJL,
OST,BVC,
OST,CTA,
OST,DSS,
OST,FNC,
OST,KGS,
OST,LEI,
OST,LIS,
OST,NBE,
OST,RMF,
OST,TRN,
OSW,DME,
OSW,IAR,
OTP,BDS,
OTP,LJU,
OTP,NRN,
OTP,SKP,
OUA,LOS,
OUD,ABJ,
OUD,JED,
OUL,LPA,
OUZ,NKC,
OVB,MQF,
OVD,CAI,
OVD,CGN,
OVD,PRG,
OZG,ESU,
PAD,FAO,
PAD,JTR,
PAD,MXP,
PAD,OLB,
PAD,SUF,
PAP,PLS,
PBH,HAN,
PBH,HND,
PBH,PNQ,
PCP,LBV,
PDG,PLM,
PDL,LNZ,
PDL,SKB,
PDV,DUB,
PDV,SOF,
PDX,CID,
PDX,MSN,
PEE,UFA,
PEK,DMK,
PEK,KTM,
PER,BWB,
PFO,DRS,
PFO,KSF,
PFO,LUX,
PGF,BIA,
PHL,CID,
PHX,MDT,
PIS,BIA,
PIS,BZO,
PIS,CTA,
PIS,OPO,
PIS,RAK,
PIT,GRB,
PIT,MKE,
PKN,BDJ,
PKP,FGU,
PKP,RRR,
PKX,TAO,
PLM,PDG,
PLQ,MXP,
PLS,PAP,
PMF,CWL,
PMF,NAP,
PMI,CAI,
PMI,KSF,
PMI,LBV,
PMI,LXR,
PMI,NAV,
PMO,CAI,
PMO,CTA,
PMO,DRS,
PMO,HAM,
PMO,KEF,
PMO,KSF,
PMO,MBA,
PMO,SGD,
PNQ,BOM,
PNQ,PBH,
PNQ,UDR,
POA,IQQ,
POA,MDZ,
POA,PDP,
POM,FOC,
POM,MDC,
PPG,NAN,
PPT,FGU,
PPT,KKR,
PPT,KXU,
PPT,RRR,
PQC,AMD,
PRG,ABZ,
PRG,BJZ,
PRG,BTS,
PRG,CFE,
PRG,DLA,
PRG,IKA,
PRG,LCG,
PRG,OVD,
PRG,PED,
PRG,SMA,
PRG,VGO,
PRG,VIT,
PRG,VLL,
PRG,YNB,
PRN,BRN,
PRS,AKS,
PSA,BTS,
PSA,HAM,
PSA,OHD,
PSA,SZZ,
PSA,TGD,
PSR,AOI,
PSR,HAM,
PSR,LXR,
PSR,SSH,
PUF,BRS,
PUJ,YQG,
PUK,HOI,
PUK,TKV,
PUY,DBV,
PVG,LZY,
PVK,TRF,
PVR,PRG,
PYJ,ONK,
QFN,QUV,
QPW,QGQ,
QRY,QMK,
QSR,FCO,
QSR,SSH,
RAI,NSI,
RAK,AJA,
RAK,NBE,
RAK,PIS,
RAK,VAR,
RAP,LAX,
RBA,DLA,
RBA,MIA,
RBA,NLA,
RDU,SAT,
RDU,SBN,
REN,STW,
REU,GRO,
REU,SVG,
RGI,RKA,
RHD,EZE,
RHO,BES,
RHO,BOJ,
RHO,CER,
RHO,CFE,
RHO,EBU,
RHO,KRS,
RHO,RMF,
RHO,SXB,
RHO,TRD,
RHO,VCE,
RHO,XCR,
RIX,BJZ,
RIX,BLQ,
RIX,CFE,
RJK,BRU,
RJL,LXR,
RKA,PPT,
RKT,BAH,
RLG,KAO,
RLG,LCG,
RMA,MCY,
RMF,PMO,
RMI,BZO,
RMI,FRL,
RMO,MST,
RMQ,DMK,
RMQ,TAE,
RMT,TUB,
RMU,CAI,
RMZ,SVO,
RNB,BMA,
RNN,RZE,
RNS,DLE,
RNS,HER,
RNS,TBS,
ROK,CNS,
RON,EOH,
ROS,GRU,
ROS,SCL,
RPR,IXR,
RPR,JAI,
RRR,NAU,
RSA,EZE,
RTM,BBU,
RTM,STR,
RTU,BPN,
RUD,NJF,
RUH,BGY,
RUH,DLC,
RUH,HGH,
RVN,EMA,
RVN,KTW,
RVN,VLC,
RVN,VRN,
RYL,MFU,
RZE,BRU,
RZE,BZZ,
SAE,JQA,
SAH,JED,
SAI,KBV,
SAT,CMH,
SAW,OMO,
SBN,HOU,
SBN,LAX,
SBN,RDU,
SBN,XNA,
SBT,DME,
SBZ,TSR,
SCE,CMH,
SCL,CBB,
SCL,CMN,
SCL,ROS,
SCL,UIO,
SCN,FCO,
SCN,HAJ,
SCN,HER,
SCN,LCG,
SCN,TOS,
SCQ,FCO,
SCQ,KTT,
SCQ,LXR,
SCR,BMA,
SEA,JAX,
SEU,DAR,
SEZ,LCA,
SEZ,TBS,
SFJ,JEG,
SFO,MSN,
SGC,IJK,
SGC,NOJ,
SGC,TGP,
SGD,BCN,
SGD,FNC,
SGD,NCE,
SGD,PMO,
SHA,DYG,
SHC,AXU,
SHE,TCG,
SHJ,HRI,
SHJ,ZAJ,
SHL,GAU,
SHL,HGI,
SJJ,PRN,
SKB,ABV,
SKB,CSW,
SKB,GUA,
SKG,BRI,
SKG,BZG,
SKG,DBV,
SKG,DRS,
SKG,ERF,
SKP,OTP,
SLC,LBB,
SLL,DBB,
SLL,MED,
SLM,CAI,
SLU,PLS,
SMA,SKB,
SNX,NJF,
SOB,BLQ,
SOF,FEZ,
SOF,MIR,
SOF,NCL,
SOF,PDV,
SOF,SKG,
SOF,VLL,
SOF,YEI,
SOQ,HLP,
SPC,LUX,
SPU,KRS,
SPX,HRG,
SPX,SSH,
SQQ,GKE,
SSA,CGB,
SSH,HER,
SSH,LDE,
SSH,PSR,
SSH,SLL,
SSH,SPX,
STI,SXM,
STL,MGM,
STN,BGI,
STN,KTT,
STR,DUS,
STR,GDN,
STR,LCJ,
STR,LDE,
STR,NUE,
STR,RTM,
STR,SVQ,
STT,MSP,
STV,BOM,
STW,GRV,
STW,MCX,
SUF,DRS,
SUF,HAM,
SUF,LEJ,
SUF,PAD,
SVB,WMN,
SVD,AXA,
SVG,ACE,
SVG,CHQ,
SVG,REU,
SVJ,SKN,
SVO,IAR,
SVO,NMA,
SVO,RMZ,
SVO,VUS,
SVQ,BIA,
SVQ,GRZ,
SVQ,STR,
SVX,KOS,
SVX,LWN,
SWA,HKT,
SXB,CDG,
SXM,STI,
SYD,KGI,
SZF,JED,
SZG,CWL,
SZG,DTM,
SZG,FRL,
SZG,HAJ,
SZG,LEJ,
SZG,NCE,
SZG,VIE,
SZZ,PSA,
TAH,AUY,
TAK,HAN,
TAO,FUO,
TAO,PKX,
TAS,AYT,
TAS,CHR,
TAS,DWC,
TAS,UUD,
TBS,ETZ,
TBS,RNS,
TBS,SEZ,
TBW,UFA,
TBZ,BGW,
TCG,SHE,
TFS,BRI,
TFS,VXO,
TGD,DRS,
TGD,LGG,
TGD,VNO,
TGP,SGC,
TGP,THX,
THL,KET,
THU,JAV,
THX,TGP,
TIA,DRS,
TIA,PRN,
TIF,AWZ,
TIM,CGK,
TIM,WMX,
TJM,DME,
TJN,PKP,
TKG,HLP,
TKG,SRG,
TKV,PPT,
TKV,REA,
TLE,FTU,
TLE,MOQ,
TLH,BHM,
TLH,GSP,
TLL,TRS,
TLN,STN,
TLS,ABJ,
TLV,ALA,
TLV,BCM,
TLV,DBV,
TLV,KSC,
TLV,SXB,
TMF,KDO,
TNG,TUN,
TOE,CZL,
TOS,BWE,
TOS,ERF,
TOS,KAO,
TOS,SCN,
TPE,URT,
TPS,QSR,
TQA,NSQ,
TRD,FRO,
TRD,HHN,
TRD,RHO,
TRD,WAW,
TRF,PVK,
TRN,BLQ,
TRN,CDT,
TRN,EIN,
TRN,FRL,
TRN,GOT,
TRN,IAD,
TRN,NUE,
TRN,OST,
TRN,VRN,
TRS,BGY,
TRS,BLQ,
TRV,BTJ,
TRV,CCJ,
TSN,UBN,
TSV,OOL,
TTA,RBA,
TTT,KUL,
TUF,BLQ,
TUN,LPA,
TUN,MCT,
TXN,DMK,
TYS,GNV,
TZX,MXP,
UBN,TSN,
UBN,VKO,
UDR,DXB,
UDR,HSR,
UDR,STV,
UFA,BTK,
UFA,NBC,
UFA,ULY,
UIO,SCL,
ULH,BEY,
ULO,ULG,
ULZ,ULG,
UPG,AAP,
URC,SHF,
URT,TPE,
USK,NAL,
USN,PVG,
UUD,TAS,
UUS,PEK,
VAQ,GOY,
VAR,FEZ,
VAR,RAK,
VAR,VGO,
VBS,DRS,
VBS,FCO,
VBY,MMX,
VCE,LIG,
VCE,RHO,
VCE,TRN,
VGO,PRG,
VGO,VAR,
VGO,ZAG,
VHZ,PPT,
VIE,FRL,
VIE,LDE,
VIL,STN,
VIT,ATH,
VIT,FCO,
VIT,LXR,
VKO,BXY,
VKO,HRI,
VKO,NAV,
VKO,UBN,
VLC,ANR,
VLC,GRZ,
VLC,RVN,
VLC,VLL,
VLC,ZAG,
VLL,CAI,
VLL,PRG,
VLL,SOF,
VLL,VLC,
VOG,GYD,
VRA,LED,
VRN,ALC,
VRN,IOM,
VRN,KRS,
VRN,RVN,
VRN,TRN,
VTZ,CMB,
VVO,NBC,
VXO,ARN,
VXO,BMA,
VXO,KID,
VXO,TFS,
WAW,KLX,
WAW,STN,
WAW,TRD,
WDH,ZRH,
WHA,CTU,
WMN,SVB,
WRO,POZ,
XCR,RHO,
XIQ,QUP,
XMH,AHE,
XNA,BTR,
XNA,SBN,
XRY,BLQ,
XSP,HLP,
YBG,MBJ,
YBI,YYR,
YCY,YXP,
YDF,YWK,
YEI,SOF,
YHO,YYR,
YHZ,PRG,
YIA,KDI,
YKA,YXY,
YNB,LXR,
YNY,CGQ,
YOL,AMM,
YQT,YRL,
YQX,ZUM,
YRL,YQT,
YTS,YFA,
YTS,YPO,
YTW,AKU,
YUL,CAP,
YXY,YKA,
YYE,YXT,
YYR,YBI,
YYR,YHO,
YYT,ZUM,
ZAD,LEJ,
ZAG,BEY,
ZAG,BLQ,
ZAG,KEF,
ZAG,VGO,
ZAH,TIF,
ZAJ,KBL,
ZAJ,SHJ,
ZAZ,BLQ,
ZAZ,BRI,
ZAZ,CAI,
ZAZ,LXR,
ZBR,MED,
ZIA,GRV,
ZIA,IGT,
ZIA,LED,
ZIA,MSQ,
ZIA,NQZ,
ZIA,OMS,
ZKE,YTS,
ZNZ,SEU,
ZNZ,SSH,
ZTH,LEJ,
ZUM,YQX,
ZUM,YWK,
ZUM,YYT,
ZYL,CGP,
